simplified,radical,level,frequency,pos,pinyin,meanings,count
阿拉伯语,阝,7,27202,nz,Ā lā bó yǔ,Arabic (language),1
阿姨,阝,3,4355,n,ā yí,"maternal aunt,step-mother,childcare worker,nursemaid",1
呵,口,7,5230,y,ā,variant of 啊,2
呵护,口,7,13381,v,hē hù,"to bless,to cherish,to take good care of,to conserve",1
啊,口,2,47,y,ā,"interjection of surprise,Ah!,Oh!",5
哎,口,5,2092,e,āi,"hey!,(interjection used to attract attention or to express surprise or disapprobation)",1
哎呀,口,5,4772,e,āi yā,"interjection of wonder, shock or admiration",1
哎哟,口,6,7054,e,āi yō,"hey,ow,ouch,interjection of pain or surprise",1
哀求,口,7,19304,v,āi qiú,"to entreat,to implore,to plead",1
唉,口,5,2512,e,āi,"interjection or grunt of agreement or recognition (e.g. yes, it's me!),to sigh",2
挨,扌,7,5720,v,āi,"in order; in sequence,close to; adjacent to",2
挨打,扌,6,15204,v,ái dǎ,"to take a beating,to get thrashed,to come under attack",1
挨家挨户,扌,7,26236,l,āi jiā āi hù,to go from house to house,1
挨着,扌,6,11185,v,āi zhe,near,1
癌,疒,7,6175,n,ái,"cancer,carcinoma,also pr. [yán]",1
癌症,疒,7,4759,n,ái zhèng,cancer,1
矮,矢,3,3952,a,ǎi,"low,short (in length)",1
矮小,矢,4,21508,a,ǎi xiǎo,"short and small,low and small,undersized",1
艾滋病,艹,7,6270,n,ài zī bìng,AIDS (loanword),1
爱,爫,1,130,v,ài,"to love; to be fond of; to like,affection,to be inclined (to do sth); to tend to (happen)",1
爱不释手,爫,7,26355,v,ài bù shì shǒu,(idiom) to like sth so much that one is reluctant to put it down; to find sth utterly irresistible,1
爱戴,爫,7,15369,vn,ài dài,"to love and respect,love and respect",1
爱国,爫,4,7528,a,ài guó,"to love one's country,patriotic",1
爱好,爫,2,4902,n,ài hào,"to like; to be fond of; to take pleasure in; to be keen on,interest; hobby",1
爱护,爫,5,10522,v,ài hù,"to cherish,to treasure,to take care of,to love and protect",1
爱理不理,爫,7,69479,v,ài lǐ bù lǐ,(idiom) standoffish; indifferent,1
爱面子,爫,7,44438,a,ài miàn zi,to like to look good in the eyes of others; sensitive about how one is regarded by others; proud,1
爱情,爫,4,1164,n,ài qíng,romance; love (romantic),1
爱人,爫,3,4365,n,ài ren,"spouse (PRC),lover (non-PRC)",1
爱惜,爫,7,20535,v,ài xī,"to cherish,to treasure,to use sparingly",1
爱心,爫,4,5809,n,ài xīn,"compassion,kindness,care for others,love,charity (bazaar, golf day etc),heart (the symbol ♥)",1
碍事,石,7,34045,a,ài shì,"to be in the way; to be a hindrance,(usu. in the negative) to be of consequence; to matter",1
暧昧,日,7,11523,a,ài mèi,"vague,ambiguous,equivocal,dubious",1
安,宀,5,1506,v,Ān,surname An,2
安定,宀,7,7377,a,Ān dìng,"Anting township in Tainan county 台南县, Taiwan",2
安抚,宀,7,12099,v,ān fǔ,"to placate,to pacify,to appease",1
安检,宀,4,13665,n,ān jiǎn,"security check (abbr. for 安全检查),to do a security check",1
安静,宀,3,2501,a,ān jìng,"quiet,peaceful,calm",1
安居乐业,宀,6,29270,v,ān jū lè yè,to live in peace and work happily (idiom),1
安眠药,宀,7,16000,n,ān mián yào,sleeping pill,1
安宁,宀,7,9417,an,Ān níng,"Anning District of Lanzhou City 兰州市, Gansu,Anning City, to the west of Kunming 明, Yunnan",2
安排,宀,4,900,v,ān pái,"to arrange,to plan,to set up,arrangements,plans",1
安全,宀,3,364,an,ān quán,"safe; secure,safety; security",1
安慰,宀,5,3563,v,ān wèi,"to comfort,to console",1
安稳,宀,7,12368,a,ān wěn,steady; stable; sedate; calm; (of sleep) sound; (of a transition) smooth,1
安详,宀,7,16971,a,ān xiáng,serene,1
安心,宀,7,5992,a,ān xīn,"at ease,to feel relieved,to set one's mind at rest,to keep one's mind on sth",1
安逸,宀,7,14622,a,ān yì,"easy and comfortable,easy",1
安置,宀,7,5845,v,ān zhì,"to find a place for,to help settle down,to arrange for,to get into bed,placement",1
安装,宀,5,3653,v,ān zhuāng,"to install,to erect,to fix,to mount,installation",1
岸,山,6,6867,n,àn,variant of 岸,2
岸上,山,5,18516,s,àn shàng,"ashore,on the riverbank",1
按,扌,4,678,p,àn,"to press,to push,to leave aside or shelve,to control,to restrain,to keep one's hand on,to check or refer to",1
按键,扌,7,13672,n,àn jiàn,"button or key (on a device),keystroke,to press a button",1
按理说,扌,7,25769,v,àn lǐ shuō,it is reasonable to say that...,1
按摩,扌,6,3990,vn,àn mó,"massage,to massage",1
按时,扌,4,7233,d,àn shí,"on time,before deadline,on schedule",1
按说,扌,7,32917,d,àn shuō,in the ordinary course of events; ordinarily; normally,1
按照,扌,4,1378,p,àn zhào,"according to,in accordance with,in the light of,on the basis of",1
案件,木,7,1617,n,àn jiàn,"case,instance",1
案例,木,6,6195,n,àn lì,"case (of fraud, hepatitis, international cooperation etc); instance; example",1
暗,日,5,2594,a,àn,variant of 暗,3
暗地里,日,7,20436,d,àn dì li,secretly; inwardly; on the sly,1
暗杀,日,7,9964,v,àn shā,to assassinate,1
暗示,日,6,4917,v,àn shì,"to hint; to suggest,hint; suggestion",1
暗中,日,7,9222,d,àn zhōng,"in the dark,in secret,on the sly,surreptitiously",1
昂贵,日,6,7743,a,áng guì,"expensive,costly",1
凹,凵,7,10239,a,āo,"depressed,sunken,indented,concave,female (connector etc)",2
凹凸,凵,6,38312,n,āo tū,"concave or convex,bumps and holes,uneven (surface),rugged",1
熬,灬,7,4418,v,āo,"to boil,to simmer",2
熬夜,灬,5,9364,v,áo yè,to stay up late or all night,1
傲,亻,7,7205,g,ào,"proud,arrogant,to despise,unyielding,to defy",1
傲慢,亻,7,11766,a,ào màn,"arrogant,haughty",1
奥秘,大,7,18113,n,ào mì,"secret,mystery",1
奥运会,大,7,5746,n,Aò yùn huì,"abbr. for 奥林匹克运动会,Olympic Games,the Olympics",1
八,八,1,1362,m,bā,eight; 8,1
八卦,八,7,6491,n,bā guà,"the eight divinatory trigrams of the Book of Changes 易经,gossip,gossipy",1
扒,扌,7,8554,v,bā,"to peel,to skin,to tear,to pull down,to cling to (sth on which one is climbing),to dig",2
芭蕾,艹,7,12522,n,bā lěi,ballet (loanword),1
疤,疒,7,9775,n,bā,"scar,scab",1
拔,扌,7,3803,v,bá,"to pull up,to pull out,to draw out by suction,to select,to pick,to stand out (above level),to surpass,to seize",1
拔苗助长,扌,6,59082,,bá miáo zhù zhǎng,to spoil things through excessive enthusiasm (idiom),1
把,扌,3,50,p,bǎ,"to hold; to grasp,to hold a baby in position to help it urinate or defecate,handlebar,classifier: handful, bundle",2
把柄,扌,7,20374,n,bǎ bǐng,"handle,(fig.) information that can be used against sb",1
把关,扌,7,24750,v,bǎ guān,"to guard a pass,to check on sth",1
把手,扌,7,8291,n,bǎ shǒu,to shake hands,2
把握,扌,5,3068,v,bǎ wò,"to grasp (also fig.),to seize,to hold,assurance,certainty,sure (of the outcome)",1
把戏,扌,6,15086,n,bǎ xì,"acrobatics; jugglery,trick; ploy",1
靶子,革,7,21978,n,bǎ zi,target,1
坝,土,7,18700,n,bà,"dam,dike; embankment",1
爸,父,1,1142,n,bà,"father,dad,pa,papa",1
爸爸,父,1,908,n,bà ba,(coll.) father; dad,1
霸道,雨,7,15377,a,bà dào,"the Way of the Hegemon,abbr. for 霸王之道,despotic rule,rule by might,evil as opposed to the Way of the King 王道,overbearing",1
霸占,雨,7,17196,v,bà zhàn,"to occupy by force,to seize,to dominate",1
巴不得,巳,7,22440,v,bā bu de,"(coll.) to be eager for,to long for,to look forward to",1
巴结,巳,7,27264,v,bā jie,"to fawn on,to curry favor with,to make up to",1
巴士,巳,4,8312,n,bā shì,"bus (loanword),motor coach",1
吧,口,1,58,y,bā,"bar (loanword) (serving drinks, or providing Internet access etc),to puff (on a pipe etc),(onom.) bang,abbr. for 贴吧",3
罢工,罒,7,8001,vn,bà gōng,"a strike,to go on strike",1
罢了,罒,7,3807,y,bà le,"a modal particle indicating (that's all, only, nothing much)",2
罢免,罒,7,28683,v,bà miǎn,"to remove sb from their post,to dismiss",1
罢休,罒,7,17351,v,bà xiū,"to give up,to abandon (a goal etc),to let sth go,forget it,let the matter drop",1
掰,手,7,11771,v,bāi,"to break off or break open sth with one's hands,(fig.) to break off (a relationship)",1
白,白,5,930,a,Bái,surname Bai,2
白白,白,6,10131,d,bái bái,"in vain,to no purpose,for nothing,white",1
白菜,白,3,16930,n,bái cài,"Chinese cabbage,pak choi",1
白酒,白,4,13749,n,bái jiǔ,"baijiu, a spirit usually distilled from sorghum,(Tw) white wine (abbr. for 酒)",1
白领,白,6,11481,b,bái lǐng,"white-collar,white-collar worker",1
白色,白,2,2643,n,bái sè,"white,fig. reactionary,anti-communist",1
白天,白,1,3645,t,bái tiān,"daytime,during the day,day",1
百,白,1,2455,m,Bǎi,surname Bai,2
百分比,白,7,21781,n,bǎi fēn bǐ,percentage,1
百分点,白,6,10677,n,bǎi fēn diǎn,percentage point,1
百合,白,7,10056,n,bǎi hé,lily,1
百货,白,6,11134,n,bǎi huò,general merchandise,1
百科全书,白,7,22806,n,bǎi kē quán shū,encyclopedia,1
柏树,木,7,38128,n,bǎi shù,"cypress tree,Taiwan pr. [bó shù]",1
摆,扌,6,1854,v,bǎi,"to arrange,to exhibit,to move to and fro,a pendulum",1
摆动,扌,7,16046,v,bǎi dòng,"to sway,to swing,to move back and forth,to oscillate",1
摆放,扌,6,10963,v,bǎi fàng,to set up; to arrange; to lay out,1
摆平,扌,7,16373,v,bǎi píng,"to be fair,to be impartial,to settle (a matter etc)",1
摆设,扌,7,14321,n,bǎi shè,"to set out,to display,to furnish (a room or house)",2
摆脱,扌,6,3424,v,bǎi tuō,"to break away from,to cast off (old ideas etc),to get rid of,to break away (from),to break out (of)",1
败,贝,6,4262,v,bài,"to defeat,to damage,to lose (to an opponent),to fail,to wither",1
败坏,贝,7,19110,v,bài huài,"to ruin,to corrupt,to undermine",1
拜访,手,6,6619,v,bài fǎng,to pay a visit; to call on,1
拜会,手,7,30764,v,bài huì,(often used in the context of diplomacy) to meet with; to pay a visit to; to call on,1
拜见,手,7,24574,v,bài jiàn,"to pay a formal visit,to call to pay respects,to meet one's senior or superior",1
拜年,手,6,28932,v,bài nián,"to pay a New Year call,to wish sb a Happy New Year",1
拜托,手,7,5463,v,bài tuō,"to request sb to do sth,please!",1
扳,扌,7,11169,v,bān,"to pull,to turn (sth) around,to turn around (a situation),to recoup",2
班,王,2,1238,n,Bān,surname Ban,2
班级,王,3,10486,n,bān jí,"class (group of students),grade (in school)",1
班长,王,2,9622,n,bān zhǎng,"class monitor,squad leader,team leader",1
班主任,王,5,15965,n,bān zhǔ rèn,teacher in charge of a class,1
颁布,页,7,12004,v,bān bù,"to issue,to proclaim,to enact (laws, decrees etc)",1
颁发,页,7,8003,v,bān fā,"to issue,to promulgate,to award",1
颁奖,页,7,5383,vn,bān jiǎng,to confer an award,1
斑点,文,7,13316,n,bān diǎn,"spot,stain,speckle",1
斑纹,文,6,45968,n,bān wén,"stripe,streak",1
搬,扌,3,2254,v,bān,"to move (i.e. relocate oneself),to move (sth relatively heavy or bulky),to shift,to copy indiscriminately",1
搬家,扌,3,7790,v,bān jiā,"to move house; to relocate,to remove (sth)",1
搬迁,扌,7,14777,v,bān qiān,"to move,to relocate,removal",1
板,木,3,1759,g,bǎn,"board,plank,plate,shutter,table tennis bat,clappers (music),accented beat in Chinese music,hard,stiff",3
板块,木,7,11235,n,bǎn kuài,"slab,(geology) tectonic plate,(fig.) sector (of the stock market or of industry),(economic) bloc",1
版,片,6,1545,n,bǎn,"a register,block of printing,edition,version,page",1
版本,片,6,4464,n,bǎn běn,"version,edition,release",1
办,力,3,691,v,bàn,"to do,to manage,to handle,to go about,to run,to set up,to deal with",1
办不到,力,7,1000000,,bàn bu dào,"impossible,can't be done,no can do,unable to accomplish",1
办法,力,3,538,n,bàn fǎ,"means,method,way (of doing sth)",1
办公,力,4,5310,vn,bàn gōng,"to handle official business,to work (esp. in an office)",1
办公室,力,3,1162,n,bàn gōng shì,"office,business premises,bureau",1
办理,力,4,6575,v,bàn lǐ,to handle; to transact; to conduct,1
办事,力,4,4819,v,bàn shì,"to handle (affairs),to work",1
办事处,力,7,11821,n,bàn shì chù,"office,agency",1
办学,力,7,39436,vn,bàn xué,to run a school,1
半,十,1,727,m,bàn,"half,semi-,incomplete,(after a number) and a half",1
半边天,十,7,37858,n,bàn biān tiān,"half the sky,women of the new society,womenfolk",1
半场,十,7,2794,,bàn chǎng,"half of a game or contest,half-court",1
半岛,十,7,12843,n,bàn dǎo,peninsula,1
半决赛,十,6,10520,n,bàn jué sài,semifinals,1
半路,十,7,15433,n,bàn lù,"halfway,midway,on the way",1
半年,十,1,37795,nr,bàn nián,half a year,1
半数,十,7,11646,m,bàn shù,half the number; half,1
半天,十,3,7467,mq,bàn tiān,"half of the day,a long time,quite a while,midair",1
半途而废,十,7,25389,v,bàn tú ér fèi,to give up halfway (idiom); leave sth unfinished,1
半信半疑,十,7,40048,v,bàn xìn bàn yí,"half doubting,dubious,skeptical",1
半夜,十,5,4212,t,bàn yè,"midnight,in the middle of the night",1
半真半假,十,7,70634,,bàn zhēn bàn jiǎ,(idiom) half true and half false,1
伴,亻,7,3537,v,bàn,"partner; companion; comrade; associate,to accompany",1
伴侣,亻,7,6851,n,bàn lǚ,"companion,mate,partner",1
伴随,亻,6,6047,v,bàn suí,"to accompany,to follow,to occur together with,concomitant",1
伴奏,亻,7,13684,v,bàn zòu,to accompany (musically),1
拌,扌,7,9875,v,bàn,"to mix,to mix in,to toss (a salad)",1
扮,扌,7,6738,v,bàn,"to disguise oneself as,to dress up,to play (a role),to put on (an expression)",1
扮演,扌,6,3471,v,bàn yǎn,"to play the role of,to act",1
帮,巾,2,395,v,bāng,old variant of 帮,3
帮忙,巾,2,1860,v,bāng máng,"to help,to lend a hand,to do a favor,to do a good turn",1
帮手,巾,7,10534,n,bāng shǒu,helper; assistant,1
帮助,巾,3,499,v,bāng zhù,"assistance; aid,to help; to assist",1
绑,纟,7,5003,v,bǎng,"to tie,bind or fasten together,to kidnap",1
绑架,纟,7,3992,v,bǎng jià,"to kidnap,to abduct,to hijack,a kidnapping,abduction,staking",1
榜样,木,6,6902,n,bǎng yàng,"example,model",1
傍晚,亻,5,9979,t,bàng wǎn,"in the evening,when night falls,towards evening,at night fall,at dusk",1
棒,木,4,1228,a,bàng,"stick,club,cudgel,smart,capable,strong,wonderful,classifier for legs of a relay race",1
棒球,木,6,9599,n,bàng qiú,baseball,1
磅,石,7,5014,q,bàng,"scale (instrument for weighing),to weigh,(loanword) pound (unit of weight, about 454 grams)",1
包,勹,2,755,v,Bāo,surname Bao,2
包庇,勹,7,20727,v,bāo bì,"to shield,to harbor,to cover up",1
包袱,勹,7,9285,n,bāo fu,"wrapping cloth,a bundle wrapped in cloth,load,weight,burden,funny part,punchline",1
包裹,勹,5,5432,n,bāo guǒ,"to wrap up,to bind up,bundle,parcel,package",1
包含,勹,5,5524,v,bāo hán,"to contain,to embody,to include",1
包括,勹,5,788,v,bāo kuò,"to comprise,to include,to involve,to incorporate,to consist of",1
包容,勹,7,10708,v,bāo róng,"to pardon,to forgive,to show tolerance,to contain,to hold,inclusive",1
包围,勹,7,5295,v,bāo wéi,"to surround,to encircle,to hem in",1
包扎,勹,7,14432,v,bāo zā,variant of 包扎,2
包装,勹,5,4634,n,bāo zhuāng,"to pack,to package,to wrap,packaging",1
包子,勹,1,16315,n,bāo zi,bao (steamed stuffed bun),1
煲,火,7,14364,v,bāo,"to cook slowly over a low flame,pot,saucepan",1
薄,艹,5,4129,a,Bó,surname Bo,4
薄弱,艹,6,10648,a,bó ruò,weak; frail,1
宝,宀,5,1908,n,bǎo,variant of 宝,2
宝宝,宀,4,1968,n,bǎo bao,darling; baby,1
宝贝,宀,5,1003,n,bǎo bèi,"treasured object,treasure,darling,baby,cowry,good-for-nothing or queer character",1
宝藏,宀,7,11504,n,bǎo zàng,"precious mineral deposits,hidden treasure,(fig.) treasure,(Buddhism) the treasure of Buddha's law",1
宝贵,宀,5,5572,a,bǎo guì,"valuable,precious,to value,to treasure,to set store by",1
宝库,宀,7,22455,n,bǎo kù,"treasure-house,treasury,treasure-trove (often fig., book of treasured wisdom)",1
宝石,宀,7,8615,n,bǎo shí,precious stone; gem,1
饱,饣,3,4742,a,bǎo,"to eat till full,satisfied",1
饱和,饣,7,19403,v,bǎo hé,saturated; filled to capacity,1
饱经沧桑,饣,7,86660,v,bǎo jīng cāng sāng,having lived through many changes,1
饱满,饣,7,16473,a,bǎo mǎn,"full,plump",1
保,亻,5,1597,v,Bǎo,"Bulgaria,Bulgarian,abbr. for 保加利亚",2
保安,亻,5,3028,b,bǎo ān,"to ensure public security,to ensure safety (for workers engaged in production),public security,security guard",1
保持,亻,5,644,v,bǎo chí,"to keep,to maintain,to hold,to preserve",1
保存,亻,5,3916,v,bǎo cún,"to conserve,to preserve,to keep,to save (a file etc) (computing)",1
保管,亻,6,7305,v,bǎo guǎn,"to hold in safekeeping,to have in one's care,to guarantee,certainly,surely,custodian,curator",1
保护,亻,4,536,v,bǎo hù,"to protect,to defend,to safeguard,protection",1
保健,亻,6,8782,n,bǎo jiàn,"health protection,health care,to maintain in good health",1
保留,亻,5,2921,v,bǎo liú,"to keep,to retain,to have reservations (about sth),to hold back (from saying sth),to put aside for later",1
保密,亻,7,5279,v,bǎo mì,"to keep sth confidential,to maintain secrecy",1
保姆,亻,7,5382,n,bǎo mǔ,"nanny,housekeeper",1
保暖,亻,6,9897,a,bǎo nuǎn,to keep warm,1
保守,亻,7,4898,a,bǎo shǒu,"conservative,to guard,to keep",1
保卫,亻,7,5011,v,bǎo wèi,"to defend,to safeguard",1
保鲜,亻,7,16569,vn,bǎo xiān,to keep fresh,1
保险,亻,5,1430,n,bǎo xiǎn,"insurance,to insure,safe,secure,be sure,be bound to",1
保修,亻,6,22465,v,bǎo xiū,"to promise to keep sth in good repair,guarantee; warranty",1
保养,亻,7,10030,v,bǎo yǎng,"to take good care of (or conserve) one's health,to keep in good repair,to maintain,maintenance",1
保佑,亻,7,4727,v,bǎo yòu,"to bless and protect,blessing",1
保障,亻,6,3491,vn,bǎo zhàng,"to ensure,to guarantee,to safeguard",1
保证,亻,4,586,v,bǎo zhèng,"guarantee,to guarantee,to ensure,to safeguard,to pledge",1
保质期,亻,5,23667,n,bǎo zhì qī,"shelf life,expiration date",1
保重,亻,7,9105,v,bǎo zhòng,to take care of oneself,1
堡垒,土,7,12525,n,bǎo lěi,fort,1
报,扌,7,967,n,bào,"to announce,to inform,report,newspaper,recompense,revenge",1
报仇,扌,7,8334,v,bào chóu,"to take revenge,to avenge",1
报酬,扌,7,6322,n,bào chou,"reward,remuneration",1
报答,扌,7,11736,v,bào dá,"to repay,to requite",1
报到,扌,5,8953,v,bào dào,"to report for duty,to check in,to register",1
报道,扌,5,886,v,bào dào,"to report (news),report",1
报废,扌,7,15621,v,bào fèi,to scrap; to dispose of (sth worn-out or damaged),1
报复,扌,7,4880,v,bào fù,"to make reprisals; to retaliate,revenge; retaliation",1
报告,扌,5,681,n,bào gào,"to inform,to report,to make known,report,speech,talk,lecture",1
报警,扌,5,2972,v,bào jǐng,"to sound an alarm,to report sth to the police",1
报刊,扌,6,15103,n,bào kān,"newspapers and periodicals,the press",1
报考,扌,4,23743,v,bào kǎo,to enter oneself for an examination,1
报名,扌,4,4602,v,bào míng,"to sign up,to enter one's name,to apply,to register,to enroll,to enlist",1
报社,扌,6,8300,n,bào shè,newspaper (i.e. a company),1
报亭,扌,7,1000000,,bào tíng,"kiosk,newsstand",1
报销,扌,7,12447,v,bào xiāo,"to submit an expense account,to apply for reimbursement,to write off,to wipe out",1
报纸,扌,3,2232,n,bào zhǐ,"newspaper,newsprint",1
抱,扌,4,1238,v,bào,"to hold,to carry (in one's arms),to hug,to embrace,to surround,to cherish,(coll.) (of clothes) to fit nicely",1
抱负,扌,7,20578,n,bào fù,"aspiration,ambition",1
抱歉,扌,4,4909,a,bào qiàn,"to be sorry,to feel apologetic,sorry!",1
抱怨,扌,5,3331,v,bào yuàn,"to complain,to grumble,to harbor a complaint,to feel dissatisfied",1
豹,豸,7,7248,n,bào,"leopard,panther",1
暴风雨,日,6,13978,n,bào fēng yǔ,"rainstorm,storm,tempest",1
暴风骤雨,日,7,47595,l,bào fēng zhòu yǔ,"violent wind and rainstorm,hurricane,tempest",1
暴力,日,6,2995,n,bào lì,"violence,force,violent",1
暴利,日,7,27880,n,bào lì,sudden huge profits,1
暴露,日,6,3702,v,bào lù,"to expose,to reveal,to lay bare,also pr. [pù lù]",1
暴雨,日,5,10782,n,bào yǔ,"torrential rain,rainstorm",1
暴躁,日,7,12213,a,bào zào,"irascible,irritable,violent",1
爆,火,6,1953,v,bào,"to explode or burst,to quick fry or quick boil",1
爆发,火,6,3458,v,bào fā,"to break out,to erupt,to explode,to burst out",1
爆冷门,火,7,84475,v,bào lěng mén,"an upset (esp. in sports),unexpected turn of events,to pull off a coup,a breakthrough",1
爆满,火,7,24881,v,bào mǎn,"filled to capacity (of theater, stadium, gymnasium etc)",1
爆炸,火,6,1772,v,bào zhà,"explosion,to explode,to blow up,to detonate",1
爆竹,火,7,16172,n,bào zhú,firecracker,1
卑鄙,十,7,10658,a,bēi bǐ,"base,mean,contemptible,despicable",1
杯,木,1,684,q,bēi,"cup,trophy cup,classifier for certain containers of liquids: glass, cup",3
杯子,木,1,6162,n,bēi zi,"cup,glass",1
悲哀,心,7,6059,an,bēi āi,"grieved,sorrowful",1
悲惨,心,7,8154,a,bēi cǎn,"miserable,tragic",1
悲观,心,6,10593,a,bēi guān,pessimistic,1
悲欢离合,心,7,57812,l,bēi huān lí hé,"joys and sorrows,partings and reunions,the vicissitudes of life",1
悲剧,心,6,3680,n,bēi jù,tragedy,1
悲伤,心,6,3739,a,bēi shāng,sad; sorrowful,1
悲痛,心,7,10078,an,bēi tòng,"grieved,sorrowful",1
碑,石,7,16576,n,bēi,"a monument,an upright stone tablet,stele",1
北,匕,3,1835,f,běi,"north,(classical) to be defeated",1
北边,匕,1,17637,f,běi biān,"north,north side,northern part,to the north of",1
北部,匕,4,5420,f,běi bù,northern part,1
北方,匕,3,4879,s,běi fāng,"north,the northern part a country,China north of the Yellow River",1
北极,匕,6,13047,n,běi jí,"the North Pole; the Arctic Pole,the north magnetic pole",1
北京,匕,1,4799,ns,Běi jīng,"Beijing, capital of the People's Republic of China",1
贝壳,贝,7,16537,n,bèi ké,"shell,conch,cowry,mother of pearl,hard outer skin,also pr. [bèi qiào]",1
备份,夂,7,12070,n,bèi fèn,backup,1
备课,夂,7,33147,v,bèi kè,(of a teacher) to prepare lessons,1
备受,夂,7,8775,v,bèi shòu,to fully experience (good or bad),1
备忘录,夂,7,10931,n,bèi wàng lù,"memorandum,aide-memoire,memorandum book",1
备用,夂,6,7153,vn,bèi yòng,"reserve,spare,alternate,backup",1
背,⺼,4,1623,v,bēi,variant of 背,3
背包,⺼,4,8274,n,bēi bāo,"knapsack,rucksack,infantry pack,field pack,blanket roll",1
背后,⺼,5,2349,f,bèi hòu,"behind,at the back,in the rear,behind sb's back",1
背景,⺼,5,2420,n,bèi jǐng,"background; backdrop; context,(fig.) powerful backer",1
背面,⺼,7,10439,f,bèi miàn,"the back,the reverse side,the wrong side",1
背叛,⺼,7,5017,v,bèi pàn,to betray,1
背诵,⺼,7,19524,v,bèi sòng,"to recite,to repeat from memory",1
背心,⺼,6,10100,n,bèi xīn,"sleeveless garment (vest, waistcoat, singlet, tank top etc)",1
背着,⺼,6,9984,v,bēi zhe,carrying on one's back,2
倍,亻,4,1396,q,bèi,"(two, three etc) -fold,times (multiplier),double,to increase or multiply",1
被,衤,3,54,p,bèi,"quilt,to cover (with),(literary) to suffer (a misfortune)",1
被捕,衤,7,6219,v,bèi bǔ,"to be arrested,under arrest",1
被动,衤,6,9120,a,bèi dòng,passive,1
被告,衤,7,3643,n,bèi gào,defendant,1
被迫,衤,6,4859,d,bèi pò,"to be compelled,to be forced",1
被子,衤,5,8179,n,bèi zi,quilt,1
辈,非,5,10523,n,bèi,"lifetime,generation,group of people,class,classifier for generations,(literary) classifier for people",1
奔,大,7,5778,v,bēn,"to hurry,to rush,to run quickly,to elope",5
奔波,大,7,12069,v,bēn bō,"to rush about,to be constantly on the move",1
奔驰,大,7,7787,nz,Bēn chí,"Benz (name),Mercedes-Benz, German car maker",2
奔赴,大,7,21998,v,bēn fù,"to rush to,to hurry to",1
奔跑,大,6,9573,v,bēn pǎo,to run,1
本,木,1,222,r,běn,"root,stem,origin,source,this,the current,original,inherent,originally,classifier for books, periodicals, files etc",1
本地,木,5,3477,r,běn dì,"local,this locality",1
本分,木,7,23007,n,běn fèn,"(to play) one's part,one's role,one's duty,(to stay within) one's bounds,dutiful,keeping to one's role",1
本科,木,4,16998,n,běn kē,"undergraduate course,undergraduate (attributive)",1
本来,木,4,1093,d,běn lái,"original,originally,at first,it goes without saying,of course",1
本领,木,5,10811,n,běn lǐng,"skill,ability,capability",1
本能,木,6,7537,n,běn néng,instinct,1
本期,木,6,20997,r,běn qī,"the current period,this term (usually in finance)",1
本钱,木,7,18266,n,běn qián,"capital,(fig.) asset; advantage; the means (to do sth)",1
本人,木,5,2656,r,běn rén,"I; me; myself,oneself; yourself; himself; herself; the person concerned",1
本色,木,7,10431,n,běn sè,"inherent qualities,natural qualities,distinctive character,true qualities",2
本身,木,6,2405,r,běn shēn,"itself,in itself,per se",1
本事,木,7,5333,n,běn shì,"source material,original story",2
本土,木,6,7660,n,běn tǔ,"one's native country,native,local,metropolitan territory",1
本性,木,7,8657,n,běn xìng,"natural instincts,nature,inherent quality",1
本意,木,7,13124,n,běn yì,"original idea,real intention,etymon",1
本着,木,7,19101,p,běn zhe,"based on...,in conformance with..,taking as one's main principle",1
本质,木,5,5084,n,běn zhì,"essence,nature,innate character,intrinsic quality",1
本子,木,2,12849,n,běn zi,"book,notebook,Japanese-style self-published comic (esp. an erotic one), aka ""dōjinshi"",edition",1
笨,⺮,4,3806,a,bèn,"stupid,foolish,silly,slow-witted,clumsy",1
笨蛋,⺮,7,5816,n,bèn dàn,"fool,idiot",1
笨重,⺮,7,25279,a,bèn zhòng,"heavy,cumbersome,unwieldy",1
笨拙,⺮,7,17203,a,bèn zhuō,"clumsy,awkward,stupid",1
崩溃,山,7,4192,v,bēng kuì,to collapse; to crumble; to fall apart,1
甭,用,6,15279,v,béng,(contraction of 用) need not; please don't,2
绷,纟,7,11156,v,bēng,"variant of 绷,variant of 绷",3
绷带,纟,7,16542,n,bēng dài,bandage (loanword),1
迸发,辶,7,23536,v,bèng fā,to burst forth,1
蹦,足,7,7023,v,bèng,"to jump,to bounce,to hop",1
逼,辶,6,1122,v,bī,"variant of 逼,to compel,to pressure",2
逼近,辶,7,12487,v,bī jìn,"to press on towards,to close in on,to approach,to draw near",1
逼迫,辶,7,13026,v,bī pò,"to force,to compel,to coerce",1
逼真,辶,7,13735,a,bī zhēn,"lifelike,true to life,distinctly,clearly",1
鼻涕,鼻,7,12144,n,bí tì,nasal mucus; snivel; snot,1
鼻子,鼻,4,3484,n,bí zi,nose,1
比,比,2,155,p,Bǐ,"Belgium,Belgian,abbr. for 比利时",3
比比皆是,比,7,29754,v,bǐ bǐ jiē shì,can be found everywhere,1
比不上,比,7,11223,v,bǐ bù shàng,can't compare with,1
比方,比,6,11193,v,bǐ fang,"analogy,instance,for instance",1
比分,比,5,4795,n,bǐ fēn,score,1
比较,比,3,607,d,bǐ jiào,"to compare,to contrast,comparatively,relatively,quite,comparison",1
比例,比,5,4723,n,bǐ lì,"proportion,scale",1
比起,比,7,13998,v,bǐ qǐ,compared with,1
比如,比,3,1051,v,bǐ rú,"for example,for instance,such as",1
比如说,比,2,2785,v,bǐ rú shuō,for example,1
比赛,比,3,275,vn,bǐ sài,"competition (sports etc),match,to compete",1
比试,比,7,22158,v,bǐ shì,"to have a competition,to measure with one's hand or arm,to make a gesture of measuring",1
比喻,比,5,8644,n,bǐ yù,"to compare,to liken to,metaphor,analogy,figure of speech,figuratively",1
比重,比,6,20691,n,bǐ zhòng,"proportion,specific gravity",1
彼此,彳,5,2165,r,bǐ cǐ,each other; one another,1
笔,⺮,2,1245,q,bǐ,"pen,pencil,writing brush,to write or compose,the strokes of Chinese characters,classifier for sums of money, deals",1
笔记,⺮,3,7920,n,bǐ jì,"to take down (in writing),notes,a type of literature consisting mainly of short sketches",1
笔记本,⺮,3,3935,n,bǐ jì běn,"notebook (stationery),notebook (computing)",1
笔试,⺮,4,25608,n,bǐ shì,"written examination,paper test (for an applicant)",1
鄙视,阝,7,8470,v,bǐ shì,"to despise,to disdain,to look down upon",1
必,心,5,2532,d,bì,"certainly,must,will,necessarily",1
必不可少,心,7,15604,v,bì bù kě shǎo,"absolutely necessary,indispensable,essential",1
必定,心,7,8680,d,bì dìng,"to be bound to,to be sure to",1
必将,心,7,10072,d,bì jiāng,inevitably,1
必然,心,5,5199,d,bì rán,"inevitable,certain,necessity",1
必修,心,6,39363,vn,bì xiū,"(of an academic course) required,compulsory",1
必须,心,3,241,d,bì xū,"to have to,must,compulsory,necessarily",1
必需,心,5,7251,v,bì xū,"to need,to require,essential,indispensable",1
必要,心,5,1191,a,bì yào,"necessary,essential,indispensable,required",1
毕竟,比,5,2477,d,bì jìng,"after all,all in all,when all is said and done,in the final analysis",1
毕业,比,4,1755,v,bì yè,"graduation,to graduate,to finish school",1
毕业生,比,4,6344,n,bì yè shēng,graduate,1
闭,门,6,2503,v,bì,"to close,to stop up,to shut,to obstruct",1
闭幕,门,5,26178,v,bì mù,"the curtain falls,lower the curtain,to come to an end (of a meeting)",1
闭幕式,门,5,34114,n,bì mù shì,closing ceremony,1
闭塞,门,6,25567,a,bì sè,"to stop up,to close up,hard to get to,out of the way,inaccessible,unenlightened,blocking",1
弊病,廾,7,34995,n,bì bìng,"malady,evil,malpractice,drawback,disadvantage",1
弊端,廾,7,19905,n,bì duān,systemic problem (sometimes refers specifically to corrupt practices),1
碧绿,石,7,33401,z,bì lǜ,dark green,1
碧玉,石,6,64483,n,bì yù,jasper,1
壁画,土,7,16718,n,bì huà,"mural (painting),fresco",1
避,辶,6,6063,v,bì,"to avoid,to shun,to flee,to escape,to keep away from,to leave,to hide from",1
避免,辶,5,2140,v,bì miǎn,"to avert,to prevent,to avoid,to refrain from",1
避难,辶,7,17616,v,bì nàn,"refuge,to take refuge,to seek asylum (political etc)",1
避暑,辶,7,23952,vn,bì shǔ,"to be away for the summer holidays,to spend a holiday at a summer resort,to prevent sunstroke",1
臂,⺼,6,7284,g,bì,arm,1
边,辶,1,803,k,biān,"side,edge,margin,border,boundary,simultaneously",2
边疆,辶,7,28113,s,biān jiāng,"border area,borderland,frontier,frontier region",1
边界,辶,7,7042,n,biān jiè,"boundary,border",1
边境,辶,7,5914,s,biān jìng,frontier; border,1
边缘,辶,7,4635,n,biān yuán,"edge; fringe; verge; brink; periphery,marginal; borderline",1
边远,辶,7,26329,b,biān yuǎn,"far from the center,remote,outlying",1
编,纟,6,1875,v,biān,"to weave,to plait,to organize,to group,to arrange,to edit,to compile,to write,to compose,to fabricate,to make up",1
编号,纟,7,7219,n,biān hào,"to number,numbering,serial number",1
编辑,纟,6,2447,n,biān jí,"to edit,to compile,editor,compiler",1
编剧,纟,7,7362,n,biān jù,"to write a play,scenario,dramatist,screenwriter",1
编排,纟,7,10560,v,biān pái,"to arrange,to lay out",1
编写,纟,6,11845,v,biān xiě,to compile,1
编造,纟,7,12743,v,biān zào,"to compile,to draw up,to fabricate,to invent,to concoct,to make up,to cook up",1
编织,纟,7,13145,v,biān zhī,"to weave; to knit; to plait; to braid,(fig.) to create (sth abstract, e.g. a dream, a lie etc)",1
编制,纟,7,12038,n,biān zhì,"to establish (a unit or department),staffing structure (excluding temporary and casual staff)",2
鞭策,革,7,24553,v,biān cè,"to spur on,to urge on,to encourage sb (e.g. to make progress)",1
鞭炮,革,7,17033,n,biān pào,"firecrackers,string of small firecrackers",1
贬低,贝,7,17829,v,biǎn dī,"to belittle,to disparage,to play down,to demean,to degrade,to devalue",1
贬义,贝,6,38391,n,biǎn yì,"derogatory sense,negative connotation",1
贬值,贝,7,19175,v,biǎn zhí,"to become devaluated,to devaluate,to depreciate",1
扁,户,7,5218,a,Piān,surname Pian,3
变,又,3,501,v,biàn,"to change,to become different,to transform,to vary,rebellion",1
变成,又,3,853,v,biàn chéng,"to change into,to turn into,to become",1
变动,又,5,7124,vn,biàn dòng,"to change,to fluctuate,change,fluctuation",1
变革,又,7,9189,vn,biàn gé,"to transform,to change",1
变更,又,7,10372,v,biàn gēng,"to change,to alter,to modify",1
变故,又,7,20768,n,biàn gù,"an unforeseen event,accident,misfortune",1
变化,又,3,1262,vn,biàn huà,"(intransitive) to change; to vary,change; variation",1
变幻莫测,又,7,37275,l,biàn huàn mò cè,"to change unpredictably,unpredictable,erratic,treacherous",1
变换,又,7,10769,v,biàn huàn,"to transform,to convert,to vary,to alternate,a transformation",1
变迁,又,7,17425,vn,biàn qiān,"changes,vicissitudes",1
变为,又,3,8495,v,biàn wéi,to change into,1
变形,又,7,6036,v,biàn xíng,to become deformed; to change shape; to morph,1
变异,又,7,8927,n,biàn yì,variation,1
变质,又,6,13083,v,biàn zhì,"to degenerate; to deteriorate,(of food) to go bad; to go off,(geology) metamorphism",1
便,亻,5,811,d,biàn,"plain,informal,suitable,convenient,opportune,to urinate or defecate,equivalent to 就: then,in that case,even if",2
便道,亻,7,28502,n,biàn dào,"pavement,sidewalk,shortcut,makeshift road",1
便饭,亻,7,51135,n,biàn fàn,"an ordinary meal,simple home cooking",1
便捷,亻,6,15719,a,biàn jié,convenient and fast,1
便利,亻,5,5991,a,biàn lì,"convenient,easy,to facilitate",1
便利店,亻,5,1000000,,biàn lì diàn,convenience store,1
便是,亻,6,7899,v,biàn shì,"(emphasizes that sth is precisely or exactly as stated),precisely,exactly,even,if,just like,in the same way as",1
便条,亻,5,33655,n,biàn tiáo,(informal) note,1
便宜,亻,1,2814,a,biàn yí,convenient,2
便于,亻,4,13646,v,biàn yú,easy to; convenient for,1
遍,辶,3,1358,qv,biàn,variant of 遍,2
遍布,辶,7,10269,v,biàn bù,"to cover the whole (area),to be found throughout",1
遍地,辶,6,18679,v,biàn dì,"everywhere,all over",1
辨别,辛,7,12941,v,biàn bié,to distinguish; to differentiate; to discern; to recognize; to tell,1
辨认,辛,7,10922,v,biàn rèn,"to recognize,to identify",1
辩,辛,7,7226,g,biàn,"to dispute,to debate,to argue,to discuss",1
辩护,辛,7,5728,v,biàn hù,"to speak in defense of,to argue in favor of,to defend,to plead",1
辩解,辛,7,11543,v,biàn jiě,"to explain,to justify,to defend (a point of view etc),to provide an explanation,to try to defend oneself",1
辩论,辛,7,7547,vn,biàn lùn,"debate,argument,to argue over",1
辩证,辛,7,28181,b,biàn zhèng,"to investigate,dialectical",1
辫子,辛,7,16801,n,biàn zi,"plait,braid,pigtail,a mistake or shortcoming that may be exploited by an opponent,handle",1
标,木,7,3748,v,biāo,"mark,sign,label,to mark with a symbol, label, lettering etc,to bear (a brand name, registration number etc),prize,award",1
标榜,木,7,24532,v,biāo bǎng,"to flaunt,to advertise,to parade,boost,excessive praise",1
标本,木,7,9844,n,biāo běn,"specimen; sample,the root cause and symptoms of a disease",1
标点,木,7,36947,n,biāo diǎn,"punctuation,a punctuation mark,to punctuate",1
标记,木,7,5706,n,biāo jì,"sign,mark,symbol,to mark up,(computing) token",1
标签,木,7,6258,n,biāo qiān,"label,tag,(computing) tab (GUI element)",1
标示,木,7,18067,v,biāo shì,to indicate,1
标题,木,5,8578,n,biāo tí,"title,heading,headline,caption,subject",1
标语,木,7,10321,n,biāo yǔ,"written slogan,placard",1
标志,木,5,2653,n,biāo zhì,"sign,mark,symbol,logo,to symbolize,to indicate,to mark",1
标致,木,7,19135,a,Biāo zhì,Peugeot,2
标准,木,4,1317,n,biāo zhǔn,"standard; norm; criterion,(adjective) standard,good; correct; conforming to a standard",1
飙升,风,7,21633,v,biāo shēng,"to rise rapidly,to soar",1
表,衣,4,1344,n,biǎo,"exterior surface,family relationship via females,to show (one's opinion),a model,a table (listing information),a form",2
表白,衣,7,10481,v,biǎo bái,"to explain oneself,to express,to reveal one's thoughts or feelings,declaration,confession",1
表达,衣,5,1660,v,biǎo dá,to express; to convey,1
表格,衣,4,8961,n,biǎo gé,"form,table",1
表决,衣,7,7667,v,biǎo jué,"to decide by vote,to vote",1
表率,衣,7,25988,n,biǎo shuài,"example,model",1
表面,衣,5,2771,n,biǎo miàn,"surface,face,outside,appearance",1
表面上,衣,6,1000000,,biǎo miàn shang,outwardly; superficially; on the face of it,1
表明,衣,5,1735,v,biǎo míng,"to make clear,to make known,to state clearly,to indicate,known",1
表情,衣,5,1882,n,biǎo qíng,"(facial) expression,to express one's feelings",1
表示,衣,4,854,v,biǎo shì,"to express,to show,to say,to state,to indicate,to mean",1
表述,衣,7,14483,vn,biǎo shù,"to formulate,enunciation,to explain sth precisely",1
表态,衣,7,8599,v,biǎo tài,"to declare one's position,to say where one stands",1
表现,衣,4,452,v,biǎo xiàn,"to show,to show off,to display,to manifest,expression,manifestation,show,display,performance (at work etc),behavior",1
表演,衣,3,1127,vn,biǎo yǎn,"play,show,performance,exhibition,to perform,to act,to demonstrate",1
表扬,衣,4,9042,v,biǎo yáng,"to praise,to commend",1
表彰,衣,7,11646,v,biǎo zhāng,"to honor,to commend,to cite (in dispatches)",1
憋,心,7,6662,v,biē,"to choke,to stifle,to restrain,to hold back,to hold in (urine),to hold (one's breath)",1
别,刂,2,214,d,Bié,surname Bie,3
别的,刂,3,543,r,bié de,"else,other",1
别具匠心,刂,7,67237,,bié jù jiàng xīn,"to show ingenuity,(of a design) clever,brilliantly conceived",1
别看,刂,7,12369,,bié kàn,don't be fooled by the fact that,1
别扭,刂,7,8970,a,biè niu,"awkward,difficult,uncomfortable,not agreeing,at loggerheads,gauche",1
别人,刂,3,397,r,bié ren,other people; others; other person,1
别墅,刂,7,4646,n,bié shù,villa,1
别说,刂,7,6983,,bié shuō,to say nothing of; not to mention; let alone,1
别提了,刂,7,1000000,,bié tí le,"say no more,don't bring it up,drop the subject",1
别致,刂,7,16822,a,bié zhì,unusual; unique,2
宾馆,宀,3,4994,n,bīn guǎn,"guesthouse,lodge,hotel",1
彬彬有礼,彡,7,29487,l,bīn bīn yǒu lǐ,"refined and courteous,urbane",1
滨海,氵,7,22018,n,Bīn hǎi,"Binhai (place name),Binhai New District, subprovincial district of Tianjin,Binhai county in Yancheng 盐城, Jiangsu",2
缤纷,纟,7,24038,z,bīn fēn,"vast and various,rich and diverse",1
濒临,氵,7,14334,v,bīn lín,"on the edge of,(fig.) on the verge of,close to",1
冰,冫,3,2036,n,bīng,"ice,to chill sth,(of an object or substance) to feel cold,(of a person) cold,unfriendly,(slang) methamphetamine",2
冰雹,冫,7,20357,n,bīng báo,"hail,hailstone",1
冰棍儿,冫,7,62971,n,bīng gùn r,"ice lolly,popsicle",1
冰山,冫,7,14459,n,bīng shān,iceberg,1
冰箱,冫,3,4168,n,bīng xiāng,"icebox,freezer cabinet,refrigerator",1
冰雪,冫,4,12795,n,bīng xuě,ice and snow,1
兵,八,6,2469,n,bīng,"soldiers,a force,an army,weapons,arms,military,warlike",1
丙,一,7,9842,Mg,bǐng,"third of the ten Heavenly Stems 干,third in order,letter ""C"" or Roman ""III"" in list ""A, B, C"", or ""I, II, III"" etc",1
秉承,禾,7,40658,v,bǐng chéng,"to take orders,to receive commands,to carry on (a tradition)",1
饼,饣,5,3918,n,bǐng,"round flat cake,cookie,cake,pastry",1
饼干,饣,4,6412,n,bǐng gān,biscuit; cracker; cookie,1
并,干,4,148,d,bìng,"and,furthermore,also,together with,(not) at all,simultaneously,to combine,to join,to merge",4
并存,干,6,19101,v,bìng cún,"to exist at the same time,to coexist",1
并非,干,7,2403,v,bìng fēi,really isn't,1
并购,干,7,17583,vn,bìng gòu,"merger and acquisition (M and A),acquisition,to take over",1
并列,干,7,18468,v,bìng liè,"to stand side by side,to be juxtaposed",1
并且,干,4,827,c,bìng qiě,"and,besides,moreover,furthermore,in addition",1
并行,干,7,26109,vn,bìng xíng,"to proceed in parallel,side by side (of two processes, developments, thoughts etc)",1
病,疒,1,827,n,bìng,"illness,disease,to fall ill,defect",1
病床,疒,7,12666,n,bìng chuáng,"hospital bed,sickbed",1
病毒,疒,6,2227,n,bìng dú,virus,1
病房,疒,5,6422,n,bìng fáng,"ward (of a hospital),sickroom",1
病情,疒,5,4668,n,bìng qíng,"state of an illness,patient's condition",1
病人,疒,3,1209,n,bìng rén,"sick person,patient,invalid",1
病症,疒,7,13328,n,bìng zhèng,"disease,illness",1
拨,扌,7,2539,v,bō,"to push aside with the hand, foot, a stick etc,to dial,to allocate,to set aside (money),to poke (the fire)",1
拨打,扌,5,6281,v,bō dǎ,"to call,to dial",1
拨款,扌,7,14195,v,bō kuǎn,"to allocate funds,appropriation",1
拨通,扌,7,18642,v,bō tōng,to get through to sb on the phone,1
波动,氵,7,7054,vn,bō dòng,"to undulate,to fluctuate,wave motion,rise and fall",1
波及,氵,7,18382,v,bō jí,"to spread to,to involve,to affect",1
波澜,氵,7,19825,n,bō lán,"billows,great waves (fig. of a story with great momentum)",1
波浪,氵,7,15431,n,bō làng,wave,1
波涛,氵,7,27414,n,bō tāo,"great waves,billows",1
波涛汹涌,氵,6,43247,,bō tāo xiōng yǒng,"waves surging forth,roaring sea",1
波折,氵,7,22248,n,bō zhé,twists and turns,1
玻璃,王,5,2557,n,bō li,"glass,(slang) male homosexual",1
剥,刂,7,7525,v,bāo,"to peel,to skin,to shell,to shuck",2
剥夺,刂,7,7485,v,bō duó,"to deprive,to expropriate,to strip (sb of his property)",1
剥削,刂,7,12734,v,bō xuē,"to exploit,exploitation",1
播,扌,6,3610,v,bō,"to sow,to scatter,to spread,to broadcast,Taiwan pr. [bò]",1
播出,扌,3,4365,v,bō chū,"to broadcast,to air (a TV program etc)",1
播放,扌,4,3952,v,bō fàng,to broadcast; to transmit (by radio or TV),1
播种,扌,6,15096,v,bō zhǒng,to sow seeds,2
伯伯,亻,7,24986,n,bó bo,"father's elder brother,uncle",1
伯父,亻,7,23161,n,bó fù,"father's elder brother,term of respect for older man",1
伯母,亻,7,27007,n,bó mǔ,"wife of father's elder brother,aunt,(polite form of address for a woman who is about the age of one's mother)",1
驳回,马,7,10710,v,bó huí,"to reject,to turn down,to overrule",1
脖子,⺼,6,3554,n,bó zi,neck,1
博大精深,十,7,41630,v,bó dà jīng shēn,"wide-ranging and profound,broad and deep",1
博客,十,5,5862,nz,bó kè,"blog (loanword),weblog,blogger",1
博览会,十,6,13075,n,bó lǎn huì,"exposition,international fair",1
博士,十,4,2425,n,bó shì,"doctor,court academician (in feudal China),Ph.D.",1
博物馆,十,5,4179,n,bó wù guǎn,museum,1
搏斗,扌,7,11802,v,bó dòu,to wrestle; to fight; to struggle,1
补,衤,6,2850,v,bǔ,"to repair,to patch,to mend,to make up for,to fill (a vacancy),to supplement",1
补偿,衤,6,3538,vn,bǔ cháng,"to compensate,to make up",1
补充,衤,5,4107,v,bǔ chōng,"to replenish,to supplement,to complement,additional,supplementary",1
补给,衤,7,11865,vn,bǔ jǐ,"supply,replenishment,to replenish",1
补救,衤,7,13343,v,bǔ jiù,to remedy,1
补考,衤,6,26371,v,bǔ kǎo,"to sit for a makeup exam,to resit an exam,makeup exam,resit",1
补课,衤,6,22453,v,bǔ kè,"to make up missed lesson,to reschedule a class",1
补贴,衤,6,8863,n,bǔ tiē,"to subsidize,subsidy,allowance,to supplement (one's salary etc),benefit",1
补习,衤,6,22013,v,bǔ xí,to take extra lessons in a cram school or with a private tutor,1
补助,衤,7,10885,n,bǔ zhù,"to subsidize,subsidy,allowance",1
哺乳,口,7,24766,v,bǔ rǔ,"breastfeeding,to suckle,to nurse",1
哺育,口,7,32916,v,bǔ yù,"to feed,(fig.) to nurture; to foster",1
捕,扌,6,8390,v,bǔ,"to catch,to seize,to capture",1
捕捉,扌,7,9452,v,bǔ zhuō,"to catch,to seize,to capture",1
不,一,1,9,d,bù,"no; not so,(bound form) not; un-",1
不安,一,6,4472,a,bù ān,"unpeaceful,unstable,uneasy,disturbed,restless,worried",1
不必,一,4,2029,d,bù bì,"need not,does not have to,not necessarily",1
不便,一,4,8003,an,bù biàn,"inconvenient,inappropriate,unsuitable,short of cash",1
不曾,一,6,8242,d,bù céng,"hasn't yet,hasn't ever",1
不成,一,6,10054,v,bù chéng,"won't do,unable to,(at the end of a rhetorical question) can that be?",1
不耻下问,一,7,83856,,bù chǐ xià wèn,not feel ashamed to ask and learn from one's subordinates,1
不辞而别,一,7,33466,v,bù cí ér bié,to leave without saying good-bye,1
不错,一,2,384,a,bù cuò,"correct,right,not bad,pretty good",1
不大,一,1,4915,d,bù dà,"not very,not too,not often",1
不但,一,3,4161,c,bù dàn,not only (... but also ...),1
不得不,一,4,1606,d,bù dé bù,"have no choice or option but to,cannot but,have to,can't help it,can't avoid",1
不得而知,一,7,20317,v,bù dé ér zhī,"unknown,unable to find out",1
不得了,一,5,8549,l,bù dé liǎo,"desperately serious,disastrous,extremely,exceedingly",1
不得已,一,7,13044,a,bù dé yǐ,"to act against one's will,to have no alternative but to,to have to,to have no choice,must",1
不定,一,7,17123,d,bù dìng,"indefinite,indeterminate,(botany) adventitious",1
不断,一,4,1245,d,bù duàn,"unceasing,uninterrupted,continuous,constant",1
不对,一,1,2598,a,bù duì,"incorrect,wrong,amiss,abnormal,queer",1
不妨,一,7,7625,d,bù fáng,"there is no harm in,might as well",1
不服,一,7,28565,v,bù fú,"not to accept sth,to want to have sth overruled or changed,to refuse to obey or comply,to refuse to accept as final",1
不服气,一,7,1000000,,bù fú qì,"unwilling to concede,defiant,indignant,to find it galling",1
不敢当,一,7,35004,v,bù gǎn dāng,"lit. I dare not (accept the honor); fig. I don't deserve your praise,you flatter me",1
不够,一,4,1419,a,bù gòu,"not enough,insufficient,inadequate",1
不顾,一,6,6927,v,bù gù,in spite of; regardless of,1
不管,一,4,854,c,bù guǎn,"not to be concerned,regardless of,no matter",1
不光,一,4,7316,c,bù guāng,"not the only one,not only",1
不过,一,4,216,c,bù guò,"only,merely,no more than,but,however,anyway (to get back to a previous topic),cannot be more (after adjectival)",1
不好意思,一,2,2805,v,bù hǎo yì si,"to feel embarrassed,to find it embarrassing,to be sorry (for inconveniencing sb)",1
不假思索,一,7,33772,l,bù jiǎ sī suǒ,(idiom) to act without taking time to think; to react instantly; to fire from the hip,1
不见,一,3,2421,v,bù jiàn,"not to see,not to meet,to have disappeared,to be missing",1
不见得,一,7,17256,d,bù jiàn de,"not necessarily,not likely",1
不解,一,7,17259,v,bù jiě,"to not understand,to be puzzled by,indissoluble",1
不仅,一,4,1467,c,bù jǐn,"not just; not limited to,(as a correlative conjunction) not only (..., but also ...)",1
不仅仅,一,6,6163,d,bù jǐn jǐn,not only; not just,1
不禁,一,6,8021,d,bù jīn,"can't help (doing sth),can't refrain from",1
不经意,一,7,11628,a,bù jīng yì,"not paying attention,carelessly,by accident",1
不景气,一,7,16728,a,bù jǐng qì,"slack,in a slump",1
不久,一,3,2739,m,bù jiǔ,"not long (after),before too long,soon,soon after",1
不堪,一,7,8963,v,bù kān,"cannot bear,cannot stand,utterly,extremely",1
不可避免,一,7,8664,v,bù kě bì miǎn,unavoidably,1
不可思议,一,7,4689,l,bù kě sī yì,"inconceivable (idiom); unimaginable,unfathomable",1
不客气,一,1,16723,,bù kè qi,"you're welcome,don't mention it,impolite,rude,blunt",1
不肯,一,7,10726,v,bù kěn,Refuse,1
不愧,一,7,11038,d,bù kuì,"to be worthy of,to deserve to be called,to prove oneself to be",1
不了了之,一,7,24145,v,bù liǎo liǎo zhī,"to settle a matter by leaving it unsettled,to end up with nothing definite",1
不理,一,7,10871,v,bù lǐ,"to refuse to acknowledge,to pay no attention to,to take no notice of,to ignore",1
不利,一,5,4288,a,bù lì,"unfavorable,disadvantageous,harmful,detrimental",1
不利于,一,7,32766,v,bù lìyú,is harmful to,1
不良,一,5,4514,a,bù liáng,"bad,harmful,unhealthy",1
不料,一,6,25376,d,bù liào,"unexpectedly,to one's surprise",1
不论,一,4,3411,c,bù lùn,"whatever,no matter what (who, how etc),regardless of,not to discuss",1
不满,一,4,5004,an,bù mǎn,"resentful,discontented,dissatisfied",1
不免,一,7,24642,d,bù miǎn,inevitably,1
不耐烦,一,6,13336,a,bù nài fán,"impatient,to lose patience",1
不难,一,7,22888,d,bù nán,Not difficult,1
不能不,一,5,10279,d,bù néng bù,"have to,cannot but",1
不平,一,7,22650,a,bù píng,"uneven,injustice,unfairness,wrong,grievance,indignant,dissatisfied",1
不起眼,一,7,15413,a,bù qǐ yǎn,"unremarkable,nothing out of the ordinary",1
不然,一,5,2285,c,bù rán,"not so,no,or else,otherwise,if not,How about ...?",1
不容,一,7,9409,v,bù róng,"must not,cannot,to not allow,cannot tolerate",1
不如,一,4,2684,v,bù rú,"not equal to,not as good as,inferior to,it would be better to",1
不如说,一,7,11028,c,bùrú shuō,rather say,1
不少,一,2,1045,m,bù shǎo,"many,a lot,not few",1
不慎,一,7,20102,d,bù shèn,"incautious,inattentive",1
不时,一,6,8547,d,bù shí,"from time to time,now and then,occasionally,frequently",1
不适,一,6,8841,a,bù shì,"unwell,indisposed,out of sorts",1
不算,一,7,11114,v,bù suàn,"to not calculate,to not count,to not be considered (as),to have no weight",1
不太,一,2,58429,nr,bù tài,Not too,1
不停,一,5,7370,v,bù tíng,incessant,1
不通,一,6,7794,a,bù tōng,"to be obstructed,to be blocked up,to be impassable,to make no sense,to be illogical",1
不同,一,3,458,a,bù tóng,"different,distinct,not the same,not alike",1
不同寻常,一,7,10746,v,bù tóng xún cháng,"out of the ordinary,unusual",1
不为人知,一,7,11433,v,bù wéi rén zhī,"not known to anyone,secret,unknown",1
不惜,一,7,5983,v,bù xī,"not stint,not spare,not hesitate (to do sth),not scruple (to do sth)",1
不相上下,一,7,24846,v,bù xiāng shàng xià,"equally matched,about the same",1
不像话,一,7,25125,a,bù xiàng huà,"unreasonable,shocking,outrageous",1
不屑,一,7,12937,v,bù xiè,"to disdain to do sth,to think sth not worth doing,to feel it beneath one's dignity",1
不屑一顾,一,6,23826,v,bù xiè yī gù,to disdain as beneath contempt (idiom),1
不懈,一,7,18634,z,bù xiè,"untiring,unremitting,indefatigable",1
不行,一,3,1439,a,bù xíng,"won't do,be out of the question,be no good,not work,not be capable",1
不幸,一,5,2784,a,bù xìng,"misfortune,adversity,unfortunate,sad,unfortunately",1
不许,一,6,3916,d,bù xǔ,"not to allow,must not,can't",1
不亚于,一,7,38742,v,bù yà yú,"no less than,not inferior to",1
不言而喻,一,7,20519,v,bù yán ér yù,it goes without saying; it is self-evident,1
不要,一,1,221,d,bù yào,"don't!,must not",1
不要紧,一,5,10100,v,bù yào jǐn,"unimportant,not serious,it doesn't matter,never mind,it looks all right, but",1
不一定,一,2,3647,,bù yī dìng,"not necessarily,maybe",1
不一会儿,一,2,35153,l,bù yīhuǐr5,Take a short while,1
不已,一,6,6315,v,bù yǐ,"endlessly,incessantly",1
不以为然,一,7,23388,v,bù yǐ wéi rán,"not to accept as correct (idiom); to object,to disapprove,to take exception to",1
不亦乐乎,一,7,26229,v,bù yì lè hū,"lit. isn't that a joy? (quote from Confucius),fig. (jocular) extremely; awfully",1
不易,一,5,17513,a,bù yì,"not easy to do sth,difficult,unchanging",1
不翼而飞,一,7,25860,v,bù yì ér fēi,"to disappear without trace,to vanish all of a sudden,to spread fast,to spread like wildfire",1
不宜,一,6,10511,v,bù yí,"not suitable,inadvisable,inappropriate",1
不用,一,3,1013,d,bù yòng,need not,1
不用说,一,7,10490,v,bù yòng shuō,needless to say; it goes without saying,1
不由得,一,7,20909,d,bù yóu de,"can't help,cannot but",1
不由自主,一,7,14247,l,bù yóu zì zhǔ,can't help; involuntarily (idiom),1
不予,一,7,12523,v,bùyǔ,"to withhold, to refuse",1
不约而同,一,7,32822,l,bù yuē ér tóng,to agree by chance (idiom); taking the same action without prior consultation,1
不再,一,6,952,d,bù zài,"no more,no longer",1
不在乎,一,4,4222,v,bù zài hu,not to care,1
不择手段,一,6,16590,l,bù zé shǒu duàn,"by fair means or foul,by hook or by crook,unscrupulously",1
不怎么,一,6,8686,v,bù zěn me,"not very,not particularly",1
不怎么样,一,6,22737,,bù zěn me yàng,"not up to much,very indifferent,nothing great about it,nothing good to be said about it",1
不正之风,一,7,16308,,bù zhèng zhī fēng,unhealthy tendency,1
不知,一,7,1487,v,bù zhī,"not to know,unaware,unknowingly,fig. not to admit (defeat, hardships, tiredness etc)",1
不知不觉,一,7,10896,l,bù zhī bù jué,"unconsciously,unwittingly",1
不值,一,6,16754,,bù zhí,not worth,1
不止,一,6,3921,v,bù zhǐ,"incessantly,without end,more than,not limited to",1
不至于,一,6,7982,d,bù zhì yú,unlikely to go so far as to; not as bad as,1
不准,一,7,3924,v,bù zhǔn,"not to allow,to forbid,to prohibit",1
不足,一,5,2971,v,bù zú,"insufficient,lacking,deficiency,not enough,inadequate,not worth,cannot,should not",1
布,巾,6,1694,n,bù,"variant of 布,to announce,to spread",2
布告,巾,6,40775,n,bù gào,"posting on a bulletin board,notice,bulletin,to announce",1
布局,巾,7,10770,n,bù jú,"arrangement,composition,layout,opening (chess jargon)",1
布满,巾,6,12437,v,bù mǎn,"to be covered with,to be filled with",1
布置,巾,6,4729,v,bù zhì,"to put in order,to arrange,to decorate,to fix up,to deploy",1
步,止,4,972,qv,Bù,surname Bu,2
步伐,止,7,6867,n,bù fá,"pace,(measured) step,march",1
步入,止,7,8588,v,bù rù,"to step into,to enter",1
步行,止,5,7842,v,bù xíng,"to go on foot,to walk",1
步骤,止,6,7820,n,bù zhòu,"procedure,step",1
部,阝,4,426,q,bù,"ministry,department,section,part,division,troops,board,classifier for works of literature, films, machines etc",1
部队,阝,6,1909,n,bù duì,"army,armed forces,troops,force,unit",1
部分,阝,4,513,n,bù fen,"part,share,section,piece",1
部件,阝,7,10075,n,bù jiàn,"part,component",1
部门,阝,4,992,n,bù mén,"department,branch,section,division",1
部署,阝,7,5610,v,bù shǔ,"to dispose,to deploy,deployment",1
部位,阝,6,4761,n,bù wèi,"part (esp. of the body, but also of a vegetable (e.g. the root), or a garment (e.g. the sleeve) etc)",1
部长,阝,3,3538,n,bù zhǎng,"head of a (government etc) department,section chief,section head,secretary,minister",1
擦,扌,4,1952,v,cā,"to rub; to scratch,to towel; to wipe with a towel,to apply (lipstick, lotion etc),to touch; to brush (past)",1
猜,犭,4,2168,v,cāi,to guess,1
猜测,犭,6,5450,v,cāi cè,"to guess,to conjecture,to surmise",1
猜谜,犭,7,30752,v,cāi mí,"to answer a riddle,to guess (i.e. form an opinion without much evidence)",1
猜想,犭,7,9517,v,cāi xiǎng,"to guess; to conjecture; to suppose,(math.) hypothesis",1
才,扌,3,133,d,cái,"ability; talent,sb of a certain type,a capable individual,then and only then,just now",2
才干,扌,7,19342,n,cái gàn,"ability,competence",1
才华,扌,6,7172,n,cái huá,talent,1
才能,扌,6,3200,n,cái néng,"talent,ability,capacity",1
材料,木,4,2069,n,cái liào,"(raw) material,data,(fig.) person who has the potential to do the job",1
财产,贝,6,2556,n,cái chǎn,"property,assets,estate",1
财富,贝,6,3442,n,cái fù,"wealth,riches",1
财经,贝,7,14956,n,cái jīng,finance and economics,1
财力,贝,7,16674,n,cái lì,financial resources,1
财物,贝,6,11436,n,cái wù,"property,belongings",1
财务,贝,6,3745,n,cái wù,financial affairs,1
财政,贝,7,4062,n,cái zhèng,"finances (public),financial",1
裁,衣,7,9643,v,cái,"to cut out (as a dress),to cut,to trim,to reduce,to diminish,to cut back (e.g. on staff),decision,judgment",1
裁定,衣,7,10904,v,cái dìng,ruling,1
裁缝,衣,7,19354,n,cái féng,"to make an item of clothing,to tailor",2
裁决,衣,7,8282,vn,cái jué,"ruling,adjudication",1
裁判,衣,5,4450,n,cái pàn,"judgment,to referee,umpire,judge,referee",1
裁员,衣,7,13947,v,cái yuán,"to cut staff,to lay off employees",1
采,釆,7,4885,v,cǎi,"to pick,to pluck,to collect,to select,to choose,to gather",3
采访,釆,5,1893,v,cǎi fǎng,"to interview,to gather news,to hunt for and collect,to cover",1
采购,釆,6,7654,v,cǎi gòu,"to procure (for an enterprise etc),to purchase",1
采集,釆,6,7348,v,cǎi jí,"to gather,to collect,to harvest",1
采矿,釆,7,18159,vn,cǎi kuàng,mining,1
采纳,釆,6,12604,v,cǎi nà,"to accept,to adopt",1
采取,釆,5,1701,v,cǎi qǔ,"to adopt or carry out (measures, policies, course of action),to take",1
采用,釆,5,3254,v,cǎi yòng,"to adopt,to employ,to use",1
彩电,彡,7,20090,n,cǎi diàn,color TV,1
彩虹,彡,6,7457,n,cǎi hóng,rainbow,1
彩票,彡,6,6265,n,cǎi piào,lottery ticket,1
彩色,彡,5,7894,b,cǎi sè,"color,multicolored",1
彩霞,彡,7,46262,,cǎi xiá,clouds tinged with sunset hues,1
踩,足,6,3087,v,cǎi,variant of 踩,2
菜,艹,1,1448,n,cài,"dish (type of food),vegetable,cuisine,(coll.) (one's) type,(of one's skills etc) weak,poor",1
菜单,艹,3,7509,n,cài dān,menu,1
菜市场,艹,7,27462,n,cài shì chǎng,food market,1
参观,厶,4,3793,v,cān guān,"to look around,to tour,to visit",1
参加,厶,3,355,v,cān jiā,"to participate,to take part,to join",1
参见,厶,7,15738,v,cān jiàn,"to refer to,see also,compare (cf.),to pay respect to",1
参军,厶,7,12716,v,cān jūn,to join the army,1
参考,厶,5,5682,v,cān kǎo,"consultation,reference,to consult,to refer",1
参谋,厶,7,16567,n,cān móu,"staff officer,to give advice",1
参赛,厶,4,3896,v,cān sài,"to compete,to take part in a competition",1
参与,厶,5,1027,v,cān yù,to participate (in sth),1
参展,厶,6,23321,vn,cān zhǎn,to exhibit at or take part in a trade show etc,1
参照,厶,7,12553,v,cān zhào,"to consult a reference,to refer to (another document)",1
餐,食,6,2848,g,cān,"meal,to eat,classifier for meals",1
餐馆,食,5,5405,n,cān guǎn,restaurant,1
餐厅,食,4,3156,n,cān tīng,"dining hall,dining room,restaurant",1
餐饮,食,5,11900,n,cān yǐn,"food and beverage,catering,repast",1
餐桌,食,7,9604,n,cān zhuō,dining table; dinner table,1
残,歹,7,4560,a,cán,"to destroy,to spoil,to ruin,to injure,cruel,oppressive,savage,brutal,incomplete,disabled,to remain,to survive,remnant",1
残疾,歹,6,8861,n,cán jí,"disabled,handicapped,deformity on a person or animal",1
残疾人,歹,6,8182,n,cán jí rén,disabled person,1
残酷,歹,7,5092,a,cán kù,"cruel,cruelty",1
残留,歹,7,8526,vn,cán liú,"to remain; to be left over,residual; remnant,residue",1
残缺,歹,7,21126,v,cán quē,"badly damaged,shattered",1
残忍,歹,7,5247,a,cán rěn,"cruel,mean,merciless,ruthless",1
惭愧,忄,7,11505,a,cán kuì,ashamed,1
惨,忄,7,3563,a,cǎn,"miserable,wretched,cruel,inhuman,disastrous,tragic,dim,gloomy",1
惨白,忄,7,33380,z,cǎn bái,deathly pale,1
惨痛,忄,7,19765,a,cǎn tòng,"bitter,painful,deeply distressed",1
惨重,忄,7,14052,a,cǎn zhòng,disastrous,1
灿烂,火,7,7167,a,càn làn,"to glitter,brilliant,splendid",1
掺,扌,7,9989,v,chān,"variant of 搀,to mix",2
仓促,人,7,15377,a,cāng cù,"all of a sudden,hurriedly",1
仓库,人,6,4658,n,cāng kù,"depot,storehouse,warehouse",1
沧桑,氵,7,21433,n,cāng sāng,"great changes,ups and downs,vicissitudes,abbr. of 沧海桑田",1
苍白,艹,7,8479,a,cāng bái,"pale,wan",1
苍蝇,艹,7,9274,n,cāng ying,housefly,1
舱,舟,7,5838,n,cāng,"cabin,the hold of a ship or airplane",1
藏,艹,5,1544,v,Zàng,"Tibet,abbr. for Xizang or Tibet Autonomous Region 藏",3
藏匿,艹,7,14901,v,cáng nì,"to cover up,to conceal,to go into hiding",1
藏品,艹,7,17462,n,cáng pǐn,"museum piece,collector's item,precious object",1
藏身,艹,7,12426,v,cáng shēn,"to hide,to go into hiding,to take refuge",1
操场,扌,4,11048,n,cāo chǎng,"playground,sports field,drill ground",1
操控,扌,7,1000000,,cāo kòng,"to control,to manipulate",1
操劳,扌,7,25088,v,cāo láo,"to work hard,to look after",1
操练,扌,7,27364,v,cāo liàn,"drill,practice",1
操心,扌,7,9620,v,cāo xīn,to worry about,1
操纵,扌,7,6296,v,cāo zòng,"to operate,to control,to rig,to manipulate",1
操作,扌,5,2640,v,cāo zuò,"to work,to operate,to manipulate",1
嘈杂,口,7,19603,a,cáo zá,"noisy,clamorous",1
槽,木,7,5706,g,cáo,"trough,manger,groove,channel,(Tw) (computing) hard drive",1
草,艹,3,2467,n,cǎo,variant of 草,3
草案,艹,7,12348,n,cǎo àn,"draft (legislation, proposal etc)",1
草地,艹,3,9048,n,cǎo dì,"lawn,meadow,sod,turf",1
草率,艹,7,17191,a,cǎo shuài,"careless,negligent,sloppy,not serious",1
草坪,艹,7,8857,n,cǎo píng,lawn,1
草原,艹,6,8743,n,cǎo yuán,"grassland,prairie",1
册,冂,5,8165,q,cè,"book,booklet,classifier for books",1
侧,亻,6,2493,v,cè,"the side,to incline towards,to lean,inclined,lateral,side",2
侧面,亻,7,8235,f,cè miàn,"lateral side,side,aspect,profile",1
侧重,亻,7,27115,v,cè zhòng,to place particular emphasis on,1
厕所,厂,4,3393,n,cè suǒ,"toilet,lavatory",1
测,氵,5,3003,v,cè,"to survey,to measure,to conjecture",1
测定,氵,7,11704,v,cè dìng,to determine (by measuring or surveying),1
测量,氵,6,5741,vn,cè liáng,"survey,to measure,to gauge,to determine",1
测试,氵,5,1430,vn,cè shì,"to test (machinery etc),to test (a person's skill in a particular area),a test,(computing) beta (version of software)",1
测算,氵,7,19628,v,cè suàn,to take measurements and calculate,1
测验,氵,7,9742,vn,cè yàn,"test,to test",1
策略,⺮,6,3096,n,cè lu:è,"strategy; tactics,crafty; adroit",1
策划,⺮,6,3835,v,cè huà,"to plot,to scheme,to bring about,to engineer,planning,producer,planner",1
层,尸,3,1202,qv,céng,"to pile on top of one another,layer; stratum,floor (of a building); story,(math.) sheaf,classifier for layers",1
层出不穷,尸,7,22670,v,céng chū bù qióng,"more and more emerge,innumerable succession,breeding like flies (idiom)",1
层次,尸,6,6146,n,céng cì,"layer,level,gradation,arrangement of ideas,(a person's) standing",1
层面,尸,6,6992,n,céng miàn,"aspect,facet,level (political, psychological, spiritual etc),(geology) bedding plane",1
曾,曰,5,545,d,Zēng,surname Zeng,3
曾经,曰,5,723,d,céng jīng,"once,already,former,previously,ever,(past tense marker used before verb or clause)",1
蹭,足,7,9534,v,cèng,"to rub against,to walk slowly,(coll.) to freeload",1
叉,又,6,7708,n,chā,"fork,pitchfork,prong,pick,cross,intersect,""X""",3
叉子,又,5,26304,n,chā zi,fork,1
插,扌,5,2875,v,chā,"to insert,stick in,pierce,to take part in,to interfere,to interpose",2
插手,扌,7,11136,v,chā shǒu,"to get involved in,to meddle,interference",1
插图,扌,7,20743,n,chā tú,illustration,1
插嘴,扌,7,21594,v,chā zuǐ,"to interrupt (sb talking),to butt in,to cut into a conversation",1
查,木,3,1010,v,Zhā,surname Zha,3
查出,木,6,5557,v,chá chū,"to find out,to discover",1
查处,木,7,18600,v,chá chǔ,to investigate and handle (a criminal case),1
查获,木,7,26153,v,chá huò,"to track down and seize (a criminal suspect, contraband etc)",1
查看,木,4,3929,v,chá kàn,"to look over,to examine,to check up,to ferret out",1
查明,木,7,7858,v,chá míng,"to investigate and find out,to ascertain",1
查询,木,6,7195,v,chá xún,"to check,to inquire,to consult (a document etc),inquiry,query",1
查找,木,4,9345,v,chá zhǎo,"to search for,to look up",1
茶,艹,1,1910,n,chá,"tea,tea plant",1
茶道,艹,7,47506,n,chá dào,"Japanese tea ceremony,sado",1
茶馆儿,艹,7,1000000,,chá guǎn r,a teashop,1
茶叶,艹,4,11593,n,chá yè,"tea,tea leaves",1
察觉,宀,7,8230,v,chá jué,"to sense,to perceive,to become aware of,to detect",1
察看,宀,7,14308,v,chá kàn,"to watch,to look carefully at",1
岔,山,7,21163,v,chà,"fork in road,bifurcation,branch in road, river, mountain range etc,to branch off,to turn off,to diverge",1
诧异,讠,7,18266,a,chà yì,"flabbergasted,astonished",1
差,工,3,968,a,chā,"difference; discrepancy,(math.) difference (amount remaining after a subtraction)",4
差别,工,5,5380,n,chā bié,difference; distinction; disparity,1
差不多,工,3,2024,l,chà bu duō,"almost,nearly,more or less,about the same,good enough,not bad",1
差错,工,7,11202,n,chā cuò,"mistake; slip-up; fault; error,accident; mishap",1
差点儿,工,4,21664,d,chà diǎn r,"erhua variant of 差点,almost,nearly",1
差额,工,7,25169,n,chā é,"balance (financial),discrepancy (in a sum or quota),difference",1
差距,工,5,6358,n,chā jù,"disparity,gap",1
差一点儿,工,5,52358,d,chà yī diǎn r,"erhua variant of 差一点,almost,nearly",1
差异,工,6,6939,n,chā yì,difference; discrepancy,1
拆,扌,5,3439,v,chāi,"to tear open,to tear down,to tear apart,to open",1
拆除,扌,6,8143,v,chāi chú,"to tear down,to demolish,to dismantle,to remove",1
拆迁,扌,7,16470,v,chāi qiān,to demolish a building and relocate the inhabitants,1
柴油,木,7,13271,n,chái yóu,diesel fuel,1
搀,扌,7,31166,v,chān,"to take by the arm and assist,to mix,to blend,to dilute,to adulterate",1
禅杖,礻,7,59696,,chán zhàng,the staff of a Buddhist monk,1
馋,饣,7,23290,a,chán,"gluttonous,greedy,to have a craving",1
缠,纟,7,5340,v,chán,"to wind around,to wrap round,to coil,tangle,to involve,to bother,to annoy",1
缠绕,纟,7,15126,v,chán rào,"twisting,to twine,to wind,to pester,to bother",1
产,亠,5,2970,v,chǎn,"to give birth,to reproduce,to produce,product,resource,estate,property",1
产地,亠,6,21983,n,chǎn dì,"source (of a product),place of origin,manufacturing location",1
产量,亠,5,11743,n,chǎn liàng,output,1
产品,亠,5,1421,n,chǎn pǐn,"goods,merchandise,product",1
产生,亠,4,1155,v,chǎn shēng,to arise; to come into being; to come about,1
产物,亠,7,9259,n,chǎn wù,"product,result (of)",1
产业,亠,5,4005,n,chǎn yè,"industry,estate,property,industrial",1
产值,亠,7,27135,n,chǎn zhí,"value of output,output value",1
铲,钅,7,9053,v,chǎn,"to level off,to root up",2
铲子,钅,7,26598,n,chǎn zi,"shovel,spade,trowel,spatula (kitchen utensil)",1
阐述,门,7,11936,v,chǎn shù,"to expound (a position),to elaborate (on a topic),to treat (a subject)",1
颤抖,页,7,7961,v,chàn dǒu,"to shudder,to shiver,to shake,to tremble",1
昌盛,日,7,39394,an,chāng shèng,prosperous,1
猖狂,犭,7,23389,a,chāng kuáng,"savage,furious",1
肠,⺼,6,6063,n,cháng,intestines,2
尝,⺌,3,3212,v,cháng,"to taste; to try (food),to experience,(literary) ever; once",3
尝试,⺌,5,2262,v,cháng shì,to try; to attempt,1
偿还,亻,7,7907,v,cháng huán,"to repay,to reimburse",1
常,巾,3,1057,d,Cháng,surname Chang,2
常常,巾,3,2773,d,cháng cháng,"frequently,often",1
常规,巾,6,4838,n,cháng guī,"code of conduct,conventions,common practice,routine (medical procedure etc)",1
常见,巾,3,5164,a,cháng jiàn,"commonly seen,common,to see sth frequently",1
常理,巾,7,17217,n,cháng lǐ,"common sense,conventional reasoning and morals",1
常年,巾,6,18186,d,cháng nián,"all year round,for years on end,average year",1
常人,巾,7,10957,n,cháng rén,ordinary person,1
常识,巾,5,8740,n,cháng shí,"common sense,general knowledge",1
常态,巾,7,21293,n,cháng tài,normal state,1
常温,巾,6,33525,n,cháng wēn,"room temperature,ordinary temperatures",1
常务,巾,6,27826,b,cháng wù,"routine,everyday business,daily operation (of a company)",1
常用,巾,3,9671,a,cháng yòng,in common usage,1
嫦娥,女,7,38717,n,Cháng é,"Chang'e, the lady in the moon (Chinese mythology),one of the Chang'e series of PRC lunar spacecraft",1
厂,厂,4,2329,n,hǎn,"""cliff"" radical in Chinese characters (Kangxi radical 27), occurring in 原, 历, 压 etc",2
厂家,厂,6,12737,n,chǎng jiā,"factory; manufacturer,(coll.) a factory owner; the factory management",1
厂商,厂,6,12339,n,chǎng shāng,"manufacturer,producer",1
厂长,厂,5,34641,n,chǎng zhǎng,factory director,1
场,土,4,286,qv,cháng,"threshing floor,classifier for events and happenings: spell, episode, bout",4
场地,土,6,5466,n,chǎng dì,"space,site,place,sports pitch",1
场馆,土,6,27863,n,chǎng guǎn,"sporting venue,arena",1
场合,土,6,4974,n,chǎng hé,"situation,occasion,context,setting,location,venue",1
场景,土,6,4233,n,chǎng jǐng,scene; scenario; situation; setting,1
场面,土,6,4318,n,chǎng miàn,"scene,spectacle,occasion,situation",1
场所,土,5,4680,n,chǎng suǒ,"location,place",1
畅谈,日,7,24091,v,chàng tán,"to talk freely,to discuss without inhibition",1
畅通,日,6,13949,a,chàng tōng,"unimpeded,free-flowing,straight path,unclogged,move without obstruction",1
畅销,日,6,11087,v,chàng xiāo,"to sell well,bestselling; chart-topping",1
倡导,亻,7,14916,v,chàng dǎo,"to advocate,to initiate,to propose,to be a proponent of (an idea or school of thought)",1
倡议,亻,7,20762,n,chàng yì,"to suggest,to initiate,proposal,initiative",1
唱,口,1,813,v,chàng,"to sing,to call loudly,to chant",1
唱歌,口,1,2876,v,chàng gē,to sing a song,1
唱片,口,7,4152,n,chàng piàn,"gramophone record,LP,music CD,musical album",1
敞开,攵,7,8057,v,chǎng kāi,"to open wide,unrestrictedly",1
抄,扌,6,6726,v,chāo,"to make a copy,to plagiarize,to search and seize,to raid,to grab,to go off with,to take a shortcut",1
抄袭,扌,7,17210,v,chāo xí,"to plagiarize,to copy,to attack the flank or rear of an enemy",1
抄写,扌,4,30463,v,chāo xiě,"to copy,to transcribe",1
钞票,钅,7,8565,n,chāo piào,"paper money,a bill (e.g. 100 yuan)",1
超,走,5,647,v,chāo,"to exceed,to overtake,to surpass,to transcend,to pass,to cross,ultra-,super-",1
超标,走,7,14057,v,chāo biāo,"to cross the limit,to be over the accepted norm,excessive",1
超车,走,7,23188,v,chāo chē,to overtake (another car),1
超出,走,5,5642,v,chāo chū,"to exceed,to overstep,to go too far,to encroach",1
超过,走,4,1048,v,chāo guò,"to surpass,to exceed,to outstrip",1
超级,走,5,1582,b,chāo jí,"super-,ultra-,hyper-",1
超前,走,7,16737,a,chāo qián,"to be ahead of one's time,to surpass or outdo one's predecessors,to be ahead of the pack,to take the lead,advanced",1
超市,走,1,4427,n,chāo shì,supermarket (abbr. for 超级市场),1
超速,走,5,13022,v,chāo sù,"to exceed the speed limit,to speed,high-speed",1
超越,走,6,4202,v,chāo yuè,"to surpass,to exceed,to transcend",1
朝,月,5,1321,p,Cháo,abbr. for 朝鲜 Korea,3
朝代,月,6,33998,n,cháo dài,"dynasty,reign (of a king)",1
朝气蓬勃,月,7,35838,v,zhāo qì péng bó,"full of youthful energy (idiom); vigorous,energetic,a bright spark",1
朝三暮四,月,7,59231,v,zhāo sān mù sì,"lit. say three in the morning but four in the evening (idiom); to change sth that is already settled upon,indecisive",1
朝夕相处,月,7,34005,v,zhāo xī xiāng chǔ,to spend all one's time together (idiom),1
朝着,月,7,6893,p,cháo zhe,towards,1
嘲弄,口,7,22630,v,cháo nòng,"to tease,to poke fun at,to make fun of",1
嘲笑,口,6,6097,v,cháo xiào,"to jeer at,to deride,to ridicule,mockery,derision",1
潮,氵,7,5342,n,cháo,"tide,damp; moist; humid,fashionable; trendy,(coll.) inferior; substandard",1
潮流,氵,6,6515,n,cháo liú,"tide,current,trend",1
潮湿,氵,6,11797,a,cháo shī,"damp,moist",1
吵,口,5,2738,v,chǎo,"to quarrel,to make a noise,noisy,to disturb by making a noise",1
吵架,口,6,4413,v,chǎo jià,"to quarrel,to have a row,quarrel",1
吵嘴,口,7,45100,v,chǎo zuǐ,to quarrel,1
炒,火,5,2197,v,chǎo,"to sauté,to stir-fry,to speculate,to hype,to fire (sb)",1
炒股,火,6,26869,v,chǎo gǔ,(coll.) to speculate in stocks,1
炒作,火,7,13479,v,chǎo zuò,"to hype,to promote (in the media)",1
车,车,1,186,n,Chē,surname Che,3
车道,车,7,9479,n,chē dào,"traffic lane,driveway",1
车号,车,6,34947,n,chē hào,"vehicle number (license plate number, taxi number, bus number, train car number)",1
车祸,车,5,4500,n,chē huò,"traffic accident,car crash",1
车间,车,7,9037,n,chē jiān,workshop,1
车库,车,5,8202,n,chē kù,garage,1
车辆,车,5,2947,n,chē liàng,vehicle,1
车轮,车,7,11785,n,chē lún,wheel,1
车牌,车,6,7516,n,chē pái,license plate,1
车票,车,1,7701,n,chē piào,ticket (for a bus or train),1
车上,车,1,1997,s,chē shàng,Car,1
车速,车,4,16715,n,chē sù,vehicle speed,1
车位,车,4,12501,n,chē wèi,"parking spot,unloading point,garage place,stand for taxi",1
车厢,车,5,7116,n,chē xiāng,carriage,1
车型,车,7,10111,n,chē xíng,vehicle model (i.e. particular version of a car or motorcycle etc),1
车展,车,6,5983,,chē zhǎn,motor show,1
车站,车,2,4480,n,chē zhàn,"rail station,bus stop",1
车轴,车,7,39936,n,chē zhóu,axle,1
车主,车,5,8285,n,chē zhǔ,vehicle owner,1
扯,扌,7,3440,v,chě,"to pull,to tear,(of cloth, thread etc) to buy,to chat,to gossip,(coll.) (Tw) ridiculous,hokey",2
彻底,彳,5,1659,ad,chè dǐ,"thorough,thoroughly,complete",1
彻夜,彳,7,18457,d,chè yè,the whole night,1
撤,扌,7,5225,v,chè,to remove; to take away,1
撤换,扌,7,31152,v,chè huàn,"to dismiss and replace (sb),to replace (sb or sth)",1
撤离,扌,7,6671,v,chè lí,"to withdraw from,to evacuate",1
撤退,扌,7,8153,v,chè tuì,to retreat,1
撤销,扌,6,6251,v,chè xiāo,"to repeal,to revoke,(computing) to undo",1
沉,氵,5,4077,v,chén,"to submerge,to immerse,to sink,to keep down,to lower,to drop,deep,profound,heavy",1
沉甸甸,氵,7,37849,z,chén diàn diàn,heavy,1
沉淀,氵,7,20934,v,chén diàn,"to settle; to precipitate,sedimentation",1
沉浸,氵,7,9604,v,chén jìn,"to soak,to permeate,to immerse",1
沉闷,氵,7,14168,a,chén mèn,"oppressive (of weather),heavy,depressed,not happy,(of sound) dull,muffled",1
沉迷,氵,7,10833,v,chén mí,"to be engrossed,to be absorbed with,to lose oneself in,to be addicted to",1
沉默,氵,5,3369,an,chén mò,"taciturn,uncommunicative,silent",1
沉思,氵,7,12703,v,chén sī,"to contemplate,to ponder,contemplation,meditation",1
沉稳,氵,7,21483,a,chén wěn,"steady,calm,unflustered",1
沉着,氵,7,14088,a,chén zhuó,"steady,calm and collected,not nervous",1
沉重,氵,6,5595,a,chén zhòng,"heavy,hard,serious,critical",1
陈旧,阝,7,14439,a,chén jiù,old-fashioned,1
陈列,阝,7,18588,v,chén liè,to display; to exhibit,1
陈述,阝,7,5955,v,chén shù,"an assertion,to declare,to state",1
衬衫,衤,3,4988,n,chèn shān,"shirt,blouse",1
衬托,衤,7,18202,v,chèn tuō,to set off,1
衬衣,衤,3,10289,n,chèn yī,shirt,1
趁,走,6,4043,p,chèn,"to avail oneself of,to take advantage of",2
趁机,走,7,12640,d,chèn jī,"to seize an opportunity,to take advantage of situation",1
趁早,走,7,23121,d,chèn zǎo,"as soon as possible,at the first opportunity,the sooner the better,before it's too late",1
趁着,走,7,11732,p,chènzhe,while,1
称,禾,5,1100,v,chèn,"to fit,balanced,suitable",3
称号,禾,6,7705,n,chēng hào,"name,term of address,title",1
称呼,禾,6,6082,v,chēng hu,"to call; to address as,form of address; appellation",1
称为,禾,5,2946,v,chēng wéi,"to be called; to be known as; to call it ""...""",1
称心如意,禾,7,37311,v,chèn xīn rú yì,(idiom) after one's own heart; gratifying; satisfactory; everything one could wish,1
称赞,禾,5,8495,v,chēng zàn,"to praise,to acclaim,to commend,to compliment",1
称作,禾,6,8940,v,chēng zuò,to be called; to be known as,1
撑,扌,6,3301,v,chēng,"to support,to prop up,to push or move with a pole,to maintain,to open or unfurl,to fill to bursting point,brace,stay",1
成,戈,6,227,v,Chéng,surname Cheng,2
成本,戈,5,4698,n,chéng běn,"(manufacturing, production etc) costs",1
成才,戈,7,27672,v,chéng cái,"to make sth of oneself,to become a person who is worthy of respect",1
成分,戈,5,4143,n,chéng fèn,"composition; ingredient; element; component,one's social status",1
成功,戈,4,476,a,Chéng gōng,"Chenggong or Chengkung town in Taitung County 台东县, southeast Taiwan",2
成果,戈,5,3448,n,chéng guǒ,"result,achievement,gain,profit",1
成绩,戈,3,1888,n,chéng jì,"achievement,performance records,grades",1
成家,戈,7,18911,v,chéng jiā,"to settle down and get married (of a man),to become a recognized expert",1
成交,戈,6,2831,v,chéng jiāo,"to complete a contract,to reach a deal",1
成就,戈,5,3075,n,chéng jiù,"accomplishment,success,achievement,to achieve (a result),to create,to bring about",1
成立,戈,5,2498,v,chéng lì,"to establish,to set up,to be tenable,to hold water",1
成年,戈,5,8809,vn,chéng nián,"to grow to adulthood,fully grown; adult,the whole year",1
成品,戈,7,13463,n,chéng pǐn,"finished goods,a finished product",1
成千上万,戈,6,9841,v,chéng qiān shàng wàn,"lit. by the thousands and tens of thousands (idiom); untold numbers,innumerable,thousands upon thousands",1
成群结队,戈,7,32277,l,chéng qún jié duì,"making up a group, forming a troupe (idiom); in large numbers,as a large crowd",1
成人,戈,5,4923,n,chéng rén,adult,1
成熟,戈,5,1955,a,chéng shú,"mature; ripe,to mature; to ripen,Taiwan pr. [chéng shóu]",1
成天,戈,7,11910,d,chéng tiān,"(coll.) all day long,all the time",1
成为,戈,4,267,v,chéng wéi,to become; to turn into,1
成问题,戈,7,21838,v,chéng wèn tí,"to be a problem,problematic,questionable",1
成效,戈,6,9971,n,chéng xiào,"effect,result",1
成心,戈,7,35628,d,chéng xīn,"intentional,deliberate,on purpose",1
成型,戈,7,16863,v,chéng xíng,"to become shaped,to become formed",1
成语,戈,6,24609,n,chéng yǔ,"Chinese set expression, typically of 4 characters, often alluding to a story or historical quotation,idiom,proverb",1
成员,戈,5,1425,n,chéng yuán,member,1
成长,戈,5,2157,v,chéng zhǎng,"to mature,to grow,growth",1
呈现,口,6,3891,v,chéng xiàn,"to appear,to emerge,to present (a certain appearance),to demonstrate",1
承办,手,6,8961,v,chéng bàn,"to undertake,to accept a contract",1
承包,手,7,15426,v,chéng bāo,"to contract,to undertake (a job)",1
承担,手,5,2363,v,chéng dān,"to undertake,to assume (responsibility etc)",1
承诺,手,6,1985,v,chéng nuò,"to promise,to undertake to do something,commitment",1
承认,手,5,1327,v,chéng rèn,"to admit,to concede,to recognize,recognition (diplomatic, artistic etc),to acknowledge",1
承受,手,5,2759,v,chéng shòu,"to bear,to support,to inherit",1
承载,手,7,15054,v,chéng zài,"to bear the weight,to sustain",1
诚恳,讠,7,12015,a,chéng kěn,"sincere,honest,cordial",1
诚实,讠,4,5528,a,chéng shí,honest,1
诚心诚意,讠,7,35928,l,chéng xīn chéng yì,earnestly and sincerely (idiom); with all sincerity,1
诚信,讠,6,13265,a,chéng xìn,"genuine,honest,in good faith,honesty,integrity",1
诚意,讠,7,10064,n,chéng yì,sincerity; good faith,1
诚挚,讠,7,15382,a,chéng zhì,"sincere,cordial",1
城,土,4,892,n,chéng,"city walls,city,town",1
城堡,土,6,7132,n,chéng bǎo,"castle,rook (chess piece)",1
城里,土,5,5758,s,chénglǐ,In the city,1
城墙,土,7,11366,n,chéng qiáng,city wall,1
城区,土,5,12302,n,chéng qū,"city district,urban area",1
城市,土,3,593,n,chéng shì,city; town,1
城乡,土,6,28758,n,chéng xiāng,city and countryside,1
城镇,土,6,4497,n,chéng zhèn,"town,cities and towns",1
乘,丿,4,2982,v,Chéng,surname Cheng,4
乘车,丿,5,11520,v,chéng chē,"to ride (in a car or carriage),to drive,to motor",1
乘客,丿,4,3284,n,chéng kè,passenger,1
乘人之危,丿,7,71252,v,chéng rén zhī wēi,to take advantage of sb's precarious position,1
乘务员,丿,5,18480,n,chéng wù yuán,"attendant on an airplane, train, boat etc",1
乘坐,丿,4,5499,v,chéng zuò,to ride (in a vehicle),1
惩处,心,7,27875,v,chéng chǔ,"to punish,to administer justice",1
惩罚,心,6,4353,v,chéng fá,"penalty,punishment,to punish",1
程度,禾,5,1455,n,chéng dù,degree; level; extent,1
程序,禾,5,1747,n,chéng xù,"procedures,sequence,order,computer program",1
澄清,氵,7,8124,v,chéng qīng,"clear (of liquid),limpid,to clarify,to make sth clear,to be clear (about the facts)",2
橙,木,6,11208,g,chéng,"orange tree,orange (color)",1
橙汁,木,7,16540,n,chéng zhī,orange juice,1
逞能,辶,7,41929,v,chěng néng,"to show off one's ability,to boast one's merits",1
逞强,辶,7,21363,v,chěng qiáng,"to show off,to try to be brave",1
秤,禾,7,11539,n,chēng,"variant of 称, to weigh",2
吃,口,1,142,v,chī,"to eat; to consume,to eat at (a cafeteria etc),to eradicate; to destroy,to absorb,to suffer (shock, injury, defeat etc)",2
吃不上,口,7,1000000,,chī bu shàng,"unable to get anything to eat,to miss a meal",1
吃饭,口,1,1415,v,chī fàn,"to have a meal,to eat,to make a living",1
吃喝玩乐,口,7,29716,v,chī hē wán lè,"to eat, drink and be merry (idiom),to abandon oneself to a life of pleasure",1
吃惊,口,4,4518,a,chī jīng,"to be startled,to be shocked,to be amazed",1
吃苦,口,7,22843,v,chī kǔ,to bear hardships,1
吃亏,口,7,14289,a,chī kuī,"to suffer losses,to come to grief,to lose out,to get the worst of it,to be at a disadvantage,unfortunately",1
吃力,口,7,16781,a,chī lì,"to entail strenuous effort,to toil at a task,strenuous,laborious,strain",1
痴呆,疒,7,11973,z,chī dāi,"imbecility,dementia",2
痴迷,疒,7,12223,v,chī mí,"infatuated,obsessed",1
痴心,疒,7,32193,n,chī xīn,infatuation,1
池塘,氵,7,13296,n,chí táng,"pool,pond",1
池子,氵,5,23725,n,chí zi,"pond,bathhouse pool,dance floor of a ballroom,(old) stalls (front rows in a theater)",1
驰名,马,7,32609,vn,chí míng,famous,1
迟,辶,4,4008,a,Chí,surname Chi,2
迟迟,辶,7,17783,d,chí chí,"late (with a task etc),slow",1
迟到,辶,3,3667,v,chí dào,to arrive late,1
迟缓,辶,7,18935,a,chí huǎn,"slow,sluggish",1
迟疑,辶,7,15094,a,chí yí,to hesitate,1
迟早,辶,7,6843,d,chí zǎo,sooner or later,1
持,扌,7,3485,v,chí,"to hold,to grasp,to support,to maintain,to persevere,to manage,to run (i.e. administer),to control",1
持久,扌,6,8935,a,chí jiǔ,"lasting,enduring,persistent,permanent,protracted,endurance,persistence,to last long",1
持续,扌,5,1749,v,chí xù,"to continue,to persist,to last,sustainable,preservation",1
持有,扌,6,4039,v,chí yǒu,"to hold (passport, views etc)",1
持之以恒,扌,7,29365,v,chí zhī yǐ héng,to pursue unremittingly (idiom); to persevere,1
尺,尸,6,4305,q,chě,"one of the characters used to represent a musical note in gongche notation, 工尺谱",2
尺寸,尸,6,5892,n,chǐ cun,"size; dimensions; measurements (esp. of clothes),(coll.) propriety",1
尺度,尸,7,14903,n,chǐ dù,"scale,yardstick",1
尺子,尸,5,36385,n,chǐ zi,ruler (measuring instrument),1
耻辱,耳,7,10183,n,chǐ rǔ,"disgrace,shame,humiliation",1
耻笑,耳,7,36480,v,chǐ xiào,"to sneer at sb,to ridicule",1
赤道,赤,7,26607,n,chì dào,"equator (of the earth or a celestial body),celestial equator",1
赤字,赤,7,16781,n,chì zì,"(financial) deficit,red letter",1
翅膀,羽,5,6681,n,chì bǎng,wing,1
充,儿,7,6849,v,chōng,"sufficient; full,to fill,to serve as; to act as,to act falsely as; to pose as",1
充当,儿,7,10267,v,chōng dāng,"to serve as,to act as,to play the role of",1
充电,儿,5,8349,v,chōng diàn,"to recharge (a battery),(fig.) to recharge one's batteries (through leisure),to update one's skills and knowledge",1
充电器,儿,4,16655,n,chōng diàn qì,battery charger,1
充分,儿,5,2392,a,chōng fèn,"ample,sufficient,adequate,full,fully,to the full",1
充满,儿,5,1405,v,chōng mǎn,"full of,brimming with,very full,permeated",1
充沛,儿,7,17447,a,chōng pèi,"abundant,plentiful,vigorous",1
充实,儿,6,7964,v,chōng shí,"rich,full,substantial,to enrich,to augment,to substantiate (an argument)",1
充足,儿,5,6559,a,chōng zú,"adequate,sufficient,abundant",1
冲,冫,5,1312,v,chōng,"(of water) to dash against,to mix with water,to infuse,to rinse,to flush,to develop (a film),to rise in the air",3
冲刺,冫,7,12963,v,chōng cì,"(sports) to sprint; to spurt; to dash,to put in a big effort to achieve a goal as the deadline approaches",1
冲动,冫,6,3849,an,chōng dòng,"to have an urge,to be impetuous,impulse,urge",1
冲击,冫,6,5782,vn,chōng jī,variant of 冲击,2
冲浪,冫,7,14433,v,chōng làng,"to surf,surfing",1
冲突,冫,6,3227,vn,chōng tū,"conflict,to conflict,clash of opposing forces,collision (of interests),contention",1
冲洗,冫,7,11384,v,chōng xǐ,"to rinse,to wash,to develop (photographic film)",1
冲撞,冫,7,19174,v,chōng zhuàng,"to collide,jerking motion,to impinge,to offend,to provoke",1
虫子,虫,5,9773,n,chóng zi,"insect,bug,worm",1
崇拜,山,6,5376,v,chóng bài,"to worship,adoration",1
崇高,山,7,9754,a,chóng gāo,"majestic,sublime",1
崇敬,山,7,21423,v,chóng jìng,"to revere,to venerate,high esteem",1
崇尚,山,7,14607,v,chóng shàng,"to hold up (as an model),to hold in esteem,to revere,to advocate",1
宠,宀,7,8378,v,chǒng,"to love,to pamper,to spoil,to favor",1
宠爱,宀,7,13556,v,chǒng ài,to dote on sb,1
宠物,宀,5,4648,n,chǒng wù,house pet,1
抽,扌,5,1603,v,chōu,"to draw out,to pull out from in between,to remove part of the whole,(of certain plants) to sprout or bud",1
抽奖,扌,6,11863,v,chōu jiǎng,"to draw a prize,a lottery,a raffle",1
抽空,扌,6,13748,v,chōu kòng,to find the time to do sth,1
抽签,扌,7,11841,v,chōu qiān,"to perform divination with sticks,to draw lots,a ballot (in share dealing)",1
抽屉,扌,7,9913,n,chōu ti,drawer,1
抽象,扌,6,12568,a,chōu xiàng,"abstract,abstraction",1
抽烟,扌,4,5335,v,chōu yān,"to smoke (a cigarette, tobacco)",1
仇,亻,7,7742,n,Qiú,surname Qiu,5
仇恨,亻,7,7685,n,chóu hèn,"to hate,hatred,enmity,hostility",1
仇人,亻,7,17149,n,chóu rén,"foe,one's personal enemy",1
愁,心,6,5798,v,chóu,to worry about,1
愁眉苦脸,心,7,34813,,chóu méi kǔ liǎn,"to look anxious (idiom),to look miserable",1
稠,禾,7,20182,a,chóu,"dense,crowded,thick,many",1
稠密,禾,7,36571,a,chóu mì,dense,1
筹,⺮,7,5061,v,chóu,"chip (in gambling); token (for counting); ticket,to prepare; to plan; to raise (funds),resource; way; means",1
筹办,⺮,7,20530,v,chóu bàn,to arrange; to make preparations,1
筹备,⺮,6,8302,v,chóu bèi,"preparations,to get ready for sth",1
筹措,⺮,7,25118,v,chóu cuò,to raise (money),1
筹划,⺮,7,13361,v,chóu huà,to plan and prepare,1
筹集,⺮,7,9390,v,chóu jí,to collect money; to raise funds,1
筹码,⺮,7,6228,n,chóu mǎ,bargaining chip; gaming chip; casino token,1
踌躇,足,6,28755,v,chóu chú,to hesitate,1
丑,一,5,3841,a,Chǒu,surname Chou,3
丑恶,一,7,15629,a,chǒu è,"ugly,repulsive",1
丑陋,一,7,10266,a,chǒu lòu,ugly,1
丑闻,一,7,8065,n,chǒu wén,scandal,1
瞅,目,7,14967,v,chǒu,(dialect) to look at,2
臭,自,5,2909,a,chòu,"stench,smelly,to smell (bad),repulsive,loathsome,terrible,bad,severely,ruthlessly,dud (ammunition)",2
出,凵,2,85,v,chū,"to go out,to come out,to occur,to produce,to go beyond,to rise,to put forth,to happen",2
出版,凵,5,2994,v,chū bǎn,to publish,1
出版社,凵,7,7844,n,chū bǎn shè,publishing house,1
出差,凵,4,7087,v,chū chāi,to go on an official or business trip,1
出厂,凵,7,19911,v,chū chǎng,to leave the factory (of finished goods),1
出场,凵,6,4428,v,chū chǎng,"(of a performer) to come onto the stage to perform,(of an athlete) to enter the arena to compete",1
出丑,凵,7,25263,v,chū chǒu,"shameful,scandalous,to be humiliated,to make a fool of sb or oneself,to make sb lose face",1
出道,凵,7,23584,v,chū dào,"to start one's career,(of an entertainer) to make one's debut",1
出动,凵,7,7080,v,chū dòng,"to start out on a trip,to dispatch troops",1
出发,凵,3,1714,v,chū fā,"to set off,to start (on a journey)",1
出发点,凵,7,16115,n,chū fā diǎn,"starting point,(fig.) basis,motive",1
出访,凵,7,29179,v,chū fǎng,to go and visit in an official capacity or for investigation,1
出风头,凵,7,27500,v,chū fēng tou,"to push oneself forward,to seek fame,to be in the limelight,same as 出锋头",1
出国,凵,2,6997,v,chū guó,to go abroad; to leave the country,1
出汗,凵,5,15744,,chū hàn,"to perspire,to sweat",1
出境,凵,6,10519,v,chū jìng,"to leave a country or region,outbound (tourism)",1
出局,凵,7,6160,v,chū jú,(of a batter) to be put out (in baseball); to be dismissed (in cricket),1
出具,凵,7,21185,v,chū jù,"to issue (document, certificate etc),to provide",1
出口,凵,4,1693,v,chū kǒu,"an exit,to speak,to export,(of a ship) to leave port",1
出口成章,凵,7,84607,,chū kǒu chéng zhāng,"(idiom) (of one's speech) eloquent,articulate",1
出来,凵,2,254,v,chū lái,"to come out,to appear,to arise",2
出路,凵,7,6833,n,chū lù,"a way out (lit. and fig.),opportunity for advancement,a way forward,outlet (for one's products)",1
出卖,凵,7,6550,v,chū mài,"to offer for sale; to sell,to sell out; to betray",1
出毛病,凵,7,31186,v,chū máo bìng,"a problem appears,to break down",1
出门,凵,2,2997,v,chū mén,"to go out,to leave home,to go on a journey,away from home,(of a woman) to get married",1
出面,凵,7,9572,v,chū miàn,"to appear personally,to step in,to step forth,to show up",1
出名,凵,6,6706,a,chū míng,"well-known for sth,to become well known,to make one's mark,to lend one's name (to an event, endeavor etc)",1
出难题,凵,7,32878,v,chū nán tí,to raise a tough question,1
出去,凵,2,784,v,chū qù,to go out,1
出人意料,凵,7,12127,v,chū rén yì liào,"unexpected (idiom),surprising",1
出任,凵,7,23581,v,chū rèn,to take up a post; to start in a new job,1
出入,凵,6,8296,v,chū rù,"to go out and come in,entrance and exit,expenditure and income,discrepancy,inconsistent",1
出色,凵,5,2028,a,chū sè,remarkable; outstanding,1
出山,凵,7,30185,v,chū shān,"to leave the mountain (of a hermit),to come out of obscurity to a government job,to take a leading position",1
出身,凵,7,7256,v,chū shēn,"to be born of,to come from,family background,class origin",1
出神,凵,7,33360,v,chū shén,"spellbound,entranced,lost in thought",1
出生,凵,3,2112,v,chū shēng,to be born,1
出示,凵,6,7905,v,chū shì,"to show,to take out and show to others,to display",1
出事,凵,6,4871,v,chū shì,"to have an accident,to meet with a mishap",1
出手,凵,7,5381,v,chū shǒu,"to dispose of,to spend (money),to undertake a task",1
出售,凵,5,3758,v,chū shòu,"to sell,to offer for sale,to put on the market",1
出台,凵,7,14622,v,chū tái,"to officially launch (a policy, program etc),to appear on stage,to appear publicly",1
出头,凵,7,11064,v,chū tóu,"to get out of a predicament,to stick out,to take the initiative,remaining odd fraction after a division",1
出土,凵,7,28546,v,chū tǔ,"to dig up,to appear in an excavation,unearthed,to come up out of the ground",1
出席,凵,5,2535,v,chū xí,"to attend,to participate,present",1
出息,凵,7,21358,n,chū xī,"to yield interest, profit etc,to exhale (Buddhism)",2
出现,凵,4,323,v,chū xiàn,"to appear,to arise,to emerge,to show up",1
出行,凵,4,8859,v,chū xíng,"to go out somewhere (relatively short trip),to set off on a journey (longer trip)",1
出血,凵,7,5314,v,chū xuè,"to bleed; bleeding,(fig.) to spend money in large amounts",1
出演,凵,7,9454,v,chū yǎn,"to appear (in a show etc),an appearance (on stage etc)",1
出洋相,凵,7,50871,v,chū yáng xiàng,to make a fool of oneself,1
出游,凵,6,14143,v,chū yóu,"to go on a tour,to have an outing",1
出于,凵,6,3703,v,chū yú,"due to,to stem from",1
出院,凵,3,7409,v,chū yuàn,"to leave hospital,to be discharged from hospital",1
出众,凵,7,9595,a,chū zhòng,"to stand out,outstanding",1
出主意,凵,7,29537,,chū zhǔ yi,"to come up with ideas,to make suggestions,to offer advice",1
出资,凵,7,14377,v,chū zī,"to fund,to put money into sth,to invest",1
出自,凵,5,6845,v,chū zì,to come from,1
出走,凵,7,11691,v,chū zǒu,"to leave home,to go off,to run away",1
出租,凵,4,5547,v,chū zū,to rent,1
出租车,凵,1,2677,n,chū zū chē,"taxi,(Tw) rental car",1
初,刀,5,1869,f,chū,"at first,(at the) beginning,first,junior,basic",1
初步,刀,6,4719,d,chū bù,"initial,preliminary,tentative",1
初次,刀,7,10185,d,chū cì,"for the first time,first (meeting, attempt etc)",1
初等,刀,6,50440,b,chū děng,elementary (i.e. easy),1
初级,刀,5,10185,b,chū jí,"junior,primary",1
初期,刀,5,8971,f,chū qī,"initial stage,beginning period",1
初一,刀,3,20062,n,chū yī,"first day of lunar month,New Year's Day,first year in junior middle school",1
初中,刀,3,7208,n,chū zhōng,junior high school (abbr. for 初级中学),1
初衷,刀,7,12228,n,chū zhōng,original intention,1
除,阝,6,2398,p,chú,"to get rid of,to remove,to exclude,to eliminate,to wipe out,to divide,except,not including",1
除此之外,阝,7,6961,l,chú cǐ zhī wài,"apart from this,in addition to this",1
除非,阝,6,3271,c,chú fēi,"only if (..., or otherwise, ...),only when,only in the case that,unless",1
除了,阝,3,638,p,chú le,"besides,apart from (... also...),in addition to,except (for)",1
除去,阝,7,9054,v,chú qù,"to eliminate,to remove,except for,apart from",1
除外,阝,7,11088,v,chú wài,"to exclude,not including sth (when counting or listing),except for",1
除夕,阝,5,13074,t,Chú xī,lunar New Year's Eve,1
厨房,厂,4,3076,n,chú fáng,kitchen,1
厨师,厂,4,7821,n,chú shī,"cook,chef",1
储备,亻,7,6821,vn,chǔ bèi,"reserves,to store up",1
储存,亻,6,8658,v,chǔ cún,"stockpile,to store,to stockpile,storage",1
储蓄,亻,6,8678,vn,chǔ xù,"to deposit money,to save,savings",1
处,夂,5,505,n,chǔ,"to reside,to live,to dwell,to be in,to be situated at,to stay,to get along with,to be in a position of,to deal with",2
处处,夂,6,7980,d,chù chù,"everywhere,in all respects",1
处罚,夂,6,5634,vn,chǔ fá,"to penalize,to punish",1
处方,夂,7,7368,n,chǔ fāng,"medical prescription,to write out a prescription,(fig.) recommendation,advice",1
处分,夂,7,13191,n,chǔ fèn,"to discipline sb,to punish,disciplinary action,to deal with (a matter)",1
处境,夂,7,6773,n,chǔ jìng,situation (of a person),1
处理,夂,5,525,v,chǔ lǐ,"to handle; to deal with,to punish,to treat sth by a special process; to process,to sell at reduced prices",1
处于,夂,5,1772,v,chǔ yú,"to be in (some state, position, or condition)",1
处在,夂,5,4708,v,chǔ zài,"to be situated at,to find oneself at",1
处长,夂,6,16474,n,chù zhǎng,"department head,section chief",1
处置,夂,7,5848,v,chǔ zhì,"to handle,to take care of,to punish",1
畜牧,田,7,34533,n,xù mù,to raise animals,1
触动,角,7,10164,v,chù dòng,"to touch,to stir up (trouble or emotions),to move (sb's emotions or worry)",1
触犯,角,7,13633,v,chù fàn,"to violate,to offend",1
触觉,角,7,27054,n,chù jué,sense of touch; tactile sensation,1
触摸,角,7,8717,v,chù mō,to touch,1
触目惊心,角,7,27190,v,chù mù jīng xīn,"lit. shocks the eye, astonishes the heart (idiom); shocking,horrible to see,a ghastly sight",1
揣,扌,7,15013,v,chuāi,"to put into (one's pockets, clothes),Taiwan pr. [chuǎi]",2
揣测,扌,7,24740,v,chuǎi cè,"to guess,to conjecture",1
揣摩,扌,7,27678,v,chuǎi mó,"to analyze,to try to figure out,to try to fathom",1
踹,足,7,10891,v,chuài,"to kick,to trample,to tread on",1
川流不息,川,7,43668,v,chuān liú bù xī,the stream flows without stopping (idiom); unending flow,1
穿,穴,1,430,v,chuān,"to wear,to put on,to dress,to bore through,to pierce,to perforate,to penetrate,to pass through,to thread",1
穿过,穴,6,4489,v,chuān guò,to pass through,1
穿上,穴,4,5899,,chuān shang,to put on (clothes etc),1
穿小鞋,穴,7,71586,v,chuān xiǎo xié,"lit. to make sb wear tight shoes (idiom),to make life difficult for sb",1
穿越,穴,7,4227,v,chuān yuè,"to pass through,to traverse,to cross",1
穿着,穴,7,3024,n,chuān zhuó,attire; clothes; dress,1
传,亻,5,1294,v,chuán,"to pass on,to spread,to transmit,to infect,to transfer,to circulate,to conduct (electricity)",2
传播,亻,5,3790,v,chuán bō,to disseminate; to propagate; to spread,1
传承,亻,6,15271,v,chuán chéng,"to pass on (to future generations),passed on (from former times),a continued tradition,an inheritance",1
传出,亻,6,6130,v,chuán chū,"to transmit outwards,to disseminate,efferent (nerve)",1
传达,亻,6,6241,v,chuán dá,"to pass on,to convey,to relay,to transmit,transmission",1
传单,亻,7,14446,n,chuán dān,leaflet; flier; pamphlet,1
传递,亻,5,4948,v,chuán dì,"to transmit; to pass on to sb else,(math.) transitive",1
传记,亻,7,16580,n,zhuàn jì,biography,1
传来,亻,3,5133,v,chuán lái,"(of a sound) to come through,to be heard,(of news) to arrive",1
传媒,亻,7,9012,n,chuán méi,media,1
传奇,亻,7,3877,n,chuán qí,"legendary,fantasy saga,romance,short stories of the Tang and Song Dynasty",1
传染,亻,6,7193,v,chuán rǎn,"to infect,contagious",1
传染病,亻,6,10002,n,chuán rǎn bìng,"infectious disease,contagious disease,pestilence",1
传人,亻,7,24176,n,chuán rén,"to teach,to impart,a disciple,descendant",1
传授,亻,6,11883,v,chuán shòu,to impart; to pass on; to teach,1
传输,亻,6,6466,vn,chuán shū,"to transmit,transmission",1
传说,亻,5,3138,n,chuán shuō,"legend; folk tale,to repeat from mouth to mouth; they say that...",1
传统,亻,5,1363,n,chuán tǒng,"tradition,traditional,convention,conventional",1
传闻,亻,7,7065,n,chuán wén,rumor,1
传言,亻,7,7061,n,chuán yán,"rumor,hearsay",1
传真,亻,6,6784,n,chuán zhēn,"fax,facsimile",1
船,舟,3,1346,n,chuán,variant of 船,2
船舶,舟,7,25827,n,chuán bó,"shipping,boats",1
船桨,舟,7,61827,n,chuán jiǎng,oar,1
船员,舟,6,8424,n,chuán yuán,"sailor,crew member",1
船长,舟,6,7452,n,chuán zhǎng,"captain (of a boat),skipper",1
船只,舟,6,10437,n,chuán zhī,"ship,boat,vessel",1
喘,口,7,6446,v,chuǎn,"to gasp,to pant,asthma",1
喘气,口,6,17357,v,chuǎn qì,"to breathe deeply; to pant; to gasp,to take a breather; to catch one's breath",1
喘息,口,7,16397,v,chuǎn xī,"to gasp for breath,to take a breather",1
串,丨,6,5008,q,chuàn,"to string together,to skewer,to connect wrongly,to gang up,to rove,string,bunch,skewer",1
串门,丨,7,27035,v,chuàn mén,"to call on sb,to drop in,to visit sb's home",1
窗户,穴,4,4130,n,chuāng hu,window,1
窗口,穴,6,5160,s,chuāng kǒu,"window,opening providing restricted access (e.g. customer service window),computer operating system window,fig. medium",1
窗帘,穴,7,9289,n,chuāng lián,window curtains,1
窗台,穴,5,19155,n,chuāng tái,"window sill,window ledge",1
窗子,穴,4,13267,n,chuāng zi,window,1
床,广,2,961,n,chuáng,"bed,couch,classifier for beds",2
床单,广,5,10967,n,chuáng dān,bed sheet,1
床位,广,7,17311,n,chuáng wèi,"bed (in hospital, hotel, train etc),berth,bunk",1
幢,巾,7,5366,q,chuáng,banner,2
闯,门,6,4698,v,chuǎng,"to rush,to charge,to dash,to break through,to temper oneself (through battling hardships)",1
创,刂,7,3252,g,chuàng,variant of 创,4
创办,刂,6,10196,v,chuàng bàn,"to establish,to found,to launch",1
创建,刂,6,6904,v,chuàng jiàn,"to found,to establish",1
创立,刂,6,10611,v,chuàng lì,"to establish,to set up,to found",1
创伤,刂,7,6774,n,chuāng shāng,"wound,injury,trauma",1
创始人,刂,7,10526,n,chuàng shǐ rén,"creator,founder,initiator",1
创新,刂,5,4749,v,chuàng xīn,"to bring forth new ideas; to blaze new trails,innovation",1
创业,刂,5,10754,v,chuàng yè,"to begin an undertaking,to start a major task,to initiate,to venture,venture,entrepreneurship",1
创意,刂,6,3214,n,chuàng yì,"creative,creativity",1
创造,刂,5,1476,v,chuàng zào,"to create,to bring about,to produce,to set (a record)",1
创作,刂,5,3475,v,chuàng zuò,"to create,to produce,to write,creative work,creation",1
吹,口,4,1880,v,chuī,"to blow,to play a wind instrument,to blast,to puff,to boast,to brag,to end in failure,to fall through",1
吹了,口,7,1000000,,chuī le,"failed; busted; to have not succeeded,to have died,to have parted company; to have chilled (of a relationship)",1
吹牛,口,7,13710,v,chuī niú,"to talk big,to shoot off one's mouth,to chat (dialect)",1
吹捧,口,7,25897,v,chuī pěng,"to flatter,to laud sb's accomplishments,adulation",1
垂,土,7,7815,v,chuí,"to hang (down),droop,dangle,bend down,hand down,bequeath,nearly,almost,to approach",1
垂头丧气,土,7,34963,,chuí tóu sàng qì,"hanging one's head dispiritedly (idiom); dejected,crestfallen",1
垂直,土,6,10512,v,chuí zhí,perpendicular; vertical,1
捶,扌,7,16170,v,chuí,to beat (with a stick or one's fist); to thump; to pound,2
锤,钅,7,10183,g,chuí,"hammer,to hammer into shape,weight (e.g. of a steelyard or balance),to strike with a hammer",2
锤子,钅,7,15750,n,chuí zi,hammer,1
春,日,3,4065,tg,chūn,old variant of 春,3
春季,日,4,9468,t,chūn jì,springtime,1
春节,日,2,22596,t,Chūn jié,Spring Festival (Chinese New Year),1
春天,日,3,4411,t,chūn tiān,spring (season),1
纯,纟,6,3292,a,chún,"pure,simple,unmixed,genuine",1
纯粹,纟,7,5335,d,chún cuì,"pure,unadulterated,purely,completely",1
纯洁,纟,7,7498,a,chún jié,"pure,clean and honest,to purify",1
纯净水,纟,4,41403,n,chún jìng shuǐ,purified water,1
纯朴,纟,7,30382,a,chún pǔ,variant of 淳朴,1
醇厚,酉,7,39034,a,chún hòu,"mellow and rich,simple and kind",1
蠢,虫,7,5576,a,chǔn,"variant of 蠢,stupid",2
戳,戈,7,5113,v,chuō,"to jab,to poke,to stab,(coll.) to sprain,to blunt,to fuck (vulgar),to stand,to stand (sth) upright,stamp,seal",1
绰号,纟,7,12648,n,chuò hào,nickname,1
词,讠,2,1572,n,cí,old variant of 词,2
词典,讠,3,18663,n,cí diǎn,"dictionary,also written 辞典",1
词汇,讠,5,9933,n,cí huì,variant of 词汇,2
词语,讠,4,10379,n,cí yǔ,"word (general term including monosyllables through to short phrases),term (e.g. technical term),expression",1
瓷,瓦,7,15394,g,cí,"chinaware,porcelain,china",1
瓷器,瓦,6,12404,n,cí qì,"chinaware,porcelain",1
慈善,心,7,3786,a,cí shàn,"benevolent,charitable",1
慈祥,心,7,24694,a,cí xiáng,"kindly,benevolent (often of older person)",1
辞,舌,7,6073,v,cí,old variant of 辞,2
辞呈,舌,7,22608,n,cí chéng,(written) resignation,1
辞典,舌,7,20918,n,cí diǎn,dictionary (variant of 词典),1
辞去,舌,7,15026,v,cí qù,"to resign,to quit",1
辞退,舌,7,18196,v,cí tuì,"to dismiss,to discharge,to fire",1
辞职,舌,5,3889,v,cí zhí,to resign,1
磁带,石,7,13427,n,cí dài,magnetic tape,1
磁卡,石,7,38115,n,cí kǎ,"magnetic card,IC Card (telephone)",1
磁盘,石,7,21432,n,cí pán,(computer) disk,1
雌雄,隹,6,20990,n,cí xióng,male and female,1
此,止,4,391,r,cǐ,this; these,1
此处,止,6,8726,s,cǐ chù,"this place,here (literary)",1
此次,止,4,4623,r,cǐ cì,this time,1
此后,止,5,7508,t,cǐ hòu,"after this,afterwards,hereafter",1
此刻,止,6,4300,r,cǐ kè,"this moment,now,at present",1
此起彼伏,止,7,32474,v,cǐ qǐ bǐ fú,"up here, down there (idiom); to rise and fall in succession,no sooner one subsides, the next arises",1
此前,止,5,9834,t,cǐ qián,"before this,before then,previously",1
此时,止,5,3444,r,cǐ shí,"now,this moment",1
此事,止,6,4841,r,cǐ shì,this matter,1
此外,止,4,3647,c,cǐ wài,"besides,in addition,moreover,furthermore",1
此致,止,7,55695,v,cǐ zhì,(used at the end of a letter to introduce a polite salutation),1
次,欠,2,99,qv,cì,"next in sequence,second,the second (day, time etc),secondary,vice-,sub-,infra-,inferior quality,substandard,order",1
次品,欠,7,33111,n,cì pǐn,"substandard products,defective,seconds",1
次日,欠,7,16038,t,cì rì,"next day,the morrow",1
次数,欠,6,6882,n,cì shù,"number of times,frequency,order number (in a series),power (math.),degree of a polynomial (math.)",1
次序,欠,7,19485,n,cì xù,sequence; order,1
次要,欠,7,16951,b,cì yào,secondary,1
伺候,亻,7,12125,v,cì hou,to serve; to wait upon,1
伺机,亻,7,19846,d,sì jī,"to wait for an opportunity,to watch for one's chance",1
刺,刂,6,2566,v,cī,(onom.) whoosh,2
刺耳,刂,7,17939,a,cì ěr,ear-piercing,1
刺骨,刂,7,23267,z,cì gǔ,"piercing,cutting,bone-chilling,penetrating (cold)",1
刺激,刂,5,1968,v,cì jī,"to provoke; to irritate; to upset; to stimulate; to excite,irritant",1
刺绣,刂,7,17696,n,cì xiù,"to embroider,embroidery",1
赐,贝,7,6349,v,cì,"to confer,to bestow,to grant,Taiwan pr. [sì]",1
赐教,贝,7,44589,v,cì jiào,"(honorific) to impart one's wisdom,to enlighten",1
匆匆,勹,6,9342,z,cōng cōng,hurriedly,1
匆忙,勹,6,10025,a,cōng máng,"hasty,hurried",1
葱,艹,7,9571,n,cōng,"scallion,green onion",1
聪明,耳,3,1918,a,cōng ming,"intelligent,clever,bright,smart,acute (of sight and hearing)",1
从,人,2,70,p,cóng,variant of 从,3
从不,人,5,4450,d,cóng bù,never,1
从此,人,4,3935,d,cóng cǐ,"from now on,since then,henceforth",1
从而,人,5,4223,c,cóng ér,"thus,thereby",1
从今以后,人,7,1000000,,cóng jīn yǐ hòu,"from now on,henceforward",1
从来,人,4,1222,d,cóng lái,"always,at all times,never (if used in negative sentence)",1
从来不,人,7,7895,d,cóng lái bù,never,1
从没,人,6,4196,d,cóng méi,"never (in the past),never did",1
从前,人,5,5145,t,cóng qián,"previously,formerly,once upon a time",1
从容,人,7,11439,a,cóng róng,"to go easy,unhurried,calm,Taiwan pr. [cōng róng]",1
从容不迫,人,7,36570,v,cóng róng bù pò,"calm,unruffled",1
从事,人,5,3339,v,cóng shì,"to go for,to engage in,to undertake,to deal with,to handle,to do",1
从头,人,7,9612,d,cóng tóu,"anew,from the start",1
从未,人,6,2823,d,cóng wèi,never,1
从小,人,2,4653,d,cóng xiǎo,"from childhood,from a young age",1
从业,人,6,19141,b,cóng yè,to practice (a trade),1
从早到晚,人,7,1000000,,cóng zǎo dào wǎn,"from morning till night,from dawn to dusk,all day long",1
从中,人,4,5596,d,cóng zhōng,"from within,therefrom",1
丛,一,7,15283,g,cóng,"cluster,collection,collection of books,thicket",1
丛林,一,7,9828,n,cóng lín,"jungle,thicket,forest,Buddhist monastery",1
凑,冫,7,5780,v,còu,"to gather together, pool or collect,to happen by chance,to move close to,to exploit an opportunity",1
凑合,冫,7,15418,v,còu he,"to bring together,to make do in a bad situation,to just get by,to improvise,passable,not too bad",1
凑巧,冫,7,20770,a,còu qiǎo,"fortuitously,luckily,as chance has it",1
粗,米,4,4225,a,cū,"coarse,rough,thick (for cylindrical objects),unfinished,vulgar,rude,crude",3
粗暴,米,7,11887,a,cū bào,"rough,cruel",1
粗糙,米,7,9951,a,cū cāo,"crude,gruff,rough,coarse",1
粗略,米,7,20727,a,cū lu:è,"rough (not precise or accurate),cursory",1
粗鲁,米,7,15387,a,cū lǔ,"coarse,crude (in one's manner),boorish",1
粗心,米,4,21668,a,cū xīn,"careless,thoughtless",1
粗心大意,米,7,34849,v,cū xīn dà yì,"negligent,careless,inadvertent",1
促成,亻,7,11559,v,cù chéng,"to facilitate,to effect",1
促进,亻,5,6415,v,cù jìn,"to promote (an idea or cause),to advance,boost",1
促使,亻,5,7521,v,cù shǐ,"to induce,to promote,to urge,to impel,to bring about,to provoke,to drive (sb to do sth),to catalyze,to actuate",1
促销,亻,5,8442,vn,cù xiāo,to promote sales,1
醋,酉,6,8000,n,cù,"vinegar,jealousy (in love rivalry)",1
簇拥,⺮,7,31080,v,cù yōng,"to crowd around,to escort",1
窜,穴,7,8750,v,cuàn,"to flee,to scuttle,to exile or banish,to amend or edit",1
催,亻,5,4565,v,cuī,"to urge,to press,to prompt,to rush sb,to hasten sth,to expedite",1
催促,亻,7,17534,v,cuī cù,to urge,1
催眠,亻,7,12124,v,cuī mián,hypnosis,1
摧残,扌,7,16091,v,cuī cán,"to ravage,to ruin",1
摧毁,扌,7,5684,v,cuī huǐ,to destroy; to wreck,1
脆,⺼,6,8807,a,cuì,old variant of 脆,2
脆弱,⺼,6,4501,a,cuì ruò,"weak,frail",1
翠绿,羽,7,30218,z,cuì lǜ,"greenish-blue,emerald green",1
村,木,4,2435,n,cūn,village,2
村庄,木,6,6526,n,cūn zhuāng,"village,hamlet",1
存,子,4,2114,v,cún,"to exist,to deposit,to store,to keep,to survive",1
存放,子,5,9702,v,cún fàng,"to deposit,to store,to leave in sb's care",1
存款,子,5,5825,n,cún kuǎn,"to deposit money (in a bank etc),bank savings,bank deposit",1
存心,子,7,20829,d,cún xīn,deliberately,1
存在,子,5,621,v,cún zài,"to exist,to be,existence",1
存折,子,7,16257,n,cún zhé,"passbook,bankbook",1
寸,寸,6,4381,q,cùn,"a unit of length,inch,thumb",1
搓,扌,7,11489,v,cuō,"to rub or roll between the hands or fingers,to twist",1
磋商,石,7,31471,vn,cuō shāng,"to consult,to discuss seriously,to negotiate,to confer,negotiations,consultations",1
挫折,扌,6,8651,n,cuò zhé,"setback,reverse,check,defeat,frustration,disappointment,to frustrate,to discourage,to set sb back,to blunt,to subdue",1
措施,扌,5,2102,n,cuò shī,"measure,step",1
措手不及,扌,7,17342,l,cuò shǒu bù jí,no time to deal with it (idiom); caught unprepared,1
错,钅,2,531,v,Cuò,surname Cuo,2
错别字,钅,7,39226,n,cuò bié zì,incorrectly written or mispronounced characters,1
错过,钅,4,1616,v,cuò guò,"to miss (train, opportunity etc)",1
错觉,钅,7,13279,n,cuò jué,"misconception,illusion,misperception",1
错位,钅,7,19619,v,cuò wèi,"to be wrongly positioned; to be dislocated; to be misplaced,(medicine) to be in malposition,(fig.) erroneous; eccentric",1
错误,钅,4,1305,n,cuò wù,"mistaken; false; wrong,error; mistake",1
错综复杂,钅,7,23747,v,cuò zōng fù zá,tangled and complicated (idiom),1
搭,扌,6,2220,v,dā,"to put up,to build (scaffolding),to hang (clothes on a pole),to connect,to join,to arrange in pairs,to match,to add",1
搭乘,扌,7,12146,v,dā chéng,"to ride as a passenger,to travel by (car, plane etc)",1
搭档,扌,7,5237,n,dā dàng,"to cooperate,partner",1
搭建,扌,7,16849,v,dā jiàn,"to build (esp. with simple materials),to knock together (a temporary shed),to rig up",1
搭配,扌,6,4952,v,dā pèi,"to pair up,to match,to arrange in pairs,to add sth into a group",1
达标,辶,7,17413,v,dá biāo,to reach a set standard,1
达成,辶,5,2644,v,dá chéng,"to reach (an agreement),to accomplish",1
达到,辶,4,1234,v,dá dào,to reach; to achieve; to attain,1
答,⺮,4,2744,v,dā,"bound form having the same meaning as the free word 答, used in 答应, 理 etc",2
答案,⺮,4,1912,n,dá àn,"answer,solution",1
答辩,⺮,7,20688,vn,dá biàn,"to reply (to an accusation),to defend one's dissertation",1
答复,⺮,6,6463,v,dá fù,variant of 答复,2
答应,⺮,4,2130,v,dā ying,"to answer; to respond,to answer positively; to agree; to accept; to promise",1
打,扌,2,153,v,dá,dozen (loanword),2
打败,扌,4,5317,v,dǎ bài,"to defeat,to overpower,to beat,to be defeated",1
打扮,扌,5,4394,v,dǎ ban,"to decorate,to dress,to make up,to adorn,manner of dressing,style of dress",1
打包,扌,5,7509,v,dǎ bāo,"to wrap; to pack,to put leftovers in a doggy bag for take-out,(computing) to package (i.e. create an archive file)",1
打岔,扌,7,39851,v,dǎ chà,"interruption,to interrupt (esp. talk),to change the subject",1
打车,扌,2,15698,v,dǎ chē,"to take a taxi (in town),to hitch a lift",1
打倒,扌,7,7962,v,dǎ dǎo,"to overthrow,to knock down,Down with ... !",1
打电话,扌,1,1218,v,dǎ diàn huà,to make a telephone call,1
打动,扌,6,6556,v,dǎ dòng,"to move (to pity),arousing (sympathy),touching",1
打断,扌,5,6207,v,dǎ duàn,"to interrupt,to break off,to break (a bone)",1
打盹儿,扌,7,1000000,,dǎ dǔn r,"erhua variant of 打盹,to doze off",1
打发,扌,7,9551,v,dǎ fa,"to dispatch sb to do sth,to make sb leave,to pass (the time),(old) to make arrangements,(old) to bestow (alms etc)",1
打工,扌,4,4894,v,dǎ gōng,"to work a temporary or casual job,(of students) to have a job outside of class time, or during vacation",1
打官司,扌,6,14110,v,dǎ guān si,"to file a lawsuit,to sue,to dispute",1
打击,扌,6,2059,v,dǎ jī,"to hit,to strike,to attack,to crack down on sth,blow,(psychological) shock,percussion (music)",1
打架,扌,6,5413,v,dǎ jià,"to fight,to scuffle,to come to blows",1
打交道,扌,6,8359,v,dǎ jiāo dào,"to come into contact with,to have dealings",1
打搅,扌,7,21755,v,dǎ jiǎo,to disturb; to trouble; to bother,1
打开,扌,2,1199,v,dǎ kāi,"to open,to show (a ticket),to turn on,to switch on",1
打篮球,扌,2,1000000,,dǎ lán qiú,to play basketball,1
打捞,扌,7,14646,v,dǎ lāo,"to salvage,to dredge,to fish out (person or object from the sea)",1
打雷,扌,6,28360,v,dǎ léi,"to rumble with thunder,clap of thunder",1
打量,扌,7,13398,v,dǎ liang,"to size sb up,to look sb up and down,to take the measure of,to suppose,to reckon",1
打猎,扌,7,16343,v,dǎ liè,to go hunting,1
打磨,扌,7,21236,v,dǎ mó,to polish; to burnish; to shine,1
打牌,扌,6,11254,v,dǎ pái,to play mahjong or cards,1
打喷嚏,扌,7,19233,v,dǎ pēn tì,to sneeze,1
打破,扌,5,3158,v,dǎ pò,to break; to smash,1
打球,扌,1,5476,v,dǎ qiú,"to play ball,to play with a ball",1
打扰,扌,4,4800,v,dǎ rǎo,"to disturb,to bother,to trouble",1
打扫,扌,3,6258,v,dǎ sǎo,"to clean,to sweep",1
打算,扌,3,1374,v,dǎ suàn,"to plan,to intend,to calculate,plan,intention,calculation",1
打听,扌,5,7507,v,dǎ ting,"to ask about,to make some inquiries,to ask around",1
打通,扌,7,12313,v,dǎ tōng,"to open access,to establish contact,to remove a block,to put through (a phone connection)",1
打印,扌,4,8233,v,dǎ yìn,"to affix a seal,to stamp,to print out (with a printer)",1
打印机,扌,4,15370,n,dǎ yìn jī,printer,1
打造,扌,6,5421,v,dǎ zào,"to create,to build,to develop,to forge (of metal)",1
打仗,扌,6,8288,v,dǎ zhàng,"to fight a battle,to go to war",1
打招呼,扌,4,7931,v,dǎ zhāo hu,"to greet sb by word or action,to give prior notice",1
打折,扌,4,10290,v,dǎ zhé,to give a discount,1
打针,扌,4,13196,v,dǎ zhēn,to give or have an injection,1
大,大,1,66,a,dà,"big; large; great,older (than another person),eldest (as in 姐),greatly; freely; fully,(dialect) father",2
大巴,大,4,11932,n,dà bā,"(coll.) large bus,coach,(abbr. for 大型巴士)",1
大包大揽,大,7,57488,v,dà bāo dà lǎn,to take complete charge (idiom),1
大笔,大,7,14672,n,dàbǐ,Large,1
大不了,大,7,8135,v,dà bù liǎo,"at worst; if worst comes to worst,(usu. in the negative) serious; alarming",1
大部分,大,2,1854,m,dà bù fen,"in large part,the greater part,the majority",1
大臣,大,6,8426,n,dà chén,"chancellor (of a monarchy),cabinet minister",1
大吃一惊,大,6,9934,v,dà chī yī jīng,"to have a surprise (idiom); shocked or startled,gobsmacked",1
大大,大,4,3550,d,dà dà,"greatly,enormously,(dialect) dad,uncle",1
大大咧咧,大,7,36835,z,dà dà liē liē,carefree; offhand; casual,1
大胆,大,5,4565,a,dà dǎn,"brazen,audacious,outrageous,bold,daring,fearless",1
大道,大,6,3934,n,dà dào,"main street,avenue",1
大地,大,6,6183,n,dà dì,"earth,mother earth",1
大都,大,6,11743,ns,Dà dū,"Dadu, capital of China during the Yuan Dynasty (1280-1368), modern day Beijing",3
大队,大,7,9520,n,dà duì,"group,a large body of,production brigade,military group",1
大多,大,5,5520,d,dà duō,"for the most part,many,most,the greater part,mostly",1
大多数,大,2,2065,m,dà duō shù,(great) majority,1
大方,大,6,7757,a,dà fāng,"expert,scholar,mother earth,a type of green tea",2
大幅度,大,7,17856,d,dà fú dù,"by a wide margin,substantial",1
大夫,大,4,6248,n,dà fū,senior official (in imperial China),2
大概,大,3,1611,d,dà gài,"roughly,probably,rough,approximate,about,general idea",1
大纲,大,7,18973,n,dà gāng,"synopsis,outline,program,leading principles",1
大哥,大,4,3646,n,dà gē,"eldest brother,big brother (polite address for a man of about the same age as oneself),gang leader,boss",1
大公无私,大,7,48461,v,dà gōng wú sī,"selfless,impartial",1
大规模,大,4,5352,b,dà guī mó,"large scale,extensive,wide scale,broad scale",1
大海,大,2,5490,n,dà hǎi,"sea,ocean",1
大会,大,5,2435,n,dà huì,"general assembly,general meeting,convention",1
大伙儿,大,6,14629,r,dà huǒ r,"erhua variant of 大伙,everybody,everyone",1
大家,大,1,189,r,dà jiā,"everyone,influential family,great expert",1
大家庭,大,7,11562,n,dà jiā tíng,"extended family,big family,harmonious group",1
大奖赛,大,5,14623,n,dà jiǎng sài,grand prix,1
大街,大,6,3654,n,dà jiē,"street,main street",1
大街小巷,大,7,21134,l,dà jiē xiǎo xiàng,great streets and small alleys (idiom); everywhere in the city,1
大姐,大,4,9404,n,dà jiě,"big sister,elder sister,older sister (also polite term of address for a girl or woman slightly older than the speaker)",1
大惊小怪,大,7,16657,l,dà jīng xiǎo guài,to make a fuss about nothing (idiom),1
大局,大,7,8834,n,dà jú,"overall situation,the big picture",1
大款,大,7,20068,n,dà kuǎn,very wealthy person,1
大力,大,5,6036,d,dà lì,"energetically,vigorously",1
大量,大,4,1807,m,dà liàng,"great amount,large quantity,bulk,numerous,generous,magnanimous",1
大楼,大,4,3844,n,dà lóu,"building (a relatively large, multistory one)",1
大陆,大,7,3855,n,Dà lù,mainland China (reference to the PRC),2
大妈,大,5,12138,n,dà mā,"father's elder brother's wife,aunt (affectionate term for an elderly woman)",1
大门,大,2,3619,n,Dà mén,"the Doors, US rock band",2
大米,大,5,9958,n,dà mǐ,(husked) rice,1
大面积,大,7,20060,d,dà miàn jī,"large area,(fig.) (of a problem) (occurring) on a massive scale",1
大名鼎鼎,大,7,22163,v,dà míng dǐng dǐng,"grand reputation,renowned,famous",1
大模大样,大,7,62389,l,dà mú dà yàng,"boldly; ostentatiously,poised; self-assured,Taiwan pr. [dà mó dà yàng]",1
大脑,大,5,3478,n,dà nǎo,"brain,cerebrum",1
大棚,大,7,31236,n,dà péng,"greenhouse,polytunnel",1
大批,大,5,12318,m,dà pī,large quantities of,1
大片,大,7,8972,n,dà piàn,"wide expanse,large area,vast stretch,extending widely,blockbuster movie",1
大气,大,7,7850,n,dà qì,"atmosphere (surrounding the earth),imposing; impressive; stylish",1
大人,大,3,2368,n,dà ren,"adult,grownup,title of respect toward superiors",1
大赛,大,4,2776,vn,dà sài,grand contest,1
大厦,大,5,5170,n,dà shà,(used in the names of grand buildings such as 百老汇大厦 Broadway Mansions (in Shanghai) or 帝国大厦 Empire State Building etc),1
大声,大,2,3359,d,dà shēng,"loud voice,in a loud voice,loudly",1
大师,大,6,3232,n,dà shī,"great master,master",1
大使,大,6,5374,n,dà shǐ,"ambassador,envoy",1
大使馆,大,3,11530,n,dà shǐ guǎn,embassy,1
大事,大,5,3503,n,dà shì,"major event,major political event (war or change of regime),major social event (wedding or funeral)",1
大数据,大,7,1000000,,dà shù jù,big data (computing),1
大肆,大,7,11304,d,dà sì,"wantonly,without restraint (of enemy or malefactor),unbridled",1
大体,大,7,16631,d,dà tǐ,"in general; more or less; in rough terms; basically; on the whole,overall situation; the big picture",1
大体上,大,7,22444,d,dà tǐ shàng,"overall,in general terms",1
大厅,大,4,3838,n,dà tīng,"hall,lounge",1
大同小异,大,7,31466,v,dà tóng xiǎo yì,"virtually the same,differing only on small points",1
大腕儿,大,7,1000000,,dà wàn r,"erhua variant of 大腕,(coll.) big name,(coll.) big shot",1
大象,大,5,8819,n,dà xiàng,elephant,1
大小,大,3,3641,n,dà xiǎo,"dimension,magnitude,size,measurement,large and small,at any rate,adults and children,consideration of seniority",1
大型,大,5,3051,b,dà xíng,"large,large-scale",1
大熊猫,大,3,21111,n,dà xióng māo,giant panda (Ailuropoda melanoleuca),1
大选,大,7,9545,vn,dà xuǎn,general election,1
大学,大,1,814,n,Dà xué,"the Great Learning, one of the Four Books 四书 in Confucianism",2
大学生,大,1,4422,n,dà xué shēng,"university student,college student",1
大雁,大,7,47811,n,dà yàn,wild goose,1
大爷,大,5,8931,n,dà yé,"arrogant idler,self-centered show-off",2
大衣,大,3,5821,n,dà yī,"overcoat,topcoat,cloak",1
大意,大,7,13433,n,dà yì,"general idea,main idea",2
大有可为,大,7,34481,v,dà yǒu kě wéi,with great prospects for the future (idiom); well worth doing,1
大于,大,5,9659,v,dà yú,greater than; bigger than; more than,1
大约,大,4,2186,d,dà yuē,"approximately,probably",1
大致,大,6,8369,d,dà zhì,more or less; roughly; approximately,1
大众,大,5,3665,n,Dà zhòng,Volkswagen (automobile manufacturer),2
大自然,大,4,8020,n,dà zì rán,nature (the natural world),1
大宗,大,7,18180,m,dà zōng,"large amount,staple,influential family of long standing",1
呆,口,6,1485,v,dāi,"foolish,stupid,expressionless,blank,to stay",1
歹徒,歹,7,8043,n,dǎi tú,"evildoer,malefactor,gangster,hoodlum",1
逮,辶,7,8420,v,dǎi,"(coll.) to catch,to seize",2
逮捕,辶,7,3705,v,dài bǔ,"to arrest,to apprehend,an arrest",1
代,亻,5,1458,v,dài,"to substitute,to act on behalf of others,to replace,generation,dynasty,age,period,(historical) era,(geological) eon",1
代表,亻,5,644,n,dài biǎo,"representative,delegate,to represent,to stand for,on behalf of,in the name of",1
代表团,亻,3,12795,n,dài biǎo tuán,delegation,1
代号,亻,7,10412,n,dài hào,code name,1
代价,亻,6,3030,n,dài jià,"price,cost,consideration (in share dealing)",1
代理,亻,6,3966,vn,dài lǐ,"to act on behalf of sb in a responsible position,to act as an agent or proxy,surrogate,(computing) proxy",1
代理人,亻,7,8064,n,dài lǐ rén,agent,1
代替,亻,5,4167,v,dài tì,"to replace,to take the place of",1
代言人,亻,7,9209,n,dài yán rén,spokesperson,1
带,巾,3,177,v,dài,"band,belt,girdle,ribbon,tire,area,zone,region,to wear,to carry,to take along,to bear (i.e. to have),to lead,to bring",1
带动,巾,5,12235,v,dài dòng,to spur; to provide impetus; to drive,1
带队,巾,7,14537,v,dài duì,"to lead a team,to lead a group,group leader,(tourism) tour guide",1
带来,巾,2,677,v,dài lái,"to bring,(fig.) to bring about; to produce",1
带领,巾,6,4056,v,dài lǐng,"to guide,to lead",1
带路,巾,7,15469,v,dài lù,"to lead the way; to guide; to show the way,(fig.) to instruct",1
带头,巾,7,10484,v,dài tóu,to take the lead; to be the first; to set an example,1
带头人,巾,7,36083,n,dài tóu rén,leader,1
带有,巾,5,5699,v,dài yǒu,"to have as a feature or characteristic; to have an element of (confidence, sweetness",1
待,彳,4,1207,v,dāi,to stay,2
待会儿,彳,6,16373,d,dāi huì r,"in a moment,later,also pr. [dāi huǐ r] or [dāi hui r]",1
待遇,彳,5,4791,n,dài yù,"treatment,pay,salary,status,rank",1
怠工,心,7,54646,v,dài gōng,"to slacken off in one's work,to go slow (as a form of strike)",1
怠慢,心,7,24707,v,dài màn,"to slight,to neglect",1
贷款,贝,6,2589,n,dài kuǎn,"a loan,to provide a loan (e.g. bank),to raise a loan (from e.g. a bank)",1
袋,衣,4,2912,g,dài,"pouch,bag,sack,pocket",1
戴,戈,4,1802,v,Dài,surname Dai,2
单,丷,5,931,d,Shàn,surname Shan,2
单薄,丷,7,21499,a,dān bó,"weak,frail,thin,flimsy",1
单边,丷,7,54775,b,dān biān,unilateral,1
单纯,丷,6,4715,a,dān chún,"simple,pure,unsophisticated,merely,purely",1
单打,丷,6,16439,n,dān dǎ,singles (in sports),1
单调,丷,6,12994,a,dān diào,monotonous,1
单独,丷,5,3019,d,dān dú,"alone,by oneself,on one's own",1
单方面,丷,7,19838,d,dān fāng miàn,unilateral,1
单身,丷,7,2710,n,dān shēn,"unmarried,single",1
单位,丷,4,2350,n,dān wèi,"unit (of measure),unit (group of people as a whole),work unit (place of employment",1
单一,丷,5,10541,a,dān yī,"single,only,sole",1
单元,丷,5,7926,n,dān yuán,"unit (forming an entity),element,(in a residential building) entrance or staircase",1
担,扌,7,5380,v,dān,"to undertake,to carry,to shoulder,to take responsibility",2
担保,扌,7,4985,vn,dān bǎo,"to guarantee,to vouch for",1
担当,扌,7,11201,v,dān dāng,"to take upon oneself,to assume",1
担负,扌,7,16260,v,dān fù,"to shoulder,to bear,to undertake",1
担任,扌,5,4026,v,dān rèn,"to hold a governmental office or post,to assume office of,to take charge of,to serve as",1
担心,扌,3,277,v,dān xīn,"anxious,worried,uneasy,to worry,to be anxious",1
担忧,扌,6,5967,v,dān yōu,"to worry,to be concerned",1
担子,扌,7,19039,n,dàn zi,"carrying pole and the loads on it,burden,task,responsibility",1
耽搁,耳,7,14458,v,dān ge,"to tarry,to delay,to stop over",1
耽误,耳,6,7445,v,dān wu,"to delay,to hold up,to waste time,to interfere with",1
胆,⺼,5,5783,n,dǎn,"gall bladder,courage,guts,gall,inner container (e.g. bladder of a football, inner container of a thermos)",1
胆怯,⺼,7,17934,a,dǎn qiè,"timidity,timid,cowardly",1
胆小,⺼,5,12847,a,dǎn xiǎo,"cowardice,timid",1
胆小鬼,⺼,7,22942,n,dǎn xiǎo guǐ,coward,1
胆子,⺼,7,9776,n,dǎn zi,"courage,nerve,guts",1
但,亻,2,55,c,dàn,"but; yet; however; still,merely; only; just",1
但是,亻,2,115,c,dàn shì,but; however,1
但愿,亻,7,5713,v,dàn yuàn,"if only (sth were possible),I wish (that)",1
诞辰,讠,7,34026,n,dàn chén,birthday,1
诞生,讠,6,4971,v,dàn shēng,to be born,1
弹,弓,4,2520,v,dàn,"crossball,bullet,shot,shell,ball",2
弹性,弓,6,8792,n,tán xìng,"flexibility,elasticity",1
淡,氵,5,4795,a,dàn,"insipid,diluted,weak,mild,light in color,tasteless,indifferent,(variant of 氮) nitrogen",1
淡化,氵,7,21065,v,dàn huà,"to water down,to play down,to trivialize,to weaken,to become dull with time,to desalinate,desalination",1
淡季,氵,7,28264,t,dàn jì,"off season,slow business season,see also 季",1
淡水,氵,7,17985,n,Dàn shuǐ,"Tamsui or Danshui, district of New Taipei City 市, Taiwan",2
蛋,虫,2,1539,n,Dàn,variant of 蜑,2
蛋白质,虫,6,7228,n,dàn bái zhì,protein,1
蛋糕,虫,3,2650,n,dàn gāo,cake,1
当,⺌,4,155,p,dāng,"(onom.) dong,ding dong (bell)",3
当场,⺌,6,5385,d,dāng chǎng,"at the scene,on the spot",1
当成,⺌,5,3853,v,dàng chéng,to consider as; to take to be,1
当初,⺌,6,2878,t,dāng chū,"at that time,originally",1
当代,⺌,6,8383,t,dāng dài,"the present age,the contemporary era",1
当地,⺌,5,1609,s,dāng dì,local,1
当即,⺌,7,20351,d,dāng jí,"at once,on the spot",1
当今,⺌,6,7843,t,dāng jīn,"current,present,now,nowadays",1
当面,⺌,6,9152,d,dāng miàn,"to sb's face,in sb's presence",1
当年,⺌,5,2959,t,dāng nián,"in those days,then,in those years,during that time",2
当前,⺌,5,5108,t,dāng qián,"the present time,to be faced with",1
当然,⺌,3,423,d,dāng rán,"only natural,as it should be,certainly,of course,without doubt",1
当日,⺌,7,13746,t,dāng rì,on that day,2
当时,⺌,4,505,t,dāng shí,"then,at that time,while",2
当事人,⺌,7,3517,n,dāng shì rén,persons involved or implicated; party (to an affair),1
当天,⺌,6,3628,t,dāng tiān,on that day,2
当晚,⺌,7,4902,t,dāng wǎn,on that evening,2
当务之急,⺌,7,14997,l,dāng wù zhī jí,"top priority job,matter of vital importance",1
当下,⺌,6,9363,t,dāng xià,"immediately,at once,at that moment,at the moment",1
当心,⺌,7,9615,v,dāng xīn,"to take care,to look out",1
当选,⺌,6,6688,v,dāng xuǎn,"to be elected,to be selected",1
当着,⺌,7,11394,p,dāng zhe,"in front of,in the presence of",1
当真,⺌,7,7584,d,dàng zhēn,"to take seriously,serious,No joking, really!",1
当之无愧,⺌,7,18312,v,dāng zhī wú kuì,"fully deserving, without any reservations (idiom); entirely worthy (of a title, honor etc)",1
当中,⺌,5,2374,f,dāng zhōng,"among,in the middle,in the center",1
当众,⺌,7,13815,d,dāng zhòng,"in public,in front of everybody",1
当作,⺌,5,3444,v,dàng zuò,"to treat as,to regard as",1
挡,扌,5,3211,v,dǎng,"to resist,to obstruct,to hinder,to keep off,to block (a blow),to get in the way of,cover",3
党,儿,7,2047,n,Dǎng,surname Dang,2
荡漾,艹,7,24710,v,dàng yàng,"to ripple,to undulate,also written 荡漾",2
档,木,6,3110,g,dǎng,"(Tw) variant of 挡, gear",2
档案,木,6,2512,n,dàng àn,"file,record,archive",1
档次,木,7,10727,n,dàng cì,"grade,class,quality,level",1
刀,刀,4,1285,n,Dāo,surname Dao,2
导弹,寸,7,3955,n,dǎo dàn,(guided) missile,1
导航,寸,7,7522,vn,dǎo háng,navigation,1
导火索,寸,7,22497,n,dǎo huǒ suǒ,fuse (for explosive),1
导师,寸,6,7057,n,dǎo shī,"tutor,teacher,academic advisor",1
导向,寸,7,15065,n,dǎo xiàng,"to be oriented towards,orientation",1
导演,寸,5,2109,,dǎo yǎn,"to direct,director (film etc)",1
导游,寸,4,10258,n,dǎo yóu,"tour guide,guidebook,to conduct a tour",1
导致,寸,5,1268,v,dǎo zhì,"to lead to,to create,to cause,to bring about",1
岛,山,6,1816,n,dǎo,variant of 岛,2
岛屿,山,7,13216,n,dǎo yǔ,island,1
捣乱,扌,7,12996,v,dǎo luàn,"to disturb,to look for trouble,to stir up a row,to bother sb intentionally",1
到,刂,1,29,v,dào,"to reach; to arrive,to leave for; to go to,to (a place); until (a time); up to (a point)",1
到处,刂,3,2171,d,dào chù,everywhere,1
到达,刂,5,2131,v,dào dá,to reach; to arrive,1
到底,刂,4,741,d,dào dǐ,"finally,in the end,when all is said and done,after all,to the end,to the last",1
到来,刂,4,2807,v,dào lái,"to arrive,arrival; advent",1
到期,刂,5,8666,v,dào qī,"to fall due (loan etc),to expire (visa etc),to mature (investment bond etc)",1
到头来,刂,7,13609,d,dào tóu lái,"in the end,finally,as a result",1
到位,刂,7,5078,v,dào wèi,"to get to the intended location,to be in place,to be in position,precise,well (done)",1
倒,亻,4,780,v,dǎo,"to fall; to collapse; to lie horizontally,to fail; to go bankrupt,to overthrow,to change (trains or buses)",2
倒闭,亻,6,11967,v,dǎo bì,"to go bankrupt,to close down",1
倒车,亻,6,16831,v,dǎo chē,"to change buses, trains etc",2
倒计时,亻,7,10111,,dào jì shí,"to count down,countdown",1
倒卖,亻,7,18504,v,dǎo mài,"to resell at a profit,to speculate",1
倒霉,亻,7,5252,a,dǎo méi,"to have bad luck,to be out of luck",1
倒是,亻,6,4297,d,dào shi,"contrary to what one might expect,actually,contrariwise,why don't you",1
倒数,亻,7,6083,v,dào shǔ,"to count backwards (from 10 down to 0),to count down,from the bottom (lines on a page),from the back (rows of seats)",2
倒塌,亻,7,11092,v,dǎo tā,"to collapse (of building),to topple over",1
倒下,亻,7,6803,v,dǎo xià,"to collapse,to topple over",1
悼念,忄,7,14306,v,dào niàn,to grieve,1
盗,皿,7,5640,g,dào,"to steal,to rob,to plunder,thief,bandit,robber",1
盗版,皿,7,13714,vn,dào bǎn,"pirated,illegal,see also 版",1
盗窃,皿,7,5770,v,dào qiè,to steal,1
道,辶,4,478,qv,dào,"road,path,principle,truth,morality,reason,skill,method,Dao (of Daoism),to say,to speak,to talk",1
道德,辶,6,2445,n,dào dé,"virtue,morality,ethics",1
道教,辶,6,30866,nz,Dào jiào,"Taoism,Daoism (Chinese system of beliefs)",1
道具,辶,7,7621,n,dào jù,"prop (theater),paraphernalia,(gaming) item,artifact",1
道理,辶,5,2521,n,dào li,"reason,argument,sense,principle,basis,justification",1
道路,辶,4,2367,n,dào lù,"road,path,way",1
道歉,辶,4,3168,v,dào qiàn,to apologize,1
稻草,禾,7,16234,n,dào cǎo,rice straw,1
稻谷,禾,6,34191,n,dào gǔ,"unhusked rice,paddy",1
德,彳,7,1174,n,Dé,"Germany,German,abbr. for 德国",4
地,土,2,132,u,de,"-ly,structural particle: used before a verb or adjective, linking it to preceding modifying adverbial adjunct",2
地板,土,7,3788,n,dì bǎn,floor,1
地步,土,7,6037,n,dì bù,"stage,degree (to which a situation has evolved),situation,leeway",1
地带,土,7,6317,n,dì dài,zone,1
地道,土,6,5958,a,dì dào,"tunnel,causeway",2
地点,土,3,1921,n,dì diǎn,"place,site,location,venue",1
地段,土,7,13708,n,dì duàn,"section,district",1
地方,土,3,254,n,dì fāng,"region,regional (away from the central administration),local",2
地理,土,5,6677,n,dì lǐ,geography,1
地面,土,5,3289,n,dì miàn,"floor,ground,surface",1
地名,土,6,14919,n,dì míng,"place name,toponym",1
地球,土,4,1971,n,dì qiú,the earth,1
地区,土,5,1123,n,dì qū,"local,regional,district (not necessarily formal administrative unit),region,area,as suffix to city name",1
地上,土,1,2185,s,dì shang,"on the ground,on the floor",1
地势,土,7,26674,n,dì shì,"terrain,topography relief",1
地毯,土,7,6563,n,dì tǎn,"carpet,rug",1
地铁,土,2,3046,n,dì tiě,"underground railway; subway,subway train",1
地铁站,土,2,11176,n,dì tiě zhàn,subway station,1
地图,土,3,3548,n,dì tú,map,1
地位,土,5,2771,n,dì wèi,"position,status,place",1
地下,土,5,2908,s,dì xià,"underground,subterranean,covert",1
地下室,土,6,9373,n,dì xià shì,"basement,cellar",1
地下水,土,7,18186,n,dì xià shuǐ,groundwater,1
地形,土,6,11043,n,dì xíng,"topography,terrain,landform",1
地狱,土,7,5402,n,dì yù,"hell,infernal,underworld,(Buddhism) Naraka",1
地域,土,6,10905,n,dì yù,"area,district,region",1
地震,土,5,3938,n,dì zhèn,earthquake,1
地址,土,4,1067,n,dì zhǐ,address,1
地质,土,6,11668,n,dì zhì,geology,1
的,白,1,1,u,de,"of; ~'s (possessive particle),(used after an attribute),(used to form a nominal expression)",4
的话,白,3,2226,u,de huà,if (coming after a conditional clause),1
的确,白,5,1392,d,dí què,"really,indeed",1
得,彳,2,58,u,dé,"to obtain,to get,to gain,to catch (a disease),proper,suitable,proud,contented,to allow,to permit,ready,finished",3
得不偿失,彳,7,30150,v,dé bù cháng shī,the gains do not make up for the losses (idiom),1
得出,彳,2,5401,v,dé chū,to obtain (a result); to arrive at (a conclusion),1
得当,彳,7,15462,a,dé dàng,"appropriate,suitable",1
得到,彳,3,308,v,dé dào,"to get,to obtain,to receive",1
得分,彳,3,3694,v,dé fēn,to score,1
得了,彳,6,3720,v,dé le,"all right!,that's enough!",2
得力,彳,7,14265,a,dé lì,"able,capable,competent,efficient",1
得失,彳,7,16732,n,dé shī,"gains and losses,success and failure,merits and demerits",1
得手,彳,7,13194,v,dé shǒu,to go smoothly; to come off; to succeed,1
得体,彳,7,14324,a,dé tǐ,"appropriate to the occasion,fitting",1
得天独厚,彳,7,40643,l,dé tiān dú hòu,"blessed by heaven (idiom),enjoying exceptional advantages,favored by nature",1
得以,彳,6,5437,v,dé yǐ,"able to,so that sb can,enabling,in order to,finally in a position to,with sth in view",1
得益于,彳,7,11657,,dé yì yú,"to benefit from,thanks to",1
得意,彳,4,6279,a,dé yì,"proud of oneself,pleased with oneself,complacent",1
得意扬扬,彳,7,164953,,dé yì yáng yáng,variant of 洋,1
得知,彳,6,3242,v,dé zhī,"to find out,to learn of",1
得罪,彳,7,9103,v,dé zuì,"to commit an offense,to violate the law,excuse me! (formal),see also 罪",2
灯,火,3,2001,n,dēng,"lamp,light,lantern",1
灯光,火,5,4731,n,dēng guāng,"(stage) lighting,light",1
灯笼,火,6,17051,n,dēng lóng,lantern,1
灯泡,火,7,11742,n,dēng pào,"light bulb,see also 电灯泡,third-wheel or unwanted third party spoiling a couple's date (slang)",1
登,癶,5,2782,v,dēng,"to scale (a height),to ascend,to mount,to publish or record,to enter (e.g. in a register),to press down with the foot",1
登机,癶,4,10431,v,dēng jī,to board a plane,1
登机牌,癶,5,22658,n,dēng jī pái,boarding pass,1
登记,癶,5,2377,v,dēng jì,to register (one's name),1
登陆,癶,7,4583,v,dēng lù,"to land,to come ashore,to make landfall (of typhoon etc),to log in (frequently used erroneous variant of 登录)",1
登录,癶,5,6988,v,dēng lù,"to register,to log in",1
登山,癶,4,11767,vn,dēng shān,"to climb a mountain,climbing,mountaineering",1
蹬,足,7,12339,v,dēng,"to step on,to tread on,to wear (shoes),(slang) to dump (sb),Taiwan pr. [dèng]",1
等,⺮,2,83,v,děng,"class,rank,grade,equal to,same as,to wait for,to await,et cetera,and so on,et al. (and other authors),after,as soon as",1
等待,⺮,5,1567,v,děng dài,to wait; to wait for,1
等到,⺮,4,4305,v,děng dào,"to wait until,by the time when (sth is ready etc)",1
等候,⺮,5,6248,v,děng hòu,"to wait,to wait for",1
等级,⺮,6,5289,n,děng jí,"grade,rank,status",1
等于,⺮,5,3464,v,děng yú,"to equal,to be tantamount to",1
凳子,几,7,12912,n,dèng zi,"stool,small seat",1
瞪,目,7,7103,v,dèng,"to open (one's eyes) wide,to stare at,to glare at",1
低,亻,4,951,a,dī,"low,beneath,to lower (one's head),to let droop,to hang down,to incline",1
低调,亻,7,5045,n,dī diào,"low pitch,quiet (voice),subdued,low-key,low-profile",1
低估,亻,7,7942,v,dī gū,to underestimate; to underrate,1
低谷,亻,7,13927,n,dī gǔ,"valley,trough (as opposed to peaks),fig. low point,lowest ebb,nadir of one's fortunes",1
低价,亻,4,10967,n,dī jià,low price,1
低迷,亻,7,17114,a,dī mí,"blurred (landscape etc),low (spirits),in a slump (economy)",1
低碳,亻,6,1000000,,dī tàn,(attributive) low-carbon; low-carb (diet),1
低头,亻,5,7321,v,dī tóu,"to bow the head,to yield,to give in",1
低温,亻,4,10778,n,dī wēn,low temperature,1
低下,亻,7,8424,a,dī xià,"low status,lowly,to lower (one's head)",1
低于,亻,4,6208,v,dī yú,to be lower than,1
堤,土,7,9859,n,dī,"dike,Taiwan pr. [tí]",2
堤坝,土,7,34295,n,dī bà,"dam,dike",1
滴,氵,6,2035,v,dī,"a drop,to drip",1
敌人,舌,5,1731,n,dí rén,enemy,1
敌视,舌,7,25245,v,dí shì,"hostile,malevolence,antagonism,to view as enemy,to stand against",1
笛子,⺮,7,23092,n,dí zi,bamboo flute,1
底,广,4,849,f,de,(equivalent to 的 as possessive particle),2
底层,广,7,11996,n,dǐ céng,"ground or first floor,bottom (of a pile),lowest rung (of society)",1
底下,广,4,5997,f,dǐ xia,"the location below sth,afterwards",1
底线,广,7,5683,n,dǐ xiàn,"bottom line; the limit of what one is prepared to accept,(sports) baseline,(sewing) under thread,spy; informer; plant",1
底蕴,广,7,34522,n,dǐ yùn,"inside information,concrete details",1
底子,广,7,26414,n,dǐ zi,"base,foundation,bottom",1
抵触,扌,7,17615,v,dǐ chù,"to conflict,to contradict",1
抵达,扌,6,4566,v,dǐ dá,"to arrive,to reach (a destination)",1
抵挡,扌,7,11051,v,dǐ dǎng,"to resist,to hold back,to stop,to ward off,to withstand",1
抵抗,扌,6,4384,v,dǐ kàng,"to resist,resistance",1
抵消,扌,7,16811,v,dǐ xiāo,"to counteract,to cancel out,to offset",1
抵押,扌,7,6429,vn,dǐ yā,"to provide (an asset) as security for a loan,to put up collateral",1
抵御,扌,7,12366,v,dǐ yù,"to resist,to withstand",1
抵制,扌,7,9083,v,dǐ zhì,"to resist,to boycott,to refuse (to cooperate),to reject,resistance,refusal",1
弟,弓,1,6568,n,dì,"younger brother,junior male,I (modest word in letter)",2
弟弟,弓,1,2424,n,dì di,younger brother,1
弟子,弓,7,13971,n,dì zǐ,disciple; follower,1
帝国,巾,7,5025,n,dì guó,"empire,imperial",1
帝国主义,巾,7,13706,n,dì guó zhǔ yì,imperialism,1
递,辶,5,7319,v,dì,"to hand over; to pass on; to deliver,(bound form) progressively; in the proper order",1
递给,辶,5,8159,v,dì gěi,to hand it (i.e. the aforementioned item) to (sb),1
递交,辶,7,11091,v,dì jiāo,"to present,to give,to hand over,to hand in,to lay before",1
递增,辶,7,40644,v,dì zēng,"to increase by degrees,in increasing order,incremental,progressive",1
第,⺮,1,962,m,dì,"(prefix indicating ordinal number, as in 六 ""sixth"")",1
第二,⺮,1,527,m,dì èr,"second,number two,next,secondary",1
第一,⺮,2,223,m,dì yī,"first,number one,primary",1
第一手,⺮,7,21139,b,dì yī shǒu,first-hand,1
第一线,⺮,7,24169,n,dì yī xiàn,"front line,forefront",1
颠簸,页,7,15953,v,diān bǒ,"to be jolted around (car on a bumpy road, boat on a rough sea, aircraft experiencing turbulence)",1
颠倒,页,7,11865,v,diān dǎo,"to turn upside down,to reverse,back to front,confused,deranged,crazy",1
颠覆,页,7,10966,v,diān fù,"to topple (i.e. knock over),to capsize,fig. to overturn (a regime, by plotting or subversion),to undermine,to subvert",1
巅峰,山,7,13050,n,diān fēng,"summit,apex,pinnacle (of one's career etc),peak (of a civilization etc)",1
典范,八,7,12781,n,diǎn fàn,"model,example,paragon",1
典礼,八,6,5455,n,diǎn lǐ,"celebration,ceremony",1
典型,八,6,3251,n,diǎn xíng,"model,typical case,archetype,typical,representative",1
点,灬,1,58,qt,diǎn,"point,dot,drop,speck,o'clock,point (in space or time),to draw a dot,to check on a list,to choose",1
点火,灬,7,11102,v,diǎn huǒ,"to ignite,to light a fire,to agitate,to start an engine,ignition,fig. to stir up trouble",1
点击率,灬,7,1000000,,diǎn jī lǜ,click-through rate (CTR) (Internet),1
点名,灬,4,11424,v,diǎn míng,"roll call,to mention sb by name,(to call or praise or criticize sb) by name",1
点评,灬,7,11757,v,diǎn píng,"to comment,a point by point commentary",1
点燃,灬,6,6958,v,diǎn rán,"to ignite,to set on fire,aflame",1
点头,灬,4,6136,v,diǎn tóu,to nod,1
点心,灬,5,8628,n,diǎn xin,"light refreshments,pastry,dim sum (in Cantonese cooking),dessert",1
点缀,灬,7,15531,v,diǎn zhuì,"to decorate,to adorn,sprinkled,studded,only for show",1
点子,灬,7,9273,n,diǎn zi,"spot,point,dot,speck,drop (of liquid),droplet,point (of argument),idea,crux,indication,pointer",1
电,曰,3,1027,n,diàn,"lightning,electricity,electric (bound form),to get (or give) an electric shock,phone call or telegram etc",1
电报,曰,7,10309,n,diàn bào,"telegram,cable,telegraph",1
电车,曰,6,14461,n,diàn chē,trolleybus,1
电池,曰,5,3997,n,diàn chí,battery,1
电灯,曰,4,20337,n,diàn dēng,electric light,1
电动,曰,5,8507,b,diàn dòng,"electric-powered,(Tw) video game",1
电动车,曰,4,26291,n,diàndòngchē,Electric vehicle,1
电饭锅,曰,6,88712,n,diàn fàn guō,electric rice cooker,1
电话,曰,1,359,n,diàn huà,"telephone,phone call,phone number",1
电力,曰,6,3716,n,diàn lì,"electrical power,electricity",1
电铃,曰,7,64108,n,diàn líng,electric bell,1
电脑,曰,1,946,n,diàn nǎo,computer,1
电器,曰,5,7826,n,diàn qì,"(electrical) appliance,device",1
电视,曰,1,779,n,diàn shì,television; TV,1
电视机,曰,1,6649,n,diàn shì jī,television set,1
电视剧,曰,4,4222,n,diàn shì jù,"TV series,TV drama",1
电视台,曰,5,3940,n,diàn shì tái,television station,1
电台,曰,7,5542,n,diàn tái,"transmitter-receiver,broadcasting station,radio station",1
电梯,曰,3,3894,n,diàn tī,"elevator,escalator",1
电网,曰,7,11688,n,diàn wǎng,"electricity grid; power grid,electrified wire netting",1
电线,曰,7,8932,n,diàn xiàn,"wire,power cord",1
电信,曰,7,11442,n,diàn xìn,telecommunications,1
电讯,曰,7,18682,n,diàn xùn,"telecommunications,telecom",1
电影,曰,1,546,n,diàn yǐng,movie; film,1
电影院,曰,1,7945,n,diàn yǐng yuàn,cinema; movie theater,1
电源,曰,6,6030,n,diàn yuán,electric power source,1
电子,曰,3,1874,n,diàn zǐ,"electronic,electron (particle physics)",1
电子版,曰,5,48366,n,diàn zǐ bǎn,"electronic edition,digital version",1
电子邮件,曰,3,9822,,diàn zǐ yóu jiàn,email,1
店,广,1,732,n,diàn,"inn; old-style hotel,(bound form) shop; store",1
垫,土,7,5968,v,diàn,"pad,cushion,mat,to pad out,to fill a gap,to pay for sb,to advance (money)",1
垫底,土,7,14034,v,diàn dǐ,"to put sth on the bottom,to eat sth to tide oneself over until mealtime,to lay the foundation",1
垫子,土,7,20740,n,diàn zi,cushion; mat; pad,1
惦记,忄,7,13212,v,diàn jì,"to think of,to keep thinking about,to be concerned about",1
淀粉,氵,7,17407,n,diàn fěn,starch; amylum (C6H10O5)n,1
奠定,大,7,19177,v,diàn dìng,"to establish,to fix,to settle",1
殿堂,殳,7,17143,n,diàn táng,"palace,hall,temple buildings",1
刁难,刁,7,23363,v,diāo nàn,"to be hard on sb; to deliberately make things difficult,Taiwan pr. [diāo nán]",1
叼,口,7,9777,v,diāo,to hold with one's mouth (as a smoker with a cigarette or a dog with a bone),1
雕,隹,7,10655,g,diāo,"variant of 雕, to engrave",3
雕刻,隹,7,12877,n,diāo kè,"to carve,to engrave,carving",1
雕塑,隹,7,7978,n,diāo sù,"a statue,a Buddhist image,sculpture,to carve",1
吊,口,6,4734,v,diào,"to suspend,to hang up,to hang a person",2
吊销,口,7,14932,v,diào xiāo,"to suspend (an agreement),to revoke",1
钓,钅,5,7545,v,diào,to fish with a hook and bait,1
钓鱼,钅,6,8342,v,diào yú,"to fish (with line and hook),to dupe",1
调,讠,5,1481,v,diào,"to transfer,to move (troops or cadres),to investigate,to enquire into,accent,view,argument,key (in music),mode (music)",2
调查,讠,4,512,v,diào chá,"investigation,inquiry,to investigate,to survey,survey,(opinion) poll",1
调动,讠,6,7622,v,diào dòng,"to transfer,to maneuver (troops etc),movement of personnel,to mobilize,to bring into play",1
调度,讠,7,11631,vn,diào dù,"to dispatch (vehicles, staff etc),to schedule,to manage,dispatcher,scheduler",1
调和,讠,7,18915,v,tiáo hé,"harmonious,to mediate; to reconcile,mediation,to compromise,to mix; to blend,blended,to season,seasoning,to placate",1
调剂,讠,7,21962,v,tiáo jì,"to adjust,to balance,to make up a medical prescription",1
调节,讠,6,6641,v,tiáo jié,"to adjust,to regulate,to harmonize,to reconcile (accountancy etc)",1
调解,讠,7,10413,v,tiáo jiě,"to mediate,to bring parties to an agreement",1
调侃,讠,7,19087,v,tiáo kǎn,"to ridicule,to tease,to mock,idle talk,chitchat",1
调控,讠,7,22584,vn,tiáo kòng,"to regulate,to control",1
调料,讠,7,14059,n,tiáo liào,"condiment,seasoning,flavoring",1
调皮,讠,5,12299,a,tiáo pí,"naughty,mischievous,unruly",1
调试,讠,7,16893,v,tiáo shì,"to debug,to adjust components during testing,debugging",1
调研,讠,5,12805,vn,diào yán,"to investigate and research,research,investigation",1
调整,讠,5,2032,v,tiáo zhěng,"to adjust,adjustment,revision",1
掉,扌,4,549,v,diào,"to fall,to drop,to lag behind,to lose,to go missing,to reduce,fall (in prices),to lose (value, weight etc),to wag",1
掉队,扌,7,31436,v,diào duì,"to fall behind,to drop out",1
掉头,扌,7,11345,v,diào tóu,"to turn one's head,to turn round,to turn about",1
爹,父,7,4503,n,diē,dad,1
跌,足,6,4284,v,diē,"to fall,to tumble,to trip,(of prices etc) to drop,Taiwan pr. [dié]",1
迭起,辶,7,61816,v,dié qǐ,"continuously arising,to arise repeatedly",1
叠,又,7,7389,v,dié,variant of 叠,3
丁,一,7,3211,nr,Dīng,surname Ding,2
叮嘱,口,7,23273,v,dīng zhǔ,"to warn repeatedly,to urge,to exhort again and again",1
盯,目,7,2464,v,dīng,"to watch attentively,to fix one's attention on,to stare at,to gaze at",1
钉,钅,7,5126,v,dīng,"nail,to follow closely,to keep at sb (to do sth),variant of 盯",2
钉子,钅,7,14639,n,dīng zi,"nail,snag,saboteur",1
顶,页,6,1623,v,dǐng,"apex,crown of the head,top,roof,most,to carry on the head,to push to the top,to go against,to replace,to substitute",1
顶多,页,7,15420,d,dǐng duō,"at most,at best",1
顶级,页,7,5572,b,dǐng jí,top-notch; first-rate,1
顶尖,页,7,9011,b,dǐng jiān,"peak,apex,world best,number one,finest (competitors),top (figures in a certain field)",1
订,讠,4,2991,v,dìng,"to agree,to conclude,to draw up,to subscribe to (a newspaper etc),to order",1
订单,讠,6,7820,n,dìng dān,(purchase) order,1
订购,讠,7,11102,v,dìng gòu,"to place an order,to subscribe",1
订婚,讠,6,10745,v,dìng hūn,to get engaged,1
订立,讠,7,26730,v,dìng lì,"to conclude (treaty, contract, agreement etc),to set up (a rule etc)",1
定,宀,4,586,v,dìng,"to set,to fix,to determine,to decide,to order",1
定价,宀,6,13764,v,dìng jià,"to set a price,to fix a price",1
定金,宀,7,15438,n,dìng jīn,"down payment,advance payment",1
定居,宀,7,13309,v,dìng jū,"to settle (in some city, country etc),to take up residence",1
定论,宀,7,13353,n,dìng lùn,"final conclusion,accepted argument",1
定期,宀,5,7535,d,dìng qī,"at set dates,at regular intervals,periodic,limited to a fixed period of time,fixed term",1
定时,宀,6,14319,d,dìng shí,"to fix a time,fixed time,timed (of explosive etc)",1
定为,宀,7,19856,v,dìng wèi,set to,1
定位,宀,6,3300,v,dìng wèi,"to orientate,to position,to categorize (as),to characterize (as),positioning,position,niche",1
定向,宀,7,14918,d,dìng xiàng,"to orientate,directional,directed,orienteering",1
定心丸,宀,7,38626,n,dìng xīn wán,"tranquilizer,sth that sets one's mind at ease",1
定义,宀,6,4821,n,dìng yì,"definition,to define",1
定做,宀,7,14932,v,dìng zuò,to have something made to order,1
丢,一,3,1655,v,diū,"to lose,to put aside,to throw",1
丢掉,一,7,7268,v,diū diào,"to lose,to throw away,to discard,to cast away",1
丢脸,一,7,9491,a,diū liǎn,"to lose face,humiliation",1
丢弃,一,7,12126,v,diū qì,"to discard,to abandon",1
丢人,一,7,8878,a,diū rén,to lose face,1
丢三落四,一,7,57241,,diū sān là sì,"forgetful,empty-headed",1
丢失,一,5,6608,v,diū shī,to lose; to misplace,1
东,一,3,1509,f,Dōng,surname Dong,2
东北,一,3,6344,s,Dōng běi,"Northeast China,Manchuria",2
东奔西走,一,7,54249,v,dōng bēn xī zǒu,"to run this way and that (idiom); to rush about busily,to bustle about,to hopscotch,also 东跑西颠",1
东边,一,1,16314,f,dōng bian,"east,east side,eastern part,to the east of",1
东部,一,4,5067,f,dōng bù,"the east,eastern part",1
东道主,一,7,35077,n,dōng dào zhǔ,"host,official host (e.g. venue for games or a conference)",1
东方,一,3,5137,s,Dōng fāng,"the East,the Orient,two-character surname Dongfang",2
东南,一,3,10838,f,dōng nán,southeast,1
东西,一,1,226,n,dōng xī,east and west,2
东张西望,一,7,34585,v,dōng zhāng xī wàng,"to look in all directions (idiom),to glance around",1
冬,⺀,3,5272,tg,dōng,winter,3
冬季,⺀,4,6769,t,dōng jì,winter,1
冬天,⺀,3,3291,t,dōng tiān,winter,1
董事,艹,7,7964,n,dǒng shì,board member,1
董事会,艹,7,3580,n,dǒng shì huì,board of directors,1
董事长,艹,7,10696,n,dǒng shì zhǎng,chairman of the board of directors,1
懂,忄,2,669,v,dǒng,"to understand,to comprehend",1
懂得,忄,3,2899,v,dǒng de,to understand; to know; to comprehend,1
懂事,忄,7,10408,a,dǒng shì,to grow beyond the naivete of childhood; to be aware of what is going on in the world,1
动,力,2,588,v,dòng,"(of sth) to move,to set in movement,to displace,to touch,to make use of,to stir (emotions),to alter,abbr. for 动词, verb",1
动不动,力,7,15977,d,dòng bu dòng,"(typically followed by 就) apt to (lose one's temper, catch a cold etc),at the drop of a hat",1
动弹,力,7,14882,v,dòng tan,to budge,1
动荡,力,7,15320,a,dòng dàng,variant of 动荡,2
动感,力,7,11247,n,dòng gǎn,"sense of movement (often in a static work of art),dynamic,vivid,lifelike",1
动工,力,7,17779,v,dòng gōng,to start (a building project),1
动画,力,5,8737,n,dòng huà,"animation,cartoon",1
动画片,力,4,10899,n,dòng huà piàn,animated film,1
动机,力,6,4386,n,dòng jī,motive; motivation,1
动静,力,7,7275,n,dòng jìng,"(detectable) movement,(sign of) activity,movement and stillness",1
动力,力,6,2740,n,dòng lì,"motive power,force,(fig.) motivation,impetus",1
动脉,力,7,5572,n,dòng mài,artery,1
动人,力,5,7579,a,dòng rén,"touching,moving",1
动身,力,7,15560,v,dòng shēn,"to go on a journey,to leave",1
动手,力,5,3357,v,dòng shǒu,"to set about (a task),to hit,to punch,to touch",1
动态,力,6,6636,n,dòng tài,"movement,motion,development,trend,dynamic (science)",1
动听,力,6,13115,a,dòng tīng,pleasant to listen to,1
动物,力,3,1438,n,dòng wù,animal,1
动物园,力,3,9030,n,dòng wù yuán,zoo,1
动向,力,7,13442,n,dòng xiàng,trend; tendency,1
动摇,力,7,8871,v,dòng yáo,"to sway,to waver,to rock,to rattle,to destabilize,to pose a challenge to",1
动用,力,7,8160,v,dòng yòng,"to utilize,to put sth to use",1
动员,力,7,10037,v,dòng yuán,"to mobilize,mobilization",1
动作,力,4,1418,n,dòng zuò,"movement; motion; action,to act; to move",1
冻,冫,5,3883,v,dòng,"to freeze,to feel very cold,aspic or jelly",1
冻结,冫,7,8844,v,dòng jié,"to freeze (water etc),(fig.) to freeze (assets, prices etc)",1
栋,木,6,3370,q,dòng,"classifier for houses or buildings,ridgepole (old)",1
栋梁,木,7,46500,n,dòng liáng,"ridgepole,ridgepole and beams,person able to bear heavy responsibility,mainstay (of organization),pillar (of state)",1
洞,氵,5,2225,n,dòng,"cave,hole,zero (unambiguous spoken form when spelling out numbers)",1
洞穴,氵,7,12289,n,dòng xué,"cave,cavern",1
都,阝,1,25,d,Dū,surname Du,3
都会,阝,7,4120,n,dū huì,"city,metropolis",1
都市,阝,6,5804,n,dū shì,city; metropolis,1
兜,儿,7,6727,v,dōu,"pocket,bag,to wrap up or hold in a bag,to move in a circle,to canvas or solicit,to take responsibility for",2
兜儿,儿,7,96255,,dōu r,"erhua variant of 兜,pocket,bag",1
兜售,儿,7,19665,v,dōu shòu,"to hawk,to peddle",1
抖,扌,7,6478,v,dǒu,"to tremble,to shake out,to reveal,to make it in the world",1
陡,阝,7,20491,a,dǒu,"steep,precipitous,abrubtly,suddenly,unexpectedly",1
陡峭,阝,7,28114,a,dǒu qiào,precipitous,1
斗,斗,7,2960,v,Dǒu,abbr. for the Big Dipper constellation 星,6
斗争,斗,6,2672,vn,dòu zhēng,"a struggle,fight,battle",1
斗志,斗,7,11589,n,dòu zhì,"will to fight,fighting spirit",1
豆腐,豆,5,6407,n,dòu fu,"tofu,bean curd",1
豆浆,豆,5,20620,n,dòu jiāng,soy milk,1
豆制品,豆,5,37535,n,dòu zhì pǐn,"legume-based product,soybean product",1
豆子,豆,7,13765,n,dòu zi,"bean,pea",1
逗,辶,6,4825,v,dòu,"to tease (playfully); to entice,(coll.) to joke,(coll.) funny; amusing,to stay; to sojourn",1
督促,目,7,15561,v,dū cù,"to supervise and urge completion of a task,to urge on",1
毒,母,6,1958,n,dú,"poison,to poison,poisonous,malicious,cruel,fierce,narcotics",1
毒品,母,7,3565,n,dú pǐn,"drugs,narcotics,poison",1
独,犭,7,3635,d,dú,"alone,independent,single,sole,only",1
独裁,犭,6,17264,a,dú cái,dictatorship,1
独唱,犭,7,22679,vn,dú chàng,"(in singing) solo,to solo",1
独家,犭,7,6451,d,dú jiā,exclusive,1
独立,犭,5,1876,a,dú lì,"independent,independence,to stand alone",1
独立自主,犭,7,26162,v,dú lì zì zhǔ,"independent and autonomous (idiom); self-determination,to act independently,to maintain control over one's own affairs",1
独身,犭,7,23623,n,dú shēn,"unmarried,single",1
独特,犭,5,3375,a,dú tè,unique; distinctive,1
独一无二,犭,7,8494,l,dú yī wú èr,"unique and unmatched (idiom); unrivalled,nothing compares with it",1
独自,犭,5,3634,d,dú zì,alone,1
读,讠,1,1013,v,dòu,"comma,phrase marked by pause",2
读书,讠,1,3285,v,dú shū,"to read a book,to study,to attend school",1
读音,讠,5,28795,n,dú yīn,"pronunciation,literary (rather than colloquial) pronunciation of a Chinese character",1
读者,讠,4,4369,n,dú zhě,reader,1
堵,土,5,3782,v,dǔ,"to block up (a road, pipe etc),to stop up (a hole),(fig.) (of a person) choked up with anxiety or stress",1
堵车,土,4,10563,v,dǔ chē,"traffic jam,(of traffic) to get congested",1
堵塞,土,7,9777,v,dǔ sè,"to clog up,blockage",1
赌,贝,7,2992,v,dǔ,"to bet,to gamble",1
赌博,贝,7,5072,v,dǔ bó,to gamble,1
妒忌,女,7,13608,v,dù jì,"to be jealous of (sb's achievements etc),to be envious,envy",1
杜绝,木,7,19250,v,dù jué,to put an end to,1
肚子,⺼,4,2763,n,dù zi,"belly,abdomen,stomach",1
度,广,5,925,qv,dù,"to pass,to spend (time),measure,limit,extent,degree of intensity,degree (angles, temperature etc),kilowatt-hour",2
度过,广,4,2905,v,dù guò,"to pass,to spend (time),to survive,to get through",1
度假,广,4,5431,v,dù jià,"to go on holidays,to spend one's vacation",1
渡,氵,6,6175,v,dù,"to cross,to pass through,to ferry",1
渡过,氵,7,9731,v,dù guò,"to cross over,to pass through",1
端,立,6,2412,v,duān,"end,extremity,item,port,to hold sth level with both hands,to carry,regular",2
端午节,立,6,56867,t,Duān wǔ jié,Dragon Boat Festival (5th day of the 5th lunar month),1
端正,立,7,16934,v,duān zhèng,"upright,regular,proper,correct",1
短,矢,3,983,a,duǎn,"short,brief,to lack,weak point,fault",1
短处,矢,5,32713,n,duǎn chù,"shortcoming,defect,fault,one's weak points",1
短促,矢,6,34131,a,duǎn cù,"short in time,fleeting,brief,gasping (breath),curt (tone of voice)",1
短裤,矢,3,9325,n,duǎn kù,"short pants,shorts",1
短片,矢,6,11071,n,duǎn piàn,"short film,video clip",1
短期,矢,5,5844,b,duǎn qī,"short term,short-term",1
短缺,矢,6,11712,v,duǎn quē,shortage,1
短信,矢,4,1000000,,duǎn xìn,"text message,SMS",1
短暂,矢,7,5349,a,duǎn zàn,of short duration; brief; momentary,1
段,殳,3,647,q,Duàn,surname Duan,2
段落,殳,7,24046,n,duàn luò,"phase,time interval,paragraph,(written) passage",1
断,斤,5,1707,v,duàn,"to break,to snap,to cut off,to give up or abstain from sth,to judge,(usu. used in the negative) absolutely,definitely",1
断定,斤,7,13050,v,duàn dìng,"to conclude,to determine,to come to a judgment",1
断断续续,斤,7,22968,l,duàn duàn xù xù,"intermittent,off and on,discontinuous,stop-go,stammering,disjointed,inarticulate",1
断绝,斤,7,13974,v,duàn jué,to sever; to break off,1
断裂,斤,7,10375,v,duàn liè,"fracture,rupture,to break apart",1
锻炼,钅,3,3764,v,duàn liàn,"to toughen,to temper,to engage in physical exercise,to work out,(fig.) to develop one's skills,to train oneself",1
堆,土,5,2915,q,duī,"to pile up,to heap up,a mass,pile,heap,stack,large amount",1
堆积,土,7,15402,v,duī jī,"to pile up,to heap,accumulation",1
堆砌,土,7,36363,v,duī qì,"lit. to pile up (bricks),to pack,fig. to pad out (writing with fancy phrases),ornate rhetoric",1
队,阝,4,422,n,duì,"squadron,team,group",1
队伍,阝,5,1484,n,duì wǔ,"ranks,troops,queue,line,procession",1
队形,阝,7,19755,n,duì xíng,formation,1
队员,阝,4,1688,n,duì yuán,team member,1
队长,阝,4,3177,n,duì zhǎng,"captain,team leader",1
对,寸,1,28,p,duì,"right; correct,towards; at; for,concerning; regarding,to treat (sb a certain way),to face",1
对白,寸,7,19070,n,duì bái,dialogue (in a movie or a play),1
对比,寸,5,5260,vn,duì bǐ,"to contrast,contrast,ratio",1
对不起,寸,1,1577,v,duì bu qǐ,"I'm sorry; excuse me; I beg your pardon,to let (sb) down; to disappoint",1
对策,寸,7,9719,n,duì cè,countermeasure for dealing with a situation,1
对称,寸,6,13912,a,duì chèn,"symmetry,symmetrical",1
对待,寸,5,2429,v,duì dài,"to treat,treatment",1
对得起,寸,7,17263,v,duì de qǐ,"not to let sb down,to treat sb fairly,be worthy of",1
对方,寸,4,1158,n,duì fāng,the other person; the other side; the other party,1
对付,寸,7,3169,v,duì fu,"to handle; to deal with; to tackle,to get by with; to make do",1
对话,寸,3,3221,vn,duì huà,"to talk (with sb),dialogue; conversation",1
对抗,寸,6,4063,v,duì kàng,"to withstand,to resist,to stand off,antagonism,confrontation",1
对立,寸,6,12725,v,duì lì,"to oppose,to set sth against,to be antagonistic to,antithetical,relative opposite,opposing,diametrical",1
对联,寸,7,47502,n,duì lián,"rhyming couplet,pair of lines of verse written vertically down the sides of a doorway",1
对面,寸,4,3939,f,duì miàn,"(sitting) opposite,across (the street),directly in front,to be face to face",1
对手,寸,5,1603,n,duì shǒu,"opponent,rival,competitor,(well-matched) adversary,match",1
对外,寸,6,6167,v,duì wài,"external,foreign,pertaining to external or foreign (affairs)",1
对象,寸,5,1912,n,duì xiàng,"target; object,partner; boyfriend; girlfriend",1
对弈,寸,7,43779,v,duì yì,"to play go, chess etc",1
对应,寸,6,9540,v,duì yìng,to correspond (to); to be equivalent to; to be a counterpart to,1
对于,寸,4,490,p,duì yú,regarding; as far as (sth) is concerned; with regard to,1
对照,寸,7,10916,v,duì zhào,"to contrast,to compare,to place side by side for comparison (as parallel texts),to check",1
对峙,寸,7,14325,v,duì zhì,"to stand opposite,to confront,confrontation",1
对准,寸,7,9531,v,duì zhǔn,"to aim at,to target,to point at,to be directed at,registration,alignment (mechanical engineering)",1
兑换,儿,7,11279,v,duì huàn,"to convert,to exchange",1
兑现,儿,7,7819,v,duì xiàn,"(of a check etc) to cash,to honor a commitment",1
吨,口,5,4023,q,dūn,"ton (loanword),Taiwan pr. [dùn]",1
敦促,攵,7,23516,v,dūn cù,"to press,to urge,to hasten",1
敦厚,攵,7,59499,a,dūn hòu,"genuine,honest and sincere",1
蹲,足,6,3836,v,dūn,"to crouch,to squat,to stay (somewhere)",1
炖,火,7,6833,v,dùn,to stew,1
顿,页,4,1617,qv,dùn,"to stop,to pause,to arrange,to lay out,to kowtow,to stamp (one's foot),at once,classifier for meals, beatings",1
顿时,页,6,13943,d,dùn shí,"immediately,suddenly",1
多,夕,1,80,a,duō,"many; much,too many; in excess,(after a numeral) ... odd,how (to what extent) (Taiwan pr. [duó])",1
多半,夕,7,10235,d,duō bàn,"most,mostly,most likely",1
多边,夕,7,38438,b,duō biān,multilateral,1
多次,夕,4,4428,mq,duō cì,"many times,repeatedly",1
多方面,夕,6,22207,n,duō fāng miàn,"many-sided,in many aspects",1
多功能,夕,7,25765,b,duō gōng néng,"multifunctional,multifunction",1
多久,夕,2,2322,r,duō jiǔ,"(of time) how long?,(not) a long time",1
多亏,夕,6,12071,v,duō kuī,"thanks to,luckily",1
多劳多得,夕,7,49146,v,duō láo duō dé,work more and get more,1
多么,夕,4,1940,d,duō me,"how (wonderful etc),what (a great idea etc),however (difficult it may be etc)",1
多媒体,夕,6,15310,n,duō méi tǐ,multimedia,1
多年,夕,4,4233,mq,duō nián,"many years,for many years,longstanding",1
多年来,夕,7,5576,,duō nián lái,for the past many years,1
多少,夕,1,526,r,duō shǎo,"number,amount,somewhat",2
多数,夕,4,4376,m,duō shù,majority; most,1
多心,夕,7,34807,a,duō xīn,"oversensitive,suspicious",1
多样,夕,4,19807,m,duō yàng,"diverse,diversity,manifold",1
多余,夕,6,5739,a,duō yú,"superfluous,unnecessary,surplus",1
多元,夕,6,49030,b,duō yuán,"poly-,multi-,multielement,multivariant,multivariate (math.)",1
多元化,夕,6,15847,vn,duō yuán huà,"diversification,pluralism,to diversify",1
多云,夕,2,4950,,duō yún,cloudy (meteorology),1
多种,夕,4,7142,m,duō zhǒng,many kinds of; multiple; diverse; multi-,1
哆嗦,口,7,23415,v,duō suo,"to tremble,to shiver,uncontrolled shaking of the body",1
夺,大,6,3462,v,duó,"to seize,to take away forcibly,to wrest control of,to compete or strive for,to force one's way through,to leave out",1
夺冠,大,7,8401,v,duó guàn,"to seize the crown,fig. to win a championship,to win gold medal",1
夺魁,大,7,39965,v,duó kuí,"to seize,to win",1
夺取,大,6,8232,v,duó qǔ,"to seize,to capture,to wrest control of",1
躲,身,5,2378,v,duǒ,"to hide,to dodge,to avoid",1
躲避,身,6,7419,v,duǒ bì,"to hide,to evade,to dodge,to take shelter,to avoid (difficulties)",1
躲藏,身,7,16284,v,duǒ cáng,"to conceal oneself,to go into hiding,to take cover",1
堕落,土,7,8016,v,duò luò,"to degrade,to degenerate,to become depraved,corrupt,a fall from grace",1
舵手,舟,7,28050,n,duò shǒu,helmsman,1
朵,木,5,4920,q,duǒ,"flower,earlobe,fig. item on both sides,classifier for flowers, clouds etc",2
讹诈,讠,7,40387,v,é zhà,"to extort under false pretenses,to blackmail,to bluff,to defraud",1
俄语,亻,7,16273,nz,É yǔ,Russian (language),1
鹅,鸟,7,7741,n,é,variant of 鹅,3
额外,页,7,6599,b,é wài,"extra,added,additional",1
厄运,厂,7,15845,n,è yùn,"bad luck,misfortune,adversity",1
恶,心,7,3536,a,ě,used in 恶心,3
恶化,心,7,6138,v,è huà,to worsen,1
恶劣,心,6,6454,a,è liè,"vile,nasty,of very poor quality",1
恶心,心,6,2463,a,ě xīn,variant of 恶心,3
恶性,心,7,11199,b,è xìng,"malignant,wicked,vicious (circle),producing evil,rapid (decline),runaway (inflation)",1
恶意,心,7,6755,d,è yì,"malice,evil intention",1
饿,饣,3,1477,v,è,"to be hungry,hungry,to starve (sb)",1
掠夺,扌,7,12733,v,lu:è duó,"to plunder,to rob",1
略,田,7,5208,d,lu:è,"brief; sketchy,outline; summary,to omit,(bound form before a single-character verb) a bit; somewhat; slightly",2
略微,田,7,20310,d,lu:è wēi,"a little bit,slightly",1
遏制,辶,7,14933,v,è zhì,"to check,to contain,to hold back,to keep within limits,to constrain,to restrain",1
鳄鱼,鱼,7,10043,n,è yú,"alligator,crocodile",1
恩赐,心,7,21883,vn,ēn cì,"favor,to give charity to sb out of pity",1
恩惠,心,7,21381,n,ēn huì,"favor,grace",1
恩情,心,7,31449,n,ēn qíng,"kindness,affection,grace,favor",1
恩人,心,7,21790,n,ēn rén,"a benefactor,a person who has significantly helped sb else",1
恩怨,心,7,12053,n,ēn yuàn,"gratitude and grudges,resentment,grudges,grievances",1
儿科,儿,6,13080,n,ér kē,pediatrics,1
儿女,儿,5,10636,n,ér nǚ,"children; sons and daughters,a young man and a young woman (in love)",1
儿童,儿,4,1692,n,ér tóng,child,1
儿子,儿,1,665,n,ér zi,son,1
而,而,4,75,cc,ér,"and,as well as,and so,but (not),yet (not),(indicates causal relation),(indicates change of state),(indicates contrast)",1
而且,而,3,239,c,ér qiě,"(not only ...) but also,moreover,in addition,furthermore",1
而是,而,4,1031,c,ér shì,rather,1
而已,而,7,1377,y,ér yǐ,"that's all,nothing more",1
耳朵,耳,3,3451,n,ěr duo,"ear,handle (on a cup)",1
耳光,耳,7,10660,n,ěr guāng,a slap on the face,1
耳环,耳,6,11999,n,ěr huán,earring,1
耳机,耳,3,7196,n,ěr jī,"headphones,earphones,telephone receiver",1
耳目一新,耳,7,20652,l,ěr mù yī xīn,"a pleasant change,a breath of fresh air,refreshing",1
耳熟能详,耳,7,31301,v,ěr shú néng xiáng,what's frequently heard can be repeated in detail (idiom),1
耳闻目睹,耳,7,74024,v,ěr wén mù dǔ,to witness personally,1
二,二,1,664,m,èr,"two,2,(Beijing dialect) stupid",1
二手,二,5,10587,b,èr shǒu,"indirectly acquired,second-hand (information, equipment etc),assistant",1
二手车,二,7,17912,n,èr shǒu chē,second-hand car,1
二维码,二,5,1000000,,èr wéi mǎ,"two-dimensional barcode,QR code",1
二氧化碳,二,6,13139,n,èr yǎng huà tàn,carbon dioxide CO2,1
发,又,3,400,v,fā,"to send out,to show (one's feeling),to issue,to develop,to make a bundle of money,classifier for gunshots (rounds)",2
发表,又,5,1771,v,fā biǎo,"to issue,to publish",1
发病,又,6,9341,v,fā bìng,"(of an illness) to occur,(of a person) to get sick; to fall ill,onset (of a medical condition)",1
发布,又,5,2711,v,fā bù,"to release,to issue,to announce,to distribute,also written 发布",2
发布会,又,7,6550,n,fā bù huì,"news conference,briefing",2
发财,又,7,9336,v,fā cái,to get rich,1
发愁,又,6,16670,v,fā chóu,"to worry,to fret,to be anxious,to become sad",1
发出,又,4,1978,v,fā chū,"to issue (an order, decree etc); to send out; to dispatch,to produce (a sound); to let out (a laugh)",1
发达,又,5,5763,a,fā dá,"well-developed; flourishing,to develop; to promote; to expand,(literary) to achieve fame and fortune; to prosper",1
发呆,又,7,13611,v,fā dāi,"to stare blankly,to be stunned,to be lost in thought",1
发电,又,6,10184,v,fā diàn,"to generate electricity,to send a telegram",1
发电机,又,7,13622,n,fā diàn jī,"electricity generator,dynamo",1
发动,又,6,3090,v,fā dòng,"to start,to launch,to unleash,to mobilize,to arouse",1
发抖,又,7,10286,v,fā dǒu,"to tremble,to shake,to shiver",1
发放,又,6,7155,v,fā fàng,"to provide,to give,to grant",1
发愤图强,又,7,76491,,fā fèn tú qiáng,to be strongly determined to succeed (idiom),1
发光,又,6,8539,v,fā guāng,to emit light; to shine; to glow; to glisten; to be luminous,1
发挥,又,5,1869,v,fā huī,"to display,to exhibit,to bring out implicit or innate qualities,to express (a thought or moral),to develop (an idea)",1
发火,又,7,10499,v,fā huǒ,"to catch fire,to ignite,to detonate,to get angry",1
发酵,又,7,18094,v,fā jiào,"to ferment,(fig.) (of trends, emotions or repercussions etc) to bubble away; to simmer; to develop",1
发觉,又,7,5813,v,fā jué,"to become aware,to detect,to realize,to perceive",1
发掘,又,7,6817,v,fā jué,"to excavate,to explore,(fig.) to unearth,to tap into",1
发愣,又,7,46817,v,fā lèng,to stare blankly; to be in a daze,1
发明,又,5,3943,v,fā míng,"to invent,an invention",1
发怒,又,7,17138,v,fā nù,to get angry,1
发脾气,又,7,9294,v,fā pí qì,to get angry,1
发票,又,6,9848,n,fā piào,"invoice,receipt or bill for purchase",1
发起,又,5,5460,v,fā qǐ,"to originate,to initiate,to launch (an attack, an initiative etc),to start,to propose sth (for the first time)",1
发起人,又,7,21812,n,fā qǐ rén,"proposer,initiator,founding member",1
发热,又,7,9077,v,fā rè,"to have a high temperature,feverish,unable to think calmly,to emit heat",1
发烧,又,3,5836,v,fā shāo,"to have a high temperature (from illness),to have a fever",1
发射,又,7,3022,v,fā shè,"to shoot (a projectile),to fire (a rocket),to launch,to emit (a particle),to discharge,emanation,emission",1
发生,又,3,211,v,fā shēng,to happen; to occur; to take place; to break out,1
发誓,又,7,5986,v,fā shì,"to vow,to pledge,to swear",1
发送,又,4,4350,v,fā sòng,"to transmit,to dispatch,to issue (an official document or credential)",1
发现,又,3,189,v,fā xiàn,"to notice; to become aware of,to discover; to find; to detect,a discovery",1
发泄,又,7,7068,v,fā xiè,to give vent to (one's feelings),1
发行,又,6,3589,v,fā xíng,"to publish,to issue (stocks, currency etc),to release,to distribute (a film)",1
发型,又,7,3773,n,fà xíng,"hairstyle,coiffure,hairdo",1
发言,又,5,4527,v,fā yán,"to make a speech,statement,utterance",1
发言人,又,7,6774,n,fā yán rén,spokesperson,1
发炎,又,6,17067,v,fā yán,"to become inflamed,inflammation",1
发扬,又,7,13862,v,fā yáng,"to develop,to make full use of",1
发扬光大,又,7,26690,v,fā yáng guāng dà,"to develop and promote,to carry forward,to bring to great height of development",1
发育,又,6,6591,v,fā yù,"to develop,to mature,growth,development,(sexually) mature",1
发源地,又,7,21846,n,fā yuán dì,"place of origin,birthplace,source",1
发展,又,3,859,v,fā zhǎn,"development,growth,to develop,to grow,to expand",1
发作,又,7,5156,v,fā zuò,to flare up; to break out,1
罚,罒,5,3393,v,fá,"to punish,to penalize",2
罚款,罒,5,6918,v,fá kuǎn,"to fine,penalty,fine (monetary)",1
阀门,门,7,17259,n,fá mén,valve (mechanical),1
法,氵,4,706,n,fǎ,variant of 法,4
法官,氵,6,2726,n,fǎ guān,judge (in court),1
法规,氵,6,6275,n,fǎ guī,"legislation,statute",1
法律,氵,4,816,n,fǎ lǜ,law,1
法人,氵,7,16184,n,fǎ rén,"legal person,corporation,see also 人",1
法庭,氵,7,2329,n,fǎ tíng,court of law,1
法语,氵,6,9377,nz,Fǎ yǔ,French (language),1
法院,氵,5,2401,n,fǎ yuàn,"court of law,court",1
法制,氵,7,12210,n,fǎ zhì,legal system and institutions,2
帆,巾,7,9231,n,fān,variant of 帆,3
帆船,巾,7,13329,n,fān chuán,sailboat,1
番,田,6,5706,qv,Pān,surname Pan,2
番茄,田,5,8632,n,fān qié,tomato,1
翻,羽,5,1378,v,fān,"to turn over,to flip over,to overturn,to rummage through,to translate,to decode,to double,to climb over or into,to cross",2
翻番,羽,7,23388,v,fān fān,"to double,to increase by a certain number of times",1
翻来覆去,羽,7,25055,v,fān lái fù qù,"to toss and turn (sleeplessly),again and again",1
翻天覆地,羽,7,22219,l,fān tiān fù dì,"sky and the earth turning upside down (idiom); fig. complete confusion,everything turned on its head",1
翻译,羽,4,4025,,fān yì,"to translate,to interpret,translator,interpreter,translation,interpretation",1
凡,几,7,5504,d,fán,"ordinary,commonplace,mundane,temporal,of the material world (as opposed to supernatural or immortal levels),every,all",2
凡是,几,6,8759,d,fán shì,"each and every,every,all,any",1
烦,火,4,2084,v,fán,"to feel vexed,to bother,to trouble,superfluous and confusing,edgy",1
烦闷,火,7,33920,a,fán mèn,moody; gloomy,1
烦恼,火,4,4038,an,fán nǎo,"to be worried,to be distressed,worries",1
烦躁,火,7,9700,a,fán zào,"jittery,twitchy,fidgety",1
繁华,糸,7,14569,a,fán huá,"flourishing,bustling",1
繁忙,糸,6,10742,a,fán máng,"busy,bustling",1
繁荣,糸,5,8156,an,fán róng,prosperous; booming (economy),1
繁体字,糸,7,39543,,fán tǐ zì,traditional Chinese character,1
繁殖,糸,6,9104,v,fán zhí,"to breed,to reproduce,to propagate",1
繁重,糸,7,18136,a,fán zhòng,"heavy,burdensome,heavy-duty,arduous,onerous",1
反,又,5,1290,v,fǎn,"contrary,in reverse,inside out or upside down,to reverse,to return,to oppose,opposite,against,anti-,to rebel",1
反驳,又,7,10845,v,fǎn bó,"to retort,to refute",1
反差,又,7,28447,n,fǎn chā,contrast; discrepancy,1
反常,又,7,13398,a,fǎn cháng,"unusual,abnormal",1
反弹,又,7,10407,v,fǎn tán,"to bounce,to bounce back,to boomerang,to ricochet,rebound (of stock market etc),bounce,backlash,negative repercussions",1
反倒,又,7,14186,d,fǎn dào,"but on the contrary,but expectedly",1
反动,又,6,16500,a,fǎn dòng,"reaction,reactionary",1
反对,又,4,1381,v,fǎn duì,to oppose; to be against; to object to,1
反而,又,5,3595,d,fǎn ér,on the contrary; instead,1
反复,又,5,4626,d,fǎn fù,variant of 反复,2
反感,又,7,9598,v,fǎn gǎn,"to be disgusted with,to dislike,bad reaction,antipathy",1
反过来,又,7,11352,d,fǎn guo lái,"conversely,in reverse order,in an opposite direction",1
反击,又,7,5503,v,fǎn jī,"to strike back,to beat back,to counterattack",1
反抗,又,7,5287,v,fǎn kàng,"to resist,to rebel",1
反馈,又,6,8624,v,fǎn kuì,"to send back information,feedback",1
反面,又,7,14058,n,fǎn miàn,"reverse side,backside,the other side (of a problem etc),negative,bad",1
反射,又,7,9837,v,fǎn shè,"to reflect,reflection (from a mirror etc),reflex (i.e. automatic reaction of organism)",1
反省,又,7,10429,v,fǎn xǐng,"to reflect upon oneself,to examine one's conscience,to question oneself,to search one's soul",1
反思,又,6,12288,v,fǎn sī,"to think back over sth,to review,to revisit,to rethink,reflection,reassessment",1
反问,又,7,17873,v,fǎn wèn,"to ask (a question) in reply,to answer a question with a question,rhetorical question",1
反响,又,7,11329,n,fǎn xiǎng,"repercussions,reaction,echo",1
反应,又,5,1118,vn,fǎn yìng,"to react,to respond,reaction,response,reply,chemical reaction",1
反映,又,5,3914,v,fǎn yìng,"to mirror,to reflect,mirror image,reflection,(fig.) to report,to make known,to render",1
反正,又,5,1968,d,fǎn zhèng,"anyway,in any case,to come over from the enemy's side",1
反之,又,7,18222,c,fǎn zhī,"on the other hand...,conversely...",1
返还,辶,7,18090,v,fǎn huán,"restitution,return of something to its original owner,remittance",1
返回,辶,5,3952,v,fǎn huí,"to return to,to come (or go) back",1
犯,犭,6,1635,v,fàn,"to violate,to offend,to assault,criminal,crime,to make a mistake,recurrence (of mistake or sth bad)",1
犯愁,犭,7,38579,v,fàn chóu,"to worry,to be anxious",1
犯规,犭,7,6000,v,fàn guī,"to break the rules,an illegality,a foul",1
犯罪,犭,7,1108,vn,fàn zuì,"to commit a crime,crime; offense",1
泛滥,氵,7,13426,v,fàn làn,"to be in flood,to overflow (the banks),to inundate,to spread unchecked",1
饭,饣,1,1529,n,fàn,"cooked rice,meal,(loanword) fan,devotee",1
饭店,饣,1,3998,n,fàn diàn,"restaurant,hotel",1
饭馆,饣,2,16449,n,fàn guǎn,restaurant,1
饭碗,饣,7,12261,n,fàn wǎn,"rice bowl,fig. livelihood,job,way of making a living",1
范畴,艹,7,12483,n,fàn chóu,category,1
范围,艹,5,1325,n,fàn wéi,"range,scope,limit,extent",1
贩卖,贝,7,9252,v,fàn mài,"to sell,to peddle,to traffic",1
方,方,5,1012,q,Fāng,surname Fang,2
方案,方,5,2126,n,fāng àn,"plan,program (for action etc),proposal,proposed bill",1
方便,方,3,2014,v,fāng biàn,"convenient,suitable,to facilitate,to make things easy,having money to spare,(euphemism) to relieve oneself",1
方便面,方,3,16225,n,fāng biàn miàn,instant noodles,1
方法,方,3,577,n,fāng fǎ,"method,way,means",1
方方面面,方,6,18245,n,fāng fāng miàn miàn,"all sides; all aspects,multifaceted",1
方面,方,4,601,n,fāng miàn,"respect,aspect,field,side",1
方式,方,4,513,n,fāng shì,way; manner; style; mode; pattern,1
方位,方,6,9608,n,fāng wèi,"direction,points of the compass,bearing,position,azimuth",1
方向,方,3,1183,n,fāng xiàng,direction; orientation,1
方向盘,方,7,11228,n,fāng xiàng pán,steering wheel,1
方言,方,6,12942,n,Fāng yán,"the first Chinese dialect dictionary, edited by Yang Xiong 扬雄 in 1st century, containing over 9000 characters",2
方针,方,7,10718,n,fāng zhēn,"policy,guidelines",1
防,阝,5,2008,v,fáng,"to protect,to defend,to guard against,to prevent",1
防盗,阝,7,17252,vn,fáng dào,"to guard against theft,anti-theft",1
防盗门,阝,7,33898,n,fáng dào mén,security door,1
防范,阝,7,7713,v,fáng fàn,"to be on guard,wariness,to guard against,preventive",1
防护,阝,7,6699,vn,fáng hù,"to defend,to protect",1
防火墙,阝,7,13340,n,fáng huǒ qiáng,firewall,1
防守,阝,7,3740,v,fáng shǒu,"to defend,to protect (against)",1
防卫,阝,7,10458,vn,fáng wèi,"to defend,defensive,defense",1
防汛,阝,7,1000000,,fáng xùn,"flood control,anti-flood (precautions)",1
防疫,阝,7,31623,vn,fáng yì,to prevent epidemics,1
防御,阝,7,5137,vn,fáng yù,"defense,to defend",1
防止,阝,5,3244,v,fáng zhǐ,"to prevent,to guard against,to take precautions",1
防治,阝,6,16888,vn,fáng zhì,"to prevent and cure,prevention and cure",1
妨碍,女,6,6742,v,fáng ài,"to hinder,to obstruct",1
妨害,女,7,29334,v,fáng hài,"to jeopardize,to be harmful to,to undermine",1
房地产,户,7,3463,n,fáng dì chǎn,real estate,1
房东,户,4,9478,n,fáng dōng,landlord,1
房价,户,6,15046,n,fáng jià,"house price,cost of housing",1
房间,户,1,1357,n,fáng jiān,room,1
房屋,户,5,3692,n,fáng wū,"house,building",1
房子,户,3,1027,n,fáng zi,"house,building (single- or two-story),apartment,room",1
房租,户,4,9307,n,fáng zū,rent for a room or house,1
仿,亻,7,10541,v,fǎng,"to imitate,to copy",3
仿佛,亻,5,4286,d,fǎng fú,variant of 仿佛,2
仿制,亻,7,22999,v,fǎng zhì,"to copy,to imitate,to make by imitating a model",1
访谈,讠,6,9041,vn,fǎng tán,"to visit and discuss,to interview",1
访问,讠,5,3182,v,fǎng wèn,"to visit,to call on,to interview",1
纺织,纟,7,15626,vn,fǎng zhī,spinning and weaving,1
放,攵,3,280,v,fàng,"to put,to place,to release,to free,to let go,to let out,to set off (fireworks)",1
放大,攵,6,5489,v,fàng dà,"to enlarge,to magnify",1
放到,攵,3,3107,v,fàng dào,Put in,1
放过,攵,7,6937,v,fàng guò,"to let off,to let slip by,to let sb get away with sth",1
放假,攵,3,6177,v,fàng jià,to have a holiday or vacation,1
放弃,攵,4,994,v,fàng qì,to renounce; to abandon; to give up,1
放射,攵,7,8443,v,fàng shè,"to radiate,radioactive",1
放手,攵,6,4349,v,fàng shǒu,"to let go one's hold,to give up,to have a free hand",1
放暑假,攵,4,1000000,,fàng shǔ jià,to be on summer vacation,1
放水,攵,7,18677,v,fàng shuǐ,"to turn on the water,to let water out,(sports) to throw a game",1
放肆,攵,7,17039,a,fàng sì,"wanton,unbridled,presumptuous,impudent",1
放松,攵,4,2311,v,fàng sōng,to relax; to slacken; to loosen,1
放下,攵,2,2179,v,fàng xià,"to lay down,to put down,to let go of,to relinquish,to set aside,to lower (the blinds etc)",1
放心,攵,3,2458,v,fàng xīn,"to feel relieved,to feel reassured,to be at ease",1
放学,攵,3,7209,v,fàng xué,to dismiss students at the end of the school day,1
放映,攵,7,10612,v,fàng yìng,"to show (a movie),to screen",1
放置,攵,7,9015,v,fàng zhì,to put,1
放纵,攵,7,11175,v,fàng zòng,"to indulge,to pamper,to connive at,permissive,indulgent,self-indulgent,unrestrained,undisciplined,uncultured,boorish",1
飞,飞,2,779,v,fēi,to fly,1
飞船,飞,7,4796,n,fēi chuán,"spaceship,spacecraft,dirigible,airship",1
飞机,飞,1,1067,n,fēi jī,airplane,1
飞禽走兽,飞,7,85592,l,fēi qín zǒu shòu,"birds and animals,the beasts of the field and the birds of the air",1
飞速,飞,6,14513,d,fēi sù,"swift,rapidly",1
飞往,飞,7,8558,v,fēi wǎng,Go to,1
飞翔,飞,7,9925,v,fēi xiáng,"to circle in the air,to soar",1
飞行,飞,5,2835,vn,fēi xíng,"(of planes etc) to fly,flying,flight,aviation",1
飞行员,飞,5,5972,n,fēi xíng yuán,"pilot,aviator",1
飞跃,飞,7,11816,vn,fēi yuè,to leap,1
非,非,7,949,b,Fēi,"abbr. for 洲, Africa",2
非常,非,1,194,d,fēi cháng,"very; really,unusual; extraordinary",1
非得,非,7,8384,d,fēi děi,"(followed by a verb phrase, then – optionally – 不可, or 不行 etc) must",1
非法,非,7,2403,b,fēi fǎ,illegal,1
非凡,非,7,7729,z,fēi fán,"out of the ordinary,unusually (good, talented etc)",1
非金属,非,7,53625,n,fēi jīn shǔ,nonmetal (chemistry),1
绯闻,纟,7,10416,n,fēi wén,sex scandal,1
肥,⺼,6,2580,n,féi,"fat,fertile,loose-fitting or large,to fertilize,to become rich by illegal means,fertilizer,manure",1
肥料,⺼,7,11710,n,féi liào,"fertilizer,manure",1
肥胖,⺼,6,8910,a,féi pàng,fat; obese,1
肥沃,⺼,6,28240,a,féi wò,fertile,1
肥皂,⺼,7,10619,n,féi zào,soap,1
匪徒,匚,6,18089,n,fěi tú,"gangster,bandit",1
诽谤,讠,7,14273,v,fěi bàng,"to slander,to libel",1
废,广,7,5340,g,fèi,"to abolish,to abandon,to abrogate,to discard,to depose,to oust,crippled,abandoned,waste",2
废除,广,7,12112,v,fèi chú,"to abolish,to abrogate,to repeal",1
废话,广,7,6470,n,fèi huà,"nonsense,rubbish,superfluous words,You don't say!,No kidding! (gently sarcastic)",1
废品,广,7,14138,n,fèi pǐn,"production rejects,seconds,scrap,discarded material",1
废寝忘食,广,7,42829,v,fèi qǐn wàng shí,"to neglect sleep and forget about food (idiom),to skip one's sleep and meals,to be completely wrapped up in one's work",1
废物,广,7,7005,n,fèi wù,"rubbish,waste material,useless person",1
废墟,广,7,10824,n,fèi xū,ruins,1
沸沸扬扬,氵,7,23423,l,fèi fèi yáng yáng,"bubbling and gurgling,hubbubing,abuzz",1
沸腾,氵,7,11120,v,fèi téng,"(of a liquid) to boil,(of sentiments etc) to boil over,to flare up,to be impassioned",1
肺,⺼,6,3353,n,fèi,lung,1
费,贝,4,1997,n,Fèi,surname Fei,2
费劲,贝,7,14739,a,fèi jìn,"to require effort,strenuous",1
费用,贝,4,2364,n,fèi yòng,"cost,expenditure,expense",1
分,刀,1,372,t,fēn,"to divide; to separate,to distribute; to allocate,to distinguish (good and bad)",2
分辨,刀,7,9367,v,fēn biàn,"to distinguish; to differentiate,to resolve",1
分别,刀,5,2885,d,fēn bié,"to part; to leave each other,to distinguish; to tell apart,difference; distinction,in different ways; differently",1
分布,刀,5,7247,v,fēn bù,"to scatter,to distribute,to be distributed (over an area etc),(statistical, geographic) distribution",1
分成,刀,7,6386,v,fēn chéng,"to divide (into),to split a bonus,to break into,tenths,percentage allotment",1
分寸,刀,7,25716,n,fēn cun,"propriety,appropriate behavior,proper speech or action,within the norms",1
分担,刀,7,12501,v,fēn dān,"to share (a burden, a cost, a responsibility)",1
分割,刀,7,14451,v,fēn gē,"to cut up,to break up",1
分工,刀,6,12623,vn,fēn gōng,"to divide up the work,division of labor",1
分红,刀,7,12056,v,fēn hóng,"dividend,to award a bonus",1
分化,刀,7,13863,v,fēn huà,"to split apart,differentiation",1
分解,刀,7,8050,v,fēn jiě,"to resolve,to decompose,to break down",1
分开,刀,3,3365,v,fēn kāi,"to separate,to part",1
分类,刀,5,6516,vn,fēn lèi,to classify,1
分离,刀,5,3769,v,fēn lí,to separate,1
分量,刀,7,11274,n,fēn liàng,(vector) component,2
分裂,刀,7,4860,v,fēn liè,"to split up,to divide,to break up,fission,schism",1
分泌,刀,7,8707,v,fēn mì,"to secrete,secretion",1
分明,刀,7,9781,a,fēn míng,"clear,distinct,evidently,clearly",1
分配,刀,5,3851,v,fēn pèi,"to distribute,to assign,to allocate,to partition (a hard drive)",1
分歧,刀,7,7131,n,fēn qí,"divergent,difference (of opinion, position); disagreement,(math.) bifurcation",1
分散,刀,6,4846,v,fēn sàn,"to scatter,to disperse,to distribute",1
分手,刀,5,2494,v,fēn shǒu,"to part company,to split up,to break up",1
分数,刀,4,6646,n,fēn shù,"(exam) grade,mark,score,fraction",1
分外,刀,7,28084,d,fèn wài,"exceptionally,not one's responsibility or job",1
分为,刀,4,8420,v,fēn wéi,"to divide sth into (parts),to subdivide",1
分析,刀,5,1101,v,fēn xī,"to analyze,analysis",1
分享,刀,5,1375,v,fēn xiǎng,to share (let others have some of sth good),1
分赃,刀,7,39508,v,fēn zāng,to share the booty; to divide ill-gotten gains,1
分之,刀,4,42376,m,fēn zhī,(indicating a fraction),1
分支,刀,7,10988,n,fēn zhī,"branch (of company, river etc),to branch,to diverge,to ramify,to subdivide",1
分钟,刀,1,465,qt,fēn zhōng,minute,1
分组,刀,3,11653,v,fēn zǔ,"to divide into groups,group (formed from a larger group),subgroup,(computer networking) packet",1
吩咐,口,7,7516,v,fēn fù,"to tell,to instruct,to command",1
纷纷,纟,5,7895,d,fēn fēn,"one after another,in succession,one by one,continuously,diverse,in profusion,numerous and confused,pell-mell",1
芬芳,艹,7,20812,n,fēn fāng,"perfume,fragrant",1
氛围,气,6,8094,n,fēn wéi,"ambience,atmosphere",1
坟,土,7,12094,n,fén,"grave,tomb,embankment,mound,ancient book",1
坟墓,土,7,10256,n,fén mù,"grave,tomb",1
焚烧,火,7,14307,v,fén shāo,"to burn,to set on fire",1
粉,米,6,2506,n,fěn,"powder,cosmetic face powder,food prepared from starch; noodles or pasta made from any kind of flour,to turn to powder",1
粉末,米,7,12853,n,fěn mò,"fine powder,dust",1
粉色,米,6,6437,n,fěn sè,"pink,white,erotic,beautiful woman,powdered (with make-up)",1
粉丝,米,7,2568,n,fěn sī,"bean vermicelli,mung bean starch noodles,Chinese vermicelli,cellophane noodles,fan (loanword),enthusiast for sb or sth",1
粉碎,米,7,8160,v,fěn suì,to crush; to smash; to shatter,1
份,亻,4,608,q,fèn,"classifier for gifts, newspaper, magazine, papers, reports, contracts etc,variant of 分",1
份额,亻,7,11491,n,fèn é,"share,portion",1
奋斗,大,5,4365,v,fèn dòu,to strive; to struggle,1
奋力,大,7,10410,d,fèn lì,"to do everything one can,to spare no effort,to strive",1
奋勇,大,7,23421,d,fèn yǒng,"dauntless,to summon up courage and determination,using extreme force of will",1
愤怒,忄,6,3127,a,fèn nù,"angry,indignant,wrath,ire",1
粪,米,7,9130,n,fèn,"manure,dung",1
粪便,米,7,11814,n,fèn biàn,"excrement,feces,night soil",1
丰富,丨,4,2739,a,fēng fù,"to enrich,rich,plentiful,abundant",1
丰富多彩,丨,5,15312,v,fēng fù duō cǎi,richly colorful,1
丰厚,丨,7,9038,a,fēng hòu,generous; ample,1
丰满,丨,7,10502,a,Fēng mǎn,"Fengman district of Jilin city 吉林市, Jilin province",2
丰盛,丨,7,12952,a,fēng shèng,"rich,sumptuous",1
丰收,丨,6,12806,v,fēng shōu,bumper harvest,1
丰硕,丨,7,39053,a,fēng shuò,plentiful; substantial; rich (in resources etc),1
风,风,3,1150,n,fēng,"wind,news,style,custom,manner",1
风暴,风,7,5216,n,fēng bào,"storm,violent commotion,fig. crisis (e.g. revolution, uprising, financial crisis etc)",1
风波,风,7,14123,n,fēng bō,"disturbance,crisis,disputes,restlessness",1
风采,风,7,11129,n,fēng cǎi,"svelte,elegant manner,graceful bearing",1
风餐露宿,风,7,51627,v,fēng cān lù sù,"lit. to eat in the open air and sleep outdoors (idiom),fig. to rough it",1
风度,风,7,11221,n,fēng dù,"elegance (for men),elegant demeanor,grace,poise",1
风范,风,7,13966,n,fēng fàn,"air,manner,model,paragon,demeanor",1
风风雨雨,风,7,26049,l,fēng fēng yǔ yǔ,"trials and tribulations,ups and downs",1
风格,风,5,1644,n,fēng gé,style,1
风光,风,6,7917,n,fēng guāng,"scene,view,sight,landscape,to be well-regarded,to be well-off,grand (dialect),impressive (dialect)",1
风和日丽,风,7,34338,v,fēng hé rì lì,"moderate wind, beautiful sun (idiom); fine sunny weather, esp. in springtime",1
风景,风,4,4068,n,fēng jǐng,scenery; landscape,1
风浪,风,7,20255,n,fēng làng,"wind and waves; rough waters,(fig.) hardship",1
风力,风,6,16936,n,fēng lì,"wind force,wind power",1
风流,风,7,11898,a,fēng liú,"distinguished and accomplished,outstanding,talented in letters and unconventional in lifestyle,romantic,dissolute,loose",1
风貌,风,7,23784,n,fēng mào,"style,manner,ethos",1
风气,风,7,20442,n,fēng qì,"general mood,atmosphere,common practice",1
风情,风,7,7970,n,fēng qíng,"mien,bearing,grace,amorous feelings,flirtatious expressions,local conditions and customs,wind force, direction etc",1
风趣,风,7,13057,a,fēng qù,"charm,humor,wit,humorous,witty",1
风沙,风,7,36742,n,fēng shā,"sand blown by wind,sandstorm",1
风尚,风,7,10249,n,fēng shàng,"current custom,current way of doing things",1
风水,风,7,15242,n,fēng shuǐ,"feng shui,geomancy",1
风俗,风,5,15849,n,fēng sú,social custom,1
风土人情,风,7,39323,l,fēng tǔ rén qíng,local conditions and customs (idiom),1
风味,风,7,10726,n,fēng wèi,"distinctive flavor,distinctive style",1
风险,风,5,1705,n,fēng xiǎn,risk; hazard,1
风雨,风,6,12392,n,fēng yǔ,"wind and rain,the elements,(fig.) trials and hardships",1
风云,风,7,8577,n,fēng yún,"weather,unstable situation",1
风筝,风,7,11824,n,fēng zhēng,kite,1
封,寸,3,1534,q,Fēng,surname Feng,2
封闭,寸,6,5618,v,fēng bì,"to close; to seal off,to close down (an illegal venue),closed (i.e. isolated from outside input)",1
封顶,寸,7,26487,vn,fēng dǐng,"to put a roof (on a building),to cap the roof (finishing a building project),fig. to put a ceiling (on spending, prize",1
封建,寸,7,21265,a,fēng jiàn,"system of enfeoffment,feudalism,feudal,feudalistic",1
封面,寸,7,5727,n,fēng miàn,cover (of a publication),1
封锁,寸,7,5606,v,fēng suǒ,"to blockade,to seal off,to lock down",1
疯,疒,7,1448,v,fēng,"insane,mad,wild",1
疯狂,疒,5,1657,a,fēng kuáng,crazy; frenzied; wild,1
疯子,疒,7,5682,n,fēng zi,"madman,lunatic",1
峰回路转,山,7,36686,v,fēng huí lù zhuǎn,"the mountain road twists around each new peak (idiom),(of a mountain road) twisting and turning",1
峰会,山,7,11462,n,fēng huì,summit meeting,1
锋利,钅,7,13125,a,fēng lì,"sharp (e.g. knife blade),incisive,to the point",1
蜂蜜,虫,7,6769,n,fēng mì,honey,1
逢,辶,7,9707,v,féng,"to meet by chance,to come across,(of a calendar event) to come along,(of an event) to fall on (a particular day)",1
讽刺,讠,7,6348,v,fěng cì,"to satirize,to mock,irony,satire,sarcasm",1
凤凰,几,7,5578,n,Fèng huáng,Fenghuang County in Xiangxi Tujia and Miao Autonomous Prefecture 州,2
奉献,大,6,5701,v,fèng xiàn,"to offer respectfully,to consecrate,to dedicate,to devote",1
缝,纟,7,4653,v,féng,"to sew,to stitch",2
缝合,纟,7,9662,v,féng hé,"to sew together,suture (in surgery),to sew up (a wound)",1
否定,口,5,6489,v,fǒu dìng,"to negate,to deny,to reject,negative (answer),negation",1
否决,口,7,9806,v,fǒu jué,"to veto,to overrule",1
否认,口,5,3559,v,fǒu rèn,"to declare to be untrue,to deny",1
否则,口,4,1416,c,fǒu zé,otherwise; if not; or (else),1
孵化,子,7,14431,v,fū huà,"breeding,to incubate,innovation (esp. in commerce and marketing)",1
敷,攵,7,8453,v,fū,"to spread,to lay out,to apply (powder, ointment etc),sufficient (to cover),enough",1
敷衍,攵,7,15754,v,fū yǎn,"to elaborate (on a theme),to expound (the classics),perfunctory,to skimp,to botch",1
佛,亻,7,3671,n,Fó,Buddha; Buddhism (abbr. for 陀),3
佛教,亻,6,13331,nz,Fó jiào,Buddhism,1
扶,扌,5,4500,v,fú,"to support with the hand,to help sb up,to support oneself by holding onto something,to help",1
扶持,扌,7,10825,v,fú chí,"to help,to assist",1
服,月,6,1682,v,fú,"clothes,dress,garment,to serve (in the military, a prison sentence etc),to obey,to be convinced (by an argument)",2
服从,月,6,6168,v,fú cóng,"to obey (an order),to comply,to defer",1
服气,月,7,24524,v,fú qì,"to be convinced,to accept",1
服饰,月,7,7795,n,fú shì,"apparel,clothing and personal adornment",1
服务,月,3,732,vn,fú wù,"to serve,service",1
服务器,月,7,5345,n,fú wù qì,server (computer),1
服务员,月,3,5531,n,fú wù yuán,"waiter,waitress,attendant,customer service personnel",1
服用,月,6,5197,v,fú yòng,to take (medicine),1
服装,月,5,2475,n,fú zhuāng,"dress,clothing,costume,clothes",1
俘获,亻,7,21258,v,fú huò,"to capture (enemy property or personnel),capture (physics: absorption of subatomic particle by an atom or nucleus)",1
俘虏,亻,7,10181,n,fú lǔ,captive,1
浮,氵,6,4649,v,fú,"to float,superficial,floating,unstable,movable,provisional,temporary,transient,impetuous,hollow,inflated,to exceed",1
浮力,氵,7,38524,n,fú lì,buoyancy,1
浮现,氵,7,11691,v,fú xiàn,"to appear before one's eyes,to come into view,to float into appearance,to come back (of images from the past),to emerge",1
浮躁,氵,7,27975,a,fú zào,"fickle and impatient,restless,giddy,scatterbrained",1
符号,⺮,6,6994,n,fú hào,symbol; mark; sign,1
符合,⺮,4,1870,v,fú hé,"in keeping with,in accordance with,tallying with,in line with,to agree with,to accord with,to conform to",1
幅,巾,4,1668,q,fú,"width,roll,classifier for textiles or pictures",1
幅度,巾,6,10579,n,fú dù,"width,extent,range,scope",1
福,礻,5,2845,n,Fú,"surname Fu,abbr. for Fujian province 省",2
福利,礻,6,4685,n,fú lì,"material benefit,benefit in kind,(social) welfare",1
福气,礻,7,14676,n,fú qi,"good fortune,a blessing",1
辐射,车,7,5061,v,fú shè,radiation,1
抚摸,扌,7,10274,v,fǔ mō,"to gently caress and stroke,to pet,to fondle",1
抚恤,扌,7,50123,vn,fǔ xù,(of an organization that has a duty of care) to give financial support to relatives of sb who has died or suffered serio,1
抚养,扌,7,8358,v,fǔ yǎng,"to foster,to bring up,to raise",1
抚养费,扌,7,29072,n,fǔ yǎng fèi,child support payment (after a divorce),1
斧子,斤,7,29863,n,fǔ zi,"axe,hatchet",1
俯首,亻,7,40183,v,fǔ shǒu,to bend one's head,1
俯仰,亻,6,54510,,fǔ yǎng,"lowering and raising of the head,(fig.) small move,pitch (position angle)",1
辅导,车,6,7641,v,fǔ dǎo,"to give guidance,to mentor,to counsel,to coach,to tutor",1
辅助,车,6,7348,vn,fǔ zhù,"to assist; to aid,supplementary; auxiliary",1
腐败,肉,7,5148,an,fǔ bài,"corruption,to corrupt,to rot,rotten",1
腐化,肉,7,29148,v,fǔ huà,"to rot,to decay,to become corrupt",1
腐烂,肉,7,11803,v,fǔ làn,"to rot,to putrefy,(fig.) corrupt",1
腐蚀,肉,7,10998,v,fǔ shí,"corrosion,to corrode (degrade chemically),to rot,corruption",1
腐朽,肉,7,15832,a,fǔ xiǔ,"rotten,decayed,decadent,degenerate",1
父母,父,4,891,n,fù mǔ,father and mother; parents,1
父女,父,4,15502,n,fù nǚ,father and daughter,1
父亲,父,4,817,n,fù qīn,"father,also pr. [fù qin]",1
父子,父,4,8135,n,fù zǐ,father and son,1
付,亻,4,1840,v,Fù,surname Fu,2
付出,亻,5,2087,v,fù chū,to pay; to expend; to invest (energy or time),1
付费,亻,7,8266,v,fù fèi,"to pay,to cover the costs",1
付款,亻,7,9045,v,fù kuǎn,"to pay a sum of money,payment",1
妇女,女,5,2790,n,fù nǚ,woman,1
负,贝,7,2403,v,fù,"to bear,to carry (on one's back),to turn one's back on,to be defeated,negative (math. etc)",1
负担,贝,5,3554,n,fù dān,"to bear (an expense, a responsibility etc),burden",1
负面,贝,6,7335,b,fù miàn,"negative,the negative side",1
负有,贝,7,13800,v,fù yǒu,to be responsible for,1
负责,贝,4,876,v,fù zé,"to be in charge of,to take responsibility for,to be to blame,conscientious",1
负责人,贝,4,2871,n,fù zé rén,person in charge,1
附,阝,7,4355,v,fù,variant of 附,2
附带,阝,7,15212,v,fù dài,"supplementary,incidentally,in parentheses,by chance,in passing,additionally,secondary,subsidiary,to attach",1
附和,阝,7,26677,v,fù hè,"to agree,to go along with,to echo (what sb says)",1
附加,阝,7,9946,vn,fù jiā,"additional,annex",1
附件,阝,6,14333,n,fù jiàn,"enclosure,attachment (email),appendix",1
附近,阝,3,1020,f,fù jìn,"nearby; neighboring,(in the) vicinity (of); neighborhood",1
附属,阝,7,11094,vn,fù shǔ,"subsidiary,auxiliary,attached,affiliated,subordinate,subordinating",1
复查,夊,7,13076,v,fù chá,to check again; to re-examine,1
复发,夊,7,9826,v,fù fā,"to recur (of a disease),to reappear,to relapse (into a former bad state)",1
复合,夊,7,7196,v,fù hé,"(of people who were estranged) to be reconciled,(of a couple) to get back together",2
复活,夊,7,7585,v,fù huó,"to revive,(lit. and fig.) to come back to life,(religion) resurrection",1
复苏,夊,7,9349,v,fù sū,"to recover (health, economic),to resuscitate,anabiosis",2
复习,夊,3,6867,v,fù xí,"to review,revision",2
复兴,夊,7,13050,vn,Fù xīng,"Fuxing district of Handan city 邯郸市, Hebei,Fuxing or Fuhsing township in Taoyuan county 桃园县, north Taiwan",2
复印,夊,4,14608,v,fù yìn,"to photocopy,to duplicate a document",1
复原,夊,7,12604,v,fù yuán,"to restore (sth) to (its) former condition,to recover from illness,recovery",1
复杂,夊,4,1657,a,fù zá,complicated; complex,1
复制,夊,5,5395,v,fù zhì,"to duplicate,to make a copy of,to copy,to reproduce,to clone",1
赴,走,7,7281,v,fù,"to go,to visit (e.g. another country),to attend (a banquet etc)",1
副,刂,5,1325,b,fù,"secondary,auxiliary,deputy,assistant,vice-,abbr. for 副词 adverb,classifier for pairs, sets of things & facial expressions",1
副作用,刂,7,7428,n,fù zuò yòng,side effect,1
富,宀,5,3016,g,Fù,surname Fu,2
富含,宀,7,24113,v,fù hán,"to contain in great quantities,rich in",1
富豪,宀,7,12279,n,fù háo,rich and powerful person,1
富强,宀,7,32018,a,fù qiáng,rich and powerful,1
富人,宀,6,8367,n,fù rén,"rich person,the rich",1
富翁,宀,7,9267,n,fù wēng,"rich person,millionaire,billionaire",1
富有,宀,5,3988,v,fù yǒu,"rich; wealthy; affluent,to be rich in; to be replete with",1
富裕,宀,6,8806,a,Fù yù,"Fuyu county in Qiqihar 齐齐哈尔, Heilongjiang",2
富足,宀,7,25371,a,fù zú,"rich,plentiful",1
赋予,贝,6,5614,v,fù yǔ,"to assign,to entrust (a task),to give,to bestow",1
腹部,⺼,7,6969,n,fù bù,"abdomen,belly,flank",1
腹泻,⺼,7,13015,v,fù xiè,"diarrhea,to have the runs",1
覆盖,覀,6,5499,v,fù gài,to cover,1
夫妇,大,5,3257,n,fū fù,"a (married) couple,husband and wife",1
夫妻,大,3,3431,n,fū qī,husband and wife; married couple,1
夫人,大,6,2235,n,fū ren,"lady,madam,Mrs.",1
该,讠,3,116,v,gāi,"should,ought to,probably,must be,to deserve,to owe,to be sb's turn to do sth,that,the above-mentioned",1
改,攵,4,1070,v,gǎi,"to change,to alter,to transform,to correct",1
改版,攵,7,29989,v,gǎi bǎn,"to revise the current edition,revised edition",1
改编,攵,6,7933,v,gǎi biān,"to adapt,to rearrange,to revise",1
改变,攵,4,551,v,gǎi biàn,"to change,to alter,to transform",1
改动,攵,7,13209,v,gǎi dòng,"to alter,to modify,to revise",1
改革,攵,5,4569,vn,gǎi gé,"reform,to reform",1
改革开放,攵,7,3630,,gǎi gé kāi fàng,"to reform and open to the outside world,refers to Deng Xiaoping's policies from around 1980",1
改进,攵,5,4265,v,gǎi jìn,"to improve; to make better,improvement",1
改良,攵,7,13145,v,gǎi liáng,"to improve (sth),to reform (a system)",1
改名,攵,7,12996,v,gǎi míng,to change one's name,1
改日,攵,7,39207,d,gǎi rì,"another day,some other day",1
改善,攵,5,3674,v,gǎi shàn,to make better; to improve,1
改为,攵,7,33250,v,gǎi wéi,to change into,1
改邪归正,攵,7,37930,v,gǎi xié guī zhèng,"to mend one's ways (idiom),to turn over a new leaf",1
改造,攵,6,3348,v,gǎi zào,"to transform,to reform,to remodel,to remold",1
改正,攵,5,10338,v,gǎi zhèng,"to correct,to amend,to put right,correction",1
改装,攵,7,9297,v,gǎi zhuāng,"to change one's costume,to repackage,to remodel,to refit,to modify,to convert",1
钙,钅,7,8428,n,gài,calcium (chemistry),1
盖,皿,5,2188,v,Gě,surname Ge,2
盖章,皿,6,21728,v,gài zhāng,"to affix a seal,to stamp (a document),to sign off on sth",1
盖子,皿,7,15690,n,gài zi,"cover,lid,shell",1
概况,木,7,31253,n,gài kuàng,"general situation,summary",1
概括,木,5,11872,v,gài kuò,"to summarize; to generalize,briefly; in broad outline",1
概率,木,6,8852,n,gài lǜ,probability (math.),1
概论,木,7,56444,n,gài lùn,"outline,introduction,survey,general discussion",1
概念,木,5,3465,n,gài niàn,"concept,idea",1
甘心,甘,7,17629,v,gān xīn,"to be willing to,to resign oneself to",1
杆,木,7,2562,g,gān,pole,2
肝,⺼,6,4573,n,gān,"liver,(slang) to put in long hours, typically late into the night, playing (a video game)",1
肝脏,⺼,7,6835,n,gān zàng,liver,1
尴尬,尢,6,3013,a,gān gà,"awkward,embarrassed",1
赶,走,4,2113,v,gǎn,"to overtake; to catch up with,to hurry; to rush,to try to catch (the bus etc)",1
赶不上,走,6,17330,,gǎn bù shàng,"can't keep up with,can't catch up with,cannot overtake",1
赶到,走,3,2860,v,gǎn dào,to hurry (to some place),1
赶赴,走,7,21163,v,gǎn fù,"to hurry,to rush",1
赶紧,走,4,1994,d,gǎn jǐn,"hurriedly,without delay",1
赶快,走,4,2729,d,gǎn kuài,quickly; at once,1
赶忙,走,6,28753,d,gǎn máng,"to hurry,to hasten,to make haste",1
赶上,走,4,5046,v,gǎn shàng,"to keep up with,to catch up with,to overtake,to chance upon,in time for",1
赶往,走,7,11487,v,gǎn wǎng,to hurry to (somewhere),1
敢,攵,4,902,v,gǎn,"to dare,daring,(polite) may I venture",1
敢情,攵,7,24600,d,gǎn qing,"actually,as it turns out,indeed,of course",1
敢于,攵,5,9461,v,gǎn yú,"to have the courage to do sth,to dare to,bold in",1
感,心,4,939,g,gǎn,"to feel,to move,to touch,to affect,feeling,emotion,(suffix) sense of ~",1
感触,心,7,16304,n,gǎn chù,"one's thoughts and feelings,emotional stirring,moved,touched",1
感到,心,3,766,v,gǎn dào,to feel; to sense; to perceive,1
感动,心,4,2676,v,gǎn dòng,"to move (sb),to touch (sb emotionally),moving",1
感恩,心,7,6523,v,gǎn ēn,to be grateful,1
感激,心,6,3692,v,gǎn jī,"to be grateful,to appreciate,thankful",1
感觉,心,4,274,n,gǎn jué,"feeling; impression; sensation,to feel; to perceive",1
感慨,心,7,19967,v,gǎn kǎi,"to sigh with sorrow, regret etc,rueful,deeply moved",1
感冒,心,3,3621,v,gǎn mào,"to catch cold,(common) cold,(coll.) to be interested in (often used in the negative),(Tw) to detest,can't stand",1
感情,心,4,1257,n,gǎn qíng,"emotion,sentiment,affection,feelings between two persons",1
感染,心,6,2006,v,gǎn rǎn,"to infect; infection,(fig.) to influence",1
感染力,心,7,18227,n,gǎn rǎn lì,"infectiousness (of a disease),appeal; power; impact (of an image, marketing message, performance etc)",1
感人,心,4,6466,a,gǎn rén,touching; moving,1
感受,心,4,1286,v,gǎn shòu,"to sense,perception,to feel (through the senses),to experience,a feeling,an impression,an experience",1
感叹,心,7,16574,v,gǎn tàn,"to sigh (with feeling),to lament",1
感想,心,6,11649,n,gǎn xiǎng,"impressions,reflections,thoughts",1
感谢,心,4,749,v,gǎn xiè,"(express) thanks,gratitude,grateful,thankful,thanks",1
感兴趣,心,3,11617,a,gǎn xìng qù,to be interested,1
感性,心,7,8987,n,gǎn xìng,"perception,perceptual,sensibility,sensitive,emotional,sentimental",1
干,十,3,463,v,gān,old variant of 干,7
干杯,十,4,14023,v,gān bēi,"to drink a toast,Cheers! (proposing a toast),Here's to you!,Bottoms up!,lit. dry cup",1
干部,十,7,12896,n,gàn bù,"cadre,official,officer,manager",1
干脆,十,6,4467,d,gān cuì,"candid,direct and to the point,simply,just,might as well",1
干戈,十,7,49154,n,gān gē,"weapons of war,arms",1
干旱,十,6,13635,an,gān hàn,"drought,arid,dry",1
干活儿,十,4,41800,v,gàn huó r,"erhua variant of 干活,(coll.) to work,(coll.) to be employed",1
干劲,十,7,14053,n,gàn jìn,enthusiasm for doing sth,1
干净,十,3,2430,a,gān jìng,"clean,neat",1
干吗,十,3,5989,v,gàn má,see 干嘛,1
干扰,十,6,4467,v,gān rǎo,"to disturb,to interfere,perturbation,interference (physics)",1
干涉,十,7,6285,v,gān shè,"to interfere,to meddle,interference",1
干什么,十,1,2714,v,gàn shén me,"what are you doing?,what's he up to?",1
干事,十,7,18618,n,gàn shi,"administrator,executive secretary",1
干预,十,7,7478,v,gān yù,"to meddle,to intervene,intervention",1
干燥,十,6,8013,a,gān zào,"to dry (of weather, paint, cement etc),desiccation,dull,uninteresting,arid",1
刚,刂,3,436,d,gāng,"hard,firm,strong,just,barely,exactly",1
刚才,刂,3,1149,t,gāng cái,"just now,a moment ago",2
刚刚,刂,3,719,d,gāng gang,"just recently,just a moment ago",1
刚好,刂,5,4782,d,gāng hǎo,"just,exactly,to happen to be",1
刚毅,刂,7,35426,a,gāng yì,"resolute,steadfast,stalwart",1
杠杆,木,7,17014,n,gàng gǎn,"lever,pry bar,crowbar,financial leverage",1
杠铃,木,7,42600,n,gàng líng,barbell,1
纲领,纟,7,25287,n,gāng lǐng,"program (i.e. plan of action),guiding principle",1
纲要,纟,7,32270,n,gāng yào,"outline,essential points",1
缸,缶,7,11543,n,gāng,"jar,vat,classifier for loads of laundry",1
钢,钅,7,5658,n,gāng,steel,1
钢笔,钅,6,17703,n,gāng bǐ,fountain pen,1
钢琴,钅,4,4941,n,gāng qín,piano,1
钢铁,钅,7,6600,n,gāng tiě,steel,1
岗位,山,6,4669,n,gǎng wèi,a post; a job,1
港,氵,7,3599,n,Gǎng,"Hong Kong (abbr. for 港),surname Gang",2
港口,氵,6,5477,n,gǎng kǒu,"port,harbor",1
港湾,氵,7,17501,n,gǎng wān,bay serving as a harbor,1
高,高,2,290,a,Gāo,surname Gao,2
高昂,高,7,14805,a,gāo áng,"to hold (one's head) high,expensive,high (spirits etc)",1
高傲,高,7,14411,a,gāo ào,"arrogant,haughty,proud",1
高层,高,6,4795,n,gāo céng,"high-rise,high level; high class",1
高超,高,6,14033,a,gāo chāo,"excellent,superlative",1
高潮,高,7,4649,n,gāo cháo,"high tide; high water,upsurge; peak of activity,climax (of a story, a competition etc),to have an orgasm",1
高大,高,5,8700,a,gāo dà,tall; lofty; towering,1
高档,高,5,6468,b,gāo dàng,"superior quality,high grade,top grade",1
高等,高,6,9360,b,gāo děng,"high-level,higher (animals, education etc),advanced (math etc)",1
高低,高,7,13202,n,gāo dī,"height,altitude (aviation),pitch (music),ups and downs (success or failure),whether sth is right or wrong",1
高调,高,7,18658,n,gāo diào,"high-sounding speech,bombast,high-profile",1
高度,高,5,2308,d,gāo dù,"height,altitude,elevation,high degree,highly",1
高额,高,7,14909,b,gāo é,"high quota,large amount",1
高尔夫球,高,7,8444,n,gāo ěr fū qiú,"golf,golf ball",1
高峰,高,6,7388,n,gāo fēng,"peak,summit,height",1
高峰期,高,7,16706,n,gāo fēng qī,"peak period,rush hour",1
高跟鞋,高,5,7901,n,gāo gēn xié,high-heeled shoes,1
高贵,高,7,6767,a,gāo guì,"grandeur,noble",1
高级,高,5,2221,a,gāo jí,"high level,high grade,advanced,high-ranking",1
高价,高,4,12015,n,gāo jià,high price,1
高考,高,4,10815,v,gāo kǎo,college entrance exam (especially as abbr. for 普通高等学校招生全国统一考试),1
高科技,高,5,28429,n,gāo kē jì,high tech; high technology,1
高空,高,7,11173,s,gāo kōng,high altitude,1
高龄,高,7,19274,n,gāo líng,elderly,1
高明,高,7,9773,a,Gāo míng,"Gaoming District of Foshan City 市, Guangdong",2
高山,高,7,12430,n,gāo shān,high mountain; alpine mountain,1
高尚,高,6,7329,a,gāo shàng,"noble,lofty,refined,exquisite",1
高手,高,6,3886,n,gāo shǒu,"expert,past master,dab hand",1
高速,高,4,3638,b,gāo sù,"high speed,expressway (abbr. for 路)",1
高速公路,高,3,5363,n,gāo sù gōng lù,expressway; highway; freeway,1
高铁,高,3,25367,,gāo tiě,high speed rail,1
高温,高,4,8722,n,gāo wēn,high temperature,1
高效,高,5,9764,b,gāo xiào,"efficient,highly effective",1
高新技术,高,6,36865,n,gāo xīn jì shù,"high tech,high technology",1
高兴,高,1,920,a,gāo xìng,"happy,glad,willing (to do sth),in a cheerful mood",1
高血压,高,7,11570,n,gāo xuè yā,"high blood pressure,hypertension",1
高压,高,7,10221,n,gāo yā,"high pressure,high-handed",1
高雅,高,7,11195,a,gāo yǎ,"dainty,elegance,elegant",1
高于,高,4,7103,v,gāo yú,"greater than,to exceed",1
高原,高,6,12340,n,gāo yuán,plateau,1
高涨,高,7,10570,a,gāo zhǎng,"to surge up,to rise,(of tensions etc) to run high",1
高中,高,2,2025,n,gāo zhōng,"senior high school,abbr. for 高级中学",2
搞,扌,5,387,v,gǎo,"to do,to make,to go in for,to set up,to get hold of,to take care of",1
搞鬼,扌,7,35904,v,gǎo guǐ,"to make mischief,to play tricks",1
搞好,扌,5,8974,v,gǎo hǎo,"to do well at,to do a good job",1
搞笑,扌,7,1000000,,gǎo xiào,"to get people to laugh,funny,hilarious",1
稿件,禾,6,22943,n,gǎo jiàn,"piece of writing submitted for publication,manuscript,article",1
稿子,禾,6,15322,n,gǎo zi,"draft of a document,script,manuscript,mental plan,precedent",1
告,口,7,3092,v,gào,"to say,to tell,to announce,to report,to denounce,to file a lawsuit,to sue",1
告别,口,5,4591,v,gào bié,"to leave; to part from,to bid farewell to; to say goodbye to",1
告辞,口,7,16347,v,gào cí,"to say goodbye,to take one's leave",1
告诫,口,7,12672,v,gào jiè,"to warn,to admonish",1
告示,口,7,18615,n,gào shi,announcement,1
告诉,口,2,252,v,gào sù,to press charges; to file a complaint,2
告知,口,7,5005,v,gào zhī,to inform,1
告状,口,7,22767,v,gào zhuàng,"to tell on sb,to complain (to a teacher, a superior etc),to bring a lawsuit",1
戈壁,戈,7,43072,n,Gē bì,Gobi (desert),1
疙瘩,疒,7,20368,n,gē da,"swelling or lump on skin; pimple,knot; lump,preoccupation; problem",1
哥,口,1,1132,n,gē,elder brother,1
哥哥,口,1,1655,n,gē ge,older brother,1
胳膊,⺼,4,5256,n,gē bo,arm,1
鸽子,鸟,7,9334,n,gē zi,"pigeon,dove,various birds of the family Columbidae",1
割,刂,6,4717,v,gē,"to cut,to cut apart",1
搁,扌,7,13072,v,gē,"to place,to put aside,to shelve",2
搁浅,扌,7,19247,v,gē qiǎn,"to be stranded (of ship),to run aground,fig. to run into difficulties and stop",1
搁置,扌,7,18213,v,gē zhì,"to shelve,to set aside",1
歌,欠,1,702,n,gē,"song,to sing",2
歌唱,欠,6,7200,v,gē chàng,to sing,1
歌词,欠,5,5523,n,gē cí,"song lyric,lyrics",1
歌剧,欠,7,10730,n,gē jù,Western opera,1
歌迷,欠,3,6912,n,gē mí,fan of a singer,1
歌曲,欠,5,2500,n,gē qǔ,song,1
歌声,欠,4,6372,n,gē shēng,"singing voice,fig. original voice of a poet",1
歌手,欠,4,3028,n,gē shǒu,singer,1
歌颂,欠,7,18555,v,gē sòng,"to sing the praises of,to extol,to eulogize",1
歌舞,欠,7,9676,n,gē wǔ,singing and dancing,1
歌星,欠,6,13160,n,gē xīng,"singing star,famous singer",1
歌咏,欠,7,50700,n,gē yǒng,to sing,1
革命,革,6,2986,vn,gé mìng,"to withdraw the mandate of heaven (and transition to a new dynasty) (original meaning),revolution,revolutionary",1
革新,革,7,13372,vn,gé xīn,"to innovate,innovation",1
格,木,7,1674,n,gé,"square,frame,rule,(legal) case,style,character,standard,pattern,(grammar) case,(classical) to obstruct,to hinder",1
格格不入,木,7,21750,v,gé gé bù rù,"(idiom) inharmonious,incompatible",1
格局,木,7,15477,n,gé jú,"structure,pattern,layout",1
格式,木,7,11622,n,gé shì,"form,specification,format",1
格外,木,5,8815,d,gé wài,"especially,particularly",1
隔,阝,5,3463,v,gé,"to separate,to partition,to stand or lie between,at a distance from,after or at an interval of",1
隔壁,阝,6,5305,s,gé bì,"next door,neighbor",1
隔阂,阝,7,20336,n,gé hé,"misunderstanding,estrangement,(language etc) barrier",1
隔开,阝,4,29275,,gé kāi,to separate,1
隔离,阝,7,5300,vn,gé lí,"to separate,to isolate",1
个,丨,1,19,q,gě,used in 自个儿,3
个案,丨,7,18891,n,gè àn,individual case; special case,1
个别,丨,5,6477,a,gè bié,"individually; one by one,just one or two; exceptional; rare",1
个儿,丨,5,25731,n,gè r,"size,height,stature",1
个人,丨,5,636,n,gè rén,"individual,personal,oneself",1
个体,丨,6,7735,n,gè tǐ,individual,1
个头儿,丨,7,87095,,gè tóu r,"size,height,stature",1
个性,丨,5,2614,n,gè xìng,"individuality,personality",1
个子,丨,2,10888,n,gè zi,"height,stature,build,size",1
各,口,4,1022,r,gè,"each,every",1
各奔前程,口,7,66834,v,gè bèn qián chéng,each goes his own way (idiom); each person has his own life to lead,1
各地,口,4,3044,r,gè dì,"in all parts of (a country),various regions",1
各个,口,4,3882,r,gè gè,"every,various,separately, one by one",1
各式各样,口,7,16165,l,gè shì gè yàng,"(of) all kinds and sorts,various",1
各抒己见,口,7,46742,v,gè shū jǐ jiàn,everyone gives their own view,1
各位,口,4,786,r,gè wèi,"everybody,all (guests, colleagues etc),all of you",1
各种,口,4,1510,r,gè zhǒng,every kind of; all kinds of; various,1
各自,口,5,3398,r,gè zì,"each,respective,apiece",1
给,纟,1,46,p,gěi,"to,for,for the benefit of,to give,to allow,to do sth (for sb),(grammatical equivalent of 被)",2
给予,纟,6,2680,v,jǐ yǔ,(literary) to give; to accord; to render,1
根,木,5,1181,q,gēn,"root,basis,classifier for long slender objects, e.g. cigarettes, guitar strings,radical (chemistry)",1
根本,木,5,591,d,gēn běn,"fundamental,basic,root,simply,absolutely (not),(not) at all",1
根基,木,7,21199,n,gēn jī,foundation,1
根据,木,3,694,p,gēn jù,"according to,based on,basis,foundation",1
根深蒂固,木,7,25542,v,gēn shēn dì gù,deep-rooted (problem etc),1
根源,木,7,10013,n,gēn yuán,"origin,root (cause)",1
根治,木,7,22172,v,gēn zhì,"to bring under permanent control,to effect a radical cure",1
跟,足,2,135,p,gēn,"heel,to follow closely,to go with,(of a woman) to marry sb,with,compared with,to,towards,and (joining two nouns)",1
跟不上,足,7,12757,v,gēn bu shàng,not able to keep up with,1
跟前,足,6,13531,f,gēn qián,"the front (of),(in) front,(in) sb's presence,just before (a date)",2
跟上,足,7,21572,v,gēn shàng,"to catch up with,to keep pace with",1
跟随,足,6,6503,v,gēn suí,to follow,1
跟踪,足,6,3163,v,gēn zōng,"to follow sb's tracks,to tail,to shadow,tracking",1
耕地,耒,7,19605,n,gēng dì,"arable land,to plow land",1
耿直,耳,7,54019,a,gěng zhí,"honest,frank,candid",1
更,曰,3,127,d,gēng,"to change or replace,to experience,one of the five two-hour periods into which the night was formerly divided",2
更改,曰,7,9840,v,gēng gǎi,to alter,1
更换,曰,5,6605,v,gēng huàn,"to replace (a worn-out tire etc),to change (one's address etc)",1
更加,曰,4,1185,d,gèng jiā,"more (than sth else),even more",1
更是,曰,6,15824,d,gèng shì,even more (so),1
更新,曰,5,5383,v,gēng xīn,"to replace the old with new,to renew,to renovate,to upgrade,to update,to regenerate",1
更衣室,曰,7,15045,n,gēng yī shì,"change room; dressing room; locker room,(euphemism) toilet",1
更正,曰,7,15240,v,gēng zhèng,"to correct,to make a correction",1
工厂,工,4,2656,n,gōng chǎng,factory,1
工程,工,5,2579,n,gōng chéng,"engineering,an engineering project,project,undertaking",1
工程师,工,5,5605,n,gōng chéng shī,engineer,1
工地,工,6,6373,n,gōng dì,construction site,1
工夫,工,6,10723,n,gōng fū,(old) laborer,2
工会,工,7,5950,n,gōng huì,"labor union,trade union",1
工具,工,5,2299,n,gōng jù,"tool,instrument,utensil,means (to achieve a goal etc)",1
工科,工,7,40069,n,gōng kē,engineering as an academic subject,1
工人,工,4,2405,n,gōng rén,worker,1
工商,工,6,15403,n,gōng shāng,industry and commerce,1
工商界,工,7,19576,,gōng shāng jiè,"industry,the world of business",1
工序,工,6,30562,n,gōng xù,"working procedure,process",1
工业,工,5,3316,n,gōng yè,industry,1
工艺,工,5,10095,n,gōng yì,"arts and crafts,industrial arts",1
工艺品,工,5,18046,n,gōng yì pǐn,"handicraft article,handiwork",1
工整,工,7,37070,a,gōng zhěng,"fine work,carefully and neatly done",1
工资,工,4,2532,n,gōng zī,wages; pay,1
工作,工,1,111,vn,gōng zuò,"to work,(of a machine) to operate,job,work,task",1
工作量,工,7,15414,n,gōng zuò liàng,"workload,volume of work",1
工作日,工,3,14471,n,gōng zuò rì,"workday,working day,weekday",1
弓,弓,7,9187,n,Gōng,surname Gong,2
公,八,6,2520,g,gōng,"public,collectively owned,common,international (e.g. high seas, metric system, calendar),make public,fair,just,Duke",1
公安,八,6,13957,n,gōng ān,"(Ministry of) Public Security,public safety,public security",1
公安局,八,7,27713,n,gōng ān jú,public security bureau (government office similar in function to a police station),1
公布,八,5,2655,v,gōng bù,"to announce,to make public,to publish",1
公车,八,7,6859,n,gōng chē,"bus,abbr. for 公共汽车,car belonging to an organization and used by its members (government car, police car",1
公道,八,7,10998,a,gōng dào,"justice,fairness,public highway",2
公费,八,7,25640,n,gōng fèi,at public expense,1
公告,八,6,6445,n,gōng gào,"post,announcement",1
公共,八,4,2356,b,gōng gòng,public; common; communal,1
公共场所,八,7,12998,n,gōng gòng chǎng suǒ,public place,1
公共汽车,八,2,13591,,gōng gòng qì chē,bus,1
公关,八,7,8081,n,gōng guān,public relations,1
公函,八,7,64279,n,gōng hán,official letter,1
公鸡,八,6,15990,n,gōng jī,"cock,rooster",1
公积金,八,7,6101,,gōng jī jīn,"official reserves,accumulated fund",1
公交车,八,2,1000000,,gōng jiāo chē,"public transport vehicle,town bus",1
公斤,八,3,4784,q,gōng jīn,kilogram (kg),1
公开,八,6,1840,v,gōng kāi,"open; overt; public,to make public; to release",1
公开信,八,7,35990,n,gōng kāi xìn,open letter,1
公款,八,7,11000,n,gōng kuǎn,public money,1
公里,八,4,2531,q,gōng lǐ,kilometer,1
公立,八,7,17751,b,gōng lì,"public (e.g. school, hospital)",1
公路,八,4,2388,n,gōng lù,"highway,road",1
公民,八,6,2877,n,gōng mín,citizen,1
公墓,八,7,17129,n,gōng mù,public cemetery,1
公平,八,5,2218,a,gōng píng,"fair,impartial",1
公婆,八,6,32691,n,gōng pó,"husband's parents,parents-in-law",1
公仆,八,7,21626,n,gōng pú,public servant,1
公顷,八,7,20731,q,gōng qǐng,hectare,1
公然,八,7,12264,d,gōng rán,"openly,publicly,undisguised",1
公认,八,6,10650,v,gōng rèn,"publicly known (to be),accepted (as)",1
公示,八,7,1000000,,gōng shì,"to make known to the public (for information or to seek comments),public notification",1
公式,八,7,10474,n,gōng shì,formula,1
公事,八,7,18399,n,gōng shì,"work-related matters,documents",1
公司,八,1,220,n,gōng sī,company; firm; corporation,1
公务,八,7,8888,n,gōng wù,official business,1
公务员,八,5,8047,n,gōng wù yuán,"functionary,office-bearer",1
公益,八,6,9463,n,gōng yì,public good; public welfare; public interest,1
公益性,八,7,14186,,gōngyì xìng,Public welfare,1
公用,八,7,16875,vn,gōng yòng,"public,for public use",1
公寓,八,5,2963,n,gōng yù,"apartment building,block of flats",1
公元,八,6,12319,n,gōng yuán,"CE (Common Era),Christian Era,AD (Anno Domini)",1
公园,八,3,2134,n,gōng yuán,park (for public recreation),1
公约,八,7,14016,n,gōng yuē,convention (i.e. international agreement),1
公正,八,6,3881,a,gōng zhèng,just; fair; equitable,1
公证,八,7,16782,n,gōng zhèng,"notarization,notarized,acknowledgement",1
公职,八,7,21674,n,gōng zhí,"civil service,public office,government job",1
公众,八,6,2628,n,gōng zhòng,public,1
公主,八,6,2764,n,gōng zhǔ,princess,1
功,力,7,5063,n,gōng,"meritorious deed or service,achievement,result,service,accomplishment,work (physics)",1
功臣,力,7,21834,n,gōng chén,minister who has given outstanding service,1
功底,力,7,26517,n,gōng dǐ,"training in the basic skills,knowledge of the fundamentals",1
功夫,力,4,3675,n,gōng fu,"skill,art,kung fu,labor,effort",1
功课,力,4,9040,n,gōng kè,"homework,assignment,task,classwork,lesson,study",1
功劳,力,7,9813,n,gōng láo,"contribution,meritorious service,credit",1
功力,力,7,15370,n,gōng lì,"merit,efficacy,competence,skill,power",1
功率,力,7,15055,n,gōng lǜ,"rate of work,power (output)",1
功能,力,5,2138,n,gōng néng,function; capability,1
功效,力,6,12192,n,gōng xiào,efficacy,1
攻,攵,7,4153,v,gōng,"to attack,to accuse,to study",1
攻读,攵,7,24619,v,gōng dú,"to major (in a field),to study a specialty to obtain a higher degree",1
攻关,攵,7,46523,vn,gōng guān,"to storm a strategic pass,fig. to tackle a key problem",1
攻击,攵,6,1579,v,gōng jī,"to attack,to accuse,to charge,an attack (terrorist or military)",1
攻克,攵,7,17154,v,gōng kè,"to capture,to take,to overcome,to solve",1
供,亻,7,2274,v,gōng,"to provide,to supply",2
供不应求,亻,7,23912,v,gōng bù yìng qiú,supply does not meet demand,1
供奉,亻,7,23678,v,gòng fèng,"to consecrate,to enshrine and worship,an offering (to one's ancestors),a sacrifice (to a god)",1
供给,亻,6,6645,vn,gōng jǐ,"to furnish,to provide,supply (as in supply and demand)",1
供暖,亻,7,19635,v,gōng nuǎn,"to supply heating (in a building),heating",1
供求,亻,7,23788,n,gōng qiú,supply and demand (economics),1
供应,亻,6,3514,vn,gōng yìng,"to supply,to provide,to offer",1
宫,宀,6,3150,g,Gōng,surname Gong,2
宫殿,宀,7,11395,n,gōng diàn,palace,1
宫廷,宀,7,15026,n,gōng tíng,court (of king or emperor),1
恭敬,⺗,7,21818,a,gōng jìng,"deferential,respectful",1
恭维,⺗,7,14955,v,gōng wei,"to praise,to speak highly of,compliment,praise",1
恭喜,⺗,5,2480,v,gōng xǐ,"to congratulate,(interj.) congratulations!",1
巩固,工,6,9856,v,gǒng gù,"to consolidate,consolidation,to strengthen",1
拱,扌,7,13579,v,gǒng,"to cup one's hands in salute,to surround,to arch,to dig earth with the snout,arched",1
共,八,4,1227,d,gòng,"common,general,to share,together,total,altogether,abbr. for 共产党, Communist party",1
共和国,八,7,6012,n,gòng hé guó,republic,1
共计,八,6,19358,v,gòng jì,"to sum up to,to total",1
共鸣,八,7,11154,vn,gòng míng,"(physics) to resonate; resonance,sympathetic response",1
共识,八,7,6425,n,gòng shí,"common understanding,consensus",1
共同,八,4,1623,d,gòng tóng,"common,joint,jointly,together,collaborative",1
共同体,八,7,25376,n,gòng tóng tǐ,community,1
共享,八,5,5789,v,gòng xiǎng,"to share,to enjoy together",1
共性,八,7,23643,n,gòng xìng,overall character,1
共有,八,3,5958,v,gòng yǒu,"to have altogether,in all",1
贡献,贝,5,2991,n,gòng xiàn,"to contribute,to dedicate,to devote,contribution",1
勾,勹,7,6157,v,Gōu,surname Gou,3
勾画,勹,7,26891,v,gōu huà,"to sketch out,to delineate",1
勾结,勹,7,15011,v,gōu jié,"to collude with,to collaborate with,to gang up with",1
沟,氵,6,6312,n,gōu,"ditch,gutter,groove,gully,ravine",1
沟通,氵,5,3266,v,gōu tōng,"to join; to connect; to link up,to communicate",1
钩,钅,7,5639,n,gōu,variant of 钩,2
钩子,钅,7,12005,n,gōu zi,hook,1
狗,犭,1,620,n,gǒu,dog,1
构成,木,5,4510,v,gòu chéng,"to constitute,to form,to compose,to make up,to configure (computing)",1
构建,木,7,12897,v,gòu jiàn,to construct (sth abstract),1
构思,木,7,11513,v,gòu sī,"to design,to plot,to plan out,to compose,to draw a mental sketch,conception,plan,idea,composition",1
构想,木,7,14061,vn,gòu xiǎng,"to conceive,concept",1
构造,木,6,9731,n,gòu zào,"structure,composition,tectonic (geology)",1
购,贝,7,4316,g,gòu,"to buy,to purchase",1
购买,贝,4,2972,v,gòu mǎi,to purchase; to buy,1
购物,贝,4,2912,v,gòu wù,shopping,1
够,夕,4,1173,v,gòu,"enough (sufficient),enough (too much),(coll.) (before adj.) really,(coll.) to reach by stretching out",1
够呛,夕,7,21389,v,gòu qiàng,"unbearable,terrible,enough,unlikely",1
估计,亻,4,1586,v,gū jì,"to estimate,to reckon,(coll.) to suppose",1
估算,亻,7,14723,v,gū suàn,"assessment,evaluation",1
姑姑,女,6,10577,n,gū gu,paternal aunt,1
姑娘,女,4,1474,n,gū niang,"girl,young woman,young lady,daughter,paternal aunt (old)",1
姑且,女,7,24572,d,gū qiě,"for the time being,tentatively",1
孤单,子,7,3459,a,gū dān,"lone,lonely,loneliness",1
孤独,子,6,2987,a,gū dú,"lonely,solitary",1
孤儿,子,7,4797,n,gū ér,orphan,1
孤立,子,7,9536,v,gū lì,"isolated,to isolate",1
孤零零,子,7,22095,z,gū líng líng,"lone,isolated and without help,all alone,solitary",1
孤陋寡闻,子,7,44513,v,gū lòu guǎ wén,"ignorant and inexperienced,ill-informed and narrow-minded",1
沽名钓誉,氵,7,57130,v,gū míng diào yù,"to angle for fame (idiom),to fish for compliments",1
辜负,辛,7,11000,v,gū fù,"to fail to live up (to expectations),unworthy (of trust),to let down,to betray (hopes),to disappoint",1
古,口,5,2558,a,Gǔ,surname Gu,2
古代,口,5,6123,t,gǔ dài,ancient times,1
古典,口,6,7746,b,gǔ diǎn,classical,1
古董,口,7,10388,n,gǔ dǒng,"curio,antique",1
古怪,口,7,7231,a,gǔ guài,"strange,weird,eccentric,bizarre",1
古迹,口,6,21766,n,gǔ jì,"places of historic interest,historical sites",1
古今中外,口,7,28984,,gǔ jīn zhōng wài,at all times and in all places (idiom),1
古老,口,5,5243,a,gǔ lǎo,"ancient,old,age-old",1
古朴,口,7,32851,a,gǔ pǔ,"simple and unadorned (of art, architecture etc)",1
古人,口,6,10424,n,gǔ rén,"people of ancient times,the ancients,extinct human species such as Homo erectus or Homo neanderthalensis",1
股,⺼,7,1720,q,gǔ,"thigh,part of a whole,portion of a sum,(stock) share,strand of a thread,low-level administrative unit",1
股东,⺼,7,5090,n,gǔ dōng,"shareholder,stockholder",1
股份,⺼,7,5040,n,gǔ fèn,"a share (in a company),stock",1
股民,⺼,7,29691,n,gǔ mín,"stock investor,share trader",1
股票,⺼,6,2731,n,gǔ piào,"share certificate,stock (finance)",1
股市,⺼,6,7954,n,gǔ shì,stock market,1
骨干,骨,7,19116,n,gǔ gàn,"diaphysis (long segment of a bone),fig. backbone",1
骨气,骨,7,24898,n,gǔ qì,"unyielding character,courageous spirit,integrity,moral backbone",1
骨头,骨,6,5565,n,gǔ tou,"bone,moral character,bitterness,Taiwan pr. [gú tou]",1
骨折,骨,7,4712,v,gǔ zhé,"to suffer a fracture,(of a bone) to break,fracture",1
鼓,鼓,5,5510,v,gǔ,old variant of 鼓,2
鼓动,鼓,7,18489,v,gǔ dòng,"to urge (an activity that may be beneficial, harmful or neutral); to encourage; to agitate; to instigate; to incite",1
鼓励,鼓,4,2649,v,gǔ lì,to encourage,1
鼓舞,鼓,6,6725,v,gǔ wǔ,"heartening (news),to boost (morale)",1
鼓掌,鼓,5,6623,v,gǔ zhǎng,"to applaud,to clap",1
固定,囗,5,3096,a,gù dìng,"to fix,to fasten,to set rigidly in place,fixed,set,regular",1
固然,囗,7,15998,c,gù rán,admittedly (it's true that...),1
固体,囗,6,14926,n,gù tǐ,solid,1
固有,囗,7,19015,b,gù yǒu,"intrinsic to sth,inherent,native",1
固执,囗,7,8209,a,gù zhí,"obstinate,stubborn,to fixate on,to cling to",1
故,攵,7,6035,c,gù,"happening,instance,reason,cause,intentional,former,old,friend,therefore,hence,(of people) to die, dead",1
故事,攵,3,772,n,gù shì,old practice,2
故乡,攵,5,9198,n,gù xiāng,"home,homeland,native place",1
故意,攵,4,2426,d,gù yì,deliberately; on purpose,1
故障,攵,6,4690,n,gù zhàng,"malfunction,breakdown,defect,shortcoming,fault,failure,impediment,error,bug (in software)",1
顾,页,6,5341,v,Gù,surname Gu,2
顾不得,页,7,31355,v,gù bu de,"unable to change sth,unable to deal with",1
顾不上,页,7,1000000,,gù bu shàng,cannot attend to or manage,1
顾及,页,7,13733,v,gù jí,"to take into consideration,to attend to",1
顾客,页,4,2706,n,gù kè,customer; client,1
顾虑,页,7,10038,n,gù lǜ,"misgivings,apprehensions",1
顾全大局,页,7,40823,v,gù quán dà jú,"to take the big picture into consideration (idiom),to work for the benefits of all",1
顾问,页,6,3747,n,gù wèn,"adviser,consultant",1
雇,隹,7,6583,v,gù,variant of 雇,2
雇佣,隹,7,8415,v,gù yōng,"to employ,to hire",1
雇员,隹,7,8582,n,gù yuán,employee,1
雇主,隹,7,10785,n,gù zhǔ,employer,1
瓜,瓜,4,6211,n,guā,"melon,gourd,squash",1
瓜分,瓜,7,26284,v,guā fēn,"to partition,to divide up",1
瓜子,瓜,7,22538,n,guā zǐ,"melon seed,seeds of pumpkin, watermelon or sunflower etc, roasted and flavored, consumed as a snack",1
刮,刂,3,3910,v,guā,"to scrape,to blow,to shave,to plunder,to extort",2
刮风,刂,7,35620,v,guā fēng,to be windy,1
寡妇,宀,7,14083,n,guǎ fu,widow,1
挂,扌,4,1092,v,guà,"to hang or suspend (from a hook etc),to hang up (the phone),(of a line) to be dead,to be worried or concerned",1
挂钩,扌,7,26160,v,guà gōu,to couple; to link; to hook together,1
挂号,扌,5,28577,v,guà hào,"to register (at a hospital etc),to send by registered mail",1
挂念,扌,7,18676,v,guà niàn,concerned,1
挂失,扌,7,34670,v,guà shī,to report the loss of something,1
乖,丿,7,3704,a,guāi,"(of a child) obedient, well-behaved,clever,shrewd,alert,perverse,contrary to reason,irregular,abnormal",1
乖巧,丿,7,23913,a,guāi qiǎo,"clever (child),smart,lovable,cute",1
拐,扌,6,7146,v,guǎi,"to turn (a corner etc),to kidnap,to swindle,to misappropriate,seven (used as a substitute for 七),variant of 拐",3
拐弯,扌,6,21000,v,guǎi wān,"to go round a curve,to turn a corner,fig. a new direction",1
拐杖,扌,7,16022,n,guǎi zhàng,"crutches,crutch,walking stick",1
怪,忄,5,1329,v,guài,"bewildering,odd,strange,uncanny,devil,monster,to wonder at,to blame,quite,rather",2
怪不得,忄,7,7596,d,guài bu de,"no wonder!,so that's why!",1
怪物,忄,7,4575,n,guài wu,"monster,freak,eccentric person",1
怪异,忄,7,7869,a,guài yì,"monstrous,strange,strange phenomenon",1
关,丷,3,1129,v,Guān,surname Guan,2
关爱,丷,6,8741,v,guān ài,to show concern and care for,1
关闭,丷,5,3178,v,guān bì,"to close; to shut (a window etc),(of a shop, school etc) to shut down",1
关掉,丷,7,9259,v,guān diào,to switch off; to shut off,1
关怀,丷,6,8489,vn,guān huái,"care,solicitude,to show care for,concerned about,attentive to",1
关机,丷,3,9207,v,guān jī,"to turn off (a machine or device),to finish shooting a film",1
关键,丷,4,1131,n,guān jiàn,"crucial point,crux,key,crucial,pivotal",1
关节,丷,7,7040,n,guān jié,"joint (physiology),key point,critical phase",1
关联,丷,6,4086,vn,guān lián,"to be related; to be connected,relationship; connection",1
关上,丷,1,7234,v,guān shàng,"to close (a door),to turn off (light, electrical equipment etc)",1
关税,丷,7,19564,n,guān shuì,"customs duty,tariff",1
关头,丷,7,13674,n,guān tóu,"juncture,moment",1
关系,丷,3,318,n,guān xi,"relation,relationship,to concern,to affect,to have to do with,guanxi",2
关心,丷,3,1190,v,guān xīn,"to be concerned about,to care about",1
关于,丷,3,478,p,guān yú,"pertaining to,concerning,with regard to,about,a matter of",1
关照,丷,7,10368,v,guān zhào,"to take care,to keep an eye on,to look after,to tell,to remind",1
关注,丷,3,1125,v,guān zhù,"to pay attention to,to follow sth closely,to follow (on social media),concern,interest,attention",1
观测,见,7,13587,vn,guān cè,"to observe,to survey,observation (scientific etc)",1
观察,见,5,1708,v,guān chá,to observe; to watch; to survey,1
观点,见,5,2211,n,guān diǎn,"point of view,viewpoint,standpoint",1
观感,见,7,39081,n,guān gǎn,"one's impressions,observations",1
观光,见,6,9386,v,guān guāng,"to tour,sightseeing,tourism",1
观看,见,4,3644,v,guān kàn,to watch; to view,1
观摩,见,7,15453,v,guān mó,"to observe and emulate,to study (esp. following sb's example)",1
观念,见,5,4558,n,guān niàn,"notion,thought,concept,sense,views,ideology,general impressions",1
观赏,见,6,9677,v,guān shǎng,"to look at sth with pleasure; to watch (sth marvelous),ornamental",1
观望,见,7,12670,v,guān wàng,"to wait and see,to watch from the sidelines,to look around,to survey",1
观众,见,4,1260,n,guān zhòng,"spectators,audience,visitors (to an exhibition etc)",1
官,宀,6,1825,n,Guān,surname Guan,2
官兵,宀,7,16987,n,guān bīng,"(military) officers and soldiers,officers and men,(old) government troops",1
官方,宀,6,3703,n,guān fāng,"government,official (approved or issued by an authority)",1
官吏,宀,7,32971,n,guān lì,"bureaucrat,official",1
官僚,宀,7,14727,n,guān liáo,"bureaucrat,bureaucracy,bureaucratic",1
官僚主义,宀,7,19123,n,guān liáo zhǔ yì,bureaucracy,1
官司,宀,7,6507,n,guān si,lawsuit,1
官员,宀,6,2991,n,guān yuán,"official (in an organization or government),administrator",1
冠军,冖,5,1133,n,guàn jūn,champion,1
棺材,木,7,10179,n,guān cai,coffin,1
管,⺮,4,545,v,guǎn,variant of 管,3
管道,⺮,6,5040,n,guǎn dào,"tubing,pipeline,(fig.) channel,means",1
管家,⺮,7,9643,n,guǎn jiā,"(old) butler; steward,manager; administrator; housekeeper,to manage a household",1
管教,⺮,7,16412,vn,guǎn jiào,"to discipline,to teach,to guarantee",1
管理,⺮,4,1202,vn,guǎn lǐ,"to supervise,to manage,to administer,management,administration",1
管理费,⺮,7,29984,n,guǎn lǐ fèi,management fee,1
管辖,⺮,7,10255,v,guǎn xiá,"to administer,to have jurisdiction (over)",1
管用,⺮,7,10227,a,guǎn yòng,"efficacious,useful",1
管子,⺮,7,13105,n,Guǎn zǐ,"Guanzi or Guan Zhong 管仲 (-645 BC), famous politician of Qi 齐国 of Spring and Autumn period,Guanzi",2
贯彻,贝,7,13977,v,guàn chè,"to implement,to put into practice,to carry out",1
贯穿,贝,7,11561,v,guàn chuān,"to run through,a connecting thread from beginning to end,to link",1
贯通,贝,7,30186,v,guàn tōng,"to link up,to thread together",1
惯,忄,7,9132,v,guàn,"accustomed to,used to,indulge,to spoil (a child)",1
惯例,忄,7,8670,n,guàn lì,"convention,usual practice",1
惯性,忄,7,18045,n,guàn xìng,"(physics) inertia,(fig.) force of habit,tendency to do things in the accustomed way,habitual",1
灌,氵,7,5446,v,guàn,"to irrigate,to pour,to install (software),to record (music)",1
灌溉,氵,7,15731,vn,guàn gài,to irrigate,1
灌输,氵,7,14201,v,guàn shū,"to imbue with,to inculcate,to instill into,to teach,to impart,to channel water to another place",1
罐,缶,6,4885,g,guàn,"can,jar,pot",2
罐头,缶,7,11202,n,guàn tou,"tin,can",1
光,儿,4,800,n,guāng,"light; ray,bright; shiny,only; merely,used up; finished,to leave (a part of the body) uncovered",1
光彩,儿,7,8814,a,guāng cǎi,"luster,splendor,radiance,brilliance",1
光碟,儿,7,24774,n,guāng dié,"optical disc,compact disc,CD,CD-ROM",1
光顾,儿,7,11909,v,guāng gù,to visit (as a customer),1
光滑,儿,7,10277,a,guāng huá,glossy; sleek; smooth,1
光环,儿,7,14765,n,guāng huán,ring of light; halo; (fig.) glory; splendor,1
光辉,儿,7,8415,a,guāng huī,"radiance,glory,brilliant,magnificent",1
光缆,儿,7,29769,n,guāng lǎn,optical cable,1
光临,儿,5,8731,v,guāng lín,"(formal) to honor with one's presence,to attend",1
光芒,儿,7,6593,n,guāng máng,"rays of light,brilliant rays,radiance",1
光明,儿,5,5030,n,guāng míng,"light,radiance,(fig.) bright (prospects etc),openhearted",1
光明磊落,儿,7,35648,v,guāng míng lěi luò,open and candid (idiom); straightforward and upright,1
光盘,儿,7,14628,n,guāng pán,compact disc (CD); DVD; CD-ROM,1
光荣,儿,7,5045,a,guāng róng,"honor and glory,glorious",1
光线,儿,5,7080,n,guāng xiàn,"light ray,light,illumination,lighting (for a photograph)",1
光泽,儿,7,13825,n,Guāng zé,Guangze county in Nanping 平 Fujian,2
广,广,5,4029,a,yǎn,"""house on a cliff"" radical in Chinese characters (Kangxi radical 53), occurring in 店, 序, 底 etc",3
广播,广,4,3320,vn,guǎng bō,"broadcast,broadcasting,to broadcast,(formal) to propagate,to publicize",1
广场,广,5,2900,n,guǎng chǎng,public square; plaza,1
广大,广,5,9553,b,guǎng dà,"(of an area) vast or extensive,large-scale,widespread,(of people) numerous",1
广泛,广,5,6278,a,guǎng fàn,"extensive,wide range",1
广告,广,4,1122,n,guǎng gào,"to advertise,a commercial,advertisement",1
广阔,广,6,9885,a,guǎng kuò,"wide,vast",1
广义,广,7,28194,n,guǎng yì,"broad sense,general sense",1
逛,辶,4,4709,v,guàng,"to stroll,to visit",1
归,彐,6,2278,v,Guī,surname Gui,2
归根到底,彐,7,25289,l,guī gēn dào dǐ,"after all,in the final analysis,ultimately",1
归还,彐,6,9427,v,guī huán,"to return sth,to revert",1
归结,彐,7,15733,v,guī jié,"to sum up; to conclude; to put in a nutshell,conclusion; end (of a story etc)",1
归来,彐,7,7455,v,guī lái,"to return,to come back",1
归纳,彐,7,24633,v,guī nà,"to sum up,to summarize,to conclude from facts,induction (method of deduction in logic)",1
归属,彐,7,11242,vn,guī shǔ,"to belong to,to be affiliated to,to fall under the jurisdiction of,a place where one feels that one belongs",1
归宿,彐,7,12905,n,guī sù,"place to return to,home,final destination,ending",1
龟,龟,7,8289,n,guī,"tortoise,turtle",3
规定,见,4,1151,n,guī dìng,"to stipulate; to specify; to prescribe; to fix (a price); to set (a quota),regulations; rules; provisions; stipulations",1
规范,见,6,6609,v,guī fàn,"norm,standard,specification,regulation,rule,within the rules,to fix rules,to regulate,to specify",1
规格,见,7,11568,n,guī gé,"standard,norm,specification",1
规划,见,6,3915,n,guī huà,"to draw up a plan; to map out a program,a plan; a program",1
规矩,见,6,5345,n,guī ju,"lit. compass and set square,fig. established standard,rule,customs,practices,fig. upright and honest,well-behaved",1
规律,见,5,4786,n,guī lǜ,"rule (e.g. of science),law of behavior,regular pattern,rhythm,discipline",1
规模,见,5,4088,n,guī mó,"scale,scope,extent",1
规则,见,5,1924,n,guī zé,"rule,regulation,rules and regulations",1
规章,见,7,10192,n,guī zhāng,"rule,regulation",1
闺女,门,7,19654,n,guī ˙nu:,"maiden; unmarried woman,(coll.) daughter",1
瑰宝,王,7,35933,n,guī bǎo,"gem,(fig.) rare and valuable item,gem,treasure",1
轨道,车,6,4493,n,guǐ dào,"track (for trains etc),orbit (of a satellite),(fig.) a person's established path in life",1
轨迹,车,7,10947,n,guǐ jì,"locus,orbit,trajectory,track",1
鬼,鬼,7,1498,n,guǐ,"disembodied spirit; ghost; devil,(suffix) person with a certain vice or addiction etc",1
柜台,木,7,7498,n,guì tái,variant of 柜台,3
柜子,木,5,11420,n,guì zi,"cupboard,cabinet",1
贵,贝,1,2239,a,guì,"expensive,noble,precious,(honorific) your",1
贵宾,贝,7,9377,n,guì bīn,"honored guest,distinguished guest,VIP",1
贵重,贝,6,13098,a,guì zhòng,precious,1
贵族,贝,7,6166,n,guì zú,"lord,nobility,nobleman,noblewoman,aristocrat,aristocracy",1
桂花,木,7,50762,n,guì huā,"osmanthus flowers,Osmanthus fragrans",1
跪,足,6,5311,v,guì,to kneel,1
滚,氵,5,2046,v,gǔn,"to boil,to roll,to take a hike,Get lost!",1
滚动,氵,7,14040,v,gǔn dòng,"to roll,(to do sth) in a loop,to scroll (computing),to progressively expand (economics),to rumble (of thunder)",1
棍,木,6,6727,g,gùn,"stick,rod,truncheon",1
棍棒,木,6,28739,n,gùn bàng,"club,staff,stick",1
棍子,木,7,14507,n,gùn zi,"stick,rod",1
锅,钅,5,3812,n,guō,"pot; pan; wok; cauldron,pot-shaped thing",1
国,囗,1,1527,n,Guó,surname Guo,2
国宝,囗,6,22205,n,guó bǎo,national treasure,1
国产,囗,6,17875,b,guó chǎn,domestically produced,1
国防,囗,7,7990,n,guó fáng,national defense,1
国歌,囗,6,16796,n,guó gē,national anthem,1
国画,囗,5,23390,,guó huà,traditional Chinese painting,1
国徽,囗,7,39944,,Guó huī,the national emblem of the PRC (a red circle containing the five stars of the PRC flag over Tiananmen 天安门),2
国会,囗,6,4539,n,Guó huì,"Parliament (UK),Congress (US),Diet (Japan),Legislative Yuan (Taiwan)",1
国籍,囗,4,15414,n,guó jí,nationality,1
国际,囗,4,1262,n,guó jì,international,1
国家,囗,3,356,n,guó jiā,country; nation; state,1
国民,囗,7,6147,n,guó mín,"nationals,citizens,people of a nation",1
国内,囗,3,3134,s,guó nèi,"domestic,internal (to a country),civil",1
国旗,囗,6,9776,n,guó qí,flag (of a country),1
国情,囗,6,23878,n,guó qíng,"the characteristics and circumstances particular to a country,current state of a country",1
国庆,囗,5,13274,t,Guó qìng,National Day,1
国庆节,囗,5,19292,t,Guó qìng jié,PRC National Day (October 1st),1
国土,囗,7,5700,n,guó tǔ,"country's territory,national land",1
国外,囗,1,3896,s,guó wài,"abroad,external (affairs),overseas,foreign",1
国王,囗,6,3586,n,guó wáng,king,1
国务院,囗,7,6472,nt,Guó wù yuàn,"State Council (PRC),State Department (USA)",1
国学,囗,7,46996,n,guó xué,"Chinese national culture,studies of ancient Chinese civilization,the Imperial College (history)",1
国有,囗,7,15059,vn,guó yǒu,"nationalized,public,government owned,state-owned",1
果断,木,7,10641,a,guǒ duàn,"firm,decisive",1
果酱,木,6,25242,n,guǒ jiàng,jam,1
果然,木,5,3104,d,guǒ rán,"really,sure enough,as expected,if indeed",1
果实,木,5,13530,n,guǒ shí,"fruit (produced by a plant),(fig.) fruits (of success etc),results,gains",1
果树,木,6,29710,n,guǒ shù,fruit tree,1
果园,木,7,16137,n,guǒ yuán,orchard,1
果真,木,7,13875,d,guǒ zhēn,"really,as expected,sure enough,if indeed...,if it's really...",1
果汁,木,4,7765,n,guǒ zhī,fruit juice,1
裹,衣,7,7241,v,guǒ,"to wrap around,bundle; parcel; package,to press into service; to pressgang; to make off with (sth)",1
过,辶,2,60,u,Guō,surname Guo,3
过半,辶,7,22772,v,guò bàn,"over fifty percent,more than half",1
过不去,辶,7,9461,v,guò bu qù,"to make life difficult for,to embarrass,unable to make it through",1
过程,辶,4,1002,n,guò chéng,"course of events,process",1
过错,辶,7,8293,n,guò cuò,"mistake,fault,responsibility (for a fault)",1
过道,辶,7,15454,n,guò dào,"passageway,corridor,aisle",1
过度,辶,5,3967,v,guò dù,"excessive,over-,excess,going too far,extravagant,intemperate,overdue",1
过渡,辶,6,8462,v,guò dù,"to cross over (by ferry),transition,interim,caretaker (administration)",1
过分,辶,5,3578,a,guò fèn,"excessive,undue,overly",1
过关,辶,7,12355,v,guò guān,"to cross a barrier,to get through (an ordeal),to pass (a test),to reach (a standard)",1
过后,辶,6,6454,t,guò hòu,after the event,1
过奖,辶,7,41281,v,guò jiǎng,"to overpraise,to flatter",1
过节,辶,3,8385,v,guò jié,"to celebrate a festival,after the celebrations (i.e. once the festival is over)",1
过境,辶,7,20011,v,guò jìng,"to pass through a country's territory,transit",1
过来,辶,2,692,v,guò lái,"to come over,to manage,to handle,to be able to take care of",2
过滤,辶,7,9885,v,guò lǜ,"to filter,filter",1
过敏,辶,5,5527,v,guò mǐn,"oversensitive,allergic,allergy",1
过年,辶,2,14490,v,guò nián,to celebrate the Chinese New Year,1
过期,辶,5,9636,v,guò qī,"to be overdue,to exceed the time limit,to expire (as in expiration date)",1
过去,辶,2,353,v,guò qù,"(in the) past,former,previous,to go over,to pass by",2
过日子,辶,7,10739,v,guò rì zi,"to live one's life,to pass one's days,to get along",1
过剩,辶,7,13207,v,guò shèng,to be excessive; to be more than is required,1
过失,辶,7,10955,n,guò shī,"error,fault,(law) negligence,delinquency",1
过时,辶,6,9945,a,guò shí,"old-fashioned,out of date,to be later than the time stipulated or agreed upon",1
过头,辶,7,9276,a,guò tóu,"to overdo it,to overstep the limit,excessively,above one's head,overhead",1
过往,辶,7,10449,vn,guò wǎng,"to come and go,to have friendly relations with,in the past,previous",1
过问,辶,7,16732,v,guò wèn,"to show an interest in,to get involved with",1
过意不去,辶,7,26199,v,guò yì bù qù,to feel very apologetic,1
过瘾,辶,7,11648,a,guò yǐn,"to satisfy a craving,to get a kick out of sth,gratifying,immensely enjoyable,satisfying,fulfilling",1
过硬,辶,7,24705,a,guò yìng,"to have perfect mastery of sth,to be up to the mark",1
过于,辶,5,4170,d,guò yú,"too much,excessively",1
过早,辶,7,13005,d,guò zǎo,"premature; untimely,(dialect) to have breakfast; breakfast",1
哈,口,5,676,b,Hā,"abbr. for 哈萨克斯坦, Kazakhstan,abbr. for 哈尔滨, Harbin",3
哈哈,口,3,1389,o,hā hā,(onom.) laughing out loud,1
咳,口,4,7383,v,hāi,"sound of sighing,(interjection expressing surprise, sorrow, regret, disappointment etc) oh,damn,wow",2
咳嗽,口,4,7020,v,ké sou,to cough,1
嗨,口,6,2664,e,hāi,"oh alas,hey!,hi! (loanword),a high (natural or drug-induced) (loanword)",1
还,辶,1,37,d,Huán,surname Huan,3
还款,辶,7,21972,v,huán kuǎn,"repayment,to pay back money",1
还是,辶,2,160,c,hái shi,"still (as before),had better,unexpectedly,or",1
还有,辶,1,153,v,hái yǒu,"furthermore,in addition,still,also",1
还原,辶,6,10488,v,huán yuán,"to restore to the original state,to reconstruct (an event),reduction (chemistry)",1
孩子,子,1,207,n,hái zi,child,1
海,氵,3,1082,n,Hǎi,surname Hai,2
海岸,氵,6,5943,n,hǎi àn,"coastal,seacoast",1
海拔,氵,6,13525,n,hǎi bá,"height above sea level,elevation",1
海报,氵,7,7144,n,hǎi bào,"poster,playbill,notice",1
海边,氵,2,7277,s,hǎi biān,"coast,seaside,seashore,beach",1
海滨,氵,7,10973,s,hǎi bīn,"shore,seaside",1
海盗,氵,7,7054,n,hǎi dào,pirate,1
海底,氵,6,7278,n,hǎi dǐ,"seabed,seafloor,bottom of the ocean",1
海关,氵,5,7955,n,hǎi guān,customs (i.e. border crossing inspection),1
海军,氵,7,3234,n,hǎi jūn,navy,1
海浪,氵,6,14483,n,hǎi làng,sea wave,1
海量,氵,7,29897,n,hǎi liàng,huge volume,1
海绵,氵,7,11514,n,hǎi mián,"sponge (zoology),sponge (piece of absorbent material, either natural or made from plastic etc),foam rubber",1
海面,氵,6,13307,n,hǎi miàn,"sea level,sea surface",1
海内外,氵,6,48536,s,hǎi nèi wài,"domestic and international,at home and abroad",1
海水,氵,4,8867,n,hǎi shuǐ,seawater,1
海滩,氵,7,6593,n,hǎi tān,beach,1
海外,氵,5,7991,s,hǎi wài,"overseas,abroad",1
海湾,氵,7,9432,n,Hǎi wān,(Persian) Gulf,2
海峡,氵,7,11906,n,hǎi xiá,strait; channel,1
海鲜,氵,5,9209,n,hǎi xiān,seafood,1
海啸,氵,7,13352,n,hǎi xiào,tsunami,1
海洋,氵,4,4121,n,hǎi yáng,ocean,1
海域,氵,6,12160,n,hǎi yù,"sea area,territorial waters,maritime space",1
海运,氵,7,26466,vn,hǎi yùn,shipping by sea,1
海藻,氵,7,21822,n,hǎi zǎo,"seaweed,marine alga,kelp",1
骇人听闻,马,7,28491,v,hài rén tīng wén,"shocking,horrifying,atrocious,terrible",1
害,宀,6,2616,v,hài,"to do harm to,to cause trouble to,harm,evil,calamity",1
害虫,宀,7,16355,n,hài chóng,"injurious insect,pest",1
害怕,宀,3,1536,v,hài pà,"to be afraid,to be scared",1
害臊,宀,7,34581,a,hài sào,"to be bashful,to feel ashamed",1
害羞,宀,4,6831,a,hài xiū,"shy,embarrassed,bashful",1
酣畅,酉,7,73010,a,hān chàng,"unrestrained,cheerful lack of inhibition, esp. for drinking or sleeping,to drink with abandon",1
酣睡,酉,7,47346,v,hān shuì,"to sleep soundly,to fall into a deep sleep",1
含,口,5,3249,v,hán,"to keep in the mouth,to contain",1
含糊,口,7,15873,a,hán hu,"ambiguous,vague,careless,perfunctory",1
含量,口,5,4617,n,hán liàng,"content,quantity contained",1
含蓄,口,7,19178,a,hán xù,"to contain,to hold,(of a person or style etc) reserved,restrained,(of words, writings) full of hidden meaning,implicit",1
含义,口,6,6120,n,hán yì,"meaning (implicit in a phrase),implied meaning,hidden meaning,hint,connotation",1
含有,口,5,5329,v,hán yǒu,"to contain,including",1
函授,凵,7,32146,vn,hán shòu,to teach by correspondence,1
涵盖,氵,7,17034,v,hán gài,"to cover,to comprise,to include",1
涵义,氵,7,24231,n,hán yì,"content,meaning,connotation,implication",1
寒假,宀,4,21410,t,hán jià,winter vacation,1
寒冷,宀,4,6730,a,hán lěng,"cold (climate),frigid,very cold",1
寒暄,宀,7,23133,v,hán xuān,"to exchange conventional greetings,to exchange pleasantries",1
罕见,⺳,6,6505,a,hǎn jiàn,"rare,rarely seen",1
喊,口,4,2060,v,hǎn,"to yell,to shout,to call out for (a person)",1
汉语,氵,1,13422,nz,Hàn yǔ,Chinese language,1
汉字,氵,1,19725,nz,hàn zì,"Chinese character,Japanese: kanji,Korean: hanja,Vietnamese: hán tự",1
汗,氵,4,4310,n,hán,"see 汗, 汗国",2
汗水,氵,5,12168,n,hàn shuǐ,"sweat,perspiration",1
旱,日,7,22556,a,hàn,drought,1
旱灾,日,6,32835,n,hàn zāi,drought,1
捍卫,扌,7,11101,,hàn wèi,"to defend,to uphold,to safeguard",1
焊,火,7,14141,v,hàn,"to weld,to solder",3
航班,舟,4,3730,n,háng bān,(scheduled) flight; (scheduled) sailing,1
航海,舟,7,12200,vn,háng hǎi,"to sail the seas,maritime navigation,voyage",1
航空,舟,6,3185,n,háng kōng,aviation,1
航天,舟,7,9515,n,háng tiān,space flight,1
航天员,舟,7,23387,n,háng tiān yuán,astronaut,1
航行,舟,7,9542,v,háng xíng,"to sail,to fly,to navigate",1
航运,舟,7,18229,n,háng yùn,"shipping,transport",1
毫不,毛,6,5303,d,háo bù,"hardly,not in the least,not at all",1
毫不犹豫,毛,7,11117,l,háo bù yóu yù,without the slightest hesitation,1
毫米,毛,6,23449,q,háo mǐ,millimeter,1
毫升,毛,6,27507,q,háo shēng,milliliter,1
毫无,毛,6,2244,v,háo wú,"not in the least,to completely lack",1
豪华,豕,7,3618,a,háo huá,luxurious,1
豪迈,豕,7,32272,a,háo mài,"bold,open-minded,heroic",1
好,女,1,20,a,hǎo,"good,appropriate; proper,all right!,(before a verb) easy to,(before a verb) good to",2
好比,女,7,8720,v,hǎo bǐ,to be just like; can be compared to,1
好不容易,女,6,7605,l,hǎo bù róng yì,"with great difficulty,very difficult",1
好吃,女,1,2484,a,hǎo chī,"tasty,delicious",2
好处,女,4,2534,n,hǎo chǔ,easy to get along with,2
好歹,女,7,12195,d,hǎo dǎi,"good and bad,most unfortunate occurrence,in any case,whatever",1
好多,女,3,1837,m,hǎo duō,"many,quite a lot,much better",1
好感,女,6,8391,n,hǎo gǎn,"good opinion,favorable impression",1
好好,女,4,752,d,hǎo hǎo,"well,carefully,nicely,properly",1
好坏,女,7,9643,n,hǎo huài,"good or bad,good and bad,standard; quality,(coll.) very bad",1
好家伙,女,7,22176,e,hǎo jiā huo,"my God!,oh boy!,man!",1
好久,女,3,2909,m,hǎo jiǔ,quite a while,1
好看,女,1,1877,a,hǎo kàn,"good-looking,nice-looking,good (of a movie, book, TV show etc),embarrassed,humiliated",1
好客,女,6,28557,a,hào kè,"hospitality,to treat guests well,to enjoy having guests,hospitable,friendly",1
好评,女,5,10450,n,hǎo píng,"favorable criticism,positive evaluation",1
好奇,女,5,3798,a,hào qí,"inquisitive,curious,inquisitiveness,curiosity",1
好奇心,女,7,12237,n,hào qí xīn,"interest in sth,curiosity,inquisitive",1
好人,女,2,3350,n,hǎo rén,"good person,healthy person,person who tries not to offend anyone, even at the expense of principle",1
好容易,女,6,30322,d,hǎo róng yì,"(idiomatic usage) with great difficulty,to have a hard time (convincing sb, relinquishing sth etc)",1
好似,女,7,14122,v,hǎo sì,"to seem,to be like",1
好事,女,2,2679,n,hǎo shì,"good action, deed, thing or work (also sarcastic, ""a fine thing indeed""),charity,happy occasion",2
好说,女,7,9718,a,hǎo shuō,"easy to deal with; not a problem,(polite answer) you flatter me",1
好听,女,1,4355,a,hǎo tīng,pleasant to hear,1
好玩儿,女,1,23411,a,hǎo wán r,"erhua variant of 好玩,amusing,fun,interesting",1
好像,女,3,738,v,hǎo xiàng,"as if,to seem like",1
好笑,女,4,4733,a,hǎo xiào,laughable; funny; ridiculous,1
好心,女,7,8723,n,hǎo xīn,"kindness,good intentions",1
好心人,女,7,15490,n,hǎo xīn rén,"kindhearted person,good Samaritan",1
好学,女,6,49415,a,hǎo xué,easy to learn,2
好意,女,7,13819,n,hǎo yì,"good intention,kindness",1
好友,女,4,4297,n,hǎo yǒu,"close friend,pal,(social networking website) friend",1
好运,女,5,2099,n,hǎo yùn,good luck,1
好在,女,7,14400,d,hǎo zài,"luckily,fortunately",1
好转,女,5,5108,v,hǎo zhuǎn,"to improve,to take a turn for the better,improvement",1
号,口,1,278,q,háo,"roar,cry",2
号称,口,7,12869,v,hào chēng,"to be known as,to be nicknamed,to be purportedly,to claim (often exaggeratedly or falsely)",1
号码,口,3,2110,n,hào mǎ,number,1
号召,口,6,11618,v,hào zhào,"to call,to appeal",1
浩劫,氵,7,24002,n,hào jié,"calamity,catastrophe,apocalypse",1
耗,耒,7,7391,v,hào,"to waste,to spend,to consume,to squander,news,(coll.) to delay,to dilly-dally",1
耗费,耒,7,14666,v,hào fèi,"to waste,to spend,to consume,to squander",1
耗时,耒,7,25298,v,hào shí,"time-consuming,to take a period of (x amount of time)",1
喝,口,1,428,g,hē,"to drink,variant of 嗬",2
喝彩,口,7,11597,v,hè cǎi,"to acclaim,to cheer",1
禾苗,禾,7,43232,,hé miáo,seedling (of rice or other grain),1
合,口,5,1643,v,gě,"100 ml,one-tenth of a peck,measure for dry grain equal to one-tenth of sheng 升 or liter, or one-hundredth dou 斗",3
合并,口,6,4049,v,hé bìng,variant of 合并,2
合唱,口,7,11816,vn,hé chàng,"chorus,to chorus",1
合成,口,6,6398,vn,hé chéng,"to compose,to constitute,compound,synthesis,mixture,synthetic",1
合法,口,5,2570,a,hé fǎ,"lawful,legitimate,legal",1
合格,口,4,5048,v,hé gé,"to meet the standard required,qualified,eligible (voter etc)",1
合乎,口,7,15544,v,hé hū,to accord with; to conform to,1
合伙,口,7,11139,v,hé huǒ,"to act jointly,to form a partnership",1
合计,口,7,16414,v,hé jì,"to add up the total,to figure what sth amounts to,to consider",1
合理,口,5,1935,a,hé lǐ,rational; reasonable; sensible; fair,1
合情合理,口,7,21777,l,hé qíng hé lǐ,reasonable and fair (idiom),1
合身,口,6,20268,a,hé shēn,well-fitting (of clothes),1
合适,口,3,2104,a,hé shì,"suitable,fitting,appropriate",1
合算,口,6,25834,a,hé suàn,"worthwhile,to be a good deal,to be a bargain,to reckon up,to calculate",1
合同,口,5,1766,n,hé tong,(business) contract,1
合影,口,5,9596,n,hé yǐng,"to take a joint photo,group photo",1
合约,口,7,3962,n,hé yuē,"treaty,contract",1
合资,口,7,22291,vn,hé zī,joint venture,1
合作,口,5,668,vn,hé zuò,"to cooperate,to collaborate,to work together,cooperation",1
合作社,口,7,26855,n,hé zuò shè,"cooperative,workers' or agricultural producers' cooperative etc",1
何必,亻,7,6418,d,hé bì,"there is no need,why should",1
何处,亻,7,7260,r,hé chù,"whence,where",1
何苦,亻,7,22438,d,hé kǔ,"why bother?,is it worth the trouble?",1
何况,亻,7,7062,c,hé kuàng,"let alone,to say nothing of,besides,what's more",1
何时,亻,7,4100,r,hé shí,when,1
和,口,1,19,cc,hé,old variant of 和,8
和蔼,口,7,18111,a,hé ǎi,"kindly,nice,amiable",1
和解,口,7,8297,v,hé jiě,"to settle (a dispute out of court),to reconcile,settlement,conciliation,to become reconciled",1
和睦,口,7,15353,a,hé mù,"peaceful relations,harmonious",1
和平,口,6,1750,n,Hé píng,"Heping District of Shenyang city 沈阳市, Liaoning,Heping or Hoping Township in Taichung County 台中县, Taiwan",2
和平共处,口,7,21788,v,hé píng gòng chǔ,"peaceful coexistence of nations, societies etc",1
和气,口,7,21572,a,hé qi,"friendly,polite,amiable",1
和尚,口,7,7896,n,hé shang,Buddhist monk,1
和谐,口,6,3883,a,hé xié,"harmonious,harmony,(euphemism) to censor",1
河,氵,3,2245,n,hé,river,1
河流,氵,5,8996,n,hé liú,river,1
河畔,氵,7,21001,n,hé pàn,"riverside,river plain",1
核,木,7,3233,n,hé,"pit,stone,nucleus,nuclear,to examine,to check,to verify",2
核电站,木,7,17531,n,hé diàn zhàn,nuclear power plant,1
核对,木,7,12081,v,hé duì,"to check,to verify,to audit,to examine",1
核能,木,7,16681,n,hé néng,nuclear energy,1
核实,木,7,9308,v,hé shí,to verify; to check,1
核桃,木,7,11751,n,hé tao,walnut,1
核武器,木,7,8000,n,hé wǔ qì,nuclear weapon,1
核心,木,6,3481,n,hé xīn,core; nucleus,1
荷花,艹,7,37141,n,hé huā,lotus,1
盒,皿,5,2963,g,hé,"small box,case",1
盒饭,皿,5,23326,n,hé fàn,meal in a partitioned box,1
盒子,皿,4,6250,n,hé zi,"box,case",1
贺电,贝,7,38140,n,hè diàn,congratulatory telegram,1
贺卡,贝,5,14997,n,hè kǎ,"greeting card,congratulation card",1
贺信,贝,7,62722,n,hè xìn,congratulatory letter or message,1
赫然,赤,7,27483,z,hè rán,"with astonishment,with a shock,awe-inspiringly,impressively,furiously (angry)",1
鹤立鸡群,鸟,7,36715,v,hè lì jī qún,"a crane in a flock of chicken (idiom); way above the common,manifestly superior",1
黑,黑,5,724,a,Hēi,abbr. for Heilongjiang province 黑龙江,2
黑暗,黑,6,3217,a,hēi àn,"dark,darkly,darkness",1
黑白,黑,7,9163,b,hēi bái,"black and white,right and wrong,monochrome",1
黑板,黑,3,15524,n,hēi bǎn,blackboard,1
黑客,黑,7,8262,n,hēi kè,hacker (computing) (loanword),1
黑马,黑,7,14789,n,hēi mǎ,"dark horse,fig. unexpected winner",1
黑色,黑,2,2362,n,hēi sè,black,1
黑手,黑,7,15445,n,hēi shǒu,"(fig.) malign agent who manipulates from behind the scenes,hidden hand,(Tw) mechanic,blue-collar worker,manual laborer",1
黑心,黑,7,20944,n,hēi xīn,"ruthless and lacking in conscience,vicious mind full of hatred and jealousy,black core (flaw in pottery)",1
黑夜,黑,6,8434,n,hēi yè,night,1
嘿,口,6,2729,e,hēi,hey,1
痕迹,疒,6,4154,n,hén jì,"vestige,mark,trace",1
很,彳,1,35,d,hěn,"(adverb of degree),quite,very,awfully",1
很难说,彳,6,11460,v,hěn nánshuō,Hard to say,1
狠,犭,6,3832,a,hěn,"ruthless,fierce,ferocious,determined,to harden (one's heart),old variant of 很",1
狠心,犭,6,17952,a,hěn xīn,"callous; heartless,to resolve (to do sth),firm resolve (as in 心)",1
恨,忄,6,1715,v,hèn,"to hate,to regret",1
恨不得,忄,7,11273,d,hèn bu de,wishing one could do sth; to hate to be unable; itching to do sth,1
哼,口,7,2732,e,hēng,"to groan,to snort,to hum,to croon,humph!",1
横,木,6,5014,g,héng,"horizontal,across,crosswise,horizontal stroke (in Chinese characters),to place (sth) flat (on a surface)",2
横七竖八,木,7,44471,,héng qī shù bā,"in disorder,at sixes and sevens (idiom)",1
横向,木,7,14387,n,héng xiàng,"horizontal,orthogonal,perpendicular,lateral,crosswise",1
衡量,行,6,7561,v,héng liáng,"to weigh,to examine,to consider",1
轰,车,7,6668,v,hōng,"explosion,bang,boom,rumble,to attack,to shoo away,to expel",1
轰动,车,7,9626,vn,hōng dòng,"to cause a sensation,to create a stir in (a place),commotion,controversy",1
轰炸,车,7,8976,v,hōng zhà,"to bomb,to bombard",1
哄,口,7,6776,v,hōng,"roar of laughter (onom.),hubbub,to roar (as a crowd)",4
哄堂大笑,口,7,43850,v,hōng táng dà xiào,the whole room roaring with laughter (idiom),1
烘,火,7,18172,v,hōng,"to bake,to heat by fire,to set off by contrast",1
烘干,火,7,18403,v,hōng gān,to dry over a stove,1
烘托,火,7,38737,v,hōng tuō,"background (of a painting),backdrop,a foil (to set off something to advantage),to offset (something to advantage)",1
弘扬,弓,7,35386,v,hóng yáng,"to enhance,to promote,to enrich",1
红,纟,5,794,a,Hóng,surname Hong,2
红包,纟,4,16771,n,hóng bāo,"money wrapped in red as a gift,bonus payment,kickback,bribe",1
红茶,纟,2,21109,n,hóng chá,black tea,1
红灯,纟,7,9549,n,hóng dēng,red light,1
红火,纟,7,19299,a,hóng huǒ,prosperous,1
红酒,纟,3,1000000,,hóng jiǔ,red wine,1
红扑扑,纟,7,61564,z,hóng pū pū,"red,rosy,flushed",1
红润,纟,7,24863,a,hóng rùn,"ruddy,rosy,florid",1
红色,纟,2,2146,n,hóng sè,"red (color),revolutionary",1
红薯,纟,7,26326,n,hóng shǔ,sweet potato,1
红眼,纟,7,34758,v,hóng yǎn,"to become infuriated,to see red,envious,jealous,covetous,pink eye (conjunctivitis),red-eye (flight)(photography) red eye",1
宏大,宀,6,19357,a,hóng dà,"great,grand",1
宏观,宀,7,22460,n,hóng guān,"macro-,macroscopic,holistic",1
宏伟,宀,7,13202,a,hóng wěi,"grand,imposing,magnificent",1
洪亮,氵,7,36631,a,hóng liàng,"loud and clear,resonant",1
洪水,氵,6,7906,n,hóng shuǐ,deluge; flood,1
喉咙,口,7,5935,n,hóu lóng,the throat,1
猴,犭,5,6437,g,hóu,monkey,1
猴子,犭,5,5675,n,hóu zi,monkey,1
吼,口,7,3491,v,hǒu,"to roar,to howl,to shriek,roar or howl of an animal,bellow of rage",1
后,口,1,115,f,Hòu,surname Hou,3
后备,口,7,7692,b,hòu bèi,reserve; backup,1
后备箱,口,7,1000000,,hòu bèi xiāng,"trunk,boot (of a car)",1
后边,口,1,14477,f,hòu bian,"the back; the rear; the last bit,behind; near the end; at the back,later; afterwards",1
后代,口,6,8721,n,hòu dài,"descendant,progeny,posterity,later ages,later generations",1
后盾,口,7,18244,n,hòu dùn,"support,backing",1
后顾之忧,口,7,25479,l,hòu gù zhī yōu,fears of trouble in the rear (idiom); family worries (obstructing freedom of action),1
后果,口,5,3157,n,hòu guǒ,"consequences,aftermath",1
后悔,口,4,2667,v,hòu huǐ,to regret; to feel remorse,1
后来,口,3,1055,t,hòu lái,"afterwards; later,newly arrived",1
后面,口,2,1300,f,hòu mian,"the back; the rear; the last bit,behind; near the end; at the back,later; afterwards",1
后年,口,3,45713,t,hòu nián,the year after next,1
后期,口,6,9597,f,hòu qī,"late stage,later period",1
后勤,口,7,12965,n,hòu qín,logistics,1
后人,口,6,14853,n,hòu rén,later generation,1
后台,口,7,7924,n,hòu tái,"backstage area,behind-the-scenes supporter,(computing) back-end,background",1
后天,口,3,9407,n,hòu tiān,"the day after tomorrow,life after birth (the period in which one develops through experiences, contrasted with 天)",1
后头,口,4,16864,f,hòu tou,"behind,the back,the rear,later,afterwards,(in) the future",1
后退,口,6,7469,v,hòu tuì,"to recoil,to draw back,to fall back,to retreat",1
后续,口,7,11030,vn,hòu xù,"follow-up,(dialect) to remarry",1
后遗症,口,7,15852,n,hòu yí zhèng,"(medicine) sequelae,residual effects,(fig.) repercussions,aftermath",1
后裔,口,7,16471,n,hòu yì,descendant,1
后者,口,6,6906,r,hòu zhě,the latter,1
厚,厂,4,3759,a,hòu,"thick,deep or profound,kind,generous,rich or strong in flavor,to favor,to stress",1
厚道,厂,7,14386,a,hòu dao,"kind and honest,generous,sincere",1
厚度,厂,5,17989,n,hòu dù,thickness,1
候选,亻,6,14123,b,hòu xuǎn,candidate (attributive),1
候选人,亻,7,4996,n,hòu xuǎn rén,candidate,1
呼风唤雨,口,7,31838,l,hū fēng huàn yǔ,"to call the wind and summon the rain (idiom); to exercise magical powers,fig. to stir up troubles",1
呼唤,口,7,8997,v,hū huàn,"to call out (a name etc),to shout",1
呼救,口,7,17198,v,hū jiù,to call for help,1
呼声,口,7,14141,n,hū shēng,"a shout,fig. opinion or demand, esp. expressed by a group",1
呼吸,口,5,2003,v,hū xī,to breathe,1
呼啸,口,7,19025,v,hū xiào,to whistle; to scream; to whiz,1
呼吁,口,7,8013,v,hū yù,"to call on (sb to do sth),to appeal (to),an appeal",1
呼应,口,7,28524,v,hū yìng,"to conform (with),to echo,to correlate well,(linguistics) agreement",1
忽略,心,6,4602,v,hū lu:è,to neglect; to overlook; to ignore,1
忽高忽低,心,7,1000000,,hū gāo hū dī,alternately soaring and plunging,1
忽然,心,4,4518,d,hū rán,suddenly; all of a sudden,1
忽视,心,5,5020,v,hū shì,to neglect; to overlook; to disregard; to ignore,1
忽悠,心,7,10450,z,hū you,"to rock,to sway,to flicker (e.g. of lights reflected on water),to flutter (e.g. of a flag),to trick sb into doing sth",1
胡乱,⺼,7,13451,d,hú luàn,"careless,reckless,casually,absent-mindedly,at will,at random,any old how",1
胡闹,⺼,7,14691,v,hú nào,"to act willfully and make a scene,to make trouble",1
胡说,⺼,7,10010,v,hú shuō,"to talk nonsense,drivel",1
胡思乱想,⺼,7,14791,,hú sī luàn xiǎng,"to indulge in flights of fancy (idiom),to let one's imagination run wild",1
胡同,⺼,5,20715,n,hú tòng,"lane,alley",2
胡同儿,⺼,5,165503,,hútòngr5,Alley,1
胡须,⺼,5,17602,n,hú xū,beard,1
胡子,⺼,6,6424,n,hú zi,"beard,mustache or whiskers,facial hair,(coll.) bandit",1
壶,士,6,7796,g,hú,"pot,classifier for bottled liquid",1
湖,氵,5,2468,n,hú,lake,1
湖泊,氵,7,18372,n,hú pō,lake,1
蝴蝶,虫,5,6484,n,hú dié,butterfly,1
虎,虎,5,3310,n,hǔ,tiger,1
互补,二,7,16940,v,hù bǔ,"complementary,to complement each other",1
互动,二,5,7181,vn,hù dòng,"to interact,interactive",1
互访,二,7,48607,v,hù fǎng,exchange visits,1
互联网,二,4,4872,n,Hù lián wǎng,Internet,1
互相,二,4,2091,d,hù xiāng,"each other,mutually,mutual",1
互信,二,7,48128,v,hù xìn,mutual trust,1
互助,二,6,12798,vn,Hù zhù,"Huzhu Tuzu autonomous county in Haidong prefecture 海东地区, Qinghai",2
户,户,6,2265,g,hù,"a household,door,family",1
户外,户,5,7642,s,hù wài,outdoor,1
护,扌,7,2909,v,hù,to protect,1
护理,扌,7,4882,vn,hù lǐ,"to nurse,to tend and protect",1
护士,扌,4,3782,n,hù shi,nurse,1
护照,扌,3,7152,n,hù zhào,passport,1
糊,米,7,9351,v,hú,variant of 糊,4
糊涂,米,7,6397,a,hú tu,"muddled,silly,confused",1
花,艹,2,435,v,Huā,surname Hua,4
花瓣,艹,7,13753,n,huā bàn,petal,1
花费,艹,5,5505,v,huā fèi,"expense,cost,to spend (time or money),expenditure",1
花卉,艹,7,17806,n,huā huì,flowers and plants,1
花瓶,艹,6,11183,n,huā píng,"flower vase,(fig.) female employee considered to be just a pretty face (attractive but not very competent)",1
花生,艹,6,6750,n,huā shēng,"peanut,groundnut",1
花纹,艹,7,14786,n,huā wén,decorative design,1
花样,艹,7,6638,n,huā yàng,"pattern,way of doing sth,trick,ruse,fancy-style (as in 花样滑冰 figure skating)",1
花园,艹,3,3403,n,huā yuán,garden,1
哗变,口,7,62759,v,huá biàn,"mutiny,rebellion",1
哗然,口,7,33564,z,huá rán,"in uproar,commotion,causing a storm of protest,tumultuous",2
华丽,十,7,6294,a,huá lì,gorgeous,1
华侨,十,7,40806,n,Huá qiáo,"overseas Chinese,(in a restricted sense) Chinese emigrant who still retains Chinese nationality",1
华人,十,7,14189,n,Huá rén,ethnic Chinese person or people,1
华裔,十,7,23110,n,Huá yì,"ethnic Chinese,non-Chinese citizen of Chinese ancestry",1
华语,十,5,13368,,Huá yǔ,Chinese language,1
滑,氵,5,2639,v,Huá,surname Hua,2
滑冰,氵,6,11501,vn,huá bīng,"to skate,skating",1
滑稽,氵,7,10569,a,huá jī,"comical; funny; amusing (old pr. [gǔ jī]),huaji, a form of comedy performance popular in Shanghai, Jiangsu and Zhejiang",1
滑梯,氵,7,31034,n,huá tī,"(children's) sliding board,a slide",1
滑雪,氵,6,7323,vn,huá xuě,"to ski,skiing",1
化,匕,5,2027,v,huā,variant of 花,2
化肥,匕,7,19371,n,huà féi,fertilizer,1
化解,匕,7,12188,v,huà jiě,"to dissolve,to resolve (contradictions),to dispel (doubts),to iron out (difficulties),to defuse (conflicts)",1
化身,匕,7,10558,n,huà shēn,"incarnation,reincarnation,embodiment (of abstract idea),personification",1
化石,匕,6,14429,n,huà shí,fossil,1
化纤,匕,7,35059,n,huà xiān,synthetic fiber,1
化险为夷,匕,7,35462,v,huà xiǎn wéi yí,to turn peril into safety (idiom); to avert disaster,1
化学,匕,5,3282,n,huà xué,"chemistry,chemical",1
化验,匕,7,9962,v,huà yàn,"chemical examination,to do a lab test",1
化妆,匕,6,4444,v,huà zhuāng,to put on makeup,1
划,刂,5,2993,v,huá,"to row,to paddle,profitable,worth (the effort),it pays (to do sth)",3
划船,刂,3,21694,v,huá chuán,"to row a boat,rowing boat,rowing (sport)",1
划分,刂,6,10875,v,huà fēn,"to divide up,to partition,to differentiate",1
划时代,刂,7,32601,b,huà shí dài,epoch-marking,1
划算,刂,7,12808,a,huá suàn,"to calculate,to weigh (pros and cons),to view as profitable,worthwhile,value for money,cost-effective",1
画,田,2,1119,n,huà,"to draw; to paint,picture; painting,to draw (a line) (variant of 划),stroke of a Chinese character (variant of 划)",1
画册,田,7,22582,n,huà cè,picture album,1
画儿,田,2,69994,,huà r,"picture,drawing,painting",1
画家,田,3,7217,n,huà jiā,painter,1
画龙点睛,田,7,46401,v,huà lóng diǎn jīng,to paint a dragon and dot in the eyes (idiom); fig. to add the vital finishing touch,1
画面,田,5,3453,n,huà miàn,"scene,tableau,picture,image,screen (displayed by a computer),(motion picture) frame,field of view",1
画蛇添足,田,7,47111,l,huà shé tiān zú,"lit. draw legs on a snake (idiom); fig. to ruin the effect by adding sth superfluous,to overdo it",1
画展,田,7,20576,n,huà zhǎn,art exhibition,1
话,讠,1,157,n,huà,"dialect,language,spoken words,speech,talk,words,conversation,what sb said",2
话费,讠,5,23912,n,huà fèi,call charge,1
话剧,讠,4,11486,n,huà jù,"stage play,modern drama",1
话题,讠,5,2557,n,huà tí,"subject (of a talk or conversation),topic",1
话筒,讠,6,12761,n,huà tǒng,"microphone,(telephone) receiver,handset",1
话语,讠,7,7946,n,huà yǔ,"words,speech,utterance,discourse",1
怀抱,忄,7,9613,n,huái bào,"to hug,to cherish,within the bosom (of the family),to embrace (also fig. an ideal, aspiration etc)",1
怀旧,忄,7,11833,vn,huái jiù,"to feel nostalgic,nostalgia",1
怀里,忄,7,8879,s,huái lǐ,"embrace,bosom",1
怀念,忄,6,3668,v,huái niàn,"to cherish the memory of,to think of,to reminisce",1
怀疑,忄,4,1763,v,huái yí,"to doubt (sth),to be skeptical of,to have one's doubts,to harbor suspicions,to suspect that",1
怀孕,忄,6,3299,v,huái yùn,"pregnant,to have conceived,gestation,pregnancy",1
怀着,忄,7,7193,v,huáizhe,Be with,1
槐树,木,7,61916,n,huái shù,locust tree (Sophora japonica),1
坏,土,2,1239,a,huài,"bad,spoiled,broken,to break down,(suffix) to the utmost",1
坏处,土,4,18345,n,huài chu,"harm,troubles",1
坏人,土,2,5700,n,huài rén,"bad person,villain",1
坏事,土,7,5994,n,huài shì,"bad thing; misdeed,to ruin things",1
环,王,6,2712,n,Huán,surname Huan,2
环保,王,4,4327,n,huán bǎo,"environmental protection,environmentally friendly,abbr. for 环境保护",1
环节,王,5,3149,n,huán jié,"(zoology) segment (of the body of a worm, centipede etc),(fig.) a part of an integrated whole: aspect (of a project)",1
环境,王,3,1171,n,huán jìng,"environment,circumstances,surroundings,ambient",1
环球,王,7,6667,n,huán qiú,"around the world,worldwide",1
环绕,王,7,10875,v,huán rào,"to surround,to circle,to revolve around",1
缓,纟,7,7310,v,huǎn,"slow,unhurried,sluggish,gradual,not tense,relaxed,to postpone,to defer,to stall,to stave off,to revive,to recuperate",1
缓和,纟,7,12437,v,huǎn hé,"to ease (tension),to alleviate,to moderate,to allay,to make more mild",1
缓缓,纟,7,9751,d,huǎn huǎn,"slowly,unhurriedly,little by little",1
缓解,纟,5,5722,v,huǎn jiě,"to bring relief,to alleviate (a crisis),to dull (a pain)",1
缓慢,纟,5,6772,a,huǎn màn,slow,1
幻觉,幺,7,9883,n,huàn jué,"illusion,hallucination,figment of one's imagination",1
幻想,幺,6,3672,n,huàn xiǎng,"delusion,fantasy",1
幻影,幺,7,16031,n,huàn yǐng,"phantom,mirage",1
唤起,口,7,15352,v,huàn qǐ,"to waken (to action),to rouse (the masses),to evoke (attention, recollection etc)",1
换,扌,3,618,v,huàn,"to exchange,to change (clothes etc),to substitute,to switch,to convert (currency)",1
换成,扌,7,14335,v,huàn chéng,"to exchange (sth) for (sth else),to replace with,to convert into",1
换取,扌,7,10449,v,huàn qǔ,"to obtain (sth) in exchange,to exchange (sth) for (sth else)",1
换位,扌,7,24157,v,huàn wèi,"to swap places,(logic) conversion,(car maintenance) to rotate (tires)",1
换言之,扌,7,26895,cc,huàn yán zhī,in other words,1
患,心,6,2581,v,huàn,"to suffer (from illness),to contract (a disease),misfortune,trouble,danger,worry",1
患病,心,7,14803,v,huàn bìng,to fall ill,1
患有,心,7,10482,v,huàn yǒu,"to contract (an illness),to be afflicted with,to suffer from",1
患者,心,6,2539,n,huàn zhě,patient; sufferer,1
焕发,火,7,21881,v,huàn fā,"to shine,to glow,to irradiate,to flash",1
欢呼,欠,7,6063,v,huān hū,"to cheer for,to acclaim",1
欢聚,欠,7,31178,v,huān jù,"to get together socially,to celebrate,party,celebration",1
欢快,欠,7,12547,a,huān kuài,"cheerful and lighthearted,lively",1
欢乐,欠,6,3660,a,huān lè,"gaiety,gladness,glee,merriment,pleasure,happy,joyous,gay",1
欢声笑语,欠,7,28045,l,huān shēng xiào yǔ,cheers and laughter,1
欢迎,欠,3,796,v,huān yíng,"to welcome,welcome",1
荒,艹,7,14965,g,huāng,"desolate,shortage,scarce,out of practice,absurd,uncultivated,to neglect",1
荒诞,艹,7,20491,a,huāng dàn,"beyond belief,incredible,preposterous,fantastic",1
荒凉,艹,7,19554,a,huāng liáng,desolate,1
荒谬,艹,7,10598,a,huāng miù,"absurd,ridiculous",1
荒唐,艹,7,8672,a,huāng táng,"beyond belief,preposterous,absurd,intemperate,dissipated",1
慌,忄,7,6401,a,huāng,"to get panicky,to lose one's head,(coll.) (after 得) unbearably,terribly",1
慌乱,忄,7,15359,a,huāng luàn,"frenetic,hurried",1
慌忙,忄,7,29421,ad,huāng máng,"in a great rush,in a flurry",1
慌张,忄,7,15404,a,huāng zhāng,"flustered,agitated",1
皇帝,白,6,5233,n,huáng dì,emperor,1
皇宫,白,7,12458,n,huáng gōng,imperial palace,1
皇后,白,7,5870,n,huáng hòu,"empress,imperial consort",1
皇上,白,7,10429,n,huáng shang,"the emperor,Your majesty the emperor,His imperial majesty",1
皇室,白,7,11898,n,huáng shì,"royal family,imperial household,member of the royal family",1
黄,黄,6,1809,nr,Huáng,surname Huang or Hwang,2
黄瓜,黄,5,10535,n,huáng guā,cucumber,1
黄昏,黄,7,12318,t,huáng hūn,"dusk,evening,nightfall",1
黄金,黄,5,2676,n,huáng jīn,"gold,golden (opportunity),prime (time)",1
黄色,黄,3,4243,n,huáng sè,"yellow (color),pornographic",1
恍然大悟,忄,7,24790,v,huǎng rán dà wù,"to suddenly realize,to suddenly see the light",1
谎话,讠,7,15885,n,huǎng huà,lie,1
谎言,讠,7,5015,n,huǎng yán,lie,1
晃,日,7,5102,v,huǎng,variant of 晃,3
晃荡,日,7,27257,v,huàng dang,"to rock,to sway,to shake",1
灰,火,5,2914,g,huī,"ash,dust,lime,gray,discouraged; dejected",1
灰尘,火,6,10301,n,huī chén,dust,1
灰色,火,5,6466,n,huī sè,"gray,ash gray,grizzly,pessimistic,gloomy,dispirited,ambiguous",1
灰心,火,6,20767,a,huī xīn,"to lose heart,to be discouraged",1
恢复,忄,5,1219,v,huī fù,"to reinstate,to resume,to restore,to recover,to regain,to rehabilitate",1
挥,扌,5,3969,v,huī,"to wave,to brandish,to command,to conduct,to scatter,to disperse",1
挥霍,扌,7,12889,v,huī huò,"to squander money,extravagant,prodigal,free and easy,agile",1
辉煌,⺌,7,6514,a,huī huáng,"splendid,glorious",1
回,囗,1,225,v,huí,"to circle,to go back,to turn around,to answer,to return,to revolve,Hui ethnic group (Chinese Muslims),time",3
回报,囗,6,3116,v,huí bào,"(in) return,reciprocation,payback,retaliation,to report back,to reciprocate",1
回避,囗,7,6113,v,huí bì,variant of 回避,2
回答,囗,3,1100,v,huí dá,"to reply; to answer,reply; answer",1
回到,囗,1,962,v,huí dào,to return to,1
回复,囗,4,2477,v,huí fù,"to reply,to recover,to return (to a previous condition),Re: in reply to (email)",1
回顾,囗,6,4664,v,huí gù,"to look back,to review",1
回归,囗,7,3970,v,huí guī,"to return to,to retreat,regression (statistics)",1
回国,囗,2,9098,v,huí guó,to return to one's home country,1
回家,囗,1,554,v,huí jiā,to return home,1
回扣,囗,7,16947,n,huí kòu,"brokerage,a commission paid to a middleman,euphemism for a bribe,a kickback",1
回馈,囗,7,10605,,huí kuì,"to repay a favor,to give back,feedback",1
回来,囗,2,480,v,huí lai,to return; to come back,1
回落,囗,7,32453,v,huí luò,"to fall back,to return to low level after a rise (in water level, price etc)",1
回去,囗,2,1160,v,huí qu,"to return,to go back",1
回升,囗,7,17568,v,huí shēng,"to rise again after a fall,to pick up,rally (stock market etc)",1
回收,囗,5,5818,v,huí shōu,"to recycle,to reclaim,to retrieve,to recover,to recall (a defective product)",1
回首,囗,7,13271,v,huí shǒu,"to turn around; to look back,(fig.) to recall the past",1
回头,囗,6,2717,d,huí tóu,"to turn round; to turn one's head,later; by and by",1
回味,囗,7,14491,v,huí wèi,"to call to mind and ponder over,aftertaste",1
回想,囗,7,6783,v,huí xiǎng,"to recall,to recollect,to think back",1
回信,囗,4,14440,n,huí xìn,"to reply,to write back,letter written in reply",1
回忆,囗,4,2055,v,huí yì,"to recall,memories",1
回忆录,囗,7,19388,n,huí yì lù,memoir,1
回应,囗,7,4686,v,huí yìng,"to respond,response",1
悔恨,忄,7,16897,v,huǐ hèn,"remorse,repentance",1
毁,殳,7,2932,v,huǐ,"to destroy; to ruin,to defame; to slander",3
毁坏,殳,7,13437,v,huǐ huài,"to damage,to devastate,to vandalize,damage,destruction",1
毁灭,殳,7,6217,v,huǐ miè,"to perish,to ruin,to destroy",1
汇,氵,6,5752,v,huì,"to remit,to converge (of rivers),to exchange",3
汇报,氵,6,4195,v,huì bào,"to report,to give an account of,to collect information and report back",2
汇合,氵,7,17160,v,huì hé,"confluence,to converge,to join,to fuse,fusion",1
汇集,氵,7,16093,v,huì jí,"to collect,to compile,to converge,also written 汇集",2
汇聚,氵,7,15129,v,huì jù,"convergence,to come together",1
汇款,氵,6,17166,n,huì kuǎn,"to remit money,remittance",1
汇率,氵,5,18037,n,huì lǜ,exchange rate,1
会,人,1,23,v,huì,"can; to have the skill; to know how to,to be likely to; to be sure to,to meet; to get together,meeting; gathering",2
会场,人,7,9918,n,huì chǎng,"meeting place,place where people gather",1
会计,人,6,4284,n,kuài jì,"accountant,accountancy,accounting",1
会见,人,6,3958,v,huì jiàn,to meet with (sb who is paying a visit),1
会面,人,7,7646,v,huì miàn,"to meet with,meeting",1
会谈,人,7,6237,v,huì tán,"talks,discussions",1
会晤,人,7,13440,vn,huì wù,"to meet,meeting,conference",1
会议,人,3,928,n,huì yì,"meeting,conference",1
会意,人,7,41491,v,huì yì,combined ideogram (one of the Six Methods 六书 of forming Chinese characters),1
会员,人,4,4022,n,huì yuán,member,1
会长,人,6,5451,n,huì zhǎng,"president of a club, committee etc",1
会诊,人,7,15904,v,huì zhěn,"consultation (medical),to meet for diagnosis,(by extension) consultation of different specialists",1
绘画,纟,6,9589,n,huì huà,"drawing,painting",1
绘声绘色,纟,7,52623,,huì shēng huì sè,"vivid and colorful (idiom); true to life,lively and realistic",1
贿赂,贝,7,5584,v,huì lù,"to bribe,a bribe",1
昏,日,7,8168,v,hūn,"muddle-headed,twilight,to faint,to lose consciousness",2
昏迷,日,7,6505,v,hūn mí,"to lose consciousness,to be in a coma,stupor,coma,stunned,disoriented",1
婚礼,女,5,2548,n,hūn lǐ,"wedding ceremony,wedding",1
婚纱,女,7,6002,n,hūn shā,wedding dress,1
婚姻,女,6,2058,n,hūn yīn,"matrimony,wedding,marriage",1
浑身,氵,7,5116,n,hún shēn,"all over,from head to foot",1
魂,鬼,7,5167,n,hún,old variant of 魂,2
混,氵,6,1849,v,hún,"confused,dirty,to mix,muddy,variant of 浑",2
混合,氵,6,3950,vn,hùn hé,"to mix,to blend,hybrid,composite",1
混乱,氵,6,3209,a,hùn luàn,"confusion,chaos,disorder",1
混凝土,氵,7,10054,n,hùn níng tǔ,concrete,1
混淆,氵,7,13106,v,hùn xiáo,"to obscure,to confuse,to mix up,to blur,to mislead",1
混浊,氵,7,34085,a,hùn zhuó,"turbid,muddy,dirty",1
豁,谷,7,31567,v,huá,to play Chinese finger-guessing game,3
豁出去,谷,7,21778,v,huō chu qu,"to throw caution to the wind,to press one's luck,to go for broke",1
豁达,谷,7,33799,a,huò dá,"optimistic,sanguine,generous,magnanimous,open-minded",1
活,氵,4,556,v,huó,"to live,alive,living,work,workmanship",1
活动,氵,4,605,vn,huó dòng,"to exercise,to move about,to operate,to use connections (personal influence),loose,shaky,active,movable,activity",1
活儿,氵,7,10626,n,huó r,"work,(lots of) things to do",1
活该,氵,7,11001,d,huó gāi,"(coll.) serve sb right,deservedly,ought,should",1
活力,氵,6,3168,n,huó lì,"energy,vitality,vigor,vital force",1
活泼,氵,4,8011,a,huó po,"lively,vivacious,brisk,active,(chemistry) reactive",1
活期,氵,7,42583,b,huó qī,"(banking) current (account),checking (account),demand (deposit etc)",1
活跃,氵,6,4961,v,huó yuè,"active,lively,excited,to enliven,to brighten up",1
火,火,4,1181,n,Huǒ,surname Huo,2
火暴,火,7,37646,a,huǒ bào,variant of 爆,1
火柴,火,6,11966,n,huǒ chái,match (for lighting fire),1
火车,火,1,2791,n,huǒ chē,train,1
火车站,火,1,7270,n,huǒ chē zhàn,train station,1
火锅,火,5,15037,n,huǒ guō,hotpot,1
火候,火,7,22245,n,huǒ hou,"heat control,(fig.) mastery,(fig.) crucial moment",1
火花,火,7,9503,n,huǒ huā,"spark,sparkle",1
火箭,火,7,3215,n,huǒ jiàn,rocket,1
火炬,火,7,6541,n,huǒ jù,(flaming) torch,1
火辣辣,火,7,27799,z,huǒ là là,"painful heat,scorching,painful heat,rude and forthright,provocative,hot,sexy",1
火热,火,7,9839,z,huǒ rè,"fiery,burning,fervent,ardent,passionate",1
火山,火,7,10871,n,huǒ shān,volcano,1
火速,火,7,18971,d,huǒ sù,"at top speed,at a tremendous lick",1
火腿,火,7,10075,n,huǒ tuǐ,ham,1
火焰,火,7,6741,n,huǒ yàn,"blaze,flame",1
火药,火,7,15036,n,huǒ yào,gunpowder,1
火灾,火,6,4272,n,huǒ zāi,serious fire (in a city or a forest etc),1
伙,亻,5,4111,q,huǒ,"meals (abbr. for 食),variant of 伙",2
伙伴,亻,5,2698,n,huǒ bàn,"partner,companion,comrade",1
伙食,亻,7,18184,n,huǒ shí,"food,meals",1
或,戈,3,307,c,huò,"maybe,perhaps,might,possibly,or",1
或多或少,戈,7,16166,d,huò duō huò shǎo,more or less,1
或是,戈,5,2438,c,huò shì,"or,either one or the other",1
或许,戈,5,1228,d,huò xǔ,perhaps; maybe,1
或者,戈,3,382,c,huò zhě,"or,possibly; maybe; perhaps",1
货,贝,4,1631,n,huò,"goods,money,commodity",1
货币,贝,6,6290,n,huò bì,"currency,monetary,money",1
货车,贝,6,4418,n,huò chē,"truck,van,freight wagon",1
货物,贝,5,5745,n,huò wù,"goods,commodity,merchandise",1
货运,贝,7,10749,n,huò yùn,"freight transport,cargo,transported goods",1
获,艹,4,2683,v,huò,"(literary) to catch; to capture,(literary) to get; to obtain; to win",2
获得,艹,4,701,v,huò dé,to obtain; to receive; to get,1
获奖,艹,4,7338,v,huò jiǎng,to win an award,1
获取,艹,4,4905,v,huò qǔ,to gain; to get; to acquire,1
获胜,艹,7,2635,v,huò shèng,"victorious,to win,to triumph",1
获悉,艹,7,9773,v,huò xī,"to learn of sth,to find out,to get news",1
祸害,礻,7,18243,n,huò hài,"disaster,harm,scourge,bad person,to damage,to harm,to wreck",1
霍乱,雨,7,21218,n,huò luàn,cholera,1
讥笑,讠,7,31406,v,jī xiào,to sneer,1
饥饿,饣,6,9185,n,jī è,"hunger,starvation,famine",1
机舱,木,7,19118,n,jī cāng,cabin of a plane,1
机场,木,2,2308,n,jī chǎng,"airport; airfield,(slang) service provider for Shadowsocks or similar software for circumventing Internet censorship",1
机动,木,7,9881,b,jī dòng,"locomotive,motorized,power-driven,adaptable,flexible (use, treatment, timing etc)",1
机动车,木,6,18763,n,jī dòng chē,motor vehicle,1
机构,木,5,1289,n,jī gòu,"mechanism,structure,organization,agency,institution",1
机关,木,7,3970,n,jī guān,"mechanism; gear,machine-operated,office; agency; organ; organization; establishment; institution; body",1
机会,木,3,393,n,jī huì,"opportunity,chance,occasion",1
机灵,木,7,16909,a,jī ling,"clever,quick-witted",1
机密,木,7,7153,n,jī mì,"secret,classified (information)",1
机票,木,2,5209,n,jī piào,"air ticket,passenger ticket",1
机器,木,5,2625,n,jī qì,machine,1
机器人,木,5,4844,n,jī qì rén,"robot,android",1
机械,木,6,3710,n,jī xiè,"machine,machinery,mechanical,(old) cunning,scheming",1
机遇,木,6,6091,n,jī yù,"opportunity,favorable circumstance,stroke of luck",1
机制,木,6,6578,n,jī zhì,mechanism,2
机智,木,7,15602,a,jī zhì,"quick-witted,resourceful",1
肌肤,⺼,7,7819,n,jī fū,"skin,flesh,fig. close physical relationship",1
肌肉,⺼,5,3562,n,jī ròu,"muscle,flesh",1
鸡,鸟,3,1356,n,jī,"fowl,chicken,(slang) prostitute",1
鸡蛋,鸟,1,3501,n,jī dàn,"(chicken) egg,hen's egg",1
迹象,辶,7,4065,n,jì xiàng,sign; indication; mark; indicator,1
积,禾,7,6313,v,jī,"to amass,to accumulate,to store,measured quantity (such as area of volume),product (the result of multiplication)",1
积淀,禾,7,41903,vn,jī diàn,"deposits accumulated over long periods,fig. valuable experience, accumulated wisdom",1
积极,禾,4,2212,a,jī jí,"active,energetic,vigorous,positive (outlook),proactive",1
积极性,禾,3,18743,n,jī jí xìng,"zeal,initiative,enthusiasm,activity",1
积累,禾,4,8722,v,jī lěi,"to accumulate,accumulation,cumulative,cumulatively",1
积蓄,禾,7,10253,n,jī xù,"to save; to put aside,savings",1
基本,土,4,1095,a,jī běn,"basic,fundamental,main,elementary",1
基本功,土,7,23233,n,jī běn gōng,"basic skills,fundamentals",1
基本上,土,4,3705,d,jī běn shang,"basically,on the whole",1
基层,土,7,15719,n,jī céng,"basic level,grassroots unit,basement layer",1
基础,土,4,2135,n,jī chǔ,"base; foundation; basis,basic; fundamental",1
基地,土,6,1799,n,jī dì,"base (of operations),industrial or military base,al-Qaeda",1
基督教,土,6,11088,nz,Jī dū jiào,"Christianity,Christian",1
基金,土,6,1874,n,jī jīn,fund,1
基因,土,6,2983,n,jī yīn,gene (loanword),1
基于,土,7,3684,p,jī yú,"because of,on the basis of,in view of,on account of",1
基准,土,7,18513,n,jī zhǔn,"(surveying) datum,standard; criterion; benchmark",1
畸形,田,7,9330,n,jī xíng,"deformity,abnormality",1
激动,氵,4,1931,a,jī dòng,"to move emotionally,to stir up (emotions),to excite",1
激发,氵,6,6298,v,jī fā,"to arouse,to stimulate,(physics) to excite",1
激光,氵,7,6471,n,jī guāng,laser,1
激化,氵,7,23722,v,jī huà,to intensify,1
激活,氵,7,6647,v,jī huó,to activate,1
激励,氵,6,4775,v,jī lì,"to encourage,to urge,motivation,incentive",1
激烈,氵,5,3088,a,jī liè,"(of competition or fighting) intense,fierce,(of pain) acute,(of an expression of opinion) impassioned,vehement",1
激起,氵,7,10351,v,jī qǐ,"to arouse,to evoke,to cause,to stir up",1
激情,氵,6,2822,n,jī qíng,"passion,fervor,enthusiasm,strong emotion",1
激素,氵,7,7000,n,jī sù,hormone,1
及,又,5,678,cc,jí,"and,to reach,up to,in time for",1
及格,又,5,9699,v,jí gé,"to pass an exam or a test,to meet a minimum standard",1
及其,又,7,6318,cc,jí qí,(conjunction linking two nouns) and its ...; and their ...; and his ...; and her ...,1
及时,又,4,2280,ad,jí shí,"timely; at the right time,promptly; without delay",1
及早,又,7,20217,d,jí zǎo,at the earliest possible time; as soon as possible,1
吉利,口,7,10800,a,Jí lì,"Geely, Chinese car make",2
吉普,口,7,19594,n,Jí pǔ,Jeep (car brand),1
吉他,口,7,6172,n,jí tā,guitar (loanword),1
吉祥,口,6,16584,n,jí xiáng,"lucky,auspicious,propitious",1
吉祥物,口,7,12347,n,jí xiáng wù,mascot,1
级,纟,5,1454,q,jí,"level,grade,rank,step (of stairs),classifier: step, level",1
级别,纟,7,4736,n,jí bié,"(military) rank,level,grade",1
即,卩,7,1528,v,jí,"namely,that is,i.e.,prompt,at once,at present,even if,prompted (by the occasion),to approach,to come into contact",1
即便,卩,6,3313,c,jí biàn,"even if,even though,right away,immediately",1
即将,卩,5,1906,d,jí jiāng,"on the eve of,to be about to,to be on the verge of",1
即可,卩,7,8510,v,jí kě,"equivalent to 就可以,can then (do sth),can immediately (do sth),(do sth) and that will suffice",1
即使,卩,4,1004,c,jí shǐ,even if; even though,1
极,木,3,1404,d,jí,"extremely,pole (geography, physics),utmost,top",1
极度,木,7,5833,d,jí dù,extremely,1
极端,木,6,5189,n,jí duān,extreme,1
极了,木,3,575,y,jí le,"extremely,exceedingly",1
极力,木,7,11081,d,jí lì,"to make a supreme effort,at all costs",1
极其,木,5,4627,d,jí qí,extremely,1
极少数,木,7,1000000,,jí shǎo shù,"extremely few,a small minority",1
极为,木,6,6810,d,jí wéi,"extremely,exceedingly",1
极限,木,7,6343,n,jí xiàn,"limit,extreme boundary",1
急,心,3,1635,v,jí,"urgent,pressing,rapid,hurried,worried,to make (sb) anxious",1
急功近利,心,7,26592,v,jí gōng jìn lì,"seeking instant benefit (idiom); shortsighted vision, looking only for fast return",1
急救,心,6,6489,vn,jí jiù,"to give emergency treatment,first aid",1
急剧,心,7,13117,d,jí jù,rapid; sudden,1
急忙,心,5,18562,d,jí máng,hastily,1
急迫,心,7,29873,a,jí pò,"urgent,pressing,imperative",1
急切,心,6,13165,a,jí qiè,"eager,impatient",1
急性,心,7,8564,b,jí xìng,acute,1
急需,心,5,7649,v,jí xū,"to urgently need,urgent need",1
急于,心,7,11107,v,jí yú,"eager to,in a hurry to",1
急于求成,心,7,41579,v,jí yú qiú chéng,"anxious for quick results (idiom); to demand instant success,impatient for result,impetuous",1
急躁,心,7,16250,a,jí zào,"irritable; irascible,impetuous",1
急诊,心,5,11305,n,jí zhěn,"to give or receive urgent medical treatment,emergency treatment (at a hospital emergency department",1
急转弯,心,7,28882,v,jí zhuǎn wān,to make a sudden turn,1
疾病,疒,5,2270,n,jí bìng,disease; sickness; ailment,1
脊梁,⺼,7,28720,n,jǐ liáng,"backbone,spine,Taiwan pr. [jǐ liang]",2
棘手,木,7,11249,a,jí shǒu,"thorny (problem),intractable",1
集,隹,5,1190,q,jí,"to gather,to collect,collected works,classifier for sections of a TV series etc: episode",1
集合,隹,5,5571,v,jí hé,"to gather; to assemble,(math.) set",1
集会,隹,7,7482,vn,jí huì,"to gather,assembly,meeting",1
集结,隹,7,12340,v,jí jié,"to assemble,to concentrate,to mass,to build up,to marshal",1
集体,隹,5,3804,n,jí tǐ,"collective (decision),joint (effort),a group,a team,en masse,as a group",1
集团,隹,6,2134,n,jí tuán,"group,bloc,corporation,conglomerate",1
集邮,隹,7,30092,vn,jí yóu,"stamp collecting,philately",1
集中,隹,5,1271,v,jí zhōng,"to concentrate,to centralize,to focus,centralized,concentrated,to put together",1
集装箱,隹,7,9507,n,jí zhuāng xiāng,container (for shipping),1
集资,隹,7,17748,v,jí zī,"to raise money,to accumulate funds",1
嫉妒,女,7,4056,v,jí dù,to be jealous of; to envy,1
籍贯,⺮,7,37051,n,jí guàn,"one's native place,place of ancestry,registered birthplace",1
几,几,1,178,m,jī,small table,3
几乎,几,3,1001,d,jī hū,almost; nearly; practically,1
几率,几,7,8030,n,jī lǜ,"probability,odds",1
挤,扌,5,3042,v,jǐ,"to crowd in,to cram in,to force others aside,to press,to squeeze,to find (time in one's busy schedule)",1
挤压,扌,7,13189,v,jǐ yā,"to squeeze,to press,to extrude",1
计,讠,7,2925,v,Jì,surname Ji,2
计策,讠,7,28994,n,jì cè,stratagem,1
计划,讠,4,403,n,jì huà,"plan,project,program,to plan,to map out",1
计较,讠,7,9225,v,jì jiào,"to bother about,to haggle,to bicker,to argue,plan,stratagem",1
计时,讠,7,12504,v,jì shí,"to measure time,to time,to reckon by time",1
计算,讠,5,2980,v,jì suàn,"to count,to calculate,to compute",1
计算机,讠,5,3682,n,jì suàn jī,"computer,(Tw) calculator",1
记,讠,3,1123,v,jì,"to record,to note,to memorize,to remember,mark,sign,classifier for blows, kicks, shots",1
记得,讠,2,699,v,jì de,to remember,1
记号,讠,7,16561,n,jì hao,"mark,symbol,notation,seal",1
记录,讠,5,1305,n,jì lù,"to record,record (written account),note-taker,record (in sports etc)",1
记性,讠,7,14607,n,jì xing,memory (ability to retain information),1
记忆,讠,5,1839,n,jì yì,"to remember,to recall,memory",1
记忆犹新,讠,7,20223,v,jì yì yóu xīn,to remain fresh in one's memory (idiom),1
记载,讠,5,6338,v,jì zǎi,"to write down,to record,written account",1
记者,讠,4,844,n,jì zhě,reporter; journalist,1
记住,讠,1,2266,v,jì zhu,"to remember,to bear in mind,to learn by heart",1
纪录,纟,5,3694,n,jì lù,"variant of 记录 (but in Taiwan, not for the verb sense ""to record"")",1
纪录片,纟,5,12167,n,jì lù piàn,"newsreel,documentary (film or TV program)",1
纪律,纟,6,6250,n,jì lǜ,discipline,1
纪念,纟,5,2842,v,jì niàn,"to commemorate; to honor the memory of,memento; keepsake; souvenir",1
纪念碑,纟,7,14440,n,jì niàn bēi,monument,1
纪念馆,纟,7,15677,n,jì niàn guǎn,"memorial hall,commemorative museum",1
纪念日,纟,5,9147,n,jì niàn rì,"day of commemoration,memorial day",1
纪实,纟,7,22660,n,jì shí,"record of actual events,documentary (factual rather than fictional)",1
纪要,纟,7,44018,n,jì yào,"minutes,written summary of a meeting",1
忌,心,7,14072,v,jì,"to be jealous of,fear,dread,scruple,to avoid or abstain from,to quit,to give up sth",1
忌讳,心,7,22458,v,jì huì,"taboo,to avoid as taboo,to abstain from",1
忌口,心,7,52918,v,jì kǒu,"abstain from certain food (as when ill),avoid certain foods,be on a diet",1
技能,扌,5,4372,n,jì néng,"technical ability,skill",1
技巧,扌,6,3853,n,jì qiǎo,"skill,technique",1
技术,扌,4,758,n,jì shù,technology; technique; skill,1
技艺,扌,6,13822,n,jì yì,"skill,art",1
剂,刂,7,2773,q,jì,dose (medicine),1
季,子,3,1588,q,Jì,surname Ji,2
季度,子,5,5266,n,jì dù,"quarter of a year,season (sports)",1
季节,子,3,4724,n,jì jié,"time,season,period",1
季军,子,6,27804,n,jì jūn,"third in a race,bronze medalist",1
既,旡,4,1698,c,jì,"already,since,both... (and...)",1
既然,旡,4,1629,c,jì rán,"since,as,this being the case",1
继,纟,7,5916,g,jì,"to continue,to follow after,to go on with,to succeed,to inherit,then,afterwards",1
继承,纟,6,4528,v,jì chéng,"to inherit,to succeed to (the throne etc),to carry on (a tradition etc)",1
继而,纟,7,19956,c,jì ér,"then,afterwards",1
继父,纟,7,21872,n,jì fù,stepfather,1
继母,纟,7,23153,n,jì mǔ,stepmother,1
继往开来,纟,6,52579,v,jì wǎng kāi lái,to follow the past and herald the future (idiom); part of a historical transition,1
继续,纟,4,285,v,jì xù,"to continue,to proceed with,to go on with",1
寂静,宀,7,11346,a,jì jìng,quiet,1
寂寞,宀,6,3580,a,jì mò,"lonely,lonesome,(of a place) quiet,silent",1
寄,宀,4,2842,v,jì,"to send,to mail,to entrust,to depend on,to attach oneself to,to live (in a house),to lodge,foster (son etc)",1
寄托,宀,7,11727,v,jì tuō,"to entrust (to sb),to place (one's hope, energy etc) in,a thing in which you invest (your hope, energy etc)",1
祭,示,7,6789,v,Zhài,surname Zhai,2
祭奠,示,7,24155,v,jì diàn,"to offer sacrifices (to one's ancestors),to hold or attend a memorial service",1
祭祀,示,7,16755,vn,jì sì,to offer sacrifices to the gods or ancestors,1
加,力,3,503,v,Jiā,"Canada (abbr. for 大),surname Jia",2
加班,力,4,5951,v,jiā bān,to work overtime,1
加工,力,5,6286,v,jiā gōng,"to process,processing,working (of machinery)",1
加紧,力,7,13311,v,jiā jǐn,"to intensify,to speed up,to step up",1
加剧,力,6,14236,v,jiā jù,to intensify,1
加快,力,4,3846,v,jiā kuài,"to accelerate,to speed up",1
加盟,力,7,13920,v,jiā méng,"to become a member of an alliance or union,to align,to join,participate",1
加强,力,4,3019,v,jiā qiáng,to reinforce; to strengthen; to enhance,1
加热,力,5,8463,v,jiā rè,to heat,1
加入,力,4,1056,v,jiā rù,"to become a member,to join,to mix into,to participate in,to add in",1
加上,力,4,1687,v,jiā shàng,"plus,to put in,to add,to add on,to add into,in addition,on top of that",1
加深,力,5,12768,v,jiā shēn,to deepen,1
加速,力,5,3588,v,jiā sù,"to speed up,to expedite",1
加以,力,6,7365,v,jiā yǐ,"in addition,moreover",1
加油,力,4,1078,v,jiā yóu,"to add oil,to top up with gas,to refuel,to accelerate,to step on the gas,(fig.) to make an extra effort,to cheer sb on",1
加油站,力,4,7839,n,jiā yóu zhàn,gas station,1
加重,力,6,9105,v,jiā zhòng,"to make heavier,to emphasize,(of an illness etc) to become more serious,to aggravate (a bad situation)",1
夹,一,6,3693,v,jiā,"to press from either side,to place in between,to sandwich,to carry sth under armpit,wedged between,between",4
夹杂,一,7,19874,v,jiā zá,"to mix together (disparate substances),to mingle,a mix,to be tangled up with",1
夹子,一,7,19836,n,jiā zi,"clip,clamp,tongs,folder,wallet",1
佳节,亻,7,26246,n,jiā jié,"festive day,holiday",1
佳肴,亻,7,23853,n,jiā yáo,"fine food,delicacies,delicious food",1
茄子,艹,6,10773,n,qié zi,"eggplant (Solanum melongena L.),aubergine,brinjal,Guinea squash,phonetic ""cheese"" (when being photographed)",1
家,宀,1,124,n,jiā,used in 家伙 and 家俱,2
家常,宀,6,23508,n,jiā cháng,the daily life of a family,1
家电,宀,5,30196,n,jiā diàn,"household electric appliance,abbr. for 家用电器",1
家伙,宀,7,1757,n,jiā huo,variant of 伙,2
家家户户,宀,6,34377,l,jiā jiā hù hù,"each and every family (idiom),every household",1
家教,宀,7,10935,n,jiā jiào,"family education,upbringing,to bring sb up,private tutor",1
家境,宀,7,29399,n,jiā jìng,"family financial situation,family circumstances",1
家具,宀,4,4188,n,jiā jù,furniture,1
家里,宀,1,973,s,jiā lǐ,home,1
家禽,宀,7,15547,n,jiā qín,"poultry,domestic fowl",1
家人,宀,1,1562,n,jiā rén,"family member,(old) servant",1
家属,宀,6,5115,n,jiā shǔ,"family member,(family) dependent",1
家庭,宀,4,706,n,jiā tíng,"family,household",1
家务,宀,5,9208,n,jiā wù,"household duties,housework",1
家乡,宀,4,4334,n,jiā xiāng,"hometown,native place",1
家用,宀,7,15677,b,jiā yòng,"home-use,domestic,family expenses,housekeeping money",1
家喻户晓,宀,7,19921,v,jiā yù hù xiǎo,"understood by everyone (idiom); well known,a household name",1
家园,宀,6,6114,n,jiā yuán,"home,homeland",1
家长,宀,4,2575,n,jiā zhǎng,"head of a household,family head,patriarch,parent or guardian of a child",1
家政,宀,7,14688,n,jiā zhèng,housekeeping,1
家族,宀,7,2672,n,jiā zú,"family,clan",1
嘉宾,口,5,5047,n,jiā bīn,"esteemed guest,honored guest,guest (on a show)",1
嘉年华,口,7,12476,n,jiā nián huá,carnival (loanword),1
甲,田,5,2984,n,jiǎ,"first of the ten Heavenly Stems 干,(used for an unspecified person or thing),first (in a list",1
假,亻,4,1053,a,gēi,used in 掰,4
假定,亻,7,12020,v,jiǎ dìng,"to assume,to suppose,supposed,so-called,assumption,hypothesis",1
假冒,亻,7,11160,v,jiǎ mào,"to impersonate,to pose as (someone else),to counterfeit,to palm off (a fake as a genuine)",1
假期,亻,3,4572,t,jià qī,vacation,1
假日,亻,4,8483,n,jià rì,"holiday,non-working day",1
假如,亻,5,3671,c,jiǎ rú,if,1
假设,亻,6,4725,v,jiǎ shè,"to suppose,to presume,to assume,supposing that ...,if,hypothesis,conjecture",1
假使,亻,7,36984,c,jiǎ shǐ,"if,in case,suppose,given ...",1
假装,亻,7,4610,v,jiǎ zhuāng,"to feign,to pretend",1
价,亻,5,2258,n,jià,"price,value,(chemistry) valence",2
价格,亻,4,1783,n,jià gé,price,1
价钱,亻,4,5854,n,jià qian,price,1
价位,亻,7,15123,n,jià wèi,price level,1
价值,亻,5,1136,n,jià zhí,"value,worth,fig. values (ethical, cultural etc)",1
价值观,亻,7,9179,n,jià zhí guān,system of values,1
驾,马,7,4390,v,Jià,surname Jia,2
驾车,马,7,6043,v,jià chē,to drive a vehicle,1
驾驶,马,5,2978,v,jià shǐ,"to pilot (ship, airplane etc),to drive",1
驾驭,马,7,11150,v,jià yù,"to urge on (of horse),to drive,to steer,to handle,to manage,to master,to dominate",1
驾照,马,5,10477,n,jià zhào,driver's license,1
架,木,5,1375,qv,jià,"to support,frame,rack,framework,classifier for planes, large vehicles, radios etc",1
架势,木,7,16551,n,jià shi,"attitude,position (on an issue etc)",1
架子,木,7,9412,n,jià zi,"shelf,frame,stand,framework,airs,arrogance",1
嫁,女,6,2300,v,jià,"(of a woman) to marry,to marry off a daughter,to shift (blame etc)",1
嫁妆,女,7,26214,n,jià zhuang,dowry,1
奸诈,女,7,31529,a,jiān zhà,"treachery,devious,a rogue",1
尖,小,6,4920,a,jiān,"pointed; tapering; sharp,(of a sound) shrill; piercing,(of one's hearing, sight etc) sharp; acute; keen",1
尖端,小,7,16490,b,jiān duān,"sharp pointed end,the tip,the cusp,tip-top,most advanced and sophisticated,highest peak,the best",1
尖锐,小,7,11251,a,jiān ruì,"sharp,intense,penetrating,pointed,acute (illness)",1
坚持,土,3,751,v,jiān chí,"to persevere with,to persist in,to insist on",1
坚持不懈,土,7,16488,v,jiān chí bù xiè,to persevere unremittingly (idiom); to keep going until the end,1
坚定,土,6,4780,a,jiān dìng,"firm,steady,staunch,resolute",1
坚固,土,6,11999,a,jiān gù,"firm,firmly,hard,stable",1
坚决,土,6,5120,ad,jiān jué,firm; resolute; determined,1
坚强,土,5,2557,a,jiān qiáng,"staunch,strong",1
坚韧,土,7,17246,a,jiān rèn,"tough and durable,tenacious",1
坚实,土,7,12299,a,jiān shí,"firm and substantial,solid",1
坚守,土,7,9224,v,jiān shǒu,"to hold fast to,to stick to",1
坚信,土,7,6704,v,jiān xìn,"to believe firmly,without any doubt",1
坚硬,土,6,13790,a,jiān yìng,"hard,solid",1
歼灭,歹,7,16884,v,jiān miè,"to wipe out,to crush,to annihilate",1
间,门,2,546,q,jiān,"between,among,within a definite time or space,room,section of a room or lateral space between two pairs of pillars",2
间谍,门,7,5886,n,jiàn dié,spy,1
间断,门,7,12754,v,jiàn duàn,"disconnected,interrupted,suspended,a gap,a break",1
间隔,门,6,11622,n,jiàn gé,"gap,interval,compartment,to divide,to separate,to leave a gap of (two weeks, three meters etc)",1
间接,门,6,8271,b,jiàn jiē,indirect,1
间隙,门,7,16253,n,jiàn xì,"interval,gap,clearance",1
肩,⺼,5,4664,n,jiān,"shoulder,to shoulder (responsibilities etc)",1
肩膀,⺼,6,4518,n,jiān bǎng,shoulder,1
肩负,⺼,7,14435,v,jiān fù,"to shoulder (a burden),to bear,to suffer (a disadvantage)",1
艰巨,又,7,11441,a,jiān jù,"arduous,terrible (task),very difficult,formidable",1
艰苦,又,5,6580,a,jiān kǔ,"difficult,hard,arduous",1
艰苦奋斗,又,7,28881,v,jiān kǔ fèn dòu,to struggle arduously,1
艰难,又,6,3288,a,jiān nán,"difficult,hard,challenging",1
艰险,又,7,30408,an,jiān xiǎn,"difficult and dangerous,hardships and perils",1
艰辛,又,6,9883,a,jiān xīn,"hardships,arduous,difficult",1
兼,丷,7,4083,v,jiān,"double,twice,simultaneous,holding two or more (official) posts at the same time",1
兼顾,丷,7,13197,v,jiān gù,"to attend simultaneously to two or more things,to balance (career and family, family and education etc)",1
兼任,丷,7,25167,v,jiān rèn,"to hold several jobs at once,concurrent post,working part-time",1
兼容,丷,7,18105,v,jiān róng,compatible,1
兼职,丷,6,8368,v,jiān zhí,"to hold concurrent posts,concurrent job,moonlighting",1
监测,皿,6,7699,vn,jiān cè,to monitor,1
监察,皿,7,10495,vn,jiān chá,"to supervise,to control",1
监督,皿,6,3386,vn,jiān dū,"to control,to supervise,to inspect",1
监管,皿,7,4931,vn,jiān guǎn,"to oversee,to take charge of,to supervise,to administer,supervisory,supervision",1
监护,皿,7,10041,vn,jiān hù,to act as a guardian,1
监控,皿,7,3339,vn,jiān kòng,to monitor,1
监视,皿,7,4951,v,jiān shì,"to monitor,to keep a close watch over,surveillance",1
监狱,皿,7,3445,n,jiān yù,prison,1
煎,灬,7,5908,v,jiān,"to pan fry,to sauté",1
拣,扌,7,11089,v,jiǎn,"to choose,to pick,to sort out,to pick up",1
捡,扌,5,4100,v,jiǎn,"to pick up,to collect,to gather",1
减,冫,4,3695,v,jiǎn,"to lower,to decrease,to reduce,to subtract,to diminish",1
减肥,冫,5,3988,v,jiǎn féi,to lose weight,1
减免,冫,7,20109,v,jiǎn miǎn,"to reduce or waive (taxes, punishment, rent, tuition etc)",1
减轻,冫,4,4747,v,jiǎn qīng,"to lighten,to ease,to alleviate",1
减弱,冫,6,9578,v,jiǎn ruò,to weaken; to diminish,1
减少,冫,4,2443,v,jiǎn shǎo,to lessen; to decrease; to reduce; to lower,1
减速,冫,7,10031,v,jiǎn sù,"to reduce speed,to slow down,to take it easy",1
减压,冫,6,14321,v,jiǎn yā,"to reduce pressure,to relax",1
剪,刀,5,3012,v,Jiǎn,surname Jian,2
剪彩,刀,7,27750,v,jiǎn cǎi,to cut the ribbon (at a launching or opening ceremony),1
剪刀,刀,5,9563,n,jiǎn dāo,scissors,1
剪子,刀,5,29894,n,jiǎn zi,"clippers,scissors,shears",1
检测,木,6,2191,vn,jiǎn cè,"to detect,to test,detection,sensing",1
检查,木,3,659,v,jiǎn chá,"inspection,to examine,to inspect",1
检察,木,7,13539,b,jiǎn chá,"to inspect,(law) to prosecute,to investigate",1
检讨,木,7,19301,v,jiǎn tǎo,"to examine or inspect,self-criticism,review",1
检验,木,6,3580,v,jiǎn yàn,"to inspect,to examine,to test",1
简称,⺮,7,7065,v,jiǎn chēng,"to be abbreviated to,abbreviation; short form",1
简单,⺮,3,726,a,jiǎn dān,"simple,not complicated",1
简短,⺮,7,10248,a,jiǎn duǎn,"brief (statement, summary etc),briefly,brevity",1
简化,⺮,6,13261,v,jiǎn huà,to simplify,1
简洁,⺮,7,11301,a,jiǎn jié,"concise,succinct,pithy",1
简介,⺮,6,14655,n,jiǎn jiè,"summary,brief introduction",1
简历,⺮,5,7973,n,jiǎn lì,"curriculum vitae (CV),résumé,biographical notes",1
简陋,⺮,7,15698,a,jiǎn lòu,simple and crude,1
简体字,⺮,7,57431,,jiǎn tǐ zì,"simplified Chinese character, as opposed to traditional Chinese character 繁体字",1
简要,⺮,7,17452,ad,jiǎn yào,"concise,brief",1
简易,⺮,7,13519,a,jiǎn yì,"simple and easy,simplistic,simplicity",1
简直,⺮,5,1797,d,jiǎn zhí,simply; really,1
见,见,1,178,v,jiàn,"to see,to meet,to appear (to be sth),to interview,opinion,view",2
见到,见,2,341,v,jiàn dào,to see,1
见多识广,见,7,36443,v,jiàn duō shí guǎng,experienced and knowledgeable (idiom),1
见过,见,2,1000000,,jiànguò,seen,1
见解,见,7,11050,n,jiàn jiě,"opinion,view,understanding",1
见面,见,3,1876,v,jiàn miàn,to meet; to see each other,1
见钱眼开,见,7,68731,,jiàn qián yǎn kāi,"to open one's eyes wide at the sight of profit (idiom); thinking of nothing but personal gain,money-grubbing",1
见仁见智,见,7,46725,v,jiàn rén jiàn zhì,opinions differ (idiom),1
见识,见,7,5520,n,jiàn shi,"to gain first-hand knowledge of sth,to experience for oneself,knowledge,experience,insight",1
见外,见,7,33911,v,jiàn wài,to treat sb with the formal courtesy accorded to a host or a guest,1
见闻,见,7,36267,n,jiàn wén,"what one has seen and heard,knowledge,one's experience",1
见效,见,7,17312,a,jiàn xiào,to have the desired effect,1
见义勇为,见,7,22262,v,jiàn yì yǒng wéi,"to see what is right and act courageously (idiom, from Analects); to stand up bravely for the truth",1
见证,见,7,5635,n,jiàn zhèng,"to be witness to,witness,evidence",1
件,亻,1,292,q,jiàn,"item,component,classifier for events, things, clothes etc",1
建,廴,5,1679,v,jiàn,"to establish,to found,to set up,to build,to construct",1
建成,廴,3,7497,v,jiàn chéng,"to establish,to build",1
建交,廴,7,39495,v,jiàn jiāo,to establish diplomatic relations,1
建立,廴,5,1182,v,jiàn lì,"to establish,to set up,to found",1
建设,廴,5,4276,vn,jiàn shè,to build; to construct; to establish; to develop; to institute,1
建树,廴,7,29803,n,jiàn shù,"to make a contribution,to establish,to found,contribution",1
建议,廴,4,782,n,jiàn yì,"to propose; to suggest; to recommend,proposal; suggestion; recommendation",1
建造,廴,5,3900,v,jiàn zào,"to construct,to build",1
建筑,廴,5,1649,n,jiàn zhù,"to construct,building",1
建筑师,廴,7,11925,n,jiàn zhù shī,architect,1
建筑物,廴,6,7652,n,jiàn zhù wù,"building,structure,edifice",1
剑,刂,6,1749,n,jiàn,"double-edged sword,classifier for blows of a sword",2
贱,贝,7,4078,a,jiàn,"inexpensive,lowly,despicable,(bound form) (humble) my",1
健康,亻,3,952,a,jiàn kāng,"health,healthy",1
健美,亻,7,19121,n,jiàn měi,"healthy and beautiful,to do fitness exercises,abbr. for 健美运动",1
健全,亻,6,7565,a,jiàn quán,"robust,sound",1
健身,亻,4,4744,vn,jiàn shēn,"to exercise,to keep fit,to work out,physical exercise",1
健身房,亻,4,12463,n,jiàn shēn fáng,"gym,gymnasium",1
健壮,亻,7,16844,a,jiàn zhuàng,"robust,healthy,sturdy",1
舰艇,舟,6,22056,n,jiàn tǐng,"warship,naval vessel",1
渐渐,氵,5,4452,d,jiàn jiàn,gradually,1
溅,氵,7,9742,v,jiàn,to splash,1
践踏,足,7,14692,v,jiàn tà,to trample,1
鉴别,金,7,10434,v,jiàn bié,"to differentiate,to distinguish",1
鉴定,金,6,4200,vn,jiàn dìng,"to appraise,to identify,to evaluate",1
鉴赏,金,7,26154,vn,jiàn shǎng,to appreciate (as a connoisseur),1
鉴于,金,7,5159,p,jiàn yú,"in view of,seeing that,considering,whereas",1
键,钅,5,5438,n,jiàn,"key (on a piano or computer keyboard),button (on a mouse or other device),chemical bond,linchpin",1
键盘,钅,5,8141,n,jiàn pán,keyboard,1
箭,⺮,6,4920,n,jiàn,arrow,1
江,氵,4,4802,nr,Jiāng,surname Jiang,2
姜,女,7,5083,nr,Jiāng,surname Jiang,3
将,丬,4,100,d,jiāng,"will,shall,to use,to take,to checkmate,just a short while ago,(introduces object of main verb",3
将近,丬,5,7225,d,jiāng jìn,"almost,nearly,close to",1
将军,丬,6,2465,n,Jiāng jūn,(common place name),2
将来,丬,4,2601,t,jiāng lái,"in the future,future,the future",1
将要,丬,4,5958,d,jiāng yào,"will,shall,to be going to",1
僵,亻,7,12528,a,jiāng,"rigid,deadlock,stiff (corpse)",2
僵化,亻,7,30898,v,jiāng huà,to become rigid,1
僵局,亻,7,14913,n,jiāng jú,"impasse,deadlock",1
僵硬,亻,7,10691,a,jiāng yìng,stiff; rigid,1
讲,讠,3,555,v,jiǎng,"to speak,to explain,to negotiate,to emphasize,to be particular about,as far as sth is concerned,speech,lecture",1
讲话,讠,5,2064,n,jiǎng huà,"a speech,to speak,to talk,to address",1
讲解,讠,6,11822,v,jiǎng jiě,to explain,1
讲究,讠,5,9711,v,jiǎng jiu,"to pay particular attention to,carefully selected for quality,tastefully chosen",1
讲课,讠,6,15636,v,jiǎng kè,"teach,lecture",1
讲述,讠,5,5134,v,jiǎng shù,"to talk about,to narrate,to give an account",1
讲学,讠,7,36991,v,jiǎng xué,to lecture (on branch of learning),1
讲座,讠,5,8858,n,jiǎng zuò,a course of lectures,1
奖,大,4,2198,n,jiǎng,"prize,award,encouragement",1
奖杯,大,7,9053,n,jiǎng bēi,trophy cup,1
奖金,大,4,3649,n,jiǎng jīn,"premium,award money,bonus",1
奖励,大,5,2746,vn,jiǎng lì,"to reward,reward (as encouragement)",1
奖牌,大,6,13348,n,jiǎng pái,medal (awarded as a prize),1
奖品,大,6,4654,n,jiǎng pǐn,"award,prize",1
奖赏,大,7,18337,n,jiǎng shǎng,reward; prize; award,1
奖项,大,7,10933,n,jiǎng xiàng,award; prize,1
奖学金,大,4,7771,n,jiǎng xué jīn,scholarship,1
桨,木,7,14235,n,jiǎng,"oar,paddle",1
降,阝,4,2897,v,jiàng,"to drop,to fall,to come down,to descend",2
降低,阝,4,3058,v,jiàng dī,to reduce; to lower; to bring down,1
降价,阝,4,13945,v,jiàng jià,"to cut the price,to drive down the price,to get cheaper",1
降临,阝,7,5789,v,jiàng lín,"to descend,to arrive,to come",1
降落,阝,4,6858,v,jiàng luò,"to descend,to land",1
降温,阝,4,11837,v,jiàng wēn,"to become cooler,to lower the temperature,cooling,(of interest, activity etc) to decline",1
酱,酉,6,4625,n,jiàng,"thick paste of fermented soybean,marinated in soy paste,paste,jam",1
酱油,酉,6,11281,n,jiàng yóu,soy sauce,1
交,亠,4,715,v,jiāo,"to hand over,to deliver,to pay (money),to turn over,to make friends,to intersect (lines),variant of 跤",1
交叉,亠,7,5532,v,jiāo chā,"to cross,to intersect,to overlap",1
交代,亠,7,6862,v,jiāo dài,"to transfer (duties to sb else),to give instructions; to tell (sb to do sth),to explain; to give an account; to brief",1
交费,亠,3,24178,v,jiāo fèi,to pay a fee,1
交锋,亠,7,14884,v,jiāo fēng,"to cross swords,to have a confrontation (with sb)",1
交付,亠,7,12326,v,jiāo fù,"to hand over,to deliver",1
交给,亠,2,1533,v,jiāo gěi,to give; to deliver; to hand over,1
交换,亠,5,3196,v,jiāo huàn,"to exchange,to swap,to switch (telecom),commutative (math),to commute",1
交集,亠,7,16337,v,jiāo jí,"(of diverse emotions) to occur simultaneously; to intermingle,common ground; points of commonality; overlap; connection",1
交际,亠,6,11527,v,jiāo jì,"communication,social intercourse",1
交接,亠,7,14661,vn,jiāo jiē,"(of two things) to come into contact,to meet,to hand over to,to take over from,to associate with",1
交界,亠,7,18485,v,jiāo jiè,"common boundary,common border",1
交警,亠,4,12361,n,jiāo jǐng,traffic police (abbr. for 察),1
交流,亠,4,1828,vn,jiāo liú,"to exchange,exchange,communication,interaction,to have social contact (with sb)",1
交纳,亠,7,22744,v,jiāo nà,to pay (taxes or dues),1
交朋友,亠,2,17456,v,jiāo péng you,"to make friends,(dialect) to start an affair with sb",1
交情,亠,7,16213,n,jiāo qing,"friendship,friendly relations",1
交涉,亠,7,13121,v,jiāo shè,"to negotiate (with),to have dealings (with)",1
交谈,亠,6,5246,v,jiāo tán,"to discuss; to converse,chat; discussion",1
交替,亠,7,15079,v,jiāo tì,"to replace,alternately; in turn",1
交通,亠,4,1688,n,jiāo tōng,"to be connected,traffic,transportation,communications,liaison",1
交头接耳,亠,7,42113,v,jiāo tóu jiē ěr,to whisper to one another's ear,1
交往,亠,5,3394,vn,jiāo wǎng,"to associate (with),to have contact (with),to hang out (with),to date,(interpersonal) relationship,association,contact",1
交响乐,亠,7,22508,n,jiāo xiǎng yuè,symphony,1
交易,亠,5,880,n,jiāo yì,"to deal; to trade; to transact,transaction; deal",1
郊区,阝,4,7855,s,jiāo qū,"suburban district,outskirts,suburbs",1
郊外,阝,6,15596,s,jiāo wài,outskirts,1
郊游,阝,7,28410,v,jiāo yóu,"to go for an outing,to go on an excursion",1
娇惯,女,7,48851,v,jiāo guàn,"to pamper,to coddle,to spoil",1
娇气,女,7,38277,a,jiāo qì,"delicate,squeamish,finicky",1
浇,氵,5,7803,v,jiāo,"to pour liquid,to irrigate (using waterwheel),to water,to cast (molten metal),to mold",1
骄傲,马,4,3023,an,jiāo ào,"pride,arrogance,conceited,proud of sth",1
胶带,⺼,6,16042,n,jiāo dài,"adhesive tape,magnetic tape",1
胶囊,⺼,7,13025,n,jiāo náng,(pharm.) capsule,1
胶片,⺼,7,13499,n,jiāo piàn,(photographic) film,1
胶水,⺼,6,19095,n,jiāo shuǐ,glue,1
焦,灬,7,4965,a,Jiāo,surname Jiao,2
焦点,灬,6,4682,n,jiāo diǎn,focal point; focus (lit. and fig.),1
焦急,灬,7,13443,a,jiāo jí,"anxiety,anxious",1
焦距,灬,7,22367,n,jiāo jù,"focal length,focal distance",1
焦虑,灬,6,6011,a,jiāo lǜ,"anxious,worried,apprehensive",1
焦躁,灬,7,20658,a,jiāo zào,"fretful,impatient",1
礁石,石,7,25109,n,jiāo shí,reef,1
角,角,3,2370,n,Jué,surname Jue,3
角度,角,5,1907,n,jiǎo dù,"angle,point of view",1
角落,角,6,4451,n,jiǎo luò,nook; corner,1
角色,角,5,1656,n,jué sè,"role,character in a novel,persona,also pr. [jiǎo sè]",1
角逐,角,7,8531,vn,jué zhú,"to tussle,to contend,to contest",1
狡猾,犭,7,10112,a,jiǎo huá,crafty; cunning; sly,1
绞,纟,7,12700,v,jiǎo,"to twist (strands into a thread),to entangle,to wring,to hang (by the neck),to turn,to wind",1
饺子,饣,1,11834,n,jiǎo zi,"dumpling,pot-sticker",1
矫正,矢,7,12817,v,jiǎo zhèng,"to correct,to rectify (e.g. a physical defect such as hearing or vision),to cure,rectification,correction,to straighten",1
脚,⺼,3,1024,n,jiǎo,"foot,leg (of an animal or an object),base (of an object),classifier for kicks",2
脚步,⺼,5,5649,n,jiǎo bù,"footstep,step",1
脚印,⺼,6,13231,n,jiǎo yìn,footprint,1
搅,扌,7,6330,v,jiǎo,"to disturb,to annoy,to mix,to stir",1
搅拌,扌,7,10963,v,jiǎo bàn,"to stir,to agitate",1
缴,纟,7,9307,v,jiǎo,"to hand in,to hand over,to seize",1
缴费,纟,7,16721,vn,jiǎo fèi,to pay a fee,1
缴纳,纟,7,18554,v,jiǎo nà,to pay (taxes etc),1
叫,口,1,200,v,jiào,"to shout,to call,to order,to ask,to be called,by (indicates agent in the passive mood)",2
叫板,口,7,27620,,jiào bǎn,"to signal the musicians (in Chinese opera, by prolonging a spoken word before attacking a song),(coll.) to challenge",1
叫好,口,7,18648,v,jiào hǎo,"to applaud,to cheer",1
叫作,口,4,19120,v,jiào zuò,"to call,to be called",1
轿车,车,7,3733,n,jiào chē,"enclosed carriage for carrying passengers,motor carriage,car or bus,limousine",1
较,车,5,2836,d,jiào,"to compare,to dispute,compared to,(before adj.) relatively,comparatively,rather,also pr. [jiǎo]",1
较劲,车,7,21666,v,jiào jìn,"to match one's strength with,to compete,more competitive,to set oneself against sb,disobliging,to make a special effort",1
较量,车,7,8379,vn,jiào liàng,"to pit oneself against sb,to compete with sb,contest,battle,to haggle,to quibble",1
教,攵,2,988,v,Jiào,surname Jiao,3
教材,攵,5,16199,n,jiào cái,teaching material,1
教科书,攵,7,13123,n,jiào kē shū,textbook,1
教练,攵,4,1838,n,jiào liàn,"instructor,sports coach,trainer",1
教师,攵,4,2635,n,jiào shī,teacher,1
教室,攵,2,5082,n,jiào shì,classroom,1
教授,攵,4,1612,n,jiào shòu,"professor,to instruct,to lecture on",1
教堂,攵,6,5643,n,jiào táng,"church,chapel",1
教条,攵,7,27332,n,jiào tiáo,"doctrine,dogma,creed,dogmatic",1
教学,攵,4,4466,vn,jiāo xué,to teach (as a professor),2
教学楼,攵,1,29517,n,jiào xué lóu,"teaching block,school building",1
教训,攵,6,3265,n,jiào xun,"to provide guidance,to lecture sb,to upbraid,a talking-to,a bitter lesson",1
教养,攵,7,15158,n,jiào yǎng,"to educate; to bring up; to nurture,upbringing; breeding; culture",1
教育,攵,4,1197,vn,jiào yù,"to educate,to teach,education",1
教育部,攵,6,16284,nt,Jiào yù bù,Ministry of Education,1
阶层,阝,7,9906,n,jiē céng,social class,1
阶段,阝,5,1945,n,jiē duàn,"stage,section,phase,period",1
阶级,阝,7,8484,n,jiē jí,(social) class,1
阶梯,阝,7,17459,n,jiē tī,"flight of steps,(fig.) stepping stone; way to reach the goal of",1
皆,白,7,3500,d,jiē,"all,each and every,in all cases",1
接,扌,3,425,v,jiē,"to receive,to answer (the phone),to meet or welcome sb,to connect,to catch,to join,to extend,to take one's turn on duty",1
接班,扌,7,28231,v,jiē bān,"to take over (from those working the previous shift),to take over (in a leadership role etc),to succeed sb",1
接班人,扌,7,16009,n,jiē bān rén,successor,1
接触,扌,5,1912,v,jiē chù,"to touch,to contact,access,in touch with",1
接待,扌,5,5407,v,jiē dài,"to receive (a visitor),to admit (allow sb to enter)",1
接到,扌,2,1716,v,jiē dào,to receive (letter etc),1
接二连三,扌,7,23620,l,jiē èr lián sān,"one after another (idiom),in quick succession",1
接轨,扌,7,29120,v,jiē guǐ,"railtrack connection,to integrate into sth,to dock,to connect,to be in step with,to bring into line with,to align",1
接济,扌,7,44649,v,jiē jì,to give material assistance to,1
接见,扌,7,13357,v,jiē jiàn,"to receive sb,to grant an interview",1
接近,扌,5,1720,v,jiē jìn,"to approach,to get close to",1
接力,扌,7,15869,vn,jiē lì,relay,1
接连,扌,6,13237,d,jiē lián,"on end,in a row,in succession",1
接纳,扌,7,11240,v,jiē nà,to admit (to membership),1
接收,扌,5,5350,v,jiē shōu,"reception (of transmitted signal),to receive,to accept,to admit,to take over (e.g. a factory),to expropriate",1
接手,扌,7,8509,v,jiē shǒu,"to take over (duties etc),catcher (baseball etc)",1
接受,扌,4,465,v,jiē shòu,"to accept,to receive",1
接送,扌,7,16079,v,jiē sòng,to pick up and drop off; to ferry back and forth,1
接替,扌,7,11387,v,jiē tì,"to replace,to take over (a position or post)",1
接听,扌,7,1000000,,jiē tīng,to answer the phone,1
接通,扌,7,10494,v,jiē tōng,"to connect,to put through",1
接下来,扌,2,2928,v,jiē xià lái,"to accept,to take,next,following",1
接着,扌,4,1329,c,jiē zhe,"to catch and hold on,to continue,to go on to do sth,to follow,to carry on,then,after that,subsequently,to proceed",1
揭,扌,7,10146,v,Jiē,surname Jie,2
揭发,扌,7,11061,v,jiē fā,"to expose,to bring to light,to disclose,revelation",1
揭露,扌,7,7499,v,jiē lù,"to expose,to unmask,to ferret out,to disclose,disclosure",1
揭示,扌,7,10319,v,jiē shì,"to show,to make known",1
揭晓,扌,7,5983,v,jiē xiǎo,"to announce publicly,to publish,to make known,to disclose",1
街,行,3,1234,n,jiē,street,1
街道,行,4,3604,n,jiē dào,"street,subdistrict,residential district",1
街头,行,6,4114,s,jiē tóu,street,1
节,艹,3,1196,n,jiē,see 节骨眼,2
节假日,艹,4,19063,t,jié jià rì,public holiday,1
节俭,艹,7,23719,a,jié jiǎn,"frugal,economical",1
节目,艹,3,951,n,jié mù,"program,item (on a program)",1
节能,艹,6,15697,vn,jié néng,"to save energy,energy-saving",1
节气,艹,7,58511,n,jié qi,solar term,1
节日,艹,3,3477,n,jié rì,"holiday,festival",1
节省,艹,5,7027,v,jié shěng,"saving,to save,to use sparingly,to cut down on",1
节水,艹,7,51478,vn,jié shuǐ,to save water,1
节衣缩食,艹,7,63111,v,jié yī suō shí,to save on food and clothing (idiom); to live frugally,1
节约,艹,4,7912,v,jié yuē,"to economize,to conserve (resources),economy,frugal",1
节奏,艹,6,4446,n,jié zòu,"rhythm,tempo,musical pulse,cadence,beat",1
劫,力,7,4931,v,jié,variant of 劫,4
劫持,力,7,9973,v,jié chí,"to kidnap,to hijack,to abduct,to hold under duress",1
杰出,木,6,6721,a,jié chū,"outstanding,distinguished,remarkable,prominent,illustrious",1
洁净,氵,7,16213,a,jié jìng,"clean,to cleanse",1
结,纟,5,2051,v,jiē,"(of a plant) to produce (fruit or seeds),Taiwan pr. [jié]",2
结冰,纟,7,18059,v,jié bīng,to freeze,1
结构,纟,5,2786,n,jié gòu,"structure,composition,makeup,architecture",1
结果,纟,4,364,n,jiē guǒ,to bear fruit,2
结合,纟,5,2371,v,jié hé,"to combine,to link,to integrate,binding",1
结婚,纟,3,982,v,jié hūn,"to marry,to get married",1
结晶,纟,7,12467,n,jié jīng,"to crystallize,crystallization,crystal,crystalline,(fig.) the fruit (of labor etc)",1
结局,纟,7,3249,n,jié jú,"conclusion,ending",1
结论,纟,5,3269,n,jié lùn,"conclusion,verdict,to conclude,to reach a verdict",1
结实,纟,6,10419,a,jiē shí,to bear fruit,2
结识,纟,7,12861,v,jié shí,"to get to know sb,to meet sb for the first time",1
结束,纟,3,498,v,jié shù,"termination,to finish,to end,to conclude,to close",1
结算,纟,7,11617,vn,jié suàn,"to settle a bill,to close an account",1
结尾,纟,6,8314,n,jié wěi,"ending,coda,to wind up",1
结账,纟,4,18659,v,jié zhàng,"to pay the bill,to settle accounts,also written 结帐",1
截,戈,7,5791,v,jié,"to cut off (a length),to stop,to intercept,section,chunk,length",1
截然不同,戈,7,12240,v,jié rán bù tóng,"entirely different,different as black and white",1
截止,戈,6,9317,v,jié zhǐ,"to close,to stop,to put a stop to sth,cut-off point,stopping point,deadline",1
截至,戈,6,13952,v,jié zhì,"up to (a time),by (a time)",1
竭尽全力,立,7,14314,v,jié jìn quán lì,to spare no effort (idiom); to do one's utmost,1
竭力,立,7,13654,d,jié lì,to do one's utmost,1
解,角,6,1971,v,Xiè,surname Xie,4
解除,角,7,4352,v,jiě chú,"to remove,to sack,to get rid of,to relieve (sb of their duties),to free,to lift (an embargo),to rescind (an agreement)",1
解答,角,6,10261,v,jiě dá,"to solve (a problem),to resolve (a difficulty),to provide an answer,solution,resolution,answer",1
解读,角,6,9527,v,jiě dú,"to decipher,to decode,to interpret",1
解放,角,6,3669,v,jiě fàng,"to liberate,to emancipate,liberation,refers to the Communists' victory over the Nationalists in 1949",1
解雇,角,7,11919,v,jiě gù,"to fire,to sack,to dismiss,to terminate employment",1
解救,角,7,8020,v,jiě jiù,"to rescue,to help out of difficulties,to save the situation",1
解决,角,3,458,v,jiě jué,"to solve; to resolve; to settle (a problem),to eliminate; to wipe out (an enemy, bandits etc)",1
解开,角,3,7102,v,jiě kāi,"to untie,to undo,to solve (a mystery)",1
解剖,角,7,7964,v,jiě pōu,"to dissect (an animal),to analyze,anatomy",1
解散,角,7,8300,v,jiě sàn,"to dissolve,to disband",1
解释,角,4,872,v,jiě shì,"explanation,to explain,to interpret,to resolve",1
解说,角,6,12917,v,jiě shuō,to explain (verbally); to give a running commentary,1
解说员,角,5,30960,n,jiě shuō yuán,commentator,1
解体,角,7,16739,v,jiě tǐ,"to break up into components,to disintegrate,to collapse,to crumble",1
解脱,角,7,7653,v,jiě tuō,"to untie,to free,to absolve of,to get free of,to extirpate oneself,(Buddhism) to free oneself of worldly worries",1
解围,角,7,18501,v,jiě wéi,"to lift a siege,to help sb out of trouble or embarrassment",1
解析,角,7,18722,v,jiě xī,"to analyze,to resolve,(math.) analysis,analytic",1
介入,人,7,5032,v,jiè rù,to intervene; to get involved,1
介绍,人,2,779,v,jiè shào,"to introduce (sb to sb),to give a presentation,to present (sb for a job etc),introduction",1
介意,人,7,7210,v,jiè yì,"to care about,to take offense,to mind",1
介于,人,7,16902,v,jiè yú,"between,intermediate,to lie between",1
戒,戈,7,3905,v,jiè,"to guard against,to exhort,to admonish or warn,to give up or stop doing sth,Buddhist monastic discipline",1
戒备,戈,7,12438,v,jiè bèi,"to take precautions,to guard against (emergency)",1
戒烟,戈,7,12322,v,jiè yān,to give up smoking,1
戒指,戈,6,4707,n,jiè zhi,(finger) ring,1
届,尸,5,3211,q,jiè,"to arrive at (place or time),period,to become due,classifier for events, meetings, elections, sporting fixtures",1
届时,尸,7,9764,d,jiè shí,"when the time comes,at the scheduled time",1
界,田,7,3027,n,jiè,"(bound form) boundary; border,(bound form) realm",1
界定,田,7,16108,v,jiè dìng,"definition,to delimit",1
界线,田,7,18105,n,jiè xiàn,"limits,bounds,dividing line",1
界限,田,7,8187,n,jiè xiàn,boundary,1
借,亻,3,1495,v,jiè,"to lend,to borrow,by means of,to take (an opportunity)",2
借鉴,亻,6,14780,v,jiè jiàn,"to draw on (others' experience),to learn from (how others do things),lesson to be learned (by observing others)",1
借口,亻,7,4172,n,jiè kǒu,"to use as an excuse,excuse; pretext",1
借条,亻,7,33973,n,jiè tiáo,"receipt for a loan,IOU",1
借用,亻,7,9393,v,jiè yòng,"to borrow sth for another use,to borrow an idea for one's own use",1
借助,亻,6,8213,v,jiè zhù,"to draw support from,with the help of",1
姐,女,1,3576,n,jiě,older sister,1
姐姐,女,1,1513,n,jiě jie,older sister,1
姐妹,女,3,3183,n,jiě mèi,"sisters,siblings,sister (school, city etc)",1
今后,人,4,3519,t,jīn hòu,"hereafter,henceforth,in the future,from now on",1
今年,人,1,851,t,jīn nián,this year,1
今日,人,5,3198,t,jīn rì,today,1
今天,人,1,155,t,jīn tiān,"today,at the present,now",1
斤,斤,3,8277,q,jīn,"catty,(PRC) weight equal to 500 g,(Tw) weight equal to 600 g,(HK, Malaysia, Singapore) slightly over 604 g",1
金,金,3,828,b,Jīn,"surname Jin,surname Kim (Korean),Jurchen Jin dynasty (1115-1234)",2
金额,金,6,6344,n,jīn é,"sum of money,monetary value",1
金牌,金,6,5592,n,jīn pái,gold medal,1
金钱,金,6,4100,n,jīn qián,"money,currency",1
金融,金,6,4125,n,jīn róng,"banking,finance,financial",1
金属,金,6,2909,n,jīn shǔ,metal,1
金字塔,金,7,10388,n,jīn zì tǎ,pyramid (building or structure),1
金子,金,6,10780,n,Jīn zǐ,Kaneko (Japanese surname),2
津津有味,氵,7,38595,l,jīn jīn yǒu wèi,"with keen interest (idiom),with great pleasure,with gusto,eagerly",1
津贴,氵,7,13361,n,jīn tiē,allowance,1
筋,⺮,7,9458,n,jīn,"muscle,tendon,veins visible under the skin,sth resembling tendons or veins (e.g. fiber in a vegetable)",1
仅,亻,4,1086,d,jǐn,"barely,only,merely",1
仅次于,亻,7,18839,v,jǐn cì yú,second only to ...; ranking behind only ...,1
仅仅,亻,4,2128,d,jǐn jǐn,"barely,only,merely,only (this and nothing more)",1
尽,尸,6,1228,v,jǐn,"to the greatest extent,(when used before a noun of location) furthest or extreme,to be within the limits of",2
尽管,尸,4,1014,c,jǐn guǎn,"despite,although,even though,in spite of,unhesitatingly,do not hesitate (to ask, complain etc)",1
尽可能,尸,5,4359,d,jǐn kě néng,"as far as possible,to do one's utmost",1
尽快,尸,5,1987,d,jǐn kuài,as quickly as possible; as soon as possible,2
尽力,尸,5,4488,d,jìn lì,"to strive one's hardest,to spare no effort",1
尽量,尸,5,2279,d,jǐn liàng,"as much as possible,to the greatest extent",2
尽情,尸,7,5132,d,jìn qíng,as much as one likes,1
尽头,尸,7,6910,f,jìn tóu,end; extremity; limit,1
尽早,尸,7,10915,d,jǐn zǎo,as early as possible,1
紧,糸,5,1601,a,jǐn,"tight,strict,close at hand,near,urgent,tense,hard up,short of money,to tighten",1
紧凑,糸,7,17071,a,jǐn còu,"compact,terse,tight (schedule)",1
紧急,糸,5,2072,a,jǐn jí,"urgent,emergency",1
紧接着,糸,7,12224,c,jǐn jiē zhe,"immediately afterwards,shortly after that",1
紧紧,糸,5,4733,d,jǐn jǐn,"closely,tightly",1
紧密,糸,5,6128,a,jǐn mì,inseparably close,1
紧迫,糸,7,11558,a,jǐn pò,"pressing,urgent",1
紧缺,糸,7,22336,a,jǐn quē,"in short supply,scarce",1
紧缩,糸,7,21833,v,jǐn suō,"(economics) to reduce,to curtail,to cut back,to tighten,austerity,tightening,crunch",1
紧张,糸,4,1073,a,jǐn zhāng,"nervous,keyed up,intense,tense,strained,in short supply,scarce",1
谨慎,讠,5,4482,a,jǐn shèn,"cautious,prudent",1
锦旗,钅,7,38385,n,jǐn qí,silk banner (as an award or gift),1
锦绣前程,钅,6,69813,l,jǐn xiù qián chéng,"bright future,bright prospects",1
劲头,力,7,23123,n,jìn tóu,"enthusiasm,zeal,vigor,strength",1
近,辶,2,822,a,jìn,"near,close to,approximately",1
近代,辶,5,20713,t,jìn dài,"the not-very-distant past,modern times, excluding recent decades",1
近来,辶,6,6310,d,jìn lái,"recently,lately",1
近年来,辶,5,15924,l,jìn nián lái,for the past few years,1
近期,辶,5,6658,t,jìn qī,"near in time,in the near future,very soon,recent",1
近日,辶,5,14847,t,jìn rì,"(in) the past few days,recently,(within) the next few days",1
近视,辶,6,19748,a,jìn shì,"shortsighted,nearsighted,myopia",1
进,辶,2,338,v,jìn,"to go forward,to advance,to go in,to enter,to put in,to submit,to take in,to admit,(math.) base of a number system",1
进步,辶,5,2425,vn,jìn bù,"progress; improvement,to improve; to progress",1
进场,辶,7,10705,v,jìn chǎng,"to enter the venue,to enter the arena,(aviation) to approach the airfield,(investing) to get into the market",1
进程,辶,7,5615,n,jìn chéng,course of events; process,1
进出,辶,7,7784,v,jìn chū,"to enter or exit,to go through",1
进出口,辶,7,13284,vn,jìn chū kǒu,import and export,1
进度,辶,6,7249,n,jìn dù,rate of progress,1
进而,辶,6,13257,c,jìn ér,and then (what follows next),1
进攻,辶,7,2382,v,jìn gōng,"to attack,to assault,to go on the offensive,attack,assault,offense (sports)",1
进化,辶,6,7898,v,jìn huà,evolution,1
进口,辶,5,5578,v,jìn kǒu,"to import,imported,entrance,inlet (for the intake of air, water etc)",1
进来,辶,2,1870,v,jìn lái,to come in,1
进去,辶,2,1624,v,jìn qù,to go in,1
进入,辶,4,458,v,jìn rù,"to enter,to join,to go into",1
进行,辶,4,299,v,jìn xíng,"to advance,to conduct,underway,in progress,to do,to carry out,to carry on,to execute",1
进修,辶,7,17658,v,jìn xiū,"to undertake advanced studies,to take a refresher course",1
进一步,辶,5,1996,d,jìn yī bù,"to go a step further,(develop, understand, improve etc) more; further",1
进展,辶,6,2151,vn,jìn zhǎn,to make headway; to make progress,1
晋升,日,7,12778,v,jìn shēng,to promote to a higher position,1
浸泡,氵,7,14872,v,jìn pào,"to steep,to soak,to immerse",1
禁不住,示,7,16061,v,jīn bu zhù,"can't help it,can't bear it",1
禁忌,示,7,13229,n,jìn jì,"taboo,contraindication (medicine),to abstain from",1
禁区,示,7,9156,n,jìn qū,"restricted area,forbidden region",1
禁止,示,4,2897,v,jìn zhǐ,"to prohibit,to forbid,to ban",1
京剧,亠,4,40061,n,Jīng jù,Beijing opera,1
经,纟,7,1410,p,Jīng,surname Jing,2
经常,纟,2,940,d,jīng cháng,"frequently; constantly; regularly; often,day-to-day; everyday; daily",1
经典,纟,5,2400,n,jīng diǎn,"the classics,scriptures,classical,classic (example, case etc),typical",1
经度,纟,7,42656,n,jīng dù,longitude,1
经费,纟,7,6893,n,jīng fèi,"funds,expenditure",1
经过,纟,3,867,p,jīng guò,"to pass,to go through,process,course",1
经济,纟,4,1376,n,jīng jì,"economy,economic",1
经久不息,纟,7,56997,v,jīng jiǔ bù xī,"prolonged (applause, cheering etc)",1
经理,纟,3,1838,n,jīng lǐ,"manager,director",1
经历,纟,4,1047,v,jīng lì,"experience,to experience,to go through",1
经贸,纟,7,47846,b,jīng mào,trade,1
经商,纟,6,17606,v,jīng shāng,"to trade,to carry out commercial activities,in business",1
经受,纟,7,8497,v,jīng shòu,"to undergo (hardship),to endure,to withstand",1
经纬,纟,6,50757,n,jīng wěi,"warp and woof,longitude and latitude,main points",1
经验,纟,4,1269,n,jīng yàn,"experience,to experience",1
经营,纟,5,1867,v,jīng yíng,to engage in (business etc); to run; to operate,1
茎,艹,7,18899,n,jīng,"stalk,stem",1
荆棘,刂,7,20954,n,jīng jí,"thistles and thorns,brambles,thorny undergrowth",1
惊,忄,7,2877,v,jīng,"to startle,to be frightened,to be scared,alarm",1
惊诧,忄,7,29028,a,jīng chà,"to be surprised,to be amazed,to be stunned",1
惊动,忄,7,16243,v,jīng dòng,"to alarm,to startle,to disturb",1
惊慌,忄,7,11695,a,jīng huāng,"to panic,to be alarmed",1
惊慌失措,忄,7,20000,v,jīng huāng shī cuò,to lose one's head out of fear (idiom),1
惊奇,忄,7,7880,a,jīng qí,"to be amazed,to be surprised,to wonder",1
惊人,忄,6,4117,a,jīng rén,astonishing,1
惊叹,忄,7,10679,v,jīng tàn,"to exclaim in admiration,a gasp of surprise",1
惊天动地,忄,7,22897,v,jīng tiān dòng dì,world-shaking (idiom),1
惊喜,忄,5,2211,a,jīng xǐ,"nice surprise,to be pleasantly surprised",1
惊险,忄,7,13115,a,jīng xiǎn,perilous; touch-and-go; nerve-racking; suspenseful,1
惊心动魄,忄,7,21494,v,jīng xīn dòng pò,(idiom) heart-stopping; hair-raising; breathtaking,1
惊醒,忄,7,12419,v,jīng xǐng,"to rouse,to be woken by sth,to wake with a start,to sleep lightly",1
惊讶,忄,6,3229,a,jīng yà,"amazed,astonished,to surprise,amazing,astonishment,awe",1
晶莹,日,7,28494,a,jīng yíng,sparkling and translucent,1
兢兢业业,儿,7,27396,v,jīng jīng yè yè,"(idiom) conscientious,assiduous",1
精,米,7,2931,a,jīng,"essence,extract,vitality,energy,semen,sperm,mythical goblin spirit,highly perfected,elite,the pick of sth",1
精彩,米,4,1320,a,jīng cǎi,"wonderful,marvelous,brilliant",1
精打细算,米,7,31904,v,jīng dǎ xì suàn,meticulous planning and careful accounting (idiom),1
精华,米,7,9834,n,jīng huá,"best feature,most important part of an object,quintessence,essence,soul",1
精简,米,7,18207,v,jīng jiǎn,"to simplify,to reduce",1
精力,米,5,3458,n,jīng lì,energy,1
精练,米,7,46444,a,jīng liàn,"(textiles) to scour,to degum (silk),variant of 精炼",1
精美,米,6,8649,a,jīng měi,"delicate,fine,refinement",1
精密,米,7,12720,a,jīng mì,"accuracy,exact,precise,refined",1
精妙,米,7,23856,a,jīng miào,"exquisite,fine and delicate (usu. of works of art)",1
精明,米,7,10568,a,jīng míng,astute; shrewd; smart,1
精疲力竭,米,7,27998,v,jīng pí lì jié,"spirit weary, strength exhausted (idiom); spent,drained,washed out",1
精品,米,7,13787,n,jīng pǐn,"quality goods,premium product,fine work (of art)",1
精确,米,6,6603,a,jīng què,accurate; precise,1
精神,米,5,640,n,jīng shén,"spirit,mind,consciousness,thought,mental,psychological,essence,gist",2
精神病,米,7,7889,n,jīng shén bìng,"mental disorder,psychosis",1
精髓,米,7,13207,n,jīng suǐ,"marrow,pith,quintessence,essence",1
精通,米,6,10968,v,jīng tōng,"to be proficient in,to master (a subject)",1
精细,米,7,15469,a,jīng xì,"fine,meticulous,careful",1
精心,米,6,5186,ad,jīng xīn,"with utmost care,fine,meticulous,detailed",1
精益求精,米,7,36451,v,jīng yì qiú jīng,to perfect sth that is already outstanding (idiom); constantly improving,1
精英,米,7,5964,n,jīng yīng,"cream,elite,essence,quintessence",1
精致,米,6,7254,a,jīng zhì,"delicate,fine,exquisite,refined",1
井,二,6,3630,n,Jǐng,"Jing, one of the 28 constellations of Chinese astronomy,surname Jing",2
颈部,页,7,10276,,jǐng bù,neck,1
颈椎,页,6,18820,n,jǐng zhuī,"cervical vertebra,the seven cervical vertebrae in the neck of humans and most mammals",1
景,日,6,5509,g,Jǐng,surname Jing,2
景点,日,4,13894,n,jǐng diǎn,tourist attraction; scenic spot,1
景观,日,6,10081,n,jǐng guān,landscape,1
景区,日,4,27449,n,jǐng qū,scenic area,1
景色,日,4,8954,n,jǐng sè,"scenery,scene,landscape,view",1
景象,日,6,7447,n,jǐng xiàng,"scene,sight (to behold)",1
警察,言,4,1128,n,jǐng chá,police; police officer,1
警车,言,7,7901,n,jǐng chē,police car,1
警告,言,6,2971,v,jǐng gào,"to warn,to admonish",1
警官,言,7,6793,n,jǐng guān,constable; police officer,1
警惕,言,7,5785,v,jǐng tì,"to be on the alert,vigilant,alert,on guard,to warn",1
警钟,言,7,18522,n,jǐng zhōng,alarm bell,1
净,冫,6,4961,a,jìng,variant of 净,2
净化,冫,7,8582,v,jìng huà,to purify,1
竞技,立,7,9356,n,jìng jì,"competition of skill (e.g. sports),athletics tournament",1
竞赛,立,6,4857,vn,jìng sài,"to compete; to race,contest; competition; match; race",1
竞相,立,7,32224,d,jìng xiāng,"competitive,eagerly,to vie",1
竞选,立,7,5211,vn,jìng xuǎn,"to take part in an election,to run for office",1
竞争,立,4,1584,vn,jìng zhēng,"to compete,competition",1
竟,立,7,3252,d,jìng,"unexpectedly,actually,to go so far as to,indeed",1
竟敢,立,7,16529,v,jìng gǎn,"to have the impertinence,to have the cheek to",1
竟然,立,4,1381,d,jìng rán,"unexpectedly,to one's surprise,in spite of everything,in that crazy way,actually,to go as far as to",1
敬,攵,7,4642,v,jìng,"(bound form) respectful; to respect,to offer politely",1
敬爱,攵,7,15514,v,jìng ài,to respect and love; to hold in high esteem,1
敬而远之,攵,7,37994,v,jìng ér yuǎn zhī,"to show respect from a distance (idiom),to remain at a respectful distance",1
敬酒,攵,7,21610,v,jìng jiǔ,to toast; to propose a toast,1
敬礼,攵,7,14222,v,jìng lǐ,"to salute,salute",1
敬佩,攵,7,12979,v,jìng pèi,"to esteem,to admire",1
敬请,攵,7,11173,v,jìng qǐng,please (do sth) (deferential form),1
敬业,攵,7,13398,v,jìng yè,dedicated to one's work,1
敬意,攵,7,10768,n,jìng yì,respect; esteem; high regard,1
敬重,攵,7,18242,v,jìng zhòng,"to respect deeply,to revere,to esteem",1
境地,土,7,9085,n,jìng dì,circumstances,1
境界,土,7,8138,n,jìng jiè,"boundary,state,realm",1
境内,土,7,8802,s,jìng nèi,"within the borders,internal (to a country, province, city etc),domestic",1
境外,土,7,24563,s,jìng wài,outside (a country's) borders,1
境遇,土,7,20467,n,jìng yù,circumstance,1
静,青,5,3112,a,jìng,"still,calm,quiet,not moving",1
静止,青,7,13574,v,jìng zhǐ,"still,immobile,static,stationary",1
镜头,钅,6,2581,n,jìng tóu,"camera lens,camera shot (in a movie etc),scene",1
镜子,钅,4,5015,n,jìng zi,mirror,1
窘迫,穴,7,21280,a,jiǒng pò,"poverty-stricken,very poor,hard-pressed,in a predicament,embarrassed",1
纠缠,纟,7,7142,v,jiū chán,"to be in a tangle,to nag",1
纠纷,纟,6,6898,n,jiū fēn,dispute,1
纠正,纟,6,5645,v,jiū zhèng,"to correct,to make right",1
究竟,穴,4,1812,d,jiū jìng,"to go to the bottom of a matter,after all,when all is said and done,(in an interrogative sentence) finally,outcome",1
揪,扌,7,9394,v,jiū,"to seize,to clutch,to grab firmly and pull",1
九,乙,1,2040,m,jiǔ,"nine,9",1
久,丿,3,1103,a,jiǔ,"(long) time,(long) duration of time",1
久违,丿,7,20391,v,jiǔ wéi,"(haven't done sth) for a long time,a long time since we last met",1
久仰,丿,7,30424,v,jiǔ yǎng,"honorific: I've long looked forward to meeting you.,It's an honor to meet you at last.",1
酒,酉,3,788,n,jiǔ,"wine (esp. rice wine),liquor,spirits,alcoholic beverage",1
酒吧,酉,5,3070,n,jiǔ bā,"bar,pub,saloon",1
酒店,酉,2,1680,n,jiǔ diàn,"wine shop,pub (public house),hotel,restaurant,(Tw) hostess club",1
酒鬼,酉,5,12960,n,jiǔ guǐ,drunkard,1
酒精,酉,6,5549,n,jiǔ jīng,"alcohol,ethanol CH3CH2OH,ethyl alcohol,also written 乙醇,grain alcohol",1
酒楼,酉,7,28158,n,jiǔ lóu,restaurant,1
酒水,酉,6,17047,n,jiǔ shuǐ,beverage; drink,1
旧,日,3,1787,a,jiù,"old,opposite: new 新,former,worn (with age)",1
救,攵,5,1217,v,jiù,variant of 救,2
救护车,攵,5,8140,n,jiù hù chē,ambulance,1
救济,攵,7,9347,n,jiù jì,"emergency relief,to help the needy with cash or goods",1
救命,攵,6,4007,v,jiù mìng,"to save sb's life,(interj.) Help!,Save me!",1
救援,攵,6,4243,vn,jiù yuán,"to save,to support,to help,to assist",1
救灾,攵,6,25577,vn,jiù zāi,"to relieve disaster,to help disaster victims",1
救治,攵,7,11225,v,jiù zhì,to provide critical care (to a patient or a diseased plant),1
救助,攵,6,5739,v,jiù zhù,"to help sb in trouble,aid,assistance",1
就,尢,2,15,d,jiù,"(after a suppositional clause) in that case; then,(after a clause of action) as soon as; immediately after",1
就餐,尢,7,20128,v,jiù cān,to dine,1
就地,尢,7,17889,d,jiù dì,"locally,on the spot",1
就读,尢,6,12245,v,jiù dú,to go to school,1
就近,尢,7,22192,d,jiù jìn,"nearby,in a close neighborhood",1
就任,尢,7,17375,v,jiù rèn,"to take office,to assume a post",1
就是,尢,4,113,v,jiù shì,"exactly; precisely,only; simply; just,(used correlatively with 也) even; even if",1
就是说,尢,6,8855,c,jiù shì shuō,in other words; that is,1
就算,尢,6,2985,d,jiù suàn,(coll.) even if,1
就要,尢,2,1077,d,jiù yào,"will,shall,to be going to",1
就业,尢,5,7863,v,jiù yè,"to get a job,employment",1
就医,尢,7,18539,v,jiù yī,to receive medical treatment,1
就诊,尢,7,14870,v,jiù zhěn,"to see a doctor,to seek medical advice",1
就职,尢,7,14398,v,jiù zhí,to take office; to assume a post,1
就座,尢,7,22691,v,jiù zuò,to take a seat,1
舅舅,臼,6,9397,n,jiù jiu,"mother's brother,maternal uncle (informal)",1
居高临下,户,7,26950,v,jū gāo lín xià,"lit. to be in a high location, overlooking the scene below (idiom),fig. to occupy a commanding position",1
居民,户,5,2479,n,jū mín,resident; inhabitant,1
居民楼,户,7,28791,n,jū mín lóu,"apartment building,residential tower",1
居然,户,5,1095,d,jū rán,"unexpectedly,to one's surprise,go so far as to",1
居住,户,5,4023,v,jū zhù,"to reside,to dwell,to live in a place,resident in",1
拘留,扌,7,7175,v,jū liú,"to detain (a prisoner),to keep sb in custody",1
拘束,扌,7,21629,a,jū shù,"to restrict,to restrain,constrained,awkward,ill at ease,uncomfortable,reticent",1
鞠躬,革,7,13875,v,jū gōng,"to bow,(literary) to bend down",1
局,尸,6,736,n,jú,narrow,2
局部,尸,7,8253,n,jú bù,"part,local",1
局面,尸,6,3509,n,jú miàn,"aspect,phase,situation",1
局势,尸,7,5167,n,jú shì,"situation,state (of affairs)",1
局限,尸,6,11218,v,jú xiàn,variant of 限,2
局长,尸,5,3038,n,jú zhǎng,bureau chief,1
桔子,木,5,12210,n,jú zi,"tangerine,also written 橘子",1
菊花,艹,6,11719,n,jú huā,"chrysanthemum,(slang) anus",1
橘子,木,5,7748,n,jú zi,tangerine,1
咀嚼,口,7,15219,v,jǔ jué,"to chew,to think over",1
沮丧,氵,7,6795,a,jǔ sàng,"dispirited,dejected,dismayed",1
举,丶,4,2311,v,jǔ,variant of 举,2
举办,丶,4,2669,v,jǔ bàn,"to conduct,to hold",1
举报,丶,7,5414,v,jǔ bào,"to report (malefactors to the police),to denounce",1
举措,丶,7,12534,n,jǔ cuò,move; act; measure,1
举动,丶,6,5314,n,jǔ dòng,"act,action,activity,move,movement",1
举例,丶,4,19170,v,jǔ lì,to give an example,1
举世闻名,丶,7,34810,v,jǔ shì wén míng,world-famous (idiom),1
举世无双,丶,7,44355,v,jǔ shì wú shuāng,"unrivaled (idiom); world number one,unique,unequaled",1
举世瞩目,丶,7,35345,l,jǔ shì zhǔ mù,to receive worldwide attention,1
举手,丶,2,6801,v,jǔ shǒu,"to raise a hand,to put up one's hand (as signal)",1
举行,丶,4,1431,v,jǔ xíng,"to hold (a meeting, ceremony etc)",1
举一反三,丶,7,53042,v,jǔ yī fǎn sān,"to raise one and infer three,to deduce many things from one case (idiom)",1
举止,丶,7,10585,n,jǔ zhǐ,"bearing,manner,mien",1
举重,丶,7,17715,vn,jǔ zhòng,"to lift weights,weight-lifting (sports)",1
举足轻重,丶,7,18971,v,jǔ zú qīng zhòng,"to play a critical role (idiom),influential",1
巨大,匚,5,1540,a,jù dà,"huge,immense,very large,tremendous,gigantic,enormous",1
巨额,匚,7,8536,b,jù é,"large sum (of money),a huge amount",1
巨人,匚,7,7611,n,jù rén,giant,1
巨头,匚,7,11291,n,jù tóu,"tycoon,magnate,big player (including company, country, school etc),big shot",1
巨星,匚,7,8064,n,jù xīng,"(astronomy) giant star,(fig.) superstar (of opera, basketball etc)",1
巨型,匚,7,9700,b,jù xíng,giant; enormous,1
句,口,3,598,q,gōu,variant of 勾,2
句子,口,3,10428,n,jù zi,sentence,1
拒绝,扌,4,1443,v,jù jué,to refuse; to decline; to reject,1
具备,八,5,4462,v,jù bèi,"to possess,to have,equipped with,able to fulfill (conditions or requirements)",1
具体,八,5,1638,a,jù tǐ,"concrete,definite,specific",1
具有,八,5,1749,v,jù yǒu,to have; to possess,1
俱乐部,亻,6,1603,n,jù lè bù,club (the organisation or its premises) (loanword),1
剧,刂,6,2094,n,jù,"theatrical work (play, opera, TV series etc),dramatic (change, increase etc),acute,severe",1
剧本,刂,6,4455,n,jù běn,"script for play, opera, movie etc,screenplay,scenario",1
剧场,刂,5,7765,n,jù chǎng,theater,1
剧烈,刂,6,9792,a,jù liè,violent; acute; severe; fierce,1
剧目,刂,7,15654,n,jù mù,"theatrical piece (play or opera),repertoire,list of plays or operas",1
剧情,刂,7,7162,n,jù qíng,"story line,plot,drama (genre)",1
剧团,刂,7,15253,n,jù tuán,theatrical troupe,1
剧院,刂,4,6873,n,jù yuàn,theater,1
剧组,刂,7,7482,n,jù zǔ,"cast and crew,performers and production team",1
据,扌,5,1000,p,jù,variant of 据,4
据此,扌,7,15841,d,jù cǐ,"according to this,on the ground of the above,(formally introduces reported speech in writing)",1
据说,扌,5,3486,v,jù shuō,it is said that; reportedly,1
据悉,扌,7,18018,v,jù xī,"according to reports,it is reported (that)",1
距,足,5,4925,p,jù,"at a distance of,distance,to be apart",1
距离,足,4,1725,n,jù lí,"distance,to be apart from",1
锯,钅,7,10918,v,jū,variant of 锔,2
聚,耳,4,3213,v,jù,"to congregate,to assemble,to mass,to gather together,to amass,to polymerize",1
聚会,耳,4,3191,v,jù huì,"party,gathering,to meet,to get together",1
聚集,耳,6,4749,v,jù jí,"to assemble,to gather",1
聚精会神,耳,7,32588,l,jù jīng huì shén,to concentrate one's attention (idiom),1
捐,扌,5,4602,v,juān,"to relinquish; to abandon,to contribute; to donate,(bound form) tax; levy",1
捐款,扌,6,6397,v,juān kuǎn,"to donate money,to contribute funds,donation,contribution (of money)",1
捐献,扌,7,8508,v,juān xiàn,"to donate,to contribute,donation,contribution",1
捐赠,扌,6,5227,v,juān zèng,"to contribute (as a gift),to donate,benefaction",1
捐助,扌,6,11302,v,juān zhù,"to donate,to offer (aid),contribution,donation",1
卷,㔾,6,2089,q,juǎn,"to roll up,roll,classifier for small rolled things (wad of paper money, movie reel etc)",3
卷入,㔾,7,9418,v,juǎn rù,"to be drawn into,to be involved in",1
卷子,㔾,7,20510,n,juǎn zi,"steamed roll,spring roll",2
决不,冫,5,4618,d,jué bù,"not at all,simply (can) not",1
决策,冫,6,6070,n,jué cè,"strategic decision,decision-making,policy decision,to determine policy",1
决定,冫,3,366,v,jué dìng,"to decide (to do something),to resolve,decision,certainly",1
决赛,冫,5,2326,vn,jué sài,finals (of a competition),1
决心,冫,5,4092,n,jué xīn,"determination,resolution,determined,firm and resolute,to make up one's mind",1
决议,冫,7,8289,n,jué yì,"a resolution,to pass a resolution",1
诀别,讠,7,43203,v,jué bié,"to bid farewell,to part (usually with little hope of meeting again)",1
诀窍,讠,7,19470,n,jué qiào,"secret,trick,knack,key",1
绝,纟,7,2597,d,jué,"to cut short,extinct,to disappear,to vanish,absolutely,by no means",2
绝大多数,纟,6,7627,m,jué dà duō shù,the vast majority,1
绝对,纟,5,744,d,jué duì,"absolute,unconditional",1
绝技,纟,7,19510,n,jué jì,"consummate skill,supreme feat,tour-de-force,stunt",1
绝望,纟,6,4430,a,jué wàng,"to despair,to give up all hope,desperate,desperation",1
绝缘,纟,7,23966,vn,jué yuán,"to have no contact with,to be cut off from,(electricity) to insulate",1
绝招,纟,7,19991,n,jué zhāo,"unique skill,unexpected tricky move (as a last resort),masterstroke,finishing blow",1
觉,见,6,1983,v,jiào,"a nap,a sleep",2
觉得,见,1,161,v,jué de,"to think that ...; to feel that ...,to feel (uncomfortable etc)",1
觉悟,见,7,13487,n,jué wù,"to come to understand,to realize,consciousness,awareness,Buddhist enlightenment (Sanskrit: cittotpāda)",1
觉醒,见,7,15544,v,jué xǐng,"to awaken,to come to realize,awakened to the truth,the truth dawns upon one,scales fall from the eyes,to become aware",1
倔,亻,7,23393,a,jué,used in 倔强,2
倔强,亻,7,16602,a,jué jiàng,stubborn; obstinate; unbending,1
崛起,山,7,9272,v,jué qǐ,"to rise abruptly (to a towering position),to tower over,to spring up,to emerge suddenly,the emergence (e.g. of a power)",1
爵士,爫,7,6119,n,jué shì,"knight,Sir,(loanword) jazz",1
嚼,口,7,8347,v,jiáo,"to chew,also pr. [jué]",2
军队,车,6,1868,n,jūn duì,armed forces; troops,1
军官,车,7,5943,n,jūn guān,officer (military),1
军舰,车,7,16028,n,jūn jiàn,"warship,military naval vessel",1
军人,车,6,4817,n,jūn rén,"serviceman,soldier,military personnel",1
军事,车,7,2560,n,jūn shì,"military affairs,(attributive) military",1
君子,口,7,11121,n,jūn zǐ,"nobleman,person of noble character",1
均衡,土,7,13122,a,jūn héng,"equal,balanced,harmony,equilibrium",1
均匀,土,6,11945,a,jūn yún,"even,well-distributed,homogeneous,well-proportioned (figure, body etc)",1
俊,亻,7,8462,nr,jùn,old variant of 俊,4
俊俏,亻,7,35572,a,jùn qiào,"attractive and intelligent,charming,elegant",1
骏马,马,7,26109,n,jùn mǎ,"fine horse,steed",1
竣工,立,7,24208,v,jùn gōng,to complete a project,1
咖啡,口,2,1698,n,kā fēi,coffee (loanword),1
卡,卜,3,670,n,kǎ,"to stop,to block,(computing) (coll.) slow,(loanword) card,truck (from ""car""),calorie (abbr. for 里),cassette",2
卡车,卜,7,5046,n,kǎ chē,truck,1
卡片,卜,6,7305,n,kǎ piàn,card,1
卡通,卜,7,7760,n,kǎ tōng,cartoon (loanword),1
卡子,卜,7,48906,n,qiǎ zi,"clip,hair fastener,checkpoint",1
开,廾,1,195,v,kāi,"to open (transitive or intransitive),(of ships, vehicles, troops etc) to start",1
开办,廾,7,10861,v,kāi bàn,"to open,to start (a business etc),to set up",1
开采,廾,7,11044,v,kāi cǎi,"to extract (ore or other resource from a mine),to exploit,to mine",1
开场,廾,7,6684,v,kāi chǎng,"to begin,to open,to start,beginning of an event",1
开场白,廾,7,22740,n,kāi chǎng bái,"prologue of play,opening remarks,preamble (of speeches, articles etc)",1
开车,廾,1,2670,v,kāi chē,to drive a car,1
开除,廾,7,6459,v,kāi chú,"to expel (a member of an organization),to fire (an employee)",1
开创,廾,6,9699,v,kāi chuàng,"to initiate,to start,to found",1
开动,廾,7,12257,v,kāi dòng,"to start,to set in motion,to move,to march,to dig in (eating),to tuck in (eating)",1
开发,廾,5,2981,v,kāi fā,"to exploit (a resource),to open up (for development),to develop",1
开发区,廾,7,22592,n,kāi fā qū,development zone,1
开发商,廾,7,15238,n,kāi fā shāng,"developer (of real estate, a commercial product etc)",1
开放,廾,5,3036,v,kāi fàng,"to bloom,to open,to be open (to the public),to open up (to the outside),to be open-minded,unrestrained by convention",1
开工,廾,7,5042,v,kāi gōng,"to begin work (of a factory or engineering operation),to start a construction job",1
开关,廾,6,7738,n,kāi guān,"power switch,gas valve,to open the city (or frontier) gate,to open and close,to switch on and off",1
开花,廾,3,11764,v,kāi huā,"to bloom; to blossom; to flower,(fig.) to burst; to split open,(fig.) to burst with joy",1
开会,廾,3,4398,v,kāi huì,"to hold a meeting,to attend a meeting",1
开机,廾,3,12848,v,kāi jī,"to start an engine,to boot up (a computer),to press Ctrl-Alt-Delete,to begin shooting a film or TV show",1
开垦,廾,7,31554,v,kāi kěn,"to clear a wild area for cultivation,to put under the plow",1
开口,廾,7,3524,v,kāi kǒu,"to open one's mouth,to start to talk",1
开阔,廾,7,11767,v,kāi kuò,"wide,open (spaces),to open up",1
开朗,廾,7,12573,a,kāi lǎng,"spacious and well-lit,open and clear,(of character) optimistic,cheerful,carefree",1
开明,廾,7,21973,a,kāi míng,"enlightened,open-minded,enlightenment",1
开幕,廾,5,9221,v,kāi mù,"to open (a conference),to inaugurate",1
开幕式,廾,5,9329,n,kāi mù shì,opening ceremony,1
开辟,廾,7,13354,v,kāi pì,"to open up,to set up,to establish",1
开启,廾,6,5680,v,kāi qǐ,"to open,to start,(computing) to enable",1
开枪,廾,7,5657,v,kāi qiāng,"to open fire,to shoot a gun",1
开设,廾,6,10675,v,kāi shè,"to offer (goods or services),to open (for business etc)",1
开始,廾,2,132,v,kāi shǐ,"to begin,beginning,to start,initial",1
开水,廾,5,16321,n,kāi shuǐ,"boiled water,boiling water",1
开拓,廾,7,11820,v,kāi tuò,"to break new ground (for agriculture),to open up (a new seam),to develop (border regions),fig. to open up (new horizons)",1
开天辟地,廾,7,40925,v,kāi tiān pì dì,to split heaven and earth apart (idiom); refers to the Pangu 盘古 creation myth,1
开通,廾,5,4644,v,kāi tōng,to open (a new road or railway line); to set up (a hotline); to launch (a service); to subscribe to (a members-only serv,2
开头,廾,6,7063,n,kāi tóu,"beginning,to start",1
开玩笑,廾,4,3878,v,kāi wán xiào,"to play a joke,to make fun of,to joke",1
开销,廾,7,14160,n,kāi xiāo,"to pay (expenses),expenses,(old) to dismiss (an employee)",1
开心,廾,3,667,a,kāi xīn,"to feel happy,to rejoice,to have a great time,to make fun of sb",1
开学,廾,2,10160,v,kāi xué,"foundation of a University or College,school opening,the start of a new term",1
开业,廾,5,7802,v,kāi yè,"to open a business,to open a practice,open (for business)",1
开夜车,廾,6,49510,v,kāi yè chē,"to burn the midnight oil,to work late into the night",1
开展,廾,5,6041,v,kāi zhǎn,"to launch,to develop,to unfold,(of an exhibition etc) to open",1
开张,廾,7,8948,v,kāi zhāng,"to open a business,first transaction of a business day",1
开支,廾,7,7694,n,kāi zhī,"expenditures,expenses,to spend money,(coll.) to pay wages",1
凯歌,几,7,26552,n,kǎi gē,"triumphal hymn,victory song,paean",1
楷模,木,7,20079,n,kǎi mó,"model,example",1
刊登,刂,7,7731,v,kān dēng,"to carry a story,to publish (in a newspaper or magazine)",1
刊物,刂,7,16925,n,kān wù,publication,1
勘探,力,7,20671,vn,kān tàn,"to explore,to survey,to prospect (for oil etc),prospecting",1
堪称,土,7,13001,v,kān chēng,"can be rated as,can be said to be",1
侃大山,亻,7,82206,,kǎn dà shān,"to chatter idly,to gossip,to boast or brag",1
砍,石,6,3423,v,kǎn,"to chop,to cut down,to throw sth at sb",1
看,目,1,52,v,kān,"to look after,to take care of,to watch,to guard",2
看病,目,1,7705,v,kàn bìng,"to visit a doctor,to see a patient",1
看不起,目,6,15152,v,kàn bu qǐ,"to look down upon,to despise",1
看成,目,5,7773,v,kàn chéng,to regard as,1
看出,目,5,3549,v,kàn chū,"to make out,to see",1
看待,目,6,5407,v,kàn dài,to look upon; to regard,1
看到,目,1,169,v,kàn dào,to see,1
看得出,目,7,17140,v,kàn de chū,"can see,can tell",1
看得见,目,6,13107,v,kàn dé jiàn,"can see,visible",1
看得起,目,6,42625,v,kàn de qǐ,"to show respect for,to think highly of",1
看法,目,4,2435,n,kàn fǎ,"way of looking at a thing,view,opinion",1
看管,目,7,15697,v,kān guǎn,to look after,1
看好,目,6,5015,v,kān hǎo,to keep an eye on,2
看护,目,7,15524,v,kān hù,"to nurse,to look after,to watch over,(old) hospital nurse",1
看见,目,1,870,v,kàn jiàn,"to see,to catch sight of",1
看来,目,3,774,v,kàn lai,"apparently,it seems that",1
看起来,目,3,3085,v,kàn qǐ lai,"seemingly,apparently,looks as if,appear to be,gives the impression that,seems on the face of it to be",1
看热闹,目,7,23986,v,kàn rè nao,"to enjoy watching a bustling scene,to go where the crowds are",1
看上去,目,3,2674,v,kàn shang qu,"it would appear,it seems (that)",1
看似,目,6,10726,v,kàn sì,"to look as if,to seem",1
看台,目,7,11632,n,kàn tái,"terrace,spectator's grandstand,viewing platform",1
看望,目,5,8053,v,kàn wàng,to pay a visit to; to see (sb),1
看样子,目,7,10475,v,kàn yàng zi,"it seems,it looks as if",1
看中,目,6,10986,v,kàn zhòng,"to have a preference for,to fancy,to choose after consideration,to settle on",1
看重,目,6,8694,v,kàn zhòng,to regard as important; to value,1
看作,目,5,7737,v,kàn zuò,"to look upon as,to regard as",1
康复,广,6,4482,v,kāng fù,"to recuperate,to recover (health),to convalesce",1
慷慨,忄,7,9697,a,kāng kǎi,"vehement; fervent,generous; magnanimous",1
扛,扌,7,7902,v,gāng,"to raise aloft with both hands,(of two or more people) to carry sth together",3
抗衡,扌,7,16255,v,kàng héng,"to compete with,to vie with,to counter",1
抗拒,扌,7,8952,v,kàng jù,"to resist,to defy,to oppose",1
抗生素,扌,7,7830,n,kàng shēng sù,antibiotic,1
抗议,扌,7,4910,v,kàng yì,"to protest,protest",1
抗争,扌,7,11656,v,kàng zhēng,"to resist,to make a stand and fight (against)",1
考,耂,2,2030,v,kǎo,"to beat,to hit,variant of 考,to inspect,to test,to take an exam",2
考察,耂,6,6038,v,kǎo chá,"to inspect,to observe and study,on-the-spot investigation",1
考场,耂,6,28097,n,kǎo chǎng,exam room,1
考古,耂,6,11452,n,kǎo gǔ,archaeology,1
考核,耂,6,12382,vn,kǎo hé,"to examine,to check up on,to assess,to review,appraisal,review,evaluation",1
考量,耂,7,20278,v,kǎo liáng,"to consider,to give serious consideration to sth,consideration",1
考虑,耂,4,607,v,kǎo lǜ,"to think over,to consider,consideration",1
考生,耂,4,26644,n,kǎo shēng,"exam candidate,student whose name has been put forward for an exam",1
考试,耂,2,1718,vn,kǎo shì,"to take an exam,exam",1
考题,耂,6,44976,n,kǎo tí,exam question,1
考验,耂,6,3850,vn,kǎo yàn,"to test,to put to the test,trial,ordeal",1
烤,火,4,3259,v,kǎo,"to roast,to bake,to broil",1
烤肉,火,5,9467,n,kǎo ròu,barbecue (lit. roast meat),1
烤鸭,火,5,28090,n,kǎo yā,roast duck,1
靠,非,5,622,v,kào,"to lean against or on,to stand by the side of,to come near to,to depend on,to trust,to fuck (vulgar)",1
靠近,非,5,3359,v,kào jìn,"to be close to,to approach; to draw near",1
靠拢,非,7,19503,v,kào lǒng,to draw close to,1
苛刻,艹,7,10891,a,kē kè,"harsh,severe,demanding",1
科,禾,6,1543,n,kē,"branch of study,administrative section,division,field,branch,stage directions,family (taxonomy),rules,laws",1
科幻,禾,6,12729,b,kē huàn,"science fiction,abbr. for 科学幻想",1
科技,禾,4,2094,n,kē jì,science and technology,1
科目,禾,6,14010,n,kē mù,"academic subject,field of study",1
科普,禾,6,18500,b,kē pǔ,"(attributive) popular science,(coll.) to explain in layperson's terms,abbr. for 科学普及",1
科学,禾,4,1299,n,kē xué,"science,scientific knowledge,scientific,rational",1
科学家,禾,2,3551,n,kē xué jiā,scientist,1
科研,禾,5,9732,n,kē yán,(scientific) research,1
棵,木,4,4222,q,kē,"classifier for trees, cabbages, plants etc",1
颗,页,5,1392,q,kē,"classifier for small spheres, pearls, corn grains, teeth, hearts, satellites etc",1
颗粒,页,7,11500,n,kē lì,"kernel,granule,granulated (sugar, chemical product)",1
磕,石,7,9780,v,kē,"to tap,to knock (against sth hard),to knock (mud from boots, ashes from a pipe etc)",2
壳,士,7,5895,g,qiào,"shell,carapace,crust (earth's crust etc),also pr. [ké]",1
可,口,3,96,v,kě,"(prefix) can; may; able to; -able,to approve; to permit,to suit,(particle used for emphasis) certainly; very",2
可爱,口,3,799,a,kě ài,"adorable,cute,lovely",1
可悲,口,7,7880,a,kě bēi,lamentable,1
可不是,口,7,8534,,kě bu shì,"that's just the way it is,exactly!",1
可乘之机,口,7,34562,l,kě chéng zhī jī,an opportunity that someone (usually a villain or adversary) can exploit,1
可耻,口,7,10422,a,kě chǐ,"shameful,disgraceful,ignominious",1
可恶,口,7,7109,a,kě wù,"repulsive,vile,hateful,abominable",1
可歌可泣,口,7,44081,v,kě gē kě qì,"lit. you can sing or you can cry (idiom); fig. deeply moving,happy and sad,inspiring and tragic",1
可观,口,7,11746,a,kě guān,"considerable,impressive,significant",1
可贵,口,7,15774,a,kě guì,"to be treasured,praiseworthy",1
可见,口,5,8748,v,kě jiàn,"it can clearly be seen (that this is the case),it is (thus) clear,clear,visible",1
可靠,口,5,4079,a,kě kào,reliable,1
可口,口,6,13271,a,kě kǒu,tasty; to taste good,1
可乐,口,3,6636,n,kě lè,"amusing,entertaining,(loanword) cola",1
可怜,口,6,1942,v,kě lián,"pitiful,pathetic,to have pity on",1
可能,口,2,127,v,kě néng,"might (happen),possible,probable,possibility,probability,maybe,perhaps",1
可怕,口,5,2006,a,kě pà,"awful,dreadful,fearful,formidable,frightful,scary,hideous,horrible,terrible,terribly",1
可是,口,3,404,c,kě shì,"but; however,(used for emphasis) indeed",1
可谓,口,7,11022,v,kě wèi,it could even be said,1
可惜,口,4,2035,v,kě xī,"it is a pity,what a pity,unfortunately",1
可想而知,口,7,20154,v,kě xiǎng ér zhī,"it is obvious that...,as one can well imagine...",1
可笑,口,7,5565,a,kě xiào,"funny,ridiculous",1
可信,口,7,10126,a,kě xìn,trustworthy,1
可行,口,6,7847,a,kě xíng,feasible,1
可疑,口,7,6325,a,kě yí,"suspicious,dubious",1
可以,口,1,58,v,kě yǐ,"can,may,possible,able to,not bad,pretty good",1
渴,氵,3,9442,a,kě,thirsty,1
渴望,氵,6,3423,v,kě wàng,"to thirst for,to long for",1
克,儿,4,738,g,Kè,"abbr. for 克罗地亚, Croatia,(Tw) abbr. for 克罗埃西亚, Croatia",5
克服,儿,5,4119,v,kè fú,"(try to) overcome (hardships etc),to conquer,to put up with,to endure",1
克隆,儿,7,7241,v,kè lóng,clone (loanword),1
克制,儿,7,10707,v,kè zhì,"to restrain,to control,restraint,self-control",1
刻,刂,3,3756,v,kè,"quarter (hour),moment,to carve,to engrave,to cut,oppressive,classifier for short time intervals",1
刻不容缓,刂,7,29831,v,kè bù róng huǎn,"to brook no delay,to demand immediate action",1
刻苦,刂,7,12964,a,kè kǔ,"hardworking,assiduous",1
刻意,刂,7,8213,d,kè yì,"intentionally; deliberately; purposely,painstakingly; meticulously",1
刻舟求剑,刂,7,108475,,kè zhōu qiú jiàn,lit. a notch on the side of a boat to locate a sword dropped overboard (idiom); fig. an action made pointless by changed,1
客车,宀,6,16300,n,kè chē,"coach,bus,passenger train",1
客房,宀,7,9612,n,kè fáng,"guest room,room (in a hotel)",1
客观,宀,5,5447,a,kè guān,"objective,impartial",1
客户,宀,5,1095,n,kè hù,"client,customer",1
客机,宀,7,13912,n,kè jī,passenger plane,1
客流,宀,7,44059,n,kè liú,"passenger flow,customer flow",1
客气,宀,4,5093,a,kè qi,"polite,courteous,formal,modest",1
客人,宀,3,2750,n,kè rén,"visitor,guest,customer,client",1
客厅,宀,4,5646,n,kè tīng,"drawing room (room for arriving guests),living room",1
客运,宀,7,24357,n,kè yùn,"passenger transportation,(Tw) intercity bus",1
课,讠,1,1517,n,kè,"subject,course,class,lesson,to levy,tax,form of divination",1
课本,讠,3,13062,n,kè běn,textbook,1
课程,讠,4,3080,n,kè chéng,"course,academic program",1
课堂,讠,4,6943,n,kè táng,classroom,1
课题,讠,6,9165,n,kè tí,"task,problem,issue",1
课文,讠,3,30576,n,kè wén,text,1
肯,⺼,6,3114,v,kěn,old variant of 肯,2
肯定,⺼,4,494,d,kěn dìng,"to be certain,to be positive,assuredly,definitely,to give recognition,to affirm,affirmative (answer)",1
恳切,心,7,50943,a,kěn qiè,"earnest,sincere",1
恳求,心,7,15766,v,kěn qiú,"to beg,to beseech,to entreat,entreaty",1
啃,口,7,7933,v,kěn,"to gnaw,to nibble,to bite",1
坑,土,7,3953,n,kēng,"pit; depression; hollow,tunnel; hole in the ground,(archaic) to bury alive,to hoodwink; to cheat (sb)",2
空,穴,4,1345,a,kōng,"empty,air,sky,in vain",2
空白,穴,7,6020,n,kòng bái,blank space,1
空荡荡,穴,7,19536,z,kōng dàng dàng,empty; deserted,1
空地,穴,6,11378,n,kōng dì,air-to-surface (missile),2
空调,穴,3,4763,n,kōng tiáo,"air conditioning,air conditioner (including units that have a heating mode)",1
空洞,穴,7,13373,a,kōng dòng,"cavity,empty,vacuous",1
空儿,穴,3,34728,n,kòng r,"spare time,free time",1
空间,穴,5,1306,n,kōng jiān,"space; room,(fig.) scope; leeway,(astronomy) outer space,(physics, math.) space",1
空军,穴,7,4866,n,kōng jūn,air force,1
空难,穴,7,21236,n,kōng nàn,"air crash,aviation accident or incident",1
空气,穴,4,2055,n,kōng qì,"air,atmosphere",1
空前,穴,7,10691,a,kōng qián,unprecedented,1
空前绝后,穴,6,43282,v,kōng qián jué hòu,"unprecedented and never to be duplicated,the first and the last,unmatched,unique",1
空隙,穴,7,18570,n,kòng xì,"crack,gap between two objects,gap in time between two events",1
空闲,穴,6,15533,n,kòng xián,"idle,free time,leisure,unused (place)",1
空想,穴,7,25325,n,kōng xiǎng,"daydream,fantasy,to fantasize",1
空虚,穴,7,9191,a,kōng xū,"hollow,emptiness,meaningless",1
空中,穴,5,3417,s,kōng zhōng,"in the sky,in the air",1
孔,子,7,5446,n,Kǒng,surname Kong,2
恐怖,心,7,1623,a,kǒng bù,"terrible,frightful,frightening,terror,terrorist",1
恐慌,心,7,7541,an,kǒng huāng,"panic,panicky,panic-stricken",1
恐惧,心,6,3419,an,kǒng jù,"to be frightened,fear,dread",1
恐龙,心,7,9054,n,kǒng lóng,"dinosaur,(old) (slang) ugly person",1
恐怕,心,4,2245,d,kǒng pà,"fear,to dread,I'm afraid that...,perhaps,maybe",1
恐吓,心,7,10053,v,kǒng hè,"to threaten,to menace",1
控告,扌,7,12765,v,kòng gào,"to accuse,to charge,to indict",1
控制,扌,5,569,v,kòng zhì,to control,1
抠,扌,7,15536,v,kōu,"to dig out,to pick out (with one's fingers),to carve,to cut,to study meticulously,to lift one's clothes,stingy,miserly",1
口,口,1,637,q,kǒu,"mouth,classifier for things with mouths (people, domestic animals, cannons, wells etc),classifier for bites or mouthfuls",1
口碑,口,7,18199,n,kǒu bēi,"public praise,public reputation,commonly held opinions,current idiom",1
口才,口,7,18810,n,kǒu cái,eloquence,1
口吃,口,7,27809,v,kǒu chī,"to stammer; to stutter,Taiwan pr. [kǒu jí]",1
口袋,口,5,4512,n,kǒu dài,"pocket,bag,sack",1
口感,口,6,15978,n,kǒu gǎn,mouthfeel; texture (of food),1
口号,口,6,8137,n,kǒu hào,"slogan,catchphrase",1
口径,口,7,9038,n,kǒu jìng,"bore; caliber; diameter; aperture,(fig.) stance (on an issue); version (of events); account; narrative; line",1
口令,口,7,17813,n,kǒu lìng,"oral command,a word of command (used in drilling troops or gymnasts),password (used by sentry)",1
口气,口,7,6144,n,kǒu qì,"tone of voice,the way one speaks,manner of expression,tone",1
口腔,口,6,10813,n,kǒu qiāng,oral cavity,1
口哨,口,7,22040,n,kǒu shào,whistle,1
口试,口,6,37233,v,kǒu shì,"oral examination,oral test",1
口水,口,7,8536,n,kǒu shuǐ,saliva,1
口头,口,6,12208,n,kǒu tóu,"oral,verbal",1
口味,口,5,4455,n,kǒu wèi,"a person's preferences,tastes (in food),flavor",1
口香糖,口,7,12699,n,kǒu xiāng táng,chewing gum,1
口音,口,7,8894,n,kǒu yīn,oral speech sounds (linguistics),2
口语,口,4,20368,n,kǒu yǔ,"colloquial speech,spoken language,vernacular language,slander,gossip",1
口罩,口,7,16802,n,kǒu zhào,mask (surgical etc),1
口子,口,7,15274,n,kǒu zi,"hole,opening,cut,gap,gash,my husband or wife",1
扣,扌,6,2421,v,kòu,"to fasten,to button,button,buckle,knot,to arrest,to confiscate,to deduct (money),discount,to knock,to smash",2
扣除,扌,7,12116,v,kòu chú,to deduct,1
扣留,扌,7,14056,v,kòu liú,"to detain,to arrest,to hold,to confiscate",1
扣人心弦,扌,7,35633,v,kòu rén xīn xián,"to excite,to thrill,exciting,thrilling,cliff-hanging",1
扣押,扌,7,12278,v,kòu yā,"to detain,to hold in custody,to distrain,to seize property",1
枯竭,木,7,20673,v,kū jié,"used up,dried up,exhausted (of resources)",1
枯燥,木,6,12915,a,kū zào,"dry and dull,uninteresting,dry-as-dust",1
哭,口,3,898,v,kū,to cry; to weep,1
哭泣,口,7,6226,v,kū qì,to weep,1
哭笑不得,口,7,27338,l,kū xiào bù dé,"lit. not to know whether to laugh or cry (idiom),both funny and extremely embarrassing,between laughter and tears",1
窟窿,穴,7,23746,n,kū long,"hole,pocket,cavity,loophole,debt",1
苦,艹,4,2331,a,kǔ,"bitter,hardship,pain,to suffer,to bring suffering to,painstakingly",1
苦尽甘来,艹,7,52587,v,kǔ jìn gān lái,"bitterness finishes, sweetness begins (idiom); the hard times are over, the good times just beginning",1
苦力,艹,7,24764,n,kǔ lì,"bitter work,hard toil,(loanword) coolie, unskilled Chinese laborer in colonial times",1
苦练,艹,7,22352,v,kǔ liàn,"to train hard,to practice diligently,hard work,blood, sweat, and tears",1
苦难,艹,7,9629,n,kǔ nàn,suffering,1
苦恼,艹,7,10264,a,kǔ nǎo,"vexed,distressed",1
苦笑,艹,7,25766,v,kǔ xiào,"to force a smile,a bitter laugh",1
苦心,艹,7,27893,n,kǔ xīn,"painstaking effort,to take a lot of trouble,laborious at pains",1
库,广,5,2737,n,kù,"warehouse,storehouse,(file) library",1
裤子,衤,2,3765,n,kù zi,"variant of 裤子, trousers,pants",2
酷,酉,6,2111,g,kù,"ruthless,strong (e.g. of wine),(loanword) cool,hip",1
酷似,酉,7,28114,v,kù sì,to strikingly resemble,1
夸,大,6,8011,v,kuā,used in 克,2
夸大,大,7,13143,v,kuā dà,to exaggerate,1
夸奖,大,6,11773,vn,kuā jiǎng,"to praise,to applaud,to compliment",1
夸夸其谈,大,7,35198,v,kuā kuā qí tán,"to talk big,to sound off,bombastic,grandiloquent",1
夸耀,大,7,30687,v,kuā yào,"to brag about,to flaunt",1
夸张,大,6,5029,v,kuā zhāng,"to exaggerate,overstated,exaggerated,hyperbole,(coll.) excessive,ridiculous,outrageous",1
垮,土,7,7583,v,kuǎ,to collapse (lit. or fig.),1
挎,扌,7,25388,v,kuà,"to carry (esp. slung over the arm, shoulder or side)",1
跨,足,7,4234,v,kuà,"to step across,to stride over,to straddle,to span",1
跨国,足,7,15263,b,kuà guó,"transnational,multinational",1
跨越,足,7,9104,v,kuà yuè,"to step across,step over",1
块,土,1,483,q,kuài,"lump; chunk; piece,classifier for pieces of cloth, cake, soap etc,(coll.) classifier for money and currency units",1
快,忄,2,153,a,kuài,"rapid,quick,speed,rate,soon,almost,to make haste,clever,sharp (of knives or wits),forthright,plainspoken,gratified",1
快餐,忄,4,11411,n,kuài cān,"fast food,snack,quick meal",1
快车,忄,6,18209,n,kuài chē,"express (train, bus etc)",1
快递,忄,4,7167,v,kuài dì,express delivery,1
快点儿,忄,2,1000000,,kuài diǎn r,"erhua variant of 快点,to do smh more quickly,Hurry up!",1
快活,忄,7,13797,a,kuài huo,"happy,cheerful",1
快捷,忄,6,11376,z,kuài jié,"quick,fast,nimble,agile,(computer) shortcut",1
快乐,忄,2,637,a,kuài lè,happy; joyful,1
快速,忄,4,2309,d,kuài sù,fast; high-speed; rapid,1
快要,忄,2,5135,d,kuài yào,nearly at the point of (doing sth); about to (do sth),1
筷子,⺮,3,10486,n,kuài zi,chopsticks,1
宽,宀,5,3471,a,Kuān,surname Kuan,2
宽敞,宀,7,12046,a,kuān chang,"spacious,wide",1
宽度,宀,5,17535,n,kuān dù,width,1
宽泛,宀,7,32491,a,kuān fàn,wide-ranging,1
宽广,宀,7,17575,a,kuān guǎng,"wide,broad,extensive,vast",1
宽厚,宀,7,28840,a,kuān hòu,"tolerant,generous,magnanimous,thick and broad (build),thick and deep (voice)",1
宽阔,宀,7,18637,a,kuān kuò,"expansive,wide,width,thickness",1
宽容,宀,7,6868,v,kuān róng,"lenient,tolerant,indulgent,charitable,to forgive",1
宽恕,宀,7,12980,v,kuān shù,"to forgive,forgiveness",1
宽松,宀,7,11259,a,kuān sōng,"spacious; roomy; uncrowded,(of clothes) loose and comfortable,relaxed; free of worry,well-off; affluent",1
款待,欠,7,18024,vn,kuǎn dài,"to entertain,to be hospitable to",1
款式,欠,6,8984,n,kuǎn shì,"pattern,style,design",2
款项,欠,7,14109,n,kuǎn xiàng,"funds,a sum of money",1
框,木,7,9131,g,kuàng,"frame (e.g. door frame),casing,fig. framework,template,to circle (i.e. draw a circle around sth),to frame,to restrict",1
框架,木,7,13045,n,kuàng jià,"(construction) frame,(fig.) framework",1
筐,⺮,7,17034,n,kuāng,basket,1
狂,犭,7,2107,g,kuáng,"mad,wild,violent",1
狂欢,犭,7,5805,v,kuáng huān,"party,carousal,hilarity,merriment,whoopee,to carouse",1
狂欢节,犭,7,13356,n,kuáng huān jié,carnival,1
狂热,犭,7,8734,a,kuáng rè,"zealotry,fanatical,feverish",1
况且,冫,7,9029,c,kuàng qiě,"moreover,besides,in addition,furthermore",1
旷课,日,7,32748,v,kuàng kè,"to play truant,to cut classes",1
矿,石,7,5935,n,kuàng,"mineral deposit; ore deposit,ore,a mine",2
矿藏,石,7,37530,n,kuàng cáng,mineral resources,1
矿泉水,石,3,13110,n,kuàng quán shuǐ,mineral water,1
亏,二,5,8080,v,kuī,"deficiency,deficit,luckily,it's lucky that...,(often ironically) fancy that...",1
亏本,二,7,26758,v,kuī běn,to make a loss,1
亏待,二,7,28145,v,kuī dài,to treat sb unfairly,1
亏损,二,6,14787,v,kuī sǔn,"deficit,(financial) loss",1
昆虫,日,5,11860,n,kūn chóng,insect,1
捆,扌,7,9246,v,kǔn,"a bunch,to tie together,bundle",2
捆绑,扌,6,13111,v,kǔn bǎng,to bind,1
困,囗,4,1868,v,kùn,"to trap,to surround,hard-pressed,stranded,destitute",2
困惑,囗,7,6007,a,kùn huò,"bewildered,perplexed,confused,difficult problem,perplexity",1
困境,囗,7,5345,n,kùn jìng,predicament; plight,1
困难,囗,4,1141,a,kùn nan,"difficult,challenging,straitened circumstances,difficult situation",1
困扰,囗,6,4725,v,kùn rǎo,"to perplex,to disturb,to cause complications",1
扩,扌,7,13470,g,kuò,to enlarge,1
扩充,扌,7,21367,v,kuò chōng,to expand,1
扩大,扌,5,3635,v,kuò dà,"to expand,to enlarge,to broaden one's scope",1
扩建,扌,7,19417,v,kuò jiàn,"to extend (a building, an airport runway etc)",1
扩散,扌,7,5579,v,kuò sàn,to spread; to proliferate; to diffuse,1
扩展,扌,6,9082,v,kuò zhǎn,"to extend,to expand,extension,expansion",1
扩张,扌,7,6918,v,kuò zhāng,"expansion,dilation,to expand (e.g. one's power or influence),to broaden",1
括号,扌,7,31869,n,kuò hào,"parentheses,brackets",1
括弧,扌,7,91958,,kuò hú,parenthesis,1
阔,门,6,12727,a,kuò,variant of 阔,2
阔绰,门,7,42113,a,kuò chuò,"ostentatious,extravagant,liberal with money",1
垃圾,土,4,1777,n,lā jī,"trash,refuse,garbage,(coll.) of poor quality,Taiwan pr. [lè sè]",1
垃圾桶,土,4,11938,n,lā jī tǒng,"rubbish bin,trash can,garbage can,Taiwan pr. [lè sè tǒng]",1
拉,扌,4,484,v,lā,"to pull,to play (a bowed instrument),to drag,to draw,to chat,(coll.) to empty one's bowels",1
拉动,扌,7,29495,v,lā dòng,"to pull,(fig.) to stimulate (economic activity),to motivate (people to do sth)",1
拉开,扌,4,5347,v,lā kāi,"to pull open,to pull apart,to space out,to increase",1
拉拢,扌,7,18605,v,lā lǒng,"to rope in,fig. to involve sb,to entice",1
拉锁,扌,7,55103,n,lā suǒ,zipper,1
喇叭,口,7,9211,n,lǎ ba,"horn (automobile etc),loudspeaker,brass wind instrument,trumpet,suona 锁呐",1
腊月,⺼,7,57468,t,Là yuè,twelfth lunar month,1
蜡,虫,7,12778,n,là,"candle,wax",1
蜡烛,虫,7,7877,n,là zhú,candle,1
辣,辛,4,2791,a,là,old variant of 辣,2
辣椒,辛,6,6501,n,là jiāo,"hot pepper,chili",1
啦,口,6,246,y,lā,"(onom.) sound of singing, cheering etc,(phonetic),(dialect) to chat",2
啦啦队,口,7,3808,n,lā lā duì,cheerleading squad,1
来,木,1,31,v,lái,"to come,(used as a substitute for a more specific verb),hither (directional complement for motion toward the speaker",1
来宾,木,7,11016,n,Lái bīn,Laibin prefecture-level city in Guangxi,2
来不及,木,4,5768,v,lái bu jí,"there's not enough time (to do sth),it's too late (to do sth)",1
来到,木,1,943,v,lái dào,to arrive; to come,1
来得及,木,4,6981,v,lái de jí,to have enough time; can do it in time; can still make it,1
来电,木,7,6283,v,lái diàn,"incoming telephone call (or telegram),to phone in; to send in a telegram,to have an instant attraction to sb",1
来访,木,7,8891,v,lái fǎng,to pay a visit,1
来回,木,7,7107,v,lái huí,"to make a round trip,return journey,back and forth,to and fro,repeatedly",1
来历,木,7,14129,n,lái lì,"history,antecedents,origin",1
来临,木,6,4633,v,lái lín,to approach; to come closer,1
来龙去脉,木,7,22644,l,lái lóng qù mài,"the rise and fall of the terrain (idiom),(fig.) the whole sequence of events,causes and effects",1
来年,木,7,22086,t,lái nián,"next year,the coming year",1
来往,木,6,8734,v,lái wǎng,"to come and go,to have dealings with,to be in relation with",1
来信,木,5,6973,n,lái xìn,"incoming letter,to send us a letter",1
来源,木,5,2383,n,lái yuán,"source (of information etc),origin",1
来源于,木,7,11195,v,lái yuán yú,to originate in,1
来自,木,3,644,v,lái zì,"to come from (a place),From: (in email header)",1
赖,贝,6,5777,v,Lài,"surname Lai,(Tw) (coll.) LINE messaging app",3
拦,扌,6,5693,v,lán,"to block sb's path,to obstruct,to flag down (a taxi)",1
栏,木,6,7178,n,lán,"fence,railing,hurdle,column or box (of text or other data)",1
栏杆,木,7,13569,n,lán gān,"railing,banister",1
栏目,木,7,12813,n,lán mù,"regular column or segment (in a publication or broadcast program),program (TV or radio)",1
蓝,艹,3,1615,a,Lán,surname Lan,2
蓝领,艹,6,30180,b,lán lǐng,"blue-collar,blue-collar worker",1
蓝色,艹,2,2892,n,lán sè,blue (color),1
蓝天,艹,6,11048,n,lán tiān,blue sky,1
蓝图,艹,7,13313,n,lán tú,blueprint,1
篮球,⺮,2,3596,n,lán qiú,basketball,1
揽,扌,7,12258,v,lǎn,"to monopolize; to seize,to take into one's arms; to embrace,to fasten (with a rope etc)",1
缆车,纟,7,26207,n,lǎn chē,cable car,1
懒,忄,4,6238,a,lǎn,variant of 懒,2
懒得,忄,7,8500,v,lǎn dé,not to feel like (doing sth); disinclined to,1
懒惰,忄,7,13267,a,lǎn duò,"idle,lazy",1
烂,火,6,2387,a,làn,"soft; mushy,well-cooked and soft,to rot; to decompose,rotten,worn out,chaotic; messy,utterly; thoroughly,crappy; bad",1
滥用,氵,7,8841,v,làn yòng,"to misuse,to abuse",1
狼,犭,6,2421,n,láng,wolf,1
狼狈,犭,7,16266,an,láng bèi,"in a difficult situation,to cut a sorry figure,scoundrel! (derog.)",1
朗读,月,6,18517,v,lǎng dú,to read aloud,1
朗诵,月,7,18524,v,lǎng sòng,"to read aloud with expression,to recite,to declaim",1
浪,氵,7,4269,n,làng,"wave,breaker,unrestrained,dissipated,to stroll,to ramble",1
浪费,氵,4,1924,v,làng fèi,"to waste,to squander",1
浪漫,氵,4,2439,a,làng màn,romantic,1
捞,扌,7,5566,v,lāo,"to fish up,to dredge up",1
劳动,力,5,4748,vn,láo dòng,"work,toil,physical labor",1
劳动力,力,6,12496,n,láo dòng lì,"labor force,manpower",1
劳驾,力,7,37933,v,láo jià,excuse me,1
劳累,力,7,15272,a,láo lèi,"tired,exhausted,worn out,to toil",1
劳务,力,7,20517,n,láo wù,"service (work done for money),services (as in ""goods and services"")",1
牢,牛,6,6012,a,láo,"firm,sturdy,fold (for animals),sacrifice,prison",1
牢固,牛,7,11270,a,láo gù,"firm,secure",1
牢记,牛,7,12490,v,láo jì,"to keep in mind,to remember",1
牢牢,牛,7,9553,d,láo láo,"firmly,safely",1
牢骚,牛,7,19777,n,láo sāo,"discontent,complaint,to complain",1
唠叨,口,7,10247,v,láo dao,"to prattle,to chatter away,to nag,garrulous,nagging",1
老,老,3,266,a,lǎo,prefix used before the surname of a person or a numeral indicating the order of birth of the children in a family or to ,1
老百姓,老,5,7618,n,lǎo bǎi xìng,"ordinary people,the ""person in the street""",1
老板,老,5,1185,n,lǎo bǎn,variant of 老板,3
老伴儿,老,7,60338,n,lǎo bàn r,"erhua variant of 老伴,(coll.) (of an old couple) husband or wife",1
老大,老,7,3298,n,lǎo dà,"old age,very,eldest child in a family,leader of a group,boss,captain of a boat,leader of a criminal gang",1
老公,老,5,2319,n,lǎo gōng,(coll.) husband,2
老汉,老,7,26984,n,lǎo hàn,"old man,I (an old man referring to himself)",1
老虎,老,4,5451,n,lǎo hǔ,tiger,1
老化,老,7,12970,v,lǎo huà,"(of a person, population or material) to age,(of knowledge) to become outdated",1
老家,老,4,6410,n,lǎo jiā,"native place,place of origin,home state or region",1
老年,老,4,8396,t,lǎo nián,"elderly,old age,autumn of one's years",1
老朋友,老,2,7500,n,lǎo péng you,"old friend,(slang) period,menstruation",1
老婆,老,5,1565,n,lǎo pó,(coll.) wife,1
老人,老,3,2395,n,lǎo rén,"old man or woman,the elderly,one's aged parents or grandparents",1
老人家,老,7,8629,n,lǎo rén jiā,polite term for old woman or man,1
老师,老,1,799,n,lǎo shī,teacher,1
老实,老,6,5167,ad,lǎo shi,"honest; sincere,well-behaved,naive; gullible",1
老实说,老,7,22207,,lǎo shí shuō,"honestly speaking; to be frank, ...",1
老是,老,4,5562,d,lǎo shi,always,1
老鼠,老,6,4016,n,lǎo shǔ,"rat,mouse",1
老太太,老,6,7407,n,lǎo tài tai,"elderly lady (respectful),esteemed mother",1
老头儿,老,3,21642,n,lǎo tóu r,see 老头子,1
老乡,老,7,14936,n,lǎo xiāng,fellow townsman; fellow villager; sb from the same hometown,1
老远,老,7,12250,d,lǎo yuǎn,very far away,1
老字号,老,7,30827,n,lǎo zì hào,"shop, firm, or brand of merchandise with a long-established reputation",1
姥姥,女,5,12173,n,lǎo lao,"(coll.) mother's mother,maternal grandmother",1
姥爷,女,5,27327,n,lǎo ye,maternal grandfather (dialectal),1
潦草,氵,7,48109,a,liáo cǎo,"slipshod; careless; slovenly,(of handwriting) scrawly; illegible",1
涝,氵,7,53537,v,lào,flooded,1
乐,丿,3,1572,a,Lè,surname Le,4
乐队,丿,7,3860,n,yuè duì,"band,pop group",1
乐观,丿,5,4002,a,lè guān,"optimistic,hopeful",1
乐谱,丿,7,27699,n,yuè pǔ,"a musical score,sheet music",1
乐器,丿,6,9468,n,yuè qì,musical instrument,1
乐曲,丿,6,16970,n,yuè qǔ,musical composition,1
乐趣,丿,5,4402,n,lè qù,delight; pleasure; joy,1
乐意,丿,7,6221,v,lè yì,"to be willing to do sth,to be ready to do sth,to be happy to do sth,content,satisfied",1
乐园,丿,7,6591,n,lè yuán,paradise,1
了,亅,1,3,y,le,"(completed action marker),(modal particle indicating change of state, situation now)",4
了不起,亅,5,5874,a,liǎo bu qǐ,"amazing,terrific,extraordinary",1
了结,亅,7,10105,v,liǎo jié,"to settle,to finish,to conclude,to wind up",1
了解,亅,3,336,v,liǎo jiě,"to understand,to realize,to find out",2
了却,亅,7,29733,v,liǎo què,"to resolve,to settle",1
勒,力,7,2605,v,lè,"to rein in,to compel,to force,to carve,to engrave,(literary) to command,to lead,bridle,(physics) abbr. for 斯, lux",2
雷,雨,6,1494,n,Léi,surname Lei,2
雷达,雨,7,7037,n,léi dá,radar (loanword),1
雷同,雨,7,27498,v,léi tóng,"mirroring others,identical",1
泪,氵,5,5719,n,lèi,tears,1
泪水,氵,5,7812,n,lèi shuǐ,"teardrop,tears",1
类,大,5,1096,q,lèi,"kind,type,class,category,similar,like,to resemble",1
类别,大,6,16163,n,lèi bié,"classification,category",1
类似,大,5,2276,a,lèi sì,"similar,analogous",1
类型,大,5,2598,n,lèi xíng,"type; kind; category,(computer programming) type",1
累,糸,2,1197,a,lěi,"to accumulate,to involve or implicate (Taiwan pr. [lèi]),continuous,repeated",4
累积,糸,7,13573,v,lěi jī,to accumulate,1
累计,糸,7,17303,v,lěi jì,"to calculate the running total,cumulative,total,in total",1
棱角,木,7,24425,n,léng jiǎo,"edge and corner,protrusion,sharpness (of a protrusion),craggy,ridge corner",1
冷,冫,1,1027,a,Lěng,surname Leng,2
冷淡,冫,7,12345,a,lěng dàn,"cold,indifferent",1
冷冻,冫,7,9324,v,lěng dòng,"to freeze,to deep-freeze",1
冷静,冫,4,2908,a,lěng jìng,"calm; cool-headed; dispassionate,(of a place) deserted; quiet",1
冷酷,冫,7,11816,a,lěng kù,unfeeling; callous,1
冷酷无情,冫,7,49756,,lěng kù wú qíng,cold-hearted; unfeeling; callous,1
冷落,冫,7,16953,v,lěng luò,"desolate,unfrequented,to treat sb coldly,to snub,to cold shoulder",1
冷门,冫,7,20016,n,lěng mén,"a neglected branch (of arts, science, sports etc),fig. a complete unknown who wins a competition",1
冷漠,冫,7,7750,a,lěng mò,"cold and detached towards sb,lack of regard,indifference,neglect",1
冷气,冫,7,23852,n,lěng qì,air conditioning (Tw),1
冷却,冫,7,9960,vn,lěng què,to cool (lit. and fig.),1
冷水,冫,6,12054,n,lěng shuǐ,"cold water,unboiled water,fig. not yet ready (of plans)",1
冷笑,冫,7,12056,v,lěng xiào,"to sneer,to laugh grimly,grin of dissatisfaction (bitterness, helplessness, indignation etc),bitter, grim",1
冷战,冫,7,10942,n,Lěng zhàn,(US-Soviet) Cold War,3
愣,忄,7,11493,v,lèng,"to look distracted,to stare blankly,distracted,blank,(coll.) unexpectedly,rash,rashly",1
厘米,厂,5,23825,q,lí mǐ,centimeter,1
离,禸,2,912,v,chī,mythical beast (archaic),3
离不开,禸,4,8817,v,lí bu kāi,"inseparable,inevitably linked to",1
离婚,禸,5,2723,v,lí hūn,to divorce,1
离开,禸,3,557,v,lí kāi,to depart; to leave,1
离谱儿,禸,7,1000000,,lí pǔr5,Scientific,1
离奇,禸,7,13073,a,lí qí,odd; bizarre,1
离职,禸,5,12191,v,lí zhí,"to leave one's job temporarily (e.g. for study),to leave one's job; to resign",1
梨,木,5,7831,n,lí,pear,1
黎明,黍,7,8587,t,lí míng,dawn; daybreak,1
礼,礻,5,2414,n,Lǐ,"surname Li,abbr. for 礼记, Classic of Rites",2
礼拜,礻,5,6737,n,lǐ bài,"to attend a religious service,(coll.) week,(coll.) Sunday",1
礼拜天,礻,5,31517,t,Lǐ bài tiān,Sunday,1
礼服,礻,7,7383,n,lǐ fú,"ceremonial robe,formal attire (dinner suit, evening gown etc)",1
礼节,礻,7,19082,n,lǐ jié,etiquette,1
礼貌,礻,4,6337,an,lǐ mào,"courtesy; politeness; manners,courteous; polite",1
礼品,礻,7,9790,n,lǐ pǐn,"gift,present",1
礼堂,礻,7,15531,n,lǐ táng,"assembly hall,auditorium",1
礼物,礻,3,1673,n,lǐ wù,gift; present,1
礼仪,礻,7,10234,n,lǐ yí,"etiquette,ceremony",1
里,里,1,75,f,lǐ,variant of 里,4
里边,里,1,10810,f,lǐ bian,inside,1
里程碑,里,7,16826,n,lǐ chéng bēi,milestone,1
里面,里,2,648,f,lǐ miàn,"inside,interior,also pr. [lǐ mian]",1
里头,里,5,9692,f,lǐ tou,"inside,interior",1
理,王,6,1714,v,lǐ,"texture,grain (of wood),inner essence,intrinsic order,reason,logic,truth,science,natural science (esp. physics)",1
理财,王,6,9621,vn,lǐ cái,to manage wealth; to manage finances; money management,1
理睬,王,7,16350,v,lǐ cǎi,"to heed,to pay attention to",1
理发,王,4,13406,v,lǐ fà,"to get a haircut; to have one's hair done,to cut (sb's) hair; to give (sb) a haircut",1
理会,王,7,9075,v,lǐ huì,"to understand,to pay attention to,to take notice of",1
理解,王,4,884,v,lǐ jiě,to comprehend; to understand,1
理科,王,6,16024,n,lǐ kē,the sciences (as opposed to the humanities 科),1
理论,王,5,1462,n,lǐ lùn,"theory,to argue,to take notice of",1
理念,王,6,4867,n,lǐ niàn,"idea,concept,philosophy,theory",1
理事,王,7,19238,n,lǐ shì,"member of council,(literary) to take care of matters",1
理所当然,王,7,10068,l,lǐ suǒ dāng rán,"as it should be by rights (idiom); proper and to be expected as a matter of course,inevitable and right",1
理想,王,4,2661,n,lǐ xiǎng,"an ideal,a dream,ideal,perfect",1
理性,王,6,5194,n,lǐ xìng,"reason,rationality,rational",1
理由,王,5,1280,n,lǐ yóu,"reason,grounds,justification",1
理直气壮,王,7,37289,l,lǐ zhí qì zhuàng,in the right and self-confident (idiom); bold and confident with justice on one's side,1
理智,王,7,5215,n,lǐ zhì,"reason,intellect,rationality,rational",1
力,力,5,851,n,Lì,surname Li,2
力不从心,力,7,21629,v,lì bù cóng xīn,"less capable than desirable (idiom); not as strong as one would wish,the spirit is willing but the flesh is weak",1
力度,力,6,7129,n,lì dù,"strength,vigor,efforts,(music) dynamics",1
力量,力,5,900,n,lì liang,"power,force,strength",1
力气,力,4,5156,n,lì qi,strength,1
力求,力,7,15855,v,lì qiú,"to make every effort to,striving to do one's best",1
力所能及,力,7,18286,l,lì suǒ néng jí,"as far as one's capabilities extend (idiom); to the best of one's ability,within one's powers",1
力图,力,6,21610,v,lì tú,"to try hard to,to strive to",1
力争,力,7,16137,v,lì zhēng,"to work hard for,to do all one can,to contend strongly",1
历程,厂,7,10170,n,lì chéng,"course,process",1
历代,厂,7,26680,n,lì dài,"successive generations,successive dynasties,past dynasties",1
历届,厂,7,32173,b,lì jiè,"all previous (meetings, sessions etc)",1
历经,厂,6,12690,v,lì jīng,to experience; to go through,1
历来,厂,7,17374,d,lì lái,"always,throughout (a period of time),(of) all-time",1
历时,厂,7,18847,v,lì shí,"to last,to take (time),period,diachronic",1
历史,厂,3,882,n,lì shǐ,history,1
厉害,厂,4,1925,a,lì hai,"(used to describe sb or sth that makes a very strong impression, whether favorable or unfavorable) terrible,intense",1
立,立,6,2622,v,Lì,surname Li,2
立场,立,6,4265,n,lì chǎng,"position,standpoint",1
立方,立,7,22390,q,lì fāng,"cube (math.),abbr. for 立方体,abbr. for 米",1
立方米,立,7,35946,q,lì fāng mǐ,cubic meter (unit of volume),1
立功,立,7,25337,v,lì gōng,"to render meritorious service (one the three imperishables 朽),to make worthy contributions,to distinguish oneself",1
立即,立,5,1862,d,lì jí,immediately,1
立交桥,立,7,22789,n,lì jiāo qiáo,"overpass,flyover",1
立刻,立,5,1875,d,lì kè,"forthwith,immediate,prompt,promptly,straightway,thereupon,at once",1
立体,立,7,10567,b,lì tǐ,"three-dimensional,solid,stereoscopic",1
立足,立,7,14630,v,lì zú,"to stand,to have a footing,to be established,to base oneself on",1
利,刂,6,1239,n,Lì,surname Li,2
利害,刂,7,20755,n,lì hài,"pros and cons,advantages and disadvantages,gains and losses",2
利率,刂,7,10983,n,lì lǜ,interest rates,1
利润,刂,5,3776,n,lì rùn,profits,1
利索,刂,7,21085,a,lì suo,nimble,1
利息,刂,6,6487,n,lì xī,interest (on a loan),1
利益,刂,5,2117,n,lì yì,"benefit,(in sb's) interest",1
利用,刂,5,766,v,lì yòng,"to exploit,to make use of,to use,to take advantage of,to utilize",1
励志,力,7,28471,nr,lì zhì,"to pursue a goal with determination,inspirational; motivational",1
例如,亻,4,3486,v,lì rú,for example; for instance; such as,1
例外,亻,6,5594,v,lì wài,"exception,to be an exception",1
例子,亻,4,5034,n,lì zi,"case,(for) instance,example",1
粒,米,6,4781,q,lì,"grain,granule,classifier for small round things (peas, bullets, peanuts, pills, grains etc)",1
俩,亻,4,1419,m,liǎ,"two (colloquial equivalent of 两个),both,some",2
连,辶,4,406,u,Lián,surname Lian,2
连滚带爬,辶,7,59075,,lián gǔn dài pá,"rolling and crawling,trying frantically to escape (idiom)",1
连接,辶,5,3426,v,lián jiē,to link; to join; to connect,1
连忙,辶,5,50741,d,lián máng,"promptly,at once",1
连绵,辶,7,27852,z,lián mián,"continuous,unbroken,uninterrupted,extending forever into the distance (of mountain range, river etc)",1
连年,辶,7,34385,b,lián nián,"successive years,over many years",1
连任,辶,7,16220,v,lián rèn,"to continue in (a political) office,to serve for another term of office",1
连锁,辶,7,7545,vn,lián suǒ,"to interlock,to be linked,chain (store etc)",1
连锁店,辶,7,13645,n,lián suǒ diàn,chain store,1
连同,辶,7,13615,p,lián tóng,"together with,along with",1
连续,辶,5,2315,a,lián xù,"continuous,in a row,serial,consecutive",1
连续剧,辶,3,14541,n,lián xù jù,"serialized drama,dramatic series,show in parts",1
连夜,辶,7,16020,d,lián yè,"that very night,through the night,for several nights in a row",1
帘子,巾,7,28809,n,lián zi,curtain,1
怜惜,忄,7,33311,v,lián xī,"to take pity on,to feel tenderness toward",1
莲子,艹,7,20235,,lián zǐ,lotus seed,1
联邦,耳,7,3574,n,lián bāng,"federal,federation,commonwealth,federal union,federal state,union",1
联合,耳,5,2190,v,lián hé,"to combine,to join,unite,alliance",1
联合国,耳,6,4037,nt,Lián hé guó,United Nations,1
联欢,耳,7,35542,v,lián huān,"to have a get-together,celebration,party",1
联络,耳,7,4467,v,lián luò,"to get in touch with,to contact,to stay in contact (with),liaison,(math.) connection",1
联盟,耳,7,2339,n,lián méng,"alliance,union,coalition",1
联赛,耳,7,4691,n,lián sài,"(sports) league,league tournament",1
联手,耳,7,8516,v,lián shǒu,"lit. to join hands,to act together",1
联网,耳,6,16288,v,lián wǎng,to connect (or be connected) to a network; to network,1
联系,耳,4,667,v,lián xì,variant of 联系,2
联想,耳,6,6895,v,Lián xiǎng,Lenovo,2
廉价,广,7,7559,a,lián jià,"cheaply-priced,low-cost",1
廉洁,广,7,28006,a,lián jié,incorruptible; unbribable; honest,1
廉正,广,7,379791,,lián zhèng,"upright and honest,integrity",1
廉政,广,7,43699,n,lián zhèng,"to govern with integrity,clean and honest government",1
脸,⺼,3,629,n,liǎn,face,1
脸颊,⺼,7,12415,n,liǎn jiá,cheek,1
脸盆,⺼,5,41495,q,liǎn pén,"washbowl,basin for washing hands and face",1
脸色,⺼,5,4977,n,liǎn sè,"complexion,look",1
练,纟,3,2255,v,liàn,"to practice,to train,to drill,to perfect (one's skill),exercise,(literary) white silk,to boil and scour raw silk",1
练习,纟,3,3084,v,liàn xí,"to practice,exercise,drill,practice",1
炼,火,7,10362,v,liàn,"to refine,to smelt",2
恋爱,心,5,2496,v,liàn ài,"(romantic) love,in love,to have an affair",1
恋恋不舍,心,7,41381,v,liàn liàn bù shě,reluctant to part,1
良,艮,7,8310,g,liáng,"good,very,very much",1
良好,艮,5,2227,a,liáng hǎo,"good,favorable,well,fine",1
良心,艮,7,6526,n,liáng xīn,conscience,1
良性,艮,7,15034,b,liáng xìng,"positive (in its effect),leading to good consequences,virtuous,(medicine) benign (tumor etc)",1
凉,冫,4,4088,a,Liáng,"the five Liang of the Sixteen Kingdoms, namely: Former Liang 前凉 (314-376), Later Liang 后凉 (386-403)",3
凉快,冫,3,19483,a,liáng kuai,"nice and cold,pleasantly cool",1
凉爽,冫,7,18060,a,liáng shuǎng,cool and refreshing,1
凉水,冫,3,25250,n,liáng shuǐ,"cool water,unboiled water",1
凉鞋,冫,6,20869,n,liáng xié,sandal,1
粮食,米,5,6379,n,liáng shi,"foodstuff,cereals",1
两,一,1,81,m,liǎng,"two,both,some,a few,tael, unit of weight equal to 50 grams (modern) or 1⁄16 of a catty 斤 (old)",1
两岸,一,6,22338,n,liǎng àn,"bilateral,both shores,both sides,both coasts,Taiwan and mainland",1
两边,一,4,7213,f,liǎng bian,"either side,both sides",1
两侧,一,6,16912,f,liǎng cè,"two sides,both sides",1
两口子,一,7,26774,n,liǎng kǒu zi,husband and wife,1
两栖,一,7,28797,b,liǎng qī,"amphibious,dual-talented,able to work in two different lines",1
两手,一,7,28543,mq,liǎng shǒu,"one's two hands,two prongs (of a strategy),both aspects, eventualities etc,skills,expertise",1
亮,亠,4,1691,v,liàng,"bright,clear,resonant,to shine,to show,to reveal",1
亮点,亠,7,10869,n,liàng diǎn,"highlight,bright spot",1
亮丽,亠,7,18974,a,liàng lì,bright and beautiful,1
亮相,亠,7,8499,v,liàng xiàng,"to strike a pose (Chinese opera),(fig.) to make a public appearance",1
谅解,讠,7,11864,vn,liàng jiě,"to understand,to make allowances for,understanding",1
辆,车,3,699,q,liàng,classifier for vehicles,1
晾,日,6,14630,v,liàng,"to dry in the air,(fig.) to cold-shoulder",1
量,里,4,2147,n,liáng,to measure,2
辽阔,辶,7,25015,a,liáo kuò,vast; extensive,1
疗法,疒,7,6021,n,liáo fǎ,"therapy,treatment",1
疗效,疒,7,13362,n,liáo xiào,healing efficacy; healing effect,1
疗养,疒,7,20874,v,liáo yǎng,"to get well,to heal,to recuperate,to convalesce,convalescence,to nurse",1
聊,耳,3,2302,v,liáo,"to chat,to depend upon (literary),temporarily,just,slightly",1
聊天,耳,4,2609,v,liáo tiān,"to chat,to gossip",1
聊天儿,耳,3,102289,,liáo tiān r,"erhua variant of 聊天,to chat,to gossip",1
寥寥无几,宀,7,30527,v,liáo liáo wú jǐ,"just a very few (idiom); tiny number,not many at all,You count them on your fingers.",1
料,斗,6,2626,n,liào,"material,stuff,grain,feed,to expect,to anticipate,to guess",1
料到,斗,7,9583,v,liào dào,"to foresee,to anticipate",1
料理,斗,7,9786,v,liào lǐ,"to arrange,to handle,to cook,cuisine,art of cooking",1
列,刂,4,2209,v,liè,"to arrange,to line up,file,series,(in data tables) column,(Tw) row",1
列车,刂,5,4242,n,liè chē,(railway) train,1
列举,刂,7,18380,v,liè jǔ,"a list,to list,to enumerate",1
列入,刂,4,8323,v,liè rù,to include on a list,1
列为,刂,4,8850,v,liè wéi,to be classified as,1
劣势,力,7,13022,n,liè shì,"inferior,disadvantaged",1
劣质,力,7,14224,b,liè zhì,shoddy; of poor quality,1
烈士,灬,7,11928,n,liè shì,martyr,1
猎犬,犭,7,25647,n,liè quǎn,"hound,hunting dog",1
猎人,犭,7,9488,n,liè rén,hunter,1
裂,衣,7,6953,v,liè,"to split,to crack,to break open,to rend",1
裂缝,衣,7,8135,n,liè fèng,"crack,crevice",1
裂痕,衣,7,17741,n,liè hén,"crack,gap,split",1
咧嘴,口,7,1000000,,liě zuǐ,to grin,1
拎,扌,7,11124,v,līn,"to lift up; to carry in one's hand,Taiwan pr. [līng]",1
邻国,阝,7,23913,n,lín guó,"bordering country,neighbor country,neighboring countries,surrounding countries",1
邻居,阝,3,3360,n,lín jū,"neighbor,next door",1
临,丨,7,6091,v,lín,"to face,to overlook,to arrive,to be (just) about to,just before",1
临床,丨,7,4243,vn,lín chuáng,clinical,1
临街,丨,7,39431,vn,lín jiē,facing the street,1
临近,丨,7,9411,v,lín jìn,"close to,approaching",1
临时,丨,5,3015,b,lín shí,"as the time draws near,at the last moment,temporary,interim,ad hoc",1
淋,氵,6,7448,v,lín,"to sprinkle,to drip,to pour,to drench",2
吝啬,口,7,16240,a,lìn sè,stingy; mean; miserly,1
灵,彐,7,2026,a,líng,"quick,alert,efficacious,effective,to come true,spirit,departed soul,coffin",1
灵感,彐,7,4591,n,líng gǎn,"inspiration,insight,a burst of creativity in scientific or artistic endeavor",1
灵魂,彐,7,2579,n,líng hún,"soul,spirit",1
灵活,彐,5,6491,a,líng huó,"flexible,nimble,agile",1
灵机一动,彐,7,32503,v,líng jī yī dòng,"a bright idea suddenly occurs (idiom); to hit upon an inspiration,to be struck by a brainwave",1
灵敏,彐,7,13980,a,líng mǐn,"smart,clever,sensitive,keen,quick,sharp",1
灵巧,彐,7,21037,a,líng qiǎo,"deft,nimble,ingenious",1
灵通,彐,7,15005,a,líng tōng,"fast and abundant (news),clever,effective",1
凌晨,冫,6,2595,t,líng chén,"very early in the morning,in the wee hours",1
铃,钅,5,6132,o,líng,(small) bell,1
铃声,钅,5,7216,n,líng shēng,"ring,ringtone,bell stroke,tintinnabulation",1
零,雨,1,3623,m,líng,"zero,nought,zero sign,fractional,fragmentary,odd (of numbers)",1
零花钱,雨,4,19487,n,líng huā qián,"pocket money,allowance",1
零件,雨,7,8400,n,líng jiàn,"part,component",1
零钱,雨,4,13354,n,líng qián,"change (of money),small change,pocket money",1
零食,雨,4,8964,n,líng shí,"between-meal nibbles,snacks",1
零售,雨,7,9935,vn,líng shòu,"to retail,to sell individually or in small quantities",1
零下,雨,4,14498,s,líng xià,below zero,1
零星,雨,7,21996,a,líng xīng,"fragmentary,random,bits and pieces,sporadic",1
领,页,5,2044,v,lǐng,"neck,collar,to lead,to receive,classifier for clothes, mats, screens etc",1
领带,页,5,9352,n,lǐng dài,necktie,1
领导,页,5,1433,n,lǐng dǎo,"lead,leading,to lead,leadership,leader",1
领队,页,7,11559,n,lǐng duì,"to lead a group,leader of a group,captain (of sports squad)",1
领略,页,7,16941,v,lǐng lu:è,"to have a taste of,to realize,to appreciate",1
领会,页,7,12532,v,lǐng huì,"to understand,to comprehend,to grasp",1
领军,页,7,1000000,,lǐng jūn,"to lead troups,(fig.) to lead,leading",1
领取,页,5,10119,v,lǐng qǔ,to receive; to draw; to get,1
领事,页,7,20219,n,lǐng shì,consul,1
领事馆,页,7,23364,n,lǐng shì guǎn,consulate,1
领土,页,7,8618,n,lǐng tǔ,territory,1
领悟,页,7,12096,v,lǐng wù,"to understand,to comprehend",1
领先,页,5,2791,v,lǐng xiān,"to lead,to be in front",1
领袖,页,7,3957,n,lǐng xiù,leader,1
领养,页,7,10747,v,lǐng yǎng,to adopt (a child); adoption,1
领域,页,5,2459,n,lǐng yù,"domain,sphere,field,territory,area",1
令,人,5,776,v,líng,"used in 令,used in 狐 (Taiwan pr. [lìng])",3
另,口,4,541,r,lìng,"other,another,separate,separately",1
另外,口,4,725,r,lìng wài,"additional,in addition,besides,separate,other,moreover,furthermore",1
另一方面,口,3,4851,c,lìng yī fāng miàn,"on the other hand,another aspect",1
伶俐,亻,6,31514,a,líng lì,"clever,witty,intelligent",1
溜,氵,7,5659,v,liū,"to slip away,to escape in stealth,to skate",2
溜达,氵,7,16564,v,liū da,"to stroll,to go for a walk",1
浏览,氵,5,7707,v,liú lǎn,"to skim over,to browse",1
浏览器,氵,6,28853,n,liú lǎn qì,browser (software),1
流,氵,4,1337,v,liú,"to flow,to disseminate,to circulate or spread,to move or drift,to degenerate,to banish or send into exile",1
流畅,氵,7,9270,a,liú chàng,"flowing (of speech, writing),fluent,smooth and easy",1
流程,氵,6,8987,n,liú chéng,"course,stream,sequence of processes,work flow in manufacturing",1
流传,氵,5,7952,v,liú chuán,"to spread,to circulate,to hand down",1
流动,氵,6,5689,vn,liú dòng,"to flow,to circulate,to go from place to place,to be mobile,(of assets) liquid",1
流感,氵,5,5632,n,liú gǎn,flu; influenza,1
流浪,氵,7,6517,v,liú làng,"to drift about,to wander,to roam,nomadic,homeless,unsettled (e.g. population),vagrant",1
流泪,氵,7,7253,v,liú lèi,to shed tears,1
流利,氵,4,17449,a,liú lì,fluent,1
流量,氵,6,12321,n,liú liàng,"flow rate; throughput of passengers; volume of traffic,(hydrology) discharge",1
流露,氵,7,12368,v,liú lù,"to reveal (indirectly, implicitly),to show (interest, contempt etc) by means of one's actions, tone of voice etc",1
流氓,氵,7,5202,n,liú máng,"rogue,hoodlum,gangster,immoral behavior",1
流入,氵,6,13234,v,liú rù,"to flow into,to drift into,influx,inflow",1
流失,氵,7,11192,vn,liú shī,"(of soil etc) to wash away,to be eroded,(fig.) (of talented staff, followers of a religious faith",1
流水,氵,7,10995,n,liú shuǐ,"running water,(business) turnover",1
流淌,氵,7,12874,v,liú tǎng,to flow,1
流通,氵,6,8541,vn,liú tōng,"to circulate; to distribute,circulation; distribution",1
流向,氵,7,14722,v,liú xiàng,"direction of a current,direction of flow,to flow toward",1
流行,氵,4,2724,v,liú xíng,"(of a contagious disease etc) to spread,to propagate,(of a style of clothing, song etc) popular,fashionable",1
流血,氵,7,6486,v,liú xuè,"to bleed,to shed blood",1
流域,氵,7,20502,n,liú yù,"river basin,valley,drainage area",1
流转,氵,7,20716,vn,liú zhuǎn,"to be on the move,to roam or wander,to circulate (of goods or capital)",1
留,田,4,705,v,liú,old variant of 留,3
留恋,田,7,13649,v,liú liàn,"reluctant to leave,to hate to have to go,to recall fondly",1
留念,田,7,20051,v,liú niàn,"to keep as a souvenir,to recall fondly",1
留神,田,7,16844,v,liú shén,"to take care,to be careful",1
留下,田,4,1196,v,liú xià,"to leave behind,to stay behind,to remain,to keep,not to let (sb) go",1
留心,田,7,13923,v,liú xīn,to be careful; to pay attention to,1
留学,田,3,15630,v,liú xué,to study abroad,1
留学生,田,3,24084,n,liú xué shēng,"student studying abroad,(foreign) exchange student",1
留言,田,5,4582,n,liú yán,"to leave a message,to leave one's comments,message",1
留意,田,7,6127,v,liú yì,"to be mindful,to pay attention to,to take note of",1
遛,辶,7,17781,v,liù,"to stroll,to walk (an animal)",1
柳树,木,7,28007,n,liǔ shù,willow,1
六,八,1,802,m,liù,"six,6",1
龙,龙,5,1547,n,Lóng,surname Long,2
龙舟,龙,7,34927,n,lóng zhōu,"dragon boat,imperial boat",1
笼统,⺮,7,29692,a,lǒng tǒng,"general,broad,sweeping,lacking in detail,vague",1
笼罩,⺮,7,10028,v,lǒng zhào,"to envelop,to shroud",1
笼子,⺮,7,11933,n,lóng zi,"cage,basket,container",1
聋,耳,7,12408,v,lóng,deaf,1
聋人,耳,7,1000000,,lóng rén,"deaf person,hearing-impaired person",1
聋哑,耳,6,30845,vn,lóng yǎ,deaf and dumb,1
隆重,阝,7,7000,a,lóng zhòng,"grand,prosperous,ceremonious,solemn",1
垄断,龙,7,11039,v,lǒng duàn,to monopolize,1
楼,木,2,765,n,Lóu,surname Lou,2
楼道,木,6,22887,n,lóu dào,"corridor,passageway (in storied building)",1
楼房,木,6,13957,n,lóu fáng,a building of two or more stories,1
楼上,木,1,5267,s,lóu shàng,"upstairs,(Internet slang) previous poster in a forum thread",1
楼梯,木,3,5165,n,lóu tī,"stair,staircase",1
楼下,木,1,4135,s,lóu xià,downstairs,1
搂,扌,7,9281,v,lōu,"to draw towards oneself,to gather,to gather up (one's gown, sleeves etc),to grab (money),to extort",2
漏,氵,5,4288,v,lòu,"to leak,to divulge,to leave out by mistake,waterclock or hourglass (old)",1
漏洞,氵,6,7160,n,lòu dòng,"leak,hole,gap,loophole",1
芦花,艹,7,58423,,lú huā,"reed catkin,reed flower",1
炉灶,火,7,39198,n,lú zào,stove,1
炉子,火,7,16127,n,lú zi,"stove,oven,furnace",1
卤味,卤,7,53626,,lǔ wèi,food prepared by stewing in soy sauce and spices,2
鲁莽,鱼,7,19225,a,lǔ mǎng,hot-headed; impulsive; reckless,1
陆地,阝,5,11452,n,lù dì,dry land (as opposed to the sea),1
陆军,阝,7,7538,n,lù jūn,"army,ground forces",1
陆续,阝,5,12648,d,lù xù,"in turn,successively,one after the other,bit by bit",1
录,彐,5,2200,v,lù,to carve wood,3
录取,彐,5,5087,v,lù qǔ,"to accept an applicant (prospective student, employee etc) who passes an entrance exam,to admit (a student)",1
录像,彐,6,3924,n,lù xiàng,"to videotape,to videorecord,video recording",1
录音,彐,5,5402,vn,lù yīn,"to record (sound),sound recording",1
录音机,彐,6,19867,n,lù yīn jī,"(tape) recording machine,tape recorder",1
录制,彐,6,9024,v,lù zhì,to record (video or audio),1
鹿,鹿,7,5364,n,lù,deer,1
路,足,2,409,n,Lù,surname Lu,2
路边,足,3,5880,s,lù biān,curb; roadside; wayside,1
路程,足,6,9950,n,lù chéng,"route,path traveled,distance traveled,course (of development)",1
路灯,足,7,14960,n,lù dēng,"street lamp,street light",1
路段,足,7,14718,n,lù duàn,"stretch of road,section of a highway or railway",1
路过,足,4,4118,v,lù guò,to pass by or through,1
路口,足,3,6184,n,lù kǒu,"crossing,intersection (of roads)",1
路况,足,6,18760,n,lù kuàng,"road condition(s) (e.g. surface, traffic flow etc)",1
路面,足,6,11207,n,lù miàn,road surface,1
路人,足,5,10260,n,lù rén,"passer-by,stranger",1
路上,足,2,1669,s,lù shang,"on the road,on a journey,road surface",1
路途,足,7,15788,n,lù tú,"(lit. and fig.) road,path",1
路线,足,5,2824,n,lù xiàn,"itinerary,route,political line (e.g. right revisionist road)",1
路子,足,7,13393,n,lù zi,"method,way,approach",1
露,雨,6,2700,v,Lù,surname Lu,3
露面,雨,7,9214,v,lòu miàn,"to show one's face,to appear (in public)",1
露天,雨,7,11290,n,lù tiān,"outdoors,al fresco,in the open",1
旅程,方,6,7656,n,lǚ chéng,"journey,trip",1
旅店,方,6,14801,n,lǚ diàn,"inn,small hotel",1
旅馆,方,4,5705,n,lǚ guǎn,hotel,1
旅客,方,4,5815,n,lǚ kè,traveler; tourist,1
旅途,方,6,7530,n,lǚ tú,"journey,trip",1
旅行,方,4,2385,v,lǚ xíng,"to travel,journey; trip",1
旅行社,方,5,11103,n,lǚ xíng shè,travel agency,1
旅游,方,2,2534,vn,lǚ yóu,"trip,journey,tourism,travel,tour,to travel",1
铝,钅,7,8015,n,lǚ,aluminum (chemistry),1
屡,尸,7,16379,d,lǚ,"time and again,repeatedly,frequently",1
屡次,尸,7,23740,d,lǚ cì,"repeatedly,time and again",1
缕,纟,7,13610,q,lǚ,"strand,thread,detailed,in detail,classifier for wisps (of smoke, mist or vapor), strands, locks (of hair)",1
履行,尸,6,4856,v,lǚ xíng,"to fulfill (one's obligations),to carry out (a task),to implement (an agreement),to perform",1
律师,彳,4,1246,n,lǜ shī,lawyer,1
率,玄,6,2786,v,lǜ,"rate,frequency",2
率领,玄,6,10605,v,shuài lǐng,"to lead,to command,to head",1
率先,玄,6,12655,d,shuài xiān,"to take the lead,to show initiative",1
绿,纟,2,2608,a,lǜ,"green,(slang) (derived from 绿帽子) to cheat on (one's spouse or boyfriend or girlfriend)",1
绿茶,纟,2,15567,n,lǜ chá,"green tea,(slang) (of a girl) seemingly innocent and charming but actually calculating and manipulative",1
绿地,纟,7,18730,n,lǜ dì,green area (e.g. urban park or garden),1
绿灯,纟,7,15424,n,lǜ dēng,"green light (traffic signal),(fig.) permission to proceed",1
绿化,纟,6,22891,v,lǜ huà,"to make green with plants,to reforest,(Internet slang) Islamization",1
绿色,纟,2,2383,n,lǜ sè,green,1
孪生,子,7,27245,b,luán shēng,(adj.) twin,1
卵,卩,7,10123,n,luǎn,"egg,ovum,spawn,(coll.) testicles,(old) penis,(expletive) fucking",1
乱,乚,4,1206,d,luàn,"in confusion or disorder,in a confused state of mind,disorder,upheaval,riot,illicit sexual relations",1
乱七八糟,乚,7,8907,l,luàn qī bā zāo,(idiom) chaotic; in disorder; muddled,1
抡,扌,7,19852,v,lūn,"to swing (one's arms, a heavy object),to wave (a sword, one's fists),to fling (money)",2
伦理,亻,7,11350,n,lún lǐ,ethics,1
轮,车,6,1066,qv,lún,"wheel; disk; ring,steamship,to take turns; to rotate,classifier for big round objects: disk, or recurring events: round",1
轮船,车,6,17543,n,lún chuán,steamship; steamer; steamboat,1
轮换,车,7,24389,v,lún huàn,to rotate; to take turns,1
轮廓,车,7,11945,n,lún kuò,"an outline,silhouette",1
轮流,车,6,10320,v,lún liú,to alternate; to take turns,1
轮胎,车,7,4913,n,lún tāi,tire; pneumatic tire,1
轮椅,车,6,10262,n,lún yǐ,wheelchair,1
轮子,车,6,15530,n,lún zi,"wheel,(derog.) Falun Gong practitioner",1
论述,讠,7,20892,vn,lùn shù,"treatise,discourse,exposition",1
论坛,讠,6,7125,n,lùn tán,forum (for discussion),1
论文,讠,5,4207,n,lùn wén,"paper,treatise,thesis,to discuss a paper or thesis (old)",1
论证,讠,7,14292,v,lùn zhèng,"to prove a point,to expound on,to demonstrate or prove (through argument),proof",1
罗,罒,7,1653,b,Luó,surname Luo,2
啰唆,罒,7,128460,,luō suo,variant of 啰嗦,1
萝卜,艹,7,8242,n,luó bo,"radish (Raphanus sativus), esp. white radish 白萝卜",1
逻辑,辶,5,4974,n,luó ji,logic (loanword),1
螺丝,虫,7,16116,n,luó sī,screw,1
螺丝钉,虫,6,35456,n,luó sī dīng,screw,1
裸,衤,7,4679,g,luǒ,variant of 裸,3
裸露,衤,7,14013,v,luǒ lù,naked; bare; uncovered; exposed,1
络绎不绝,纟,7,34597,v,luò yì bù jué,(idiom) continuously; in an endless stream,1
落,艹,4,1435,v,là,"to leave out,to be missing,to leave behind or forget to bring,to lag or fall behind",3
落差,艹,7,29794,n,luò chā,"drop in elevation,(fig.) gap (in wages, expectations etc),disparity",1
落成,艹,7,20880,v,luò chéng,to complete a construction project,1
落地,艹,6,8886,v,luò dì,"to fall to the ground,to be set on the ground,to reach to the ground,to be born,(of a plane) to land",1
落后,艹,6,3824,a,luò hòu,"to fall behind,to lag (in technology etc),backward,to retrogress",1
落户,艹,7,33298,v,luò hù,"to settle,to set up home",1
落实,艹,7,16045,v,luò shí,"practical,workable,to implement,to carry out,to decide",1
落下,艹,7,13990,v,luò xià,"to fall,to drop,to land (of projectile)",1
妈,女,1,517,n,mā,"ma,mom,mother",1
妈妈,女,1,527,n,mā ma,"mama,mommy,mother",1
麻,麻,7,4988,n,má,"variant of 麻,hemp",3
麻痹,麻,7,8935,a,má bì,"paralysis,palsy,numbness,to benumb,(fig.) to lull,negligent,apathetic",1
麻烦,麻,4,1492,an,má fan,"trouble; inconvenience,inconvenient; troublesome; annoying,to bother sb; to put sb to trouble",1
麻将,麻,7,13433,n,má jiàng,mahjong,1
麻辣,麻,7,23271,z,má là,hot and numbing,1
麻木,麻,7,9568,a,má mù,"numb,insensitive,apathetic",1
麻醉,麻,7,6421,v,má zuì,"anesthesia,to anesthetize; (fig.) to corrupt (sb's mind); to enervate; to numb the mind (to escape from harsh reality)",1
马,马,3,605,n,Mǎ,"surname Ma,abbr. for Malaysia 马来西亚",2
马车,马,6,7719,n,mǎ chē,"cart,chariot,carriage,buggy",1
马后炮,马,7,44420,v,mǎ hòu pào,"lit. firing after the horse,fig. belated action,giving advice in hindsight",2
马虎,马,6,20190,a,mǎ hu,"careless,sloppy,negligent,skimpy",1
马力,马,7,12915,n,mǎ lì,horsepower,1
马路,马,3,5119,n,mǎ lù,"street,road",1
马上,马,3,847,d,mǎ shàng,"at once,right away,immediately,on horseback (i.e. by military force)",1
马桶,马,7,8584,n,mǎ tǒng,"chamber pot,wooden pan used as toilet,toilet bowl",1
马戏,马,7,29823,n,mǎ xì,circus,1
码,石,7,2833,q,mǎ,"weight,number,code,to pile,to stack,classifier for length or distance (yard), happenings etc",1
码头,石,6,4184,n,mǎ tóu,"dock,pier,wharf",1
骂,口,5,2622,v,mà,"to scold,to abuse,to curse",2
吗,口,1,83,y,má,(coll.) what?,3
嘛,口,6,614,y,má,"used in 吽,(Tw) (coll.) what?",2
埋,土,6,2776,v,mái,to bury,2
埋藏,土,7,14710,v,mái cáng,"to bury,to hide by burying,hidden",1
埋伏,土,7,11612,v,mái fú,"to ambush,to lie in wait for,to lie low,ambush",1
埋没,土,7,25479,v,mái mò,"to engulf,to bury,to overlook,to stifle,to neglect,to fall into oblivion",1
埋怨,土,7,10938,v,mán yuàn,"to complain,to grumble (about),to reproach,to blame",1
埋葬,土,7,12213,v,mái zàng,to bury,1
买,大,1,240,v,mǎi,"to buy,to purchase",1
买不起,大,7,14630,v,mǎi bu qǐ,"cannot afford,can't afford buying",1
买卖,大,5,3721,vn,mǎi mài,"buying and selling,business,business transactions",1
迈,辶,6,5964,v,mài,"to take a step,to stride",1
迈进,辶,7,14127,v,mài jìn,"to step in,to stride forward,to forge ahead",1
麦克风,麦,6,12308,n,mài kè fēng,microphone (loanword),1
卖,十,1,590,v,mài,"to sell,to betray,to spare no effort,to show off or flaunt",1
卖弄,十,7,22135,v,mài nong,"to show off,to make a display of",1
脉搏,⺼,7,11767,n,mài bó,pulse (both medical and figurative),1
脉络,⺼,7,38592,n,mài luò,"arteries and veins,network of blood vessels,vascular system (of a plant or animal)",1
蛮,虫,7,3353,d,mán,"barbarian,bullying,very,quite,rough,reckless",1
馒头,饣,4,16507,n,mán tou,"steamed roll,steamed bun,steamed bread",1
瞒,目,7,6855,v,mán,"to conceal from,to keep (sb) in the dark",1
满,氵,4,961,a,Mǎn,Manchu ethnic group,2
满怀,氵,7,11120,v,mǎn huái,"to have one's heart filled with,(to collide) full on,(of farm animals) heavy with young",1
满意,氵,3,1761,v,mǎn yì,"satisfied,pleased,to one's satisfaction",1
满足,氵,5,1555,v,mǎn zú,"to satisfy,to meet (the needs of),satisfied,content",1
慢,忄,2,1770,a,màn,slow,1
慢车,忄,6,52449,n,màn chē,"local bus or train,slow train with many stops",1
慢慢,忄,3,1664,d,màn màn,slowly,1
慢慢来,忄,7,14319,v,màn màn lái,"take your time,take it easy",1
慢性,忄,7,9266,b,màn xìng,"slow and patient,chronic (disease),slow to take effect (e.g. a slow poison)",1
漫,氵,7,7395,v,màn,"free,unrestrained,to inundate",1
漫画,氵,6,4509,n,màn huà,"caricature,cartoon,Japanese manga",1
漫游,氵,7,14554,vn,màn yóu,"to travel around,to roam,(mobile telephony) roaming",1
漫长,氵,6,5704,a,màn cháng,"very long,endless",1
蔓延,艹,7,7609,v,màn yán,"to extend,to spread",1
忙,忄,1,859,v,máng,"busy,hurriedly,to hurry,to rush",1
忙活,忄,7,15465,v,máng huo,"to be really busy,pressing business",1
忙碌,忄,5,6465,a,máng lù,busy; bustling,1
忙乱,忄,7,33607,a,máng luàn,rushed and muddled,1
盲目,目,7,6842,a,máng mù,"blind,blindly,ignorant,lacking understanding",1
盲人,目,6,11792,n,máng rén,blind person,1
茫茫,艹,7,13223,z,máng máng,"boundless,vast and obscure",1
茫然,艹,7,13636,a,máng rán,"blankly,vacantly,at a loss",1
猫,犭,1,1150,n,māo,"cat,(dialect) to hide oneself,(coll.) modem",1
毛,毛,3,1319,nr,Máo,surname Mao,2
毛笔,毛,5,37393,n,máo bǐ,writing brush,1
毛病,毛,5,4966,n,máo bìng,"fault,defect,shortcomings,ailment",1
毛巾,毛,4,6574,n,máo jīn,towel,1
毛衣,毛,4,5546,n,máo yī,(wool) sweater,1
矛盾,矛,5,2794,an,máo dùn,"contradiction,conflicting views,contradictory",1
矛头,矛,7,17616,n,máo tóu,"spearhead,barb,an attack or criticism",1
茅台,艹,7,12959,,Máo tái,"Maotai town in Renhuai county, Guizhou,Maotai liquor 茅台酒",1
茅台酒,艹,7,24755,,máo tái jiǔ,maotai (a Chinese liquor),1
茂密,艹,7,30360,a,mào mì,"dense (of plant growth),lush",1
茂盛,艹,7,28450,a,mào shèng,lush,1
冒,冂,6,2381,v,mào,old variant of 冒,3
冒充,冂,7,11187,v,mào chōng,"to feign,to pretend to be,to pass oneself off as",1
冒犯,冂,7,14861,v,mào fàn,to offend,1
冒昧,冂,7,24924,a,mào mèi,"bold,presumptuous,to take the liberty of",1
冒险,冂,6,3841,v,mào xiǎn,"to take risks,to take chances,foray,adventure",1
贸易,贝,6,4129,vn,mào yì,(commercial) trade,1
帽子,巾,4,3553,n,mào zi,"hat,cap,(fig.) label,bad name",1
没,氵,1,63,d,méi,(negative prefix for verbs) have not; not,2
没错,氵,4,5245,v,méi cuò,"that's right,sure!,rest assured!,that's good,can't go wrong",1
没法儿,氵,5,41071,l,méifǎr5,Can't,1
没关系,氵,1,3541,v,méi guān xi,it doesn't matter,1
没劲,氵,7,14775,a,méi jìn,"to have no strength,to feel weak,exhausted,feeling listless,boring,of no interest",1
没落,氵,7,21378,v,mò luò,"to decline,to wane",1
没什么,氵,1,1659,v,méi shén me,"nothing,it doesn't matter,it's nothing,never mind",1
没事儿,氵,1,11421,v,méi shì r,"to have spare time,free from work,it's not important,it's nothing,never mind",1
没收,氵,7,6509,v,mò shōu,"to confiscate,to seize",1
没说的,氵,7,54259,v,méi shuō de,"nothing to pick on,really good,nothing to discuss,settled matter,no problem",1
没完没了,氵,7,14136,v,méi wán méi liǎo,"without end,incessantly,on and on",1
没想到,氵,4,1000000,,méi xiǎng dào,didn't expect,1
没意思,氵,2,11321,a,méi yì si,"boring,of no interest",1
没用,氵,3,4841,v,méi yòng,useless,1
没有,氵,1,46,v,méi yǒu,"haven't,hasn't,doesn't exist,to not have,to not be",1
没辙,氵,7,26032,v,méi zhé,"at one's wit's end,unable to find a way out",1
没准儿,氵,7,55268,,méi zhǔn r,"erhua variant of 没准,not sure,maybe",1
枚,木,7,2591,q,Méi,surname Mei,2
玫瑰,王,5,3964,n,méi guī,"rugosa rose (shrub) (Rosa rugosa),rose flower",1
眉开眼笑,目,7,45283,,méi kāi yǎn xiào,"brows raised in delight, eyes laughing (idiom); beaming with joy,all smiles",1
眉毛,目,6,9070,n,méi mao,eyebrow,1
梅花,木,6,19695,n,méi huā,"plum blossom,clubs ♣ (a suit in card games),wintersweet (dialect)",1
媒介,女,7,15079,n,méi jiè,"intermediary,vehicle,vector,medium,media",1
媒体,女,5,1246,n,méi tǐ,"media, esp. news media",1
煤,火,6,8197,n,méi,coal,1
煤矿,火,7,9276,n,méi kuàng,"coal mine,coal seam",1
煤气,火,7,8803,n,méi qì,"coal gas,gas (fuel)",1
煤炭,火,7,16613,n,méi tàn,coal,1
每,母,2,340,r,měi,"each,every",1
每当,母,7,5867,p,měi dāng,whenever; every time,1
每逢,母,7,23571,v,měi féng,"every time,on each occasion,whenever",1
美,羊,4,343,b,Měi,"(bound form) the Americas (abbr. for 洲),(bound form) USA (abbr. for 美国)",2
美德,羊,7,12541,n,Měi Dé,USA and Germany,2
美观,羊,6,19793,a,měi guān,"pleasing to the eye,beautiful,artistic",1
美好,羊,4,1500,a,měi hǎo,"beautiful,fine",1
美化,羊,7,14334,v,měi huà,"to make more beautiful,to decorate,embellishment",1
美金,羊,4,5853,q,Měi jīn,"US dollar,USD",1
美景,羊,4,11213,n,měi jǐng,beautiful scenery,1
美丽,羊,4,1262,a,měi lì,beautiful,1
美满,羊,7,12203,a,měi mǎn,"happy,blissful",1
美妙,羊,7,5307,a,měi miào,"beautiful,wonderful,splendid",1
美女,羊,4,1982,n,měi nǚ,beautiful woman,1
美人,羊,7,6871,n,měi rén,"beauty,belle",1
美容,羊,7,6379,vn,měi róng,"to improve one's appearance (using cosmetics or cosmetic surgery),to make oneself more attractive,to beautify",1
美食,羊,4,6046,n,měi shí,"culinary delicacy,fine food,gourmet food",1
美术,羊,5,9170,n,měi shù,"art,fine arts,painting",1
美味,羊,5,4278,n,měi wèi,"delicious,delicious food,delicacy",1
美元,羊,3,516,q,Měi yuán,"American dollar,US dollar",1
美中不足,羊,7,33676,l,měi zhōng bù zú,everything is fine except for one small defect (idiom); the fly in the ointment,1
美滋滋,羊,7,54509,z,měi zī zī,very happy; elated,1
妹,女,1,2496,n,mèi,younger sister,1
妹妹,女,1,2093,n,mèi mei,"younger sister,young woman",1
魅力,鬼,5,2677,n,mèi lì,"charm,fascination,glamor,charisma",1
门,门,2,422,n,Mén,surname Men,2
门当户对,门,7,43397,v,mén dāng hù duì,"the families are well-matched in terms of social status (idiom),(of a prospective marriage partner) an appropriate match",1
门槛,门,7,11962,n,mén kǎn,"doorstep,sill,threshold,fig. knack or trick (esp. scheme to get sth cheaper)",1
门口,门,2,2762,s,mén kǒu,"doorway,gate",1
门铃,门,7,19371,n,mén líng,doorbell,1
门路,门,7,18772,n,mén lù,"way of doing sth,the right social connection",1
门票,门,2,5140,n,mén piào,"ticket (for theater, cinema etc)",1
门诊,门,5,9195,n,mén zhěn,outpatient service,1
闷,门,7,5112,v,mēn,"stuffy,shut indoors,to smother,to cover tightly",2
们,亻,1,457,k,men,"plural marker for pronouns, and nouns referring to individuals",1
萌发,艹,7,34285,v,méng fā,"to sprout,to shoot,to bud",1
萌芽,艹,7,20071,vn,méng yá,"to sprout (lit. or fig.),to bud,to germinate,germ,seed,bud",1
盟友,皿,7,13164,n,méng yǒu,ally,1
蒙,艹,7,2993,v,méng,"drizzle,mist",7
朦胧,月,7,14629,a,méng lóng,"(literary) (of moonlight) dim,(literary) murky; indistinct",1
猛,犭,7,3398,a,měng,"ferocious,fierce,violent,brave,suddenly,abrupt,(slang) awesome",1
猛烈,犭,7,9642,a,měng liè,fierce; violent; vigorous; intense,1
猛然,犭,7,20301,d,měng rán,"suddenly,abruptly",1
梦,木,4,913,n,mèng,"dream,(bound form) to dream",1
梦幻,木,7,6553,n,mèng huàn,"dream,illusion,reverie",1
梦见,木,4,7312,v,mèng jiàn,"to dream about (sth or sb),to see in a dream",1
梦想,木,4,1446,n,mèng xiǎng,"(fig.) to dream of,dream",1
眯,目,7,14561,v,mí,"to blind (as with dust),Taiwan pr. [mǐ]",2
弥补,弓,6,4555,v,mí bǔ,"to complement,to make up for a deficiency",1
弥漫,弓,7,11532,v,mí màn,"to pervade,to fill the air,diffuse,everywhere present,about to inundate (water),permeated by (smoke),filled with (dust)",2
迷,辶,5,2123,v,mí,"to bewilder,crazy about,fan,enthusiast,lost,confused",1
迷惑,辶,7,8585,v,mí huo,"to puzzle,to confuse,to baffle",1
迷惑不解,辶,7,49559,v,mí huò bù jiě,to feel puzzled,1
迷恋,辶,7,9387,v,mí liàn,"to be infatuated with,to be enchanted by,to be passionate about",1
迷路,辶,5,8871,v,mí lù,"to lose the way,lost,labyrinth,labyrinthus vestibularis (of the inner ear)",1
迷人,辶,6,4430,a,mí rén,"fascinating,enchanting,charming,tempting",1
迷失,辶,7,7005,v,mí shī,"to lose (one's bearings),to get lost",1
迷信,辶,7,9691,v,mí xìn,"superstition,to have a superstitious belief (in sth)",1
谜,讠,7,6848,n,mèi,"see 谜儿, riddle",2
谜底,讠,7,19958,n,mí dǐ,answer to a riddle,1
谜团,讠,7,19898,n,mí tuán,"riddle,enigma,unpredictable situation,elusive matters",1
谜语,讠,7,25753,n,mí yǔ,"riddle,conundrum",1
米,米,3,663,n,Mǐ,surname Mi,2
米饭,米,1,10194,n,mǐ fàn,(cooked) rice,1
秘方,禾,7,13705,n,mì fāng,secret recipe,1
秘诀,禾,7,10144,n,mì jué,"secret know-how,key (to longevity),secret (of happiness),recipe (for success)",1
秘密,禾,5,1577,n,mì mì,"secret; private; confidential; clandestine,a secret",1
秘书,禾,5,4599,n,mì shū,secretary,1
秘书长,禾,6,11446,n,mì shū zhǎng,secretary-general,1
密,宀,6,3591,a,Mì,"surname Mi,name of an ancient state",2
密不可分,宀,7,27738,v,mì bù kě fēn,"inextricably linked (idiom),inseparable",1
密度,宀,6,8534,n,mì dù,"density,thickness",1
密封,宀,7,9769,vn,mì fēng,to seal up,1
密集,宀,6,11504,a,mì jí,"concentrated,crowded together,intensive,compressed",1
密码,宀,4,3133,n,mì mǎ,"cipher; secret code,password; PIN",1
密切,宀,5,5024,ad,mì qiè,"close,familiar,intimate,closely (related),to foster close ties,to pay close attention",1
蜜,虫,7,4961,n,mì,honey,1
蜜蜂,虫,6,8143,n,mì fēng,"bee,honeybee",1
蜜月,虫,7,12555,n,mì yuè,honeymoon,1
棉,木,6,5317,g,mián,"generic term for cotton or kapok,cotton,padded or quilted with cotton",1
棉花,木,7,6129,n,mián hua,cotton,1
免,儿,6,3929,v,miǎn,"to excuse sb,to exempt,to remove or dismiss from office,to avoid,to avert,to escape,to be prohibited",2
免不了,儿,7,20777,v,miǎn bù liǎo,"unavoidable,can't be avoided",1
免除,儿,7,14058,v,miǎn chú,"to prevent,to avoid,to excuse,to exempt,to relieve,(of a debt) to remit",1
免得,儿,7,9217,v,miǎn de,so as not to; so as to avoid,1
免费,儿,4,1416,v,miǎn fèi,free (of charge),1
免疫,儿,6,4704,vn,miǎn yì,immunity (to disease),1
免职,儿,7,25860,v,miǎn zhí,"to relieve sb of his post,to sack,to demote,dismissal,sacking",1
勉励,力,7,37429,v,miǎn lì,to encourage,1
勉强,力,6,6178,ad,miǎn qiǎng,"to do with difficulty,to force sb to do sth,reluctant,barely enough",1
缅怀,纟,7,16462,v,miǎn huái,"to commemorate,to recall fondly,to think of the past",1
面,面,2,604,n,miàn,"face,side,surface,aspect,top,classifier for objects with flat surfaces such as drums, mirrors, flags etc",3
面包,面,1,4138,n,miàn bāo,bread,1
面部,面,6,6606,n,miàn bù,face (body part),1
面对,面,4,973,v,miàn duì,to face; to confront,1
面对面,面,6,8105,l,miàn duì miàn,face to face,1
面粉,面,6,11363,n,miàn fěn,flour,1
面红耳赤,面,7,42692,l,miàn hóng ěr chì,flushed with anger (or excitement),1
面积,面,5,6252,n,miàn jī,"area (of a floor, piece of land etc),surface area,tract of land",1
面临,面,5,2363,v,miàn lín,to face sth; to be confronted with,1
面貌,面,7,12053,n,miàn mào,"face; features,appearance; look",1
面面俱到,面,7,31752,v,miàn miàn jù dào,(idiom) take care of everything; handle everything,1
面目全非,面,7,20409,l,miàn mù quán fēi,nothing remains the same (idiom); change beyond recognition,1
面前,面,3,948,f,miàn qián,"in front of,facing,(in the) presence (of)",1
面试,面,4,4005,v,miàn shì,"to be interviewed (as a candidate),interview",1
面条,面,3,8961,n,miàn tiáo,noodles,1
面条儿,面,1,1000000,,miàn tiáo r,"erhua variant of 面条,noodles",1
面向,面,5,7350,v,miàn xiàng,"to face,to turn towards,to incline to,geared towards,catering for,-oriented,facial feature,appearance,aspect,facet",1
面子,面,6,5831,n,miàn zi,"outer surface; the outside of sth,social prestige; face",2
苗,艹,7,10956,n,Miáo,"Hmong or Miao ethnic group of southwest China,surname Miao",2
苗条,艹,7,14328,a,miáo tiao,"(of a woman) slim,slender,graceful",1
苗头,艹,7,23988,n,miáo tou,"first signs,development (of a situation)",1
描绘,扌,6,9367,v,miáo huì,"to describe,to portray",1
描述,扌,5,3196,v,miáo shù,"to describe,description",1
描写,扌,6,9246,v,miáo xiě,"to describe,to depict,to portray,description",1
瞄准,目,7,6229,v,miáo zhǔn,"to take aim at,to target",1
秒,禾,4,1034,t,miǎo,"second (unit of time),arc second (angular measurement unit),(coll.) instantly",1
渺小,氵,7,14611,a,miǎo xiǎo,"minute,tiny,negligible,insignificant",1
妙,女,6,4292,a,miào,"clever,wonderful",2
庙,广,7,10174,n,miào,"temple,ancestral shrine,temple fair,great imperial hall,imperial",1
庙会,广,7,24933,n,miào huì,temple fair,1
灭,火,6,4065,v,miè,"to extinguish or put out,to go out (of a fire etc),to exterminate or wipe out,to drown",1
灭绝,火,7,12237,v,miè jué,"to become extinct; to die out,to lose (sth abstract) completely,to exterminate",1
灭亡,火,7,11523,v,miè wáng,"to be destroyed,to become extinct,to perish,to die out,to destroy,to exterminate",1
蔑视,艹,7,18227,v,miè shì,"to loathe,to despise,contempt",1
民办,民,7,7359,,mín bàn,"run by the local people,privately operated",1
民歌,民,6,18474,n,mín gē,folk song,1
民工,民,6,18297,n,mín gōng,migrant worker (who moved from a rural area of China to a city to find work),1
民间,民,6,7015,n,mín jiān,"among the people,popular,folk,non-governmental,involving people rather than governments",1
民警,民,6,26049,n,mín jǐng,"civil police,PRC police,abbr. for 人民警察",1
民俗,民,6,24358,n,mín sú,popular custom,1
民意,民,7,14044,n,mín yì,"public opinion,popular will,public will",1
民用,民,7,14041,b,mín yòng,(for) civilian use,1
民众,民,6,4219,n,mín zhòng,the populace; the masses; the common people,1
民主,民,6,3363,a,mín zhǔ,democracy,1
民族,民,4,3724,n,mín zú,nationality; ethnic group,1
敏感,攵,5,3233,a,mǐn gǎn,"sensitive,susceptible",1
敏捷,攵,7,13225,a,mǐn jié,"nimble,quick,shrewd",1
敏锐,攵,7,9945,a,mǐn ruì,keen; sharp; acute,1
名,口,2,234,q,míng,"name,noun (part of speech),place (e.g. among winners),famous,classifier for people",1
名称,口,5,6563,n,míng chēng,"name (of a thing),name (of an organization)",1
名次,口,7,18029,n,míng cì,"position in a ranking of names,place,rank",1
名单,口,3,2125,n,míng dān,list of names,1
名额,口,6,10248,n,míng é,"quota,number of places,place (in an institution, a group etc)",1
名副其实,口,7,13990,v,míng fù qí shí,"not just in name only, but also in reality (idiom),aptly named,worthy of the name",1
名贵,口,7,20646,a,míng guì,"famous and valuable,rare,precious",1
名利,口,7,19661,n,míng lì,fame and profit,1
名牌,口,5,6602,n,míng pái,"famous brand,nameplate,name tag",1
名牌儿,口,4,1000000,,míngpáir5,Famous brand,1
名片,口,5,6747,n,míng piàn,(business) card,1
名气,口,6,11088,n,míng qì,reputation; fame,1
名人,口,3,3879,n,míng rén,"personage,celebrity",1
名声,口,7,8064,n,míng shēng,reputation,1
名胜,口,6,29771,n,míng shèng,"a place famous for its scenery or historical relics,scenic spot",1
名言,口,7,13296,n,míng yán,"saying,famous remark",1
名义,口,7,4447,n,míng yì,"name,titular,nominal,in name,ostensible purpose",1
名誉,口,7,7798,n,míng yù,"fame,reputation,honor,honorary,emeritus (of retired professor)",1
名著,口,7,16615,,míng zhù,masterpiece,1
名字,口,1,829,n,míng zi,name (of a person or thing),1
明白,日,3,676,v,míng bai,"clear,obvious,unequivocal,to understand,to realize",1
明朗,日,7,12931,a,míng lǎng,"bright,clear,obvious,forthright,open-minded,bright and cheerful",1
明亮,日,6,9553,a,míng liàng,"bright,shining,glittering,to become clear",1
明媚,日,7,14686,a,míng mèi,bright and beautiful,1
明明,日,6,3970,d,míng míng,"obviously,plainly,undoubtedly,definitely",1
明年,日,1,2487,t,míng nián,next year,1
明确,日,5,2369,a,míng què,"clear-cut; definite; explicit,to clarify; to specify; to make definite",1
明日,日,6,8959,t,míng rì,tomorrow,1
明天,日,1,469,t,míng tiān,tomorrow,1
明显,日,5,710,a,míng xiǎn,"clear,distinct,obvious",1
明信片,日,5,10428,n,míng xìn piàn,postcard,1
明星,日,5,1452,n,míng xīng,star; celebrity,1
明智,日,7,7721,a,míng zhì,"sensible,wise,judicious,sagacious",1
铭记,钅,7,12942,v,míng jì,to engrave in one's memory,1
命,口,5,1484,n,mìng,"life,fate,order or command,to assign a name, title etc",1
命令,口,6,2305,n,mìng lìng,"order,command",1
命名,口,6,5608,v,mìng míng,"to give a name to,to dub,to christen,to designate,named after,naming",1
命题,口,7,17947,n,mìng tí,"proposition (logic, math.),to assign an essay topic",1
命运,口,5,2268,n,mìng yùn,fate; destiny,1
摸,扌,5,2716,v,mō,"to feel with the hand,to touch,to stroke,to grope,to steal,to abstract",2
摸索,扌,7,14094,v,mō suo,"to feel about,to grope about,to fumble,to do things slowly",1
模范,木,7,7612,n,mó fàn,"model,fine example",1
模仿,木,6,4669,v,mó fǎng,"to imitate,to copy,to emulate,to mimic,model",1
模糊,木,5,5378,a,mó hu,"vague,indistinct,fuzzy",1
模拟,木,6,5259,vn,mó nǐ,"imitation,to simulate,to imitate,analog (device, as opposed to digital)",1
模式,木,5,2502,n,mó shì,"mode,method,pattern",1
模特儿,木,6,29610,,mó tè r,(fashion) model (loanword),1
模型,木,6,3453,n,mó xíng,"model,mold,matrix,pattern",1
模样,木,6,5384,n,mú yàng,"look,style,appearance,approximation,about,also pr. [mó yàng]",1
膜,⺼,7,4209,n,mó,"membrane,film",1
摩擦,手,7,8215,vn,mó cā,"friction,rubbing,chafing,fig. disharmony,conflict,also written 磨擦",1
摩托,手,5,9464,n,mó tuō,"motor (loanword),motorbike",1
摩托车,手,6,4123,n,mó tuō chē,(loanword) motorbike; motorcycle,1
磨,石,7,4671,v,mó,"to rub,to grind,to polish,to sharpen,to wear down,to die out,to waste time,to pester,to insist",2
磨合,石,7,22505,v,mó hé,"to break in,to wear in",1
磨难,石,7,15243,n,mó nàn,"a torment,a trial,tribulation,a cross (to bear),well-tried",1
磨损,石,7,13479,v,mó sǔn,to suffer wear and tear; to deteriorate through use; to wear out,1
蘑菇,艹,7,8557,n,mó gu,"mushroom,to pester,to dawdle",1
魔鬼,鬼,7,5671,n,mó guǐ,devil,1
魔术,鬼,7,6559,n,mó shù,magic,1
抹,扌,7,4600,v,mā,to wipe,3
抹杀,扌,7,23195,v,mǒ shā,"to erase,to cover traces,to obliterate evidence,to expunge,to blot out,to suppress",1
末,木,4,3736,f,mò,"tip,end,final stage,latter part,inessential detail,powder,dust,opera role of old man",1
末日,木,7,8466,n,Mò rì,Judgment Day (in Christian eschatology),2
陌生,阝,5,4488,a,mò shēng,"strange,unfamiliar",1
莫非,艹,7,11365,d,mò fēi,"can it be possible that,could it be",1
莫过于,艹,7,13810,v,mò guò yú,nothing can surpass,1
莫名其妙,艹,7,7558,l,mò míng qí miào,(idiom) baffling; bizarre; without rhyme or reason; inexplicable,1
漠然,氵,7,37792,z,mò rán,"indifferent,apathetic,cold",1
墨,土,7,7266,n,Mò,"surname Mo,abbr. for 哥, Mexico",2
墨水,土,7,15475,n,mò shuǐ,ink,1
墨水儿,土,6,1000000,,mò shuǐ r,"erhua variant of 墨水,ink",1
默读,黑,7,77415,v,mò dú,to read in silence,1
默默,黑,6,7639,d,mò mò,in silence; not speaking,1
默默无闻,黑,7,20335,v,mò mò wú wén,"obscure and unknown (idiom); an outsider without any reputation,a nobody,an unknown quantity",1
默契,黑,7,7377,a,mò qì,"tacit understanding,mutual understanding,rapport,connected at a deep level with each other",1
谋害,讠,7,31751,v,móu hài,"to conspire to murder,to plot against sb's life",1
谋求,讠,7,20764,v,móu qiú,to seek; to strive for,1
谋生,讠,7,13978,v,móu shēng,"to seek one's livelihood,to work to support oneself,to earn a living",1
某,木,5,913,r,mǒu,"some,a certain,sb or sth indefinite,such-and-such",1
母,母,6,2351,b,mǔ,"mother,elderly female relative,origin,source,(of animals) female",1
母鸡,母,6,16985,n,mǔ jī,"hen,don't know (humorous slang mimicking Cantonese 唔知, Jyutping: m4 zi1)",1
母女,母,4,12255,n,mǔ nǚ,"mother and daughter,mother-daughter",1
母亲,母,4,983,n,mǔ qīn,"mother,also pr. [mǔ qin]",1
母语,母,6,22744,n,mǔ yǔ,"native language,mother tongue,(linguistics) parent language",1
母子,母,4,13327,n,mǔ zǐ,"mother and child,parent and subsidiary (companies),principal and interest",1
亩,亠,7,9626,q,mǔ,old variant of 亩,4
牡丹,牛,7,19467,n,Mǔ dan,"Mudan District of Heze City 菏泽市, Shandong,Mutan township in Pingtung County 屏东县, Taiwan",2
木板,木,7,11542,n,mù bǎn,"slab,board,plank",1
木材,木,6,10374,n,mù cái,wood,1
木匠,木,7,21260,n,mù jiàng,carpenter,1
木偶,木,7,13694,n,mù ǒu,puppet,1
木头,木,5,8812,n,mù tou,"slow-witted,blockhead,log (of wood, timber etc)",1
目标,目,4,657,n,mù biāo,"target,goal,objective",1
目不转睛,目,7,27819,l,mù bù zhuǎn jīng,"unable to take one's eyes off (idiom); to gaze steadily,to stare",1
目的,目,4,1260,n,mù dì,purpose; aim; goal; target; objective,1
目的地,目,4,7131,n,mù dì dì,destination (location),1
目瞪口呆,目,7,19310,l,mù dèng kǒu dāi,"dumbstruck (idiom); stupefied,stunned",1
目睹,目,7,7713,v,mù dǔ,"to witness,to see at first hand,to see with one's own eyes",1
目光,目,5,4325,n,mù guāng,"gaze; (fig.) attention,expression in one's eyes; look,(lit. and fig.) sight; vision",1
目录,目,6,7441,n,mù lù,"catalog,table of contents,directory (on computer hard drive),list,contents",1
目前,目,4,603,t,mù qián,"at the present time,currently",1
目中无人,目,7,32144,v,mù zhōng wú rén,"to consider everyone else beneath one (idiom); so arrogant that no-one else matters,condescending",1
沐浴,氵,7,10793,v,mù yù,"to take a bath,to bathe,to immerse",1
沐浴露,氵,7,1000000,,mù yù lù,shower gel,1
牧场,牛,7,13472,n,mù chǎng,"pasture,grazing land,ranch",1
牧民,牛,7,29102,n,mù mín,herdsman,1
募捐,力,7,11761,vn,mù juān,to solicit contributions; to collect donations,1
墓,土,7,6465,n,mù,"grave,tomb,mausoleum",1
墓碑,土,7,17027,n,mù bēi,"gravestone,tombstone",1
墓地,土,7,10470,n,mù dì,"cemetery,graveyard",1
幕,巾,7,3319,q,mù,"curtain or screen,canopy or tent,headquarters of a general,act (of a play)",2
幕后,巾,7,6794,s,mù hòu,behind the scenes,1
穆斯林,禾,7,8893,nz,Mù sī lín,Muslim,1
嗯,口,4,1390,e,ēn,(a groaning sound),3
拿,手,2,287,v,ná,old variant of 拿,3
拿出,手,2,14568,v,ná chū,"to take out,to put out,to provide,to put forward (a proposal),to come up with (evidence)",1
拿到,手,2,4622,v,ná dào,"to get,to obtain",1
拿手,手,7,11750,a,ná shǒu,"expert in,good at",1
拿走,手,6,6449,v,ná zǒu,to take away,1
哪,口,1,547,r,nǎ,"how,which",4
哪儿,口,1,2534,r,nǎ r,"where?,wherever; anywhere; somewhere,(used in rhetorical questions) how can ...?; how could ...?",1
哪里,口,1,750,r,nǎ lǐ,"where?,somewhere,anywhere,wherever,nowhere (negative answer to question),humble expression denying compliment",2
哪怕,口,5,4106,c,nǎ pà,"even,even if,even though,no matter how",1
哪些,口,1,3741,r,nǎ xiē,"which ones?,who?,what?",1
哪知道,口,7,1000000,,nǎ zhī dào,who would have thought that ...?,1
那,阝,1,48,r,Nā,surname Na,5
那边,阝,1,2415,r,nà bian,"over there,yonder",1
那儿,阝,1,3421,r,nà r,there,1
那会儿,阝,2,15502,r,nà huì r,"at that time (in the past or the future),also pr. [nèi huì r]",1
那里,阝,1,770,r,nà li,there; that place,2
那么,阝,2,164,r,nà me,"like that,in that way,or so,so,so very much,about,in that case",1
那时,阝,2,1980,r,nà shí,"then,at that time,in those days",1
那时候,阝,2,1000000,,nà shí hou,at that time,1
那些,阝,1,326,r,nà xiē,those,1
那样,阝,2,756,r,nà yàng,"that kind,that sort",1
纳闷儿,纟,7,77711,,nà mèn r,"erhua variant of 纳闷,puzzled,bewildered",1
纳入,纟,7,10921,v,nà rù,"to bring into,to channel into,to integrate into,to incorporate",1
纳税,纟,7,10358,v,nà shuì,to pay taxes,1
纳税人,纟,7,10351,n,nà shuì rén,taxpayer,1
乃,丿,7,5811,v,nǎi,"to be,thus,so,therefore,then,only,thereupon",2
乃至,丿,7,15251,c,nǎi zhì,"and even,to go so far as to",1
奶,女,1,2758,n,nǎi,"breast,milk,to breastfeed",3
奶茶,女,2,20075,n,nǎi chá,milk tea,1
奶粉,女,6,15404,n,nǎi fěn,powdered milk,1
奶奶,女,2,2809,n,nǎi nai,"(informal) grandma (paternal grandmother),(respectful) mistress of the house,(coll.) boobies,breasts",1
奶牛,女,6,9736,n,nǎi niú,"milk cow,dairy cow",1
耐,而,7,5195,v,nài,(bound form) to bear; to endure; to withstand,1
耐人寻味,而,7,30346,v,nài rén xún wèi,"thought-provoking,worth thinking over,to provide food for thought",1
耐心,而,4,3844,a,nài xīn,"to be patient,patience",1
耐性,而,7,20357,n,nài xìng,patience,1
耐用,而,7,26052,a,nài yòng,durable,1
男,田,1,587,b,nán,"male,Baron, lowest of five orders of nobility 位",1
男孩儿,田,2,1000000,,nán hái r,"erhua variant of 男孩,boy",1
男女,田,4,4429,n,nán nǚ,"male-female,male and female",1
男朋友,田,1,3176,n,nán péng you,boyfriend,1
男人,田,3,415,n,nán rén,"a man,a male,men",1
男生,田,3,2784,n,nán shēng,"schoolboy,male student,boy,guy (young adult male)",1
男士,田,4,5551,n,nán shì,"man,gentleman",1
男性,田,4,2918,n,nán xìng,"the male sex,a male",1
男子,田,5,2377,n,nán zǐ,a man; a male,1
南,十,3,1709,b,Nán,surname Nan,2
南北,十,5,11763,f,nán běi,"north and south,north to south",1
南边,十,1,17587,f,nán bian,"south,south side,southern part,to the south of",1
南部,十,4,4773,f,nán bù,southern part,1
南方,十,3,3191,s,nán fāng,"south,the southern part of the country,the South",1
南瓜,十,7,9076,n,nán guā,pumpkin,1
南极,十,5,12056,ns,nán jí,south pole,1
难,又,3,544,ad,nán,"difficult (to...),problem,difficulty,difficult,not good",2
难处,又,7,20936,n,nán chu,trouble; difficulty; problem,1
难道,又,4,1147,d,nán dào,"don't tell me ...,could it be that...?",1
难得,又,5,5125,a,nán dé,"seldom,rare,hard to come by",1
难得一见,又,7,1000000,,nán dé yī jiàn,rarely seen,1
难点,又,6,21905,n,nán diǎn,difficulty,1
难度,又,5,4295,n,nán dù,degree of difficulty,1
难怪,又,7,5294,d,nán guài,"(it's) no wonder (that...),(it's) not surprising (that)",1
难关,又,7,11461,n,nán guān,"difficulty,crisis",1
难过,又,3,2714,a,nán guò,"to feel sad,to feel unwell,(of life) to be difficult",1
难堪,又,7,10347,a,nán kān,"hard to take,embarrassed",1
难看,又,3,11156,a,nán kàn,"ugly,unsightly",1
难免,又,6,8428,v,nán miǎn,"hard to avoid,difficult to escape from,will inevitably",1
难能可贵,又,7,32815,v,nán néng kě guì,"rare and precious,valuable,remarkable",1
难受,又,4,3699,a,nán shòu,"to feel unwell,to suffer pain,to be difficult to bear",1
难说,又,7,22659,v,nán shuō,"hard to tell (i.e. hard to judge or hard to predict),cannot bring oneself to say it",1
难题,又,3,5922,n,nán tí,difficult problem,1
难听,又,3,17675,a,nán tīng,"unpleasant to hear,coarse,vulgar,offensive,shameful",1
难忘,又,4,5648,a,nán wàng,unforgettable,1
难为情,又,7,22432,a,nán wéi qíng,embarrassed,1
难以,又,5,1716,d,nán yǐ,"hard to (predict, imagine etc)",1
难以想象,又,7,1000000,,nányǐxiǎngxiàng,Unimaginable,1
难以置信,又,7,9559,v,nán yǐ zhì xìn,"hard to believe,incredible",1
挠,扌,7,8880,v,náo,"to scratch,to thwart,to yield",1
恼火,忄,7,12898,a,nǎo huǒ,annoyed; riled; vexed,1
恼羞成怒,忄,7,29606,v,nǎo xiū chéng nù,"to fly into a rage out of humiliation,to be ashamed into anger (idiom)",1
脑袋,⺼,6,2736,n,nǎo dai,"head,skull,brains,mental capability",1
脑海,⺼,7,6229,n,nǎo hǎi,"the mind,the brain",1
脑筋,⺼,7,12845,n,nǎo jīn,"brains,mind,head,way of thinking",1
脑子,⺼,6,3025,n,nǎo zi,"brains,mind",1
闹,门,5,2160,v,nào,variant of 闹,2
闹事,门,7,15630,v,nào shì,"to cause trouble,to create a disturbance",1
闹着玩儿,门,7,117710,,nào zhe wán r,"to play games,to joke around,to play a joke on sb",1
闹钟,门,5,9357,n,nào zhōng,alarm clock,1
呐喊,口,7,13843,v,nà hǎn,"shout,rallying cry,cheering,to shout",1
呢,口,1,96,y,ne,"particle indicating that a previously asked question is to be applied to the preceding word (""What about ...?""",2
内,入,4,319,f,nèi,"inside,inner,internal,within,interior",1
内部,入,5,1865,f,nèi bù,"interior,inside (part, section),internal",1
内存,入,7,12710,n,nèi cún,"internal storage,computer memory,random access memory (RAM)",1
内地,入,7,16557,s,Nèi dì,"mainland China (PRC excluding Hong Kong and Macau, but including islands such as Hainan)",2
内阁,入,7,8251,n,nèi gé,(government) cabinet,1
内涵,入,6,8756,n,nèi hán,"meaningful content,implication,connotation (semantics),inner qualities (of a person)",1
内科,入,6,13792,n,nèi kē,internal medicine; general medicine,1
内幕,入,7,10165,n,nèi mù,"inside story,non-public information,behind the scenes,internal",1
内容,入,4,1246,n,nèi róng,"content,substance,details",1
内外,入,6,14977,f,nèi wài,"inside and outside,domestic and foreign,approximately,about",1
内向,入,7,26068,a,nèi xiàng,"reserved (personality),introverted,(economics etc) domestic-oriented",1
内心,入,4,1974,n,nèi xīn,"heart; innermost being,(math.) incenter",1
内行,入,7,23722,n,nèi háng,"expert,adept,experienced,an expert,a professional",1
内需,入,7,59477,n,nèi xū,domestic demand,1
内衣,入,6,4676,n,nèi yī,"undergarment,underwear",1
内在,入,7,6428,b,nèi zài,"inner,internal,intrinsic,innate",1
嫩,女,7,6514,a,nèn,"young and tender,(of food) tender; lightly cooked,(of color) light,(of a person) inexperienced; unskilled",2
能,⺼,1,46,v,Néng,surname Neng,2
能不能,⺼,3,3153,,néng bùnéng,Can you,1
能否,⺼,4,2376,v,néng fǒu,"whether or not,can it or can't it,is it possible?",1
能干,⺼,5,15736,a,néng gàn,"capable,competent",1
能够,⺼,4,481,v,néng gòu,"to be capable of,to be able to,can",1
能耗,⺼,7,38570,n,néng hào,energy consumption,1
能力,⺼,4,534,n,néng lì,"capability,ability",1
能量,⺼,6,2787,n,néng liàng,"energy,capabilities",1
能耐,⺼,7,14111,n,néng nài,"ability,capability",1
能人,⺼,7,21063,n,néng rén,"capable person,Homo habilis, extinct species of upright East African hominid",1
能源,⺼,6,3465,n,néng yuán,"energy,power source",1
尼龙,尸,7,23052,n,ní lóng,nylon (loanword),1
泥,氵,6,4211,n,ní,"mud,clay,paste,pulp",2
泥潭,氵,7,22435,n,ní tán,quagmire,1
泥土,氵,7,10271,n,ní tǔ,earth; soil; mud; clay,1
你,亻,1,5,r,nǐ,"you (informal, as opposed to courteous 您)",2
你们,亻,1,127,r,nǐ men,you (plural),1
拟,扌,7,10399,v,nǐ,"doubtful,suspicious,variant of 拟,to emulate,to imitate",2
拟定,扌,7,19304,v,nǐ dìng,"to draw up,to draft,to formulate",1
逆,辶,7,9088,g,nì,"contrary,opposite,backwards,to go against,to oppose,to betray,to rebel",1
匿名,匸,7,12030,vn,nì míng,anonymous,1
年,干,1,79,qt,Nián,surname Nian,3
年初,干,5,18414,t,nián chū,beginning of the year,1
年代,干,5,1430,n,nián dài,"a decade of a century (e.g. the Sixties),age,era,period",1
年底,干,4,12203,t,nián dǐ,"the end of the year,year-end",1
年度,干,6,3572,n,nián dù,"year (e.g. school year, fiscal year),annual",1
年画,干,7,30151,,nián huà,New Year (Spring Festival) picture,1
年级,干,3,7644,n,nián jí,"grade,year (in school, college etc)",1
年纪,干,5,3247,n,nián jì,age,1
年龄,干,4,2013,n,nián líng,(a person's) age,1
年迈,干,7,23794,z,nián mài,"old,aged",1
年前,干,5,17615,t,nián qián,"by the end of the year,at the end of the year; shortly before New Year",1
年轻,干,3,1100,a,nián qīng,young,1
年限,干,7,23094,n,nián xiàn,"age limit,fixed number of years",1
年薪,干,7,15631,n,nián xīn,annual salary,1
年夜饭,干,5,13754,,nián yè fàn,New Year's Eve family dinner,1
年终,干,6,17158,t,nián zhōng,end of the year,1
黏,黍,7,14914,a,nián,"sticky,glutinous,(Tw) to adhere,to stick on,to glue",1
念,心,5,2410,v,niàn,"variant of 念, to read aloud",2
念念不忘,心,7,16511,v,niàn niàn bù wàng,to keep in mind constantly (idiom),1
念书,心,6,15989,v,niàn shū,"to read,to study",1
念头,心,7,5858,n,niàn tou,thought; idea; intention,1
酿造,酉,7,25051,vn,niàng zào,"to brew,to make (wine, vinegar, soybean paste etc) by fermentation",1
娘,女,7,2131,n,niáng,"mother,young lady,(coll.) effeminate",2
鸟,鸟,2,1593,n,diǎo,"variant of 屌,penis",2
鸟巢,鸟,7,23612,n,niǎo cháo,"bird's nest,nickname for Beijing 2008 Olympic stadium",1
尿,尸,7,2899,n,niào,"to urinate,urine",2
捏,扌,7,4857,v,niē,"to hold between the thumb and fingers,to pinch,to mold (using the fingers),to hold (lit. in one's hand and fig.)",2
您,心,1,357,r,nín,"you (courteous, as opposed to informal 你)",1
宁静,宀,7,7092,a,níng jìng,"tranquil,tranquility,serenity",1
宁可,宀,7,8234,d,nìng kě,"preferably,one would prefer to...(or not to...),would rather,(would) be better to,(to pick) the lesser of two evils",1
宁肯,宀,6,35373,d,nìng kěn,"would rather...,it would be better...,would prefer",1
宁愿,宀,7,4690,d,nìng yuàn,would rather ... (than ...),1
拧,扌,7,7556,v,níng,"to pinch,wring",3
凝固,冫,7,13476,v,níng gù,"to freeze,to solidify,to congeal,fig. with rapt attention",1
凝聚,冫,7,12032,v,níng jù,"to condense,to coagulate,coacervation (i.e. form tiny droplets),aggregation,coherent",1
凝视,冫,7,13685,v,níng shì,"to gaze at,to fix one's eyes on",1
牛,牛,3,1148,n,Niú,surname Niu,2
牛奶,牛,1,2986,n,niú nǎi,cow's milk,1
牛仔裤,牛,5,7666,n,niú zǎi kù,jeans,1
扭,扌,6,4948,v,niǔ,"to turn,to twist,to wring,to sprain,to swing one's hips",1
扭曲,扌,7,7352,v,niǔ qū,"to twist,to warp,to distort",1
扭头,扌,7,21398,v,niǔ tóu,"to turn one's head,to turn around",1
扭转,扌,7,8733,v,niǔ zhuǎn,"to reverse,to turn around (an undesirable situation),(mechanics) torsion",1
纽带,纟,7,14312,n,niǔ dài,"tie,link,bond",1
纽扣,纟,7,17672,n,niǔ kòu,button,1
纽扣儿,纟,6,1000000,,niǔ kòu er,"button,erhua variant of 纽扣",1
农产品,冖,6,17202,n,nóng chǎn pǐn,agricultural produce,1
农场,冖,7,5660,n,nóng chǎng,farm,1
农村,冖,4,8305,n,nóng cūn,"rural area,village",1
农历,冖,7,35140,n,nóng lì,"the traditional Chinese calendar,the lunar calendar",1
农民,冖,5,3710,n,nóng mín,"peasant,farmer",1
农民工,冖,7,38309,n,nóng mín gōng,migrant worker (who moved from a rural area of China to a city to find work),1
农业,冖,5,6155,n,nóng yè,"agriculture,farming",1
农作物,冖,7,15603,n,nóng zuò wù,(farm) crops,1
浓,氵,5,4948,a,nóng,"concentrated,dense,strong (smell etc)",1
浓厚,氵,6,17664,a,nóng hòu,"dense,thick (fog, clouds etc),to have a strong interest in,deep,fully saturated (color)",1
浓缩,氵,7,10610,v,nóng suō,"to concentrate (a liquid),concentration,espresso coffee,abbr. for 意式浓缩咖啡",1
浓郁,氵,7,20892,a,nóng yù,"rich,strong,heavy (fragrance),dense,full-bodied,intense",1
浓重,氵,7,28270,a,nóng zhòng,"dense,thick,strong,rich (colors),heavy (aroma),deep (friendship),profound (effect)",1
弄,廾,4,952,v,lòng,"lane,alley",4
弄虚作假,廾,7,29962,v,nòng xū zuò jiǎ,to practice fraud (idiom); by trickery,1
奴隶,女,7,7456,n,nú lì,slave,1
努力,力,3,505,ad,nǔ lì,"to make an effort; to try hard; to strive,hard-working; conscientious",1
女,女,1,368,b,nǚ,"female,woman,daughter",2
女儿,女,1,879,n,nǚ ér,daughter,1
女孩儿,女,2,18271,,nǚ hái r,"erhua variant of 女孩,girl",1
女朋友,女,1,3004,n,nǚ péng you,girlfriend,1
女人,女,3,383,n,nǚ rén,woman,2
女生,女,3,1894,n,nǚ shēng,"schoolgirl,female student,girl",1
女士,女,1,2155,n,nǚ shì,"lady,madam,Miss,Ms",1
女性,女,4,1379,n,nǚ xìng,"woman,the female sex",1
女婿,女,7,12022,n,nǚ xu,daughter's husband; son-in-law,1
女子,女,5,2271,n,nǚ zǐ,"woman,female",1
暖,日,6,3896,a,nuǎn,old variant of 暖,4
暖和,日,4,8118,a,nuǎn huo,"warm,nice and warm",1
暖烘烘,日,7,68189,z,nuǎn hōng hōng,"nice and warm,cozy,heartwarming",1
暖气,日,6,10582,n,nuǎn qì,"central heating,heater,warm air",1
虐待,虍,7,7321,v,nu:è dài,"to mistreat,to maltreat,to abuse,mistreatment,maltreatment",1
挪,扌,7,8064,v,nuó,"to shift,to move",1
诺言,讠,7,9382,n,nuò yán,promise,1
哦,口,5,186,o,é,to chant,4
欧洲,欠,5,1929,ns,Oū zhōu,Europe (abbr. for 欧罗巴洲),1
殴打,殳,7,8604,v,ōu dǎ,"to beat up,to come to blows,battery (law)",1
呕吐,口,7,6374,v,ǒu tù,to vomit,1
偶尔,亻,4,3731,d,ǒu ěr,"occasionally,once in a while,sometimes",1
偶然,亻,5,5343,a,ǒu rán,"incidentally,occasional,occasionally,by chance,randomly",1
偶像,亻,6,3202,n,ǒu xiàng,idol,1
趴,足,7,5070,v,pā,"to lie on one's stomach,to lean forward, resting one's upper body (on a desktop etc),(Tw) percent",1
爬,爪,3,2016,v,pá,"to crawl,to climb,to get up or sit up",1
爬山,爪,2,15470,v,pá shān,"to climb a mountain,to mountaineer,hiking,mountaineering",1
怕,忄,3,899,v,Pà,surname Pa,2
拍,扌,4,567,v,pāi,"to pat,to clap,to slap,to swat,to take (a photo),to shoot (a film),racket (sports),beat (music)",1
拍板,扌,7,28922,v,pāi bǎn,"clapper-board,auctioneer's hammer,to beat time with clappers",1
拍卖,扌,7,4442,v,pāi mài,"to auction,auction sale,to sell at a reduced price",1
拍摄,扌,5,1697,v,pāi shè,to take (a picture); to shoot (a film),1
拍戏,扌,7,14665,v,pāi xì,to shoot a movie,1
拍照,扌,3,3782,v,pāi zhào,to take a picture,1
徘徊,彳,7,8578,v,pái huái,"to pace back and forth,to dither; to hesitate,(of sales figures etc) to fluctuate",1
排,扌,4,1188,v,pái,"a row,a line,to set in order,to arrange,to line up,to eliminate,to drain,to push open,platoon,raft,classifier for lines",1
排斥,扌,7,8330,v,pái chì,"to reject,to exclude,to eliminate,to remove,to repel",1
排除,扌,6,3583,v,pái chú,"to eliminate,to remove,to exclude,to rule out",1
排队,扌,4,4300,v,pái duì,to line up,1
排放,扌,6,11477,vn,pái fàng,"to arrange in order,to emit; to discharge (exhaust gas, waste water etc),(of animals) to ovulate; to discharge semen",1
排练,扌,6,7156,v,pái liàn,"to rehearse,rehearsal",1
排列,扌,5,8340,v,pái liè,"to arrange in order,(math.) permutation",1
排名,扌,6,4870,v,pái míng,"to rank (1st, 2nd etc),ranking",1
排球,扌,4,13985,n,pái qiú,volleyball,1
排行榜,扌,7,12201,n,pái háng bǎng,"the charts (of best-sellers),table of ranking",1
牌,片,4,1416,n,pái,"mahjong tile,playing card,game pieces,signboard,plate,tablet,medal",1
牌照,片,7,8347,n,pái zhào,"(business) license,vehicle license,car registration,license plate",1
牌子,片,4,5484,n,pái zi,"sign,trademark,brand",1
派,氵,5,751,v,pài,"clique,school,group,faction,to dispatch,to send,to assign,to appoint,pi (Greek letter Ππ)",1
派别,氵,7,19318,n,pài bié,group; sect; clique; faction; school,1
派出,氵,6,5914,v,pài chū,"to send,to dispatch",1
派遣,氵,7,9393,v,pài qiǎn,to send (on a mission); to dispatch,1
攀,手,7,9894,v,pān,"to climb (by pulling oneself up),to implicate,to claim connections of higher status",1
攀登,手,7,15910,v,pān dēng,"to climb,to pull oneself up,to clamber,to scale,fig. to forge ahead in the face of hardships and danger",1
攀升,手,7,14907,v,pān shēng,"to clamber up,(of prices etc) to rise",1
盘,皿,6,1363,qv,pán,"plate,dish,tray,board,hard drive (computing),to build,to coil,to check,to examine,to transfer (property),to make over",1
盘算,皿,7,17666,v,pán suàn,"to plot,to scheme,to calculate",1
盘旋,皿,7,14151,v,pán xuán,"to spiral,to circle,to go around,to hover,to orbit",1
盘子,皿,3,9039,n,pán zi,"tray,plate,dish",1
判,刂,7,3453,v,pàn,"to judge,to sentence,to discriminate,to discern,clearly distinguishable",1
判处,刂,7,8915,v,pàn chǔ,"to sentence,to condemn",1
判定,刂,7,10672,v,pàn dìng,"to judge,to decide,judgment,determination",1
判断,刂,4,2480,v,pàn duàn,"to judge,to determine,judgment",1
判决,刂,7,3639,vn,pàn jué,"judgment (by a court of law),to pass judgment on,to sentence",1
叛逆,又,7,12939,n,pàn nì,"to rebel,to revolt,a rebel",1
盼,目,7,6757,v,pàn,"to hope for,to long for,to expect",1
盼望,目,6,10303,v,pàn wàng,to hope for; to look forward to,1
畔,田,6,17135,g,pàn,(bound form) side; edge; boundary,1
庞大,广,6,6804,a,páng dà,"huge,enormous,tremendous",1
旁,方,5,2873,f,páng,"one side,other,different,lateral component of a Chinese character (such as 刂, 亻 etc)",1
旁边,方,2,1815,f,páng biān,side; adjacent place,1
旁观,方,7,21396,v,páng guān,"spectator,non-participant",1
胖,⺼,3,2396,a,pán,"healthy,at ease",2
胖子,⺼,4,4309,n,pàng zi,"fat person,fatty",1
抛,扌,6,3539,v,pāo,"to throw,to toss,to fling,to cast,to abandon",1
抛开,扌,7,11850,v,pāo kāi,"to throw out,to get rid of",1
抛弃,扌,7,4229,v,pāo qì,"to abandon,to discard,to renounce,to dump (sb)",1
刨,刂,7,17726,v,bào,"carpenter's plane,to plane (woodwork),to shave off,to peel (with a potato peeler etc)",3
跑,足,2,553,v,páo,(of an animal) to paw (the ground),2
跑步,足,2,7199,v,pǎo bù,"to run,to jog,(military) to march at the double",1
跑车,足,7,9352,n,pǎo chē,"racing bicycle; racing car; sports car,(of a conductor or attendant) to work on a train",1
跑道,足,5,10727,n,pǎo dào,"athletic track,track,runway (i.e. airstrip)",1
跑龙套,足,7,36523,v,pǎo lóng tào,to play a small role,1
泡,氵,6,2258,v,pāo,"puffed; swollen; spongy,small lake (esp. in place names),classifier for urine or feces",2
泡沫,氵,7,7113,n,pào mò,"foam,(soap) bubble,(economic) bubble",1
炮,火,7,5592,n,bāo,"to sauté,to fry,to dry by heating",4
胚胎,⺼,7,13361,n,pēi tāi,embryo,1
陪,阝,4,1090,v,péi,"to accompany,to keep sb company,to assist,old variant of 赔",1
陪伴,阝,5,5677,v,péi bàn,to accompany,1
陪同,阝,6,8559,v,péi tóng,to accompany,1
陪葬,阝,7,30323,v,péi zàng,"to be buried with or next to dead person (of deceased's partner, or of funerary objects)",1
培训,土,5,3619,vn,péi xùn,"to cultivate,to train,to groom,training",1
培训班,土,4,15281,n,péi xùn bān,training class,1
培养,土,5,3133,v,péi yǎng,"to cultivate,to breed,to foster,to nurture,to educate,to groom (for a position),education,fostering,culture (biology)",1
培育,土,6,10156,v,péi yù,"to train,to breed",1
赔,贝,5,5207,v,péi,"to compensate for loss,to indemnify,to suffer a financial loss",1
赔偿,贝,6,3939,v,péi cháng,to compensate,1
赔钱,贝,7,20993,v,péi qián,"to lose money,to pay for damages",1
佩服,亻,6,6729,v,pèi fú,to admire,1
配,酉,5,1557,v,pèi,"to join,to fit,to mate,to mix,to match,to deserve,to make up (a prescription),to allocate",1
配备,酉,6,8427,v,pèi bèi,"to allocate,to provide,to outfit with",1
配合,酉,5,2349,v,pèi hé,"matching,fitting in with,compatible with,to correspond,to fit,to conform to,rapport,to coordinate with",1
配件,酉,7,11536,n,pèi jiàn,"component,part,fitting,accessory,replacement part",1
配偶,酉,7,12235,n,pèi ǒu,spouse,1
配送,酉,5,21165,v,pèi sòng,"to put together an order and deliver it (i.e. 配货 and 送货),to deliver (goods)",1
配套,酉,6,10472,a,pèi tào,"to form a complete set,compatible,matching,complementary",1
配音,酉,7,13200,v,pèi yīn,dubbing (filmmaking),1
配置,酉,7,10372,v,pèi zhì,"to deploy,to allocate,configuration,allocation",1
喷,口,6,3321,v,pēn,"to puff,to spout,to spray,to spurt",2
喷泉,口,7,13972,n,pēn quán,fountain,1
盆,皿,5,6022,n,pén,"basin,flower pot,unit of volume equal to 12 斗 and 8 升, approx 128 liters",1
盆地,皿,7,23207,n,pén dì,"(geography) basin,depression",1
抨击,扌,7,14961,v,pēng jī,to attack (verbally or in writing),1
烹调,灬,7,18661,v,pēng tiáo,to cook,1
烹饪,灬,7,10492,vn,pēng rèn,cooking; culinary arts,1
朋友,月,1,280,n,péng you,friend,1
蓬勃,艹,7,24205,ad,péng bó,vigorous; flourishing; full of vitality,1
鹏程万里,鸟,7,114959,,péng chéng wàn lǐ,"the fabled roc flies ten thousand miles (idiom),one's future prospects are brilliant",1
膨胀,⺼,7,9839,v,péng zhàng,"to expand,to inflate,to swell",1
捧,扌,6,6144,v,pěng,"to clasp,to cup the hands,to hold up with both hands,to offer (esp. in cupped hands),to praise,to flatter",1
捧场,扌,7,16594,v,pěng chǎng,"to cheer on (originally esp. as paid stooge),to root for sb,to sing sb's praises,to flatter",1
碰,石,5,2829,v,pèng,variant of 碰,3
碰到,石,2,2877,v,pèng dào,"to come across,to run into,to meet,to hit",1
碰钉子,石,7,65600,v,pèng dīng zi,to meet with a rebuff,1
碰见,石,5,13656,v,pèng jiàn,"to run into,to meet (unexpectedly),to bump into",1
碰巧,石,7,15063,d,pèng qiǎo,"by chance,by coincidence,to happen to",1
碰上,石,7,7373,v,pèng shàng,"to run into,to come upon,to meet",1
碰撞,石,6,9019,vn,pèng zhuàng,"to collide,collision",1
批,扌,5,2398,q,pī,"to ascertain,to act on,to criticize,to pass on,classifier for batches, lots, military flights",1
批发,扌,7,15769,vn,pī fā,"wholesale,bulk trade,distribution",1
批判,扌,7,10324,v,pī pàn,"to criticize,critique",1
批评,扌,4,3504,v,pī píng,to criticize; criticism,1
批准,扌,5,2614,v,pī zhǔn,to approve; to ratify,1
披,扌,6,5845,v,pī,"to drape over one's shoulders,to open,to unroll,to split open,to spread out",1
披露,扌,7,10669,v,pī lù,"to reveal,to publish,to make public,to announce",1
劈,刀,7,8142,v,pī,"to hack,to chop,to split open,(of lightning) to strike",2
皮,皮,6,1409,n,Pí,surname Pi,2
皮包,皮,3,14469,n,pí bāo,"handbag,briefcase",1
皮带,皮,7,9985,n,pí dài,"strap,leather belt",1
皮肤,皮,4,1922,n,pí fū,skin,1
皮革,皮,7,12646,n,pí gé,leather,1
皮球,皮,6,18764,n,pí qiú,"ball (made of rubber, leather etc)",1
皮鞋,皮,4,11265,n,pí xié,leather shoes,1
疲惫,疒,7,7555,a,pí bèi,"beaten,exhausted,tired",1
疲惫不堪,疒,7,23457,l,pí bèi bù kān,"exhausted,fatigued to the extreme",1
疲倦,疒,7,11450,a,pí juàn,"to tire,tired",1
疲劳,疒,6,7419,a,pí láo,"fatigue,wearily,weariness,weary",1
啤酒,口,3,2622,n,pí jiǔ,beer (loanword),1
脾,⺼,7,13723,n,pí,spleen,1
脾气,⺼,4,4017,n,pí qi,"character,temperament,disposition,bad temper",1
匹,匸,5,3794,q,pī,"mate,one of a pair",3
匹配,匸,7,7203,v,pǐ pèi,"to mate or marry,to match,matching,compatible",1
屁股,尸,7,3206,n,pì gu,"buttocks,bottom,butt,back part",1
媲美,女,7,17662,v,pì měi,"to match,is comparable with",1
僻静,亻,7,34171,a,pì jìng,"lonely,secluded",1
譬如,言,7,14286,v,pì rú,"for example,for instance,such as",1
譬如说,言,7,40154,v,pì rú shuō,for example,1
偏,亻,7,3051,d,piān,"to lean,to slant,oblique,prejudiced,to deviate from average,to stray from the intended line,stubbornly",1
偏差,亻,7,16233,n,piān chā,"bias,deviation",1
偏方,亻,7,34502,n,piān fāng,"folk remedy,home remedy",1
偏见,亻,7,9888,n,piān jiàn,"prejudice,bias",1
偏僻,亻,7,12070,a,piān pì,"remote,desolate,far from the city",1
偏偏,亻,7,7946,d,piān piān,"(indicates that sth turns out just the opposite of what one would wish) unfortunately,as it happened",1
偏向,亻,7,16250,n,piān xiàng,"partial towards sth,to prefer,to incline,erroneous tendencies (Leftist or Revisionist deviation)",1
偏远,亻,7,15464,a,piān yuǎn,"remote,far from civilization",1
篇,⺮,4,1691,q,piān,"sheet,piece of writing,bound set of bamboo slips used for record keeping (old),classifier for written items: chapter",1
篇幅,⺮,7,25962,n,piān fu,"length (of a piece of writing),space occupied on a printed page",1
片,片,4,560,q,piān,"disk,sheet",2
片段,片,7,7400,n,piàn duàn,"fragment (of speech etc),extract (from book etc),episode (of story etc)",1
片断,片,6,16243,n,piàn duàn,"section,fragment,segment",1
片刻,片,6,6789,m,piàn kè,"short period of time,a moment",1
片面,片,6,16993,a,piàn miàn,"unilateral,one-sided",1
片子,片,7,5039,n,piān zi,"film,movie,film reel,phonograph record,X-ray image",2
骗,马,5,1935,v,piàn,"to cheat,to swindle,to deceive,to get on (a horse etc) by swinging one leg over",1
骗人,马,7,7420,v,piàn rén,"to cheat sb,a scam",1
骗子,马,6,4446,n,piàn zi,"swindler,a cheat",1
飘,风,6,4833,v,piāo,variant of 飘,2
飘扬,风,7,22536,v,piāo yáng,"to wave,to flutter,to fly",1
票,示,2,956,n,piào,"ticket,ballot,banknote,person held for ransom,amateur performance of Chinese opera,classifier for groups, batches",1
票房,示,7,10836,n,piào fáng,box office,1
票价,示,3,13687,n,piào jià,ticket price; fare; admission fee,1
漂,氵,6,9779,v,piāo,"to float,to drift",3
漂浮,氵,7,13367,v,piāo fú,"to float,to hover,to drift (also fig., to lead a wandering life),to rove,showy,superficial",1
漂亮,氵,1,915,a,piào liang,"pretty,beautiful",1
撇,扌,7,11433,v,piē,"to cast away,to fling aside",2
拼,扌,5,2461,v,pīn,"to piece together,to join together,to stake all,adventurous,at the risk of one's life,to spell",1
拼搏,扌,7,12182,v,pīn bó,"to struggle,to wrestle",1
拼命,扌,7,4700,d,pīn mìng,to do one's utmost; with all one's might; at all costs; (to work or fight) as if one's life depends on it,1
贫乏,贝,7,29155,a,pín fá,"impoverished,lacking,deficient,limited,meager,impoverishment,lack,deficiency",1
贫富,贝,7,23427,n,pín fù,poor and rich,1
贫困,贝,6,6107,a,pín kùn,"impoverished,poverty",1
贫穷,贝,7,8907,a,pín qióng,"poor,impoverished",1
频道,页,6,2941,n,pín dào,"frequency,(television) channel",1
频繁,页,6,6642,a,pín fán,"frequently,often",1
频率,页,6,4871,n,pín lǜ,frequency,1
频频,页,7,16455,d,pín pín,"repeatedly,again and again,continuously,constantly",1
品,口,5,2922,g,pǐn,"(bound form) article; commodity; product; goods,(bound form) grade; rank,kind; type; variety",1
品尝,口,6,8156,v,pǐn cháng,"to taste a small amount,to sample",1
品德,口,7,16921,n,pǐn dé,moral character,1
品牌,口,5,2178,n,pǐn pái,"brand name,trademark",1
品位,口,7,8194,n,pǐn wèi,"rank,grade,quality,(aesthetic) taste",1
品行,口,7,22266,n,pǐn xíng,"behavior,moral conduct",1
品质,口,5,5177,n,pǐn zhì,"character,intrinsic quality (of a person),quality (of a product or service, or as in ""quality of life""",1
品种,口,5,6332,n,pǐn zhǒng,"breed,variety",1
聘,耳,7,10588,v,pìn,"to engage (a teacher etc),to hire,to betroth,betrothal gift,to get married (of woman)",1
聘请,耳,5,9178,v,pìn qǐng,"to engage,to hire (a lawyer etc)",1
聘任,耳,7,29941,vn,pìn rèn,"to appoint (to a position),appointed",1
聘用,耳,7,13781,v,pìn yòng,"to employ,to hire",1
乒乓球,丿,4,10217,n,pīng pāng qiú,"table tennis,ping-pong,table tennis ball",1
平,广,5,1707,a,Píng,surname Ping,2
平安,广,5,3137,a,píng ān,"safe and sound,well,without mishap,quiet and safe,at peace",1
平常,广,4,4153,a,píng cháng,"ordinary,common,usually,ordinarily",1
平常心,广,7,45789,n,píng cháng xīn,"levelheadedness,calmness,equanimity",1
平淡,广,7,10219,a,píng dàn,"flat,dull,ordinary,nothing special",1
平等,广,6,4880,a,píng děng,"equal,equality",1
平凡,广,6,6747,a,píng fán,"commonplace,ordinary,mediocre",1
平方,广,6,13429,q,píng fāng,"square (as in square foot, square mile, square root)",1
平方米,广,6,16119,q,píng fāng mǐ,square meter,1
平和,广,7,10831,a,Píng hé,"Pinghe county in Zhangzhou 州, Fujian",2
平衡,广,5,3034,a,píng héng,"balance,equilibrium",1
平价,广,7,30948,n,píng jià,"reasonably priced,inexpensive,to keep prices down,(currency exchange) parity",1
平静,广,5,3136,a,píng jìng,"tranquil,undisturbed,serene",1
平均,广,5,3513,a,píng jūn,"average; on average,evenly; in equal proportions",1
平面,广,7,9275,n,píng miàn,"plane (flat surface),print media",1
平民,广,7,6016,n,píng mín,"ordinary people,commoner,civilian",1
平日,广,7,15735,t,píng rì,"ordinary day,everyday,ordinarily,usually",1
平时,广,3,2780,t,píng shí,"ordinarily,in normal times,in peacetime",1
平台,广,5,4530,n,píng tái,"platform,terrace,flat-roofed building",1
平坦,广,7,17673,a,píng tǎn,"level,even,smooth,flat",1
平稳,广,7,9128,a,píng wěn,"smooth,steady",1
平息,广,7,10764,v,píng xī,"to settle (a dispute),to quieten down,to suppress",1
平行,广,7,9981,v,píng xíng,"parallel,of equal rank,simultaneous",1
平原,广,7,10650,n,píng yuán,"field,plain",1
评,讠,5,6762,v,píng,"to discuss,to comment,to criticize,to judge,to choose (by public appraisal)",1
评定,讠,7,15031,v,píng dìng,"to evaluate,to make one's judgment",1
评估,讠,6,3129,vn,píng gū,"to evaluate,to assess,assessment,evaluation",1
评价,讠,5,2119,v,píng jià,"to evaluate,to assess",1
评论,讠,6,2351,n,píng lùn,"to comment on,to discuss,comment,commentary",1
评论员,讠,7,25625,n,píng lùn yuán,commentator,1
评判,讠,7,8959,v,píng pàn,"to judge (a competition),to appraise",1
评审,讠,7,5353,v,píng shěn,"to appraise,to evaluate,to judge",1
评委,讠,7,3923,n,píng wěi,"evaluation committee; judging panel,judging panel member; adjudicator (abbr. for 评选委员会委员)",1
评选,讠,6,10602,v,píng xuǎn,to select on the basis of a vote or consensus,1
凭,几,5,2277,p,píng,variant of 凭,2
凭借,几,5,7693,p,píng jiè,"to rely on,to depend on,by means of,thanks to,sth that one relies on",1
凭着,几,7,11599,p,píng zhe,"relying on,on the basis of",1
凭证,几,7,19610,n,píng zhèng,"proof,certificate,receipt,voucher",1
苹果,艹,1,2562,n,píng guǒ,apple,1
屏幕,户,5,3538,n,píng mù,"screen (TV, computer or movie)",1
屏障,户,7,14358,n,píng zhàng,barrier,1
瓶,瓦,2,1373,q,píng,"bottle,vase,pitcher,classifier for wine and liquids",2
瓶颈,瓦,7,17291,n,píng jǐng,"neck of a bottle,(fig.) bottleneck,problem that impedes progress",1
瓶子,瓦,3,6741,n,píng zi,bottle,1
萍水相逢,艹,7,48991,v,píng shuǐ xiāng féng,strangers coming together by chance (idiom),1
坡,土,6,8092,n,pō,"slope,sloping,slanted",1
颇,页,7,5653,d,Pō,"surname Po,Taiwan pr. [Pǒ]",2
迫不及待,辶,7,8697,l,pò bù jí dài,"impatient (idiom); in a hurry,itching to get on with it",1
迫害,辶,7,11860,vn,pò hài,to persecute,1
迫切,辶,6,8352,ad,pò qiè,urgent; pressing,1
迫使,辶,7,8426,v,pò shǐ,"to force,to compel",1
破,石,4,1272,v,pò,"broken,damaged,worn out,lousy,rotten,to break, split or cleave,to get rid of,to destroy,to break with,to defeat",1
破案,石,7,10186,v,pò àn,"to solve a case,shabby old table",1
破产,石,6,4674,v,pò chǎn,"to go bankrupt,to become impoverished,bankruptcy",1
破除,石,7,20142,v,pò chú,"to eliminate,to do away with,to get rid of",1
破坏,石,5,1527,v,pò huài,"destruction,damage,to wreck,to break,to destroy",1
破解,石,7,9956,v,pò jiě,"to break (a bond, constraint etc),to explain,to unravel,to decipher,to decode,to crack (software)",1
破旧,石,7,15419,a,pò jiù,shabby,1
破例,石,7,21021,v,pò lì,to make an exception,1
破裂,石,7,7002,v,pò liè,"to burst; to rupture,(of a relationship etc) to break down",1
破灭,石,7,12424,v,pò miè,"to be shattered,to be annihilated (of hope, illusions etc)",1
破碎,石,7,9053,a,pò suì,"to smash to pieces,to shatter",1
魄力,鬼,7,23747,n,pò lì,"courage,daring,boldness,resolution,drive",1
泼,氵,6,8438,v,pō,"to splash,to spill,rough and coarse,brutish",1
泼冷水,氵,7,38596,v,pō lěng shuǐ,"to pour cold water on,(fig.) to dampen sb's enthusiasm",1
扑,扌,6,4563,v,pū,"to throw oneself at,to pounce on,to devote one's energies,to flap,to flutter,to dab,to pat,to bend over",1
扑克,扌,7,12368,n,pū kè,"poker (game) (loanword),playing cards",1
扑面而来,扌,7,49677,v,pū miàn ér lái,"lit. sth hits one in the face,directly in one's face,sth assaults the senses,blatant (advertising),eye-catching",1
菩萨,艹,7,17880,n,Pú sà,Bodhisattva (Buddhism),1
葡萄,艹,4,6422,n,pú tao,grape,1
葡萄酒,艹,4,6827,n,pú tao jiǔ,(grape) wine,1
朴实,木,7,19018,a,pǔ shí,"plain,simple,guileless,down-to-earth,sincere and honest",1
朴素,木,6,16787,a,pǔ sù,"plain and simple,unadorned,simple living,not frivolous",1
普遍,日,4,5800,a,pǔ biàn,"universal,general,widespread,common",1
普及,日,5,17888,v,pǔ jí,"to spread extensively,to generalize,widespread,popular,universal,ubiquitous,pervasive",1
普通,日,4,1373,a,pǔ tōng,"common,ordinary,general,average",1
普通话,日,4,14869,n,pǔ tōng huà,"Mandarin (common language),Putonghua (common speech of the Chinese language),ordinary speech",1
普通人,日,7,6885,n,pǔ tōng rén,"ordinary person,private citizen,people,the person in the street",1
谱,讠,7,5498,g,pǔ,"chart,list,table,register,score (music),spectrum (physics),to set to music",1
铺,钅,6,4209,v,pù,"variant of 铺,store",3
铺路,钅,7,26972,v,pū lù,"to pave (with paving stones),to lay a road,(fig.) to lay the groundwork (for sth)",1
瀑布,氵,7,10033,n,pù bù,waterfall,1
曝光,日,7,5114,v,bào guāng,"to expose (photography),(fig.) to expose (a scandal),(advertising) exposure,Taiwan pr. [pù guāng]",1
七,一,1,1419,m,qī,"seven,7",1
七嘴八舌,一,7,41404,v,qī zuǐ bā shé,lively discussion with everybody talking at once,1
沏,氵,7,38676,v,qī,to steep (tea),1
妻子,女,2,1187,n,qī zǐ,wife and children,2
凄凉,冫,7,16083,a,qī liáng,"mournful,miserable",2
期,月,4,1473,qv,qī,"variant of 期,period,cycle",2
期待,月,5,1312,v,qī dài,"to look forward to,to await,expectation",1
期间,月,5,1703,f,qī jiān,"period of time,time,time period,period",1
期末,月,4,10667,t,qī mò,end of term,1
期盼,月,7,8289,v,qī pàn,to expect; to await,1
期望,月,6,3510,v,qī wàng,"to have expectations,to earnestly hope,expectation,hope",1
期限,月,6,5679,n,qī xiàn,"time limit,deadline,allotted time",1
期中,月,4,18698,t,qī zhōng,"interim,midterm",1
欺负,欠,7,4731,v,qī fu,to bully,1
欺骗,欠,6,4109,v,qī piàn,"to deceive,to cheat",1
欺诈,欠,7,8724,vn,qī zhà,to cheat,1
漆,氵,7,7339,n,qī,"paint,lacquer,to paint (furniture, walls etc)",1
齐,齐,5,2763,a,Qí,"(name of states and dynasties at several different periods),surname Qi",2
齐全,齐,6,10206,a,qí quán,"complete,comprehensive",1
齐心协力,齐,7,17271,v,qí xīn xié lì,"to work with a common purpose (idiom); to make concerted efforts,to pull together,to work as one",1
其,八,5,539,r,qí,"his,her,its,their,that,such,it (refers to sth preceding it)",1
其次,八,4,3998,c,qí cì,"next,secondly",1
其后,八,7,14817,t,qí hòu,"next,later,after that",1
其间,八,6,14903,f,qí jiān,"in between,within that interval,in the meantime",1
其实,八,3,405,d,qí shí,actually; in fact; really,1
其他,八,3,267,r,qí tā,"other,(sth or sb) else,the rest",1
其余,八,5,4081,r,qí yú,"the rest,the others,remaining,remainder,apart from them",1
其中,八,4,470,r,qí zhōng,"among,in,included among these",1
奇怪,大,3,1655,v,qí guài,"strange,odd,to marvel,to be baffled",1
奇花异草,大,7,70197,,qí huā yì cǎo,"very rarely seen, unusual (idiom)",1
奇迹,大,5,3345,n,qí jì,"miracle,miraculous,wonder,marvel",1
奇妙,大,7,7455,a,qí miào,fantastic; wonderful,1
奇特,大,7,9112,a,qí tè,"peculiar,unusual,queer",1
歧视,止,7,6933,vn,qí shì,"to discriminate against,discrimination",1
祈祷,礻,7,4534,v,qí dǎo,"to pray,to say one's prayers,prayer",1
骑,马,3,2231,v,jì,"(Tw) saddle horse,mounted soldier",2
骑车,马,2,7235,v,qí chē,to ride a bike (motorbike or bicycle),1
棋,木,7,7604,n,qí,variant of 棋,3
棋子,木,6,16454,n,qí zǐ,"chess piece,(fig.) a pawn (used by others for their own purposes)",1
旗袍,方,7,36388,n,qí páo,"Chinese-style dress,cheongsam",1
旗帜,方,7,7492,n,qí zhì,"ensign,flag",1
乞丐,乙,7,11171,n,qǐ gài,beggar,1
乞求,乙,7,19132,v,qǐ qiú,to beg,1
乞讨,乙,7,15251,v,qǐ tǎo,"to beg,to go begging",1
企图,人,7,4499,v,qǐ tú,"to attempt,to try,attempt",1
企业,人,5,2296,n,qǐ yè,company; firm; enterprise; corporation,1
岂有此理,山,7,46100,,qǐ yǒu cǐ lǐ,"how can this be so? (idiom); preposterous,ridiculous,absurd",1
启程,口,7,12630,v,qǐ chéng,to set out on a journey,1
启迪,口,7,20510,vn,qǐ dí,"to edify,enlightenment",1
启动,口,6,2012,v,qǐ dòng,"to start (a machine),(fig.) to set in motion,to launch (an operation),to activate (a plan)",1
启发,口,6,7784,v,qǐ fā,"to enlighten,to explain (a text etc),to stimulate (a mental attitude),enlightenment,revelation,motivation",1
启蒙,口,7,20648,vn,qǐ méng,"variant of 启蒙,to instruct the young",2
启示,口,6,9723,vn,qǐ shì,"to reveal,to enlighten,enlightenment,revelation,illumination,moral (of a story etc),lesson",1
启事,口,6,20158,n,qǐ shì,"announcement (written, on billboard, letter, newspaper or website),to post information,a notice",1
起,走,3,174,v,qǐ,"to rise,to raise,to get up,to set out,to start,to appear,to launch,to initiate (action),to draft,to establish",1
起步,走,7,8720,v,qǐ bù,"to set out,to set in motion,the start (of some activity)",1
起草,走,7,9562,v,qǐ cǎo,"to make a draft,to draw up (plans)",1
起程,走,7,31328,v,qǐ chéng,"to set out,to leave",1
起初,走,6,8773,d,qǐ chū,"originally,at first,at the outset",1
起床,走,1,2645,v,qǐ chuáng,"to get out of bed,to get up",1
起到,走,4,25234,v,qǐ dào,(in an expression of the form 起到…用) to have (a (motivating etc) effect); to play (a (stabilizing etc) role),1
起点,走,6,6901,n,qǐ diǎn,starting point,1
起飞,走,3,5419,v,qǐ fēi,(of an aircraft) to take off,1
起伏,走,7,9804,v,qǐ fú,"to move up and down,to undulate,ups and downs",1
起哄,走,7,25283,v,qǐ hòng,"to heckle,rowdy jeering,to create a disturbance",1
起劲,走,7,22948,a,qǐ jìn,energetic; vigorous; enthusiastic,1
起来,走,2,172,v,qǐ lai,"to stand up,to get up,also pr. [qǐ lái]",2
起码,走,7,4041,d,qǐ mǎ,"at the minimum,at the very least",1
起跑线,走,7,21839,n,qǐ pǎo xiàn,"the starting line (of a race),scratch line (in a relay race)",1
起诉,走,7,3235,v,qǐ sù,"to sue,to bring a lawsuit against,to prosecute",1
起义,走,6,12413,v,qǐ yì,"uprising,insurrection,revolt",1
起源,走,6,11950,n,qǐ yuán,"origin,to originate,to come from",1
气,气,4,772,n,qì,"gas; air,smell,weather,to make angry; to annoy; to get angry,vital energy; qi",1
气氛,气,6,3160,n,qì fēn,atmosphere; mood,1
气愤,气,7,9895,a,qì fèn,"indignant,furious",1
气概,气,6,15431,n,qì gài,"lofty quality,mettle,spirit",1
气功,气,6,32300,n,qì gōng,"qigong, a traditional Chinese system of cultivating vital energy 气 through coordinated breathing",1
气管,气,7,10974,n,qì guǎn,"windpipe,trachea,respiratory tract,air duct,gas pipe",1
气候,气,4,6570,n,qì hòu,"(meteorology) climate,(fig.) climate; prevailing conditions (in human affairs)",1
气馁,气,7,21983,a,qì něi,to be discouraged,1
气派,气,7,19011,a,qì pài,"impressive,stylish,magnificent,imposing manner,dignified air",1
气泡,气,7,17227,n,qì pào,"bubble,blister (in metal),(of beverages) sparkling,carbonated",1
气魄,气,7,26408,n,qì pò,"spirit,boldness,positive outlook,imposing attitude",1
气球,气,5,9459,n,qì qiú,balloon,1
气色,气,7,16801,n,qì sè,complexion,1
气势,气,7,9469,n,qì shì,"imposing manner,loftiness,grandeur,energetic looks,vigor",1
气体,气,6,6140,n,qì tǐ,gas (i.e. gaseous substance),1
气味,气,6,6948,n,qì wèi,odor; scent,1
气温,气,4,7200,n,qì wēn,air temperature,1
气息,气,7,5417,n,qì xī,"breath,smell,odor,flavor",1
气象,气,7,7203,n,qì xiàng,"meteorological feature,meteorology,atmosphere,ambience,scene",1
气压,气,7,16502,n,qì yā,"atmospheric pressure,barometric pressure",1
气质,气,6,5505,n,qì zhì,"temperament,personality traits,manners",1
迄今,辶,7,13667,d,qì jīn,"so far,to date,until now",1
迄今为止,辶,7,9179,l,qì jīn wéi zhǐ,"so far,up to now,still (not)",1
汽车,氵,3,898,n,qì chē,"car,automobile,bus",1
汽水,氵,4,15548,n,qì shuǐ,soda pop; carbonated soft drink,1
汽油,氵,5,4939,n,qì yóu,gasoline,1
契机,大,7,17262,n,qì jī,"opportunity,turning point,juncture",1
契约,大,7,9421,n,qì yuē,"agreement,contract",1
器材,口,7,9537,n,qì cái,"equipment,material",1
器官,口,7,4857,n,qì guān,(physiology) organ; apparatus,1
器械,口,7,10160,n,qì xiè,"apparatus,instrument,equipment,weapon",1
掐,扌,7,7287,v,qiā,"to pick (flowers),to pinch,to nip,to pinch off,to clutch,(slang) to fight",1
恰当,忄,6,7676,a,qià dàng,"appropriate,suitable",1
恰到好处,忄,7,14885,l,qià dào hǎo chù,"it's just perfect,it's just right",1
恰好,忄,6,7876,d,qià hǎo,"as it turns out,by lucky coincidence,(of number, time, size etc) just right",1
恰恰,忄,6,6523,d,qià qià,"exactly,just,precisely",1
恰恰相反,忄,7,10439,c,qià qià xiāng fǎn,just the opposite,1
恰巧,忄,7,16400,d,qià qiǎo,by chance; as chance would have it,1
恰如其分,忄,7,30471,l,qià rú qí fèn,"(idiom) appropriate,apt,just right",1
洽谈,氵,7,18806,v,qià tán,to discuss,1
千,十,1,1728,m,qiān,thousand,2
千变万化,十,7,35836,v,qiān biàn wàn huà,"countless changes,constant permutation",1
千方百计,十,7,16008,l,qiān fāng bǎi jì,"lit. thousand ways, a hundred plans (idiom); by every possible means",1
千家万户,十,6,33124,l,qiān jiā wàn hù,every family (idiom),1
千军万马,十,7,43815,l,qiān jūn wàn mǎ,magnificent army with thousands of men and horses (idiom); impressive display of manpower,1
千钧一发,十,7,35703,l,qiān jūn yī fà,"a thousand pounds hangs by a thread (idiom),imminent peril,a matter of life or death",1
千克,十,4,18907,q,qiān kè,kilogram,1
千万,十,4,1708,m,qiān wàn,"ten million,countless,many,one must by all means",1
迁,辶,7,12173,v,qiān,"to move,to shift,to change (a position or location etc),to promote",1
迁就,辶,7,18562,v,qiān jiù,"to yield,to adapt to,to accommodate to (sth)",1
迁徙,辶,7,16697,v,qiān xǐ,"to migrate,to move",1
迁移,辶,7,14712,v,qiān yí,"to migrate,to move",1
牵,大,6,3847,v,qiān,"to lead along,to pull (an animal on a tether),(bound form) to involve,to draw in",1
牵扯,大,7,11586,v,qiān chě,"to involve,to implicate,to be interrelated",1
牵挂,大,7,10869,v,qiān guà,"to worry about,to be concerned about",1
牵涉,大,7,10987,v,qiān shè,"to involve,implicated",1
牵头,大,7,25971,v,qiān tóu,"to lead (an animal by the head),to take the lead,to coordinate (a combined operation),to mediate",1
牵制,大,7,17412,v,qiān zhì,"to control,to curb,to restrict,to impede,to pin down (enemy troops)",1
铅,钅,7,7728,n,qiān,old variant of 铅,2
铅笔,钅,3,9108,n,qiān bǐ,(lead) pencil,1
谦虚,讠,6,9707,a,qiān xū,"modest,self-effacing,to make modest remarks",1
谦逊,讠,7,20754,a,qiān xùn,"humble,modest,unpretentious,modesty",1
签,⺮,5,2244,v,qiān,"to sign one's name,to write brief comments on a document,inscribed bamboo stick (variant of 签),visa",3
签订,⺮,5,8257,v,qiān dìng,to agree to and sign (a treaty etc),1
签名,⺮,5,3185,v,qiān míng,"to sign (one's name with a pen etc),to autograph,signature",1
签署,⺮,7,4105,v,qiān shǔ,to sign (an agreement),1
签约,⺮,7,5753,v,qiān yuē,to sign a contract or agreement,1
签证,⺮,4,8073,n,qiān zhèng,"visa,to issue a visa",1
签字,⺮,5,5289,v,qiān zì,"to sign (one's name),signature",1
前,刂,1,127,f,qián,"front,forward,ahead,first,top (followed by a number),future,ago,before,BC (e.g. 前293年),former,formerly",1
前辈,刂,7,9548,n,qián bèi,"senior,older generation,precursor",1
前边,刂,1,25408,f,qián bian,"front,the front side,in front of",1
前不久,刂,7,12096,t,qián bù jiǔ,"not long ago,not long before",1
前方,刂,4,6315,s,qián fāng,"ahead,the front",1
前赴后继,刂,7,45740,v,qián fù hòu jì,to advance dauntlessly in wave upon wave (idiom),1
前后,刂,4,6275,f,qián hòu,"around,from beginning to end,all around,front and rear",1
前进,刂,5,2618,v,qián jìn,"to go forward,to forge ahead,to advance,onward",1
前景,刂,6,6776,n,qián jǐng,"foreground,vista,(future) prospects,perspective",1
前来,刂,5,4529,v,qián lái,"to come (formal),before,previously",1
前面,刂,2,1789,f,qián miàn,"ahead,in front,preceding,above,also pr. [qián mian]",1
前年,刂,3,18549,t,qián nián,the year before last,1
前期,刂,6,10481,f,qián qī,"preceding period,early stage",1
前任,刂,7,8753,b,qián rèn,"predecessor,ex-,former,ex (spouse etc)",1
前所未有,刂,7,8193,v,qián suǒ wèi yǒu,unprecedented,1
前台,刂,7,11148,n,qián tái,"stage,proscenium,foreground in politics etc (sometimes derog.),front desk,reception desk,(computing) front-end",1
前提,刂,6,4669,n,qián tí,"premise,precondition,prerequisite",1
前天,刂,3,8117,t,qián tiān,the day before yesterday,1
前头,刂,4,17581,f,qián tou,"in front,at the head,ahead,above",1
前途,刂,5,4857,n,qián tú,"prospects,future outlook,journey",1
前往,刂,5,2491,v,qián wǎng,to leave for; to proceed towards; to go to,1
前无古人,刂,7,33975,l,qián wú gǔ rén,"(idiom) unprecedented,unheard of",1
前夕,刂,7,11648,f,qián xī,"eve,the day before",1
前线,刂,7,7292,s,qián xiàn,"front line,military front,workface,cutting edge",1
前沿,刂,7,13908,s,qián yán,"front-line,forward position,outpost,extending ahead,frontier (of science, technology etc)",1
前仰后合,刂,7,61146,,qián yǎng hòu hé,"to sway to and fro,to rock back and forth",1
前者,刂,6,11601,r,qián zhě,the former,1
虔诚,虍,7,11261,a,qián chéng,"pious,devout,sincere",1
钱,钅,1,218,n,Qián,surname Qian,2
钱包,钅,1,4411,n,qián bāo,"purse,wallet",1
钱财,钅,7,11459,n,qián cái,"wealth,money",1
钳子,钅,7,27353,n,qián zi,"pliers,pincers,tongs,forceps,vise,clamp,claw (of a crab etc),(dialect) earring",1
潜力,氵,6,3759,n,qián lì,"potential,capacity",1
潜能,氵,7,12154,n,qián néng,"potential,hidden capability",1
潜水,氵,7,10234,vn,qián shuǐ,"to dive,to go under water,(in an online forum) to lurk",1
潜艇,氵,7,8080,n,qián tǐng,submarine,1
潜移默化,氵,7,31990,v,qián yí mò huà,"imperceptible influence,to influence secretly",1
潜在,氵,7,5425,b,qián zài,"hidden,potential,latent",1
浅,氵,5,5099,a,jiān,sound of moving water,2
谴责,讠,7,7122,v,qiǎn zé,"to denounce,to condemn,to criticize,condemnation,criticism",1
欠,欠,5,2126,v,qiàn,"to owe,to lack,(literary) to be deficient in,(bound form) yawn,to raise slightly (a part of one's body)",1
欠缺,欠,7,15069,v,qiàn quē,"to be deficient in,lapse,deficiency",1
欠条,欠,7,36112,n,qiàn tiáo,"IOU,certificate of indebtedness",1
歉意,欠,7,11732,n,qiàn yì,"apology,regret",1
呛,口,7,11625,v,qiāng,to choke (because of swallowing the wrong way),2
枪,木,6,1429,n,Qiāng,surname Qiang,3
枪毙,木,7,16619,v,qiāng bì,"to execute by firing squad,to shoot dead,fig. to discard,to get rid of",1
腔,⺼,7,7193,g,qiāng,"(bound form) cavity,tune,accent (in one's speech),(old) (classifier for carcasses of slaughtered livestock)",1
强,弓,4,529,a,Qiáng,surname Qiang,7
强大,弓,5,1814,a,qiáng dà,"large,formidable,powerful,strong",1
强盗,弓,7,9409,n,qiáng dào,"to rob (with force),bandit,robber",1
强调,弓,5,3839,v,qiáng diào,"to emphasize (a statement),to stress",1
强度,弓,5,7098,n,qiáng dù,"strength,intensity",1
强化,弓,6,8212,v,qiáng huà,"to strengthen,to intensify",1
强加,弓,7,18555,v,qiáng jiā,"to impose,to force upon",1
强劲,弓,7,7522,a,qiáng jìng,"strong,powerful,robust",1
强烈,弓,5,2212,a,qiáng liè,strong; intense,1
强迫,弓,6,4640,v,qiǎng pò,"to compel,to force",1
强势,弓,7,7345,n,qiáng shì,"strong,powerful,(linguistics) emphatic,intensive",1
强项,弓,7,14623,n,qiáng xiàng,"key strength,strong suit,specialty",1
强行,弓,7,6872,d,qiáng xíng,"to do sth by force,Taiwan pr. [qiǎng xíng]",1
强硬,弓,7,7618,a,qiáng yìng,"tough,unyielding,hard-line",1
强占,弓,7,39024,v,qiáng zhàn,to occupy by force,1
强制,弓,7,5763,v,qiáng zhì,"to force; to compel; to coerce,forced; compulsory,Taiwan pr. [qiǎng zhì]",1
强壮,弓,6,8294,a,qiáng zhuàng,"strong,sturdy,robust",1
墙,土,5,1741,n,qiáng,"variant of 墙, wall",2
墙壁,土,6,7736,n,qiáng bì,wall,1
抢,扌,5,1191,v,qiāng,"(literary) to knock against (esp. to knock one's head on the ground in grief or rage),opposite in direction; contrary",2
抢夺,扌,7,16103,v,qiǎng duó,"to plunder,to pillage,to forcibly take",1
抢劫,扌,7,3341,v,qiǎng jié,"to rob,looting",1
抢救,扌,5,6580,v,qiǎng jiù,to rescue,1
抢眼,扌,7,18207,a,qiǎng yǎn,eye-catching,1
悄悄,忄,5,6355,d,qiāo qiāo,"quiet; making little or no noise,surreptitious; stealthy,anxious; worried,Taiwan pr. [qiǎo qiǎo]",1
敲,攴,4,4007,v,qiāo,"to hit,to strike,to tap,to rap,to knock,to rip sb off,to overcharge",1
敲边鼓,攴,7,102372,v,qiāo biān gǔ,"to back sb up,to support sb in an argument,(lit. to beat nearby drum)",1
敲门,攴,5,8974,v,qiāo mén,to knock on a door,1
敲诈,攴,7,12532,v,qiāo zhà,"to rip off,to extort (money),extortion,blackmail",1
乔装,大,7,48367,,qiáo zhuāng,"to pretend,to feign,to disguise oneself",1
桥,木,4,2120,n,qiáo,bridge,1
桥梁,木,6,9640,n,qiáo liáng,bridge (lit. and fig.),1
瞧,目,6,3046,v,qiáo,"to look at,to see,to see (a doctor),to visit",1
瞧不起,目,7,16626,v,qiáo bù qǐ,to look down upon; to hold in contempt,1
巧,工,4,4427,a,qiǎo,"opportunely,coincidentally,as it happens,skillful,timely",1
巧合,工,7,7230,v,qiǎo hé,"coincidence,coincidental,to coincide",1
巧克力,工,4,3003,n,qiǎo kè lì,chocolate (loanword),1
巧妙,工,6,8987,a,qiǎo miào,"ingenious; clever,ingenuity; artifice",1
窍门,穴,7,18531,n,qiào mén,"a trick,an ingenious method,know-how,the knack (of doing sth)",1
翘,羽,7,5400,v,qiáo,"outstanding,to raise",2
撬,扌,7,9630,v,qiào,"to lift,to pry open,to lever open",1
且,一,7,2144,c,qiě,"and,moreover,yet,for the time being,to be about to,both (... and...)",1
切,刀,5,1757,v,qiē,"to cut; to slice; to carve,(math) tangential",2
切除,刀,7,4727,v,qiē chú,"to excise,to cut out (a tumor)",1
切断,刀,7,7196,v,qiē duàn,"to cut off,to sever",1
切割,刀,7,12148,v,qiē gē,to cut,1
切身,刀,7,24467,b,qiè shēn,"direct,concerning oneself,personal",1
切实,刀,6,10384,a,qiè shí,"feasible,realistic,practical,earnestly,conscientiously",1
窃取,穴,7,16744,v,qiè qǔ,"to steal (usu. private information, intellectual property etc)",1
锲而不舍,钅,7,38449,v,qiè ér bù shě,"to chip away at a task and not abandon it (idiom); to chisel away at sth,to persevere,unflagging efforts",1
亲,立,5,1044,v,qīn,"parent,one's own (flesh and blood),relative,related,marriage,bride,close,intimate,in person,first-hand,in favor of,pro-",2
亲爱,立,5,1202,a,qīn ài,"dear,beloved,darling",1
亲和力,立,7,23658,n,qīn hé lì,"(personal) warmth,approachability,accessibility,(in a product) user friendliness,(chemistry) affinity",1
亲近,立,7,7302,v,qīn jìn,"intimate,to get close to",1
亲密,立,6,4458,a,qīn mì,"intimate,close",1
亲朋好友,立,5,17899,l,qīn péng hǎo yǒu,"friends and family,kith and kin",1
亲戚,立,4,5076,n,qīn qi,a relative (i.e. family relation),1
亲切,立,5,6543,a,qīn qiè,"amiable,cordial,close and dear,familiar",1
亲情,立,5,14155,n,qīn qíng,"affection,family love,love, esp. within a married couple or between parents and children",1
亲热,立,7,11273,a,qīn rè,"affectionate; intimate; warmhearted,to show affection for,(coll.) to get intimate with sb",1
亲人,立,5,4699,n,qīn rén,one's close relatives,1
亲身,立,7,12076,d,qīn shēn,"personal,oneself",1
亲生,立,7,10008,b,qīn shēng,"one's own (child) (i.e. one's child by birth),biological (parents),birth (parents)",1
亲手,立,7,6642,d,qīn shǒu,"personally,with one's own hands",1
亲属,立,6,10181,n,qīn shǔ,"kin,kindred,relatives",1
亲眼,立,7,6618,d,qīn yǎn,"with one's own eyes,personally",1
亲友,立,7,11310,n,qīn yǒu,friends and relatives,1
亲自,立,5,2353,d,qīn zì,"personally,in person,oneself",1
侵略,亻,7,6964,v,qīn lu:è,"to invade,invasion",1
侵犯,亻,7,4394,v,qīn fàn,"to infringe on,to encroach on,to violate,to assault",1
侵害,亻,7,10479,v,qīn hài,"to encroach on,to infringe on",1
侵权,亻,7,14830,vn,qīn quán,"to infringe the rights of,to violate,infringement",1
侵占,亻,7,15452,v,qīn zhàn,to invade and occupy (territory),1
钦佩,钅,7,14182,v,qīn pèi,"to admire,to look up to,to respect sb greatly",1
琴,王,4,5101,n,qín,"guqin 琴 (a type of zither),musical instrument in general",2
勤奋,力,5,10815,a,qín fèn,"hardworking,diligent",1
勤工俭学,力,7,39680,v,qín gōng jiǎn xué,"to work part time while studying,work-study program",1
勤俭,力,7,38935,a,qín jiǎn,hardworking and frugal,1
勤恳,力,6,53060,a,qín kěn,"diligent and attentive,assiduous,sincere",1
勤快,力,7,23842,a,qín kuài,diligent; hardworking,1
勤劳,力,6,15777,a,qín láo,"hardworking,industrious,diligent",1
寝室,宀,7,9766,n,qǐn shì,"bedroom,dormitory",1
青,青,5,2780,a,Qīng,"abbr. for 海, Qinghai Province",2
青春,青,6,4241,n,qīng chūn,"youth,youthfulness",1
青春期,青,6,11308,t,qīng chūn qī,"puberty,adolescence",1
青年,青,4,3336,n,qīng nián,"youth,youthful years,young person,the young",1
青少年,青,2,4006,n,qīng shào nián,"adolescent,youth,teenager",1
青蛙,青,7,9570,n,qīng wā,"frog,(old) (slang) ugly guy",1
氢,气,6,11059,n,qīng,hydrogen (chemistry),1
轻,车,4,1814,a,qīng,"light,easy,gentle,soft,reckless,unimportant,frivolous,small in number,unstressed,neutral,to disparage",1
轻而易举,车,7,13706,l,qīng ér yì jǔ,"easy,with no difficulty",1
轻蔑,车,7,20749,v,qīng miè,"scornful; disdainful; contemptuous; pejorative,disdain; contempt",1
轻视,车,7,13811,v,qīng shì,"contempt,contemptuous,to despise,to scorn,scornful",1
轻松,车,4,1729,a,qīng sōng,"light,gentle,relaxed,effortless,uncomplicated,to relax,to take things less seriously",1
轻微,车,7,7547,a,qīng wēi,"slight,light,trivial,to a small extent",1
轻型,车,7,19892,b,qīng xíng,"light (machinery, aircraft etc)",1
轻易,车,5,3836,d,qīng yì,"easily,lightly,rashly",1
倾家荡产,亻,7,26223,l,qīng jiā dàng chǎn,to lose a family fortune (idiom),1
倾诉,亻,7,9428,v,qīng sù,to say everything (that is on one's mind),1
倾听,亻,6,7063,v,qīng tīng,to listen attentively,1
倾向,亻,6,3997,n,qīng xiàng,"trend,tendency,orientation",1
倾销,亻,7,22639,v,qīng xiāo,"to dump (goods, products)",1
倾斜,亻,7,9158,v,qīng xié,"to incline,to lean,to slant,to slope,to tilt",1
清,氵,6,1019,a,Qīng,"Qing (Wade-Giles: Ch'ing) dynasty of imperial China (1644-1911),surname Qing",2
清澈,氵,7,14725,a,qīng chè,clear; limpid,1
清晨,氵,6,7008,t,qīng chén,early morning,1
清除,氵,7,4835,v,qīng chú,"to clear away,to eliminate,to get rid of",1
清楚,氵,3,766,a,qīng chu,"clear,distinct,to understand thoroughly,to be clear about",1
清脆,氵,7,31431,a,qīng cuì,"sharp and clear,crisp,melodious,ringing,tinkling,silvery (of sound),fragile,frail,also written 轻脆",1
清单,氵,7,7718,n,qīng dān,list of items,1
清淡,氵,6,17042,a,qīng dàn,"light (of food, not greasy or strongly flavored),insipid,slack (sales)",1
清洁,氵,6,4675,a,qīng jié,"clean,to clean",1
清洁工,氵,6,15257,n,qīng jié gōng,"cleaner,janitor,garbage collector",1
清静,氵,7,16392,a,qīng jìng,"quiet,peaceful and quiet",1
清理,氵,6,2808,v,qīng lǐ,"to clear up,to tidy up,to dispose of",1
清凉,氵,7,17723,a,qīng liáng,"cool,refreshing,(of clothing) skimpy,revealing",1
清明,氵,7,33512,t,Qīng míng,"Qingming or Pure Brightness, 5th of the 24 solar terms 二十四节气 5th-19th April",2
清明节,氵,6,26237,,Qīng míng jié,"Qingming or Pure Brightness Festival or Tomb Sweeping Day, celebration for the dead (in early April)",1
清晰,氵,6,4178,a,qīng xī,"clear,distinct",1
清洗,氵,6,6124,v,qīng xǐ,"to wash,to clean,to purge",1
清新,氵,7,6188,a,Qīng xīn,"Qingxin county in Qingyuan 清远, Guangdong",2
清醒,氵,6,3278,a,qīng xǐng,"clear-headed,sober,awake",1
清真,氵,6,35108,b,qīng zhēn,"Islamic,Muslim,halal (of food),clean,pure",1
清真寺,氵,7,17637,n,qīng zhēn sì,mosque,1
情,忄,7,966,n,qíng,"feeling,emotion,passion,situation",1
情报,忄,7,2886,n,qíng bào,"information,intelligence",1
情不自禁,忄,7,11914,l,qíng bù zì jīn,"unable to restrain emotions,cannot help",1
情调,忄,7,14562,n,qíng diào,"sentiment,tone and mood,taste",1
情感,忄,5,2942,n,qíng gǎn,"feeling,emotion,to move (emotionally)",1
情怀,忄,7,20753,n,qíng huái,"feelings,mood",1
情节,忄,6,4390,n,qíng jié,"circumstances,plot; storyline",1
情结,忄,7,12330,n,qíng jié,complex (psychology),1
情景,忄,5,5196,n,qíng jǐng,"scene,spectacle,circumstances,situation",1
情况,忄,4,245,n,qíng kuàng,circumstances; state of affairs; situation,1
情理,忄,7,20406,n,qíng lǐ,"reason,sense",1
情侣,忄,7,5325,n,qíng lǚ,"sweethearts,lovers",1
情人,忄,7,4038,n,qíng rén,"lover,sweetheart",1
情形,忄,6,4038,n,qíng xing,"circumstances,situation",1
情绪,忄,5,1810,n,qíng xù,"mood,state of mind,moodiness",1
情谊,忄,7,15880,n,qíng yì,friendship; camaraderie,1
情愿,忄,7,9439,v,qíng yuàn,"willingness,would rather (agree to X than Y)",1
晴,日,2,9343,v,qíng,"clear,fine (weather)",1
晴朗,日,6,15483,a,qíng lǎng,sunny and cloudless,1
晴天,日,2,14859,n,qíng tiān,"clear sky,sunny day",1
请,讠,1,216,v,qǐng,"to ask,to invite,please (do sth),to treat (to a meal etc),to request",1
请假,讠,3,10134,v,qǐng jià,to request leave of absence,1
请柬,讠,7,22818,n,qǐng jiǎn,"invitation card,written invitation",1
请教,讠,5,11806,v,qǐng jiào,"to ask for guidance,to consult",1
请进,讠,1,21213,,qǐng jìn,"""please come in""",1
请客,讠,3,9854,v,qǐng kè,"to give a dinner party,to entertain guests,to invite to dinner",1
请求,讠,5,2837,v,qǐng qiú,"to request; to ask,request",1
请示,讠,7,18413,v,qǐng shì,to ask for instructions,1
请帖,讠,7,30508,n,qǐng tiě,"invitation card,written invitation",1
请问,讠,1,3689,v,qǐng wèn,"Excuse me, may I ask...?",1
请坐,讠,1,37277,,qǐng zuò,"please, have a seat",1
庆典,广,7,8812,n,qìng diǎn,celebration,1
庆贺,广,7,18065,v,qìng hè,"to congratulate,to celebrate",1
庆幸,广,7,7531,v,qìng xìng,to rejoice; to be glad,1
庆祝,广,4,2543,v,qìng zhù,to celebrate,1
穷,穴,5,4355,a,qióng,"poor,destitute,to use up,to exhaust,thoroughly,extremely,(coll.) persistently and pointlessly",1
穷人,穴,4,6993,n,qióng rén,"poor people,the poor",1
丘陵,一,7,26657,n,qiū líng,hills,1
秋,禾,3,5603,tg,Qiū,surname Qiu,4
秋季,禾,4,8932,t,qiū jì,"autumn,fall",1
秋天,禾,3,7055,t,qiū tiān,autumn,1
囚犯,囗,7,8699,n,qiú fàn,prisoner; convict,1
求,氺,6,497,v,qiú,"to seek,to look for,to request,to demand,to beseech",1
求婚,氺,6,8095,v,qiú hūn,to propose marriage,1
求救,氺,6,10263,v,qiú jiù,to seek help (when in distress or having difficulties),1
求学,氺,7,28724,v,qiú xué,"to seek knowledge,to study,to attend college",1
求医,氺,7,37285,v,qiú yī,"to seek medical treatment,to see a doctor",1
求证,氺,7,18393,v,qiú zhèng,"to seek proof,to seek confirmation",1
求职,氺,6,16584,vn,qiú zhí,to seek employment,1
求助,氺,6,7221,v,qiú zhù,"to request help,to appeal (for help)",1
球,王,2,518,n,qiú,"ball,sphere,globe,ball game,match",1
球场,王,3,4445,n,qiú chǎng,"stadium,sports ground,court,pitch,field,golf course",1
球队,王,4,2340,n,qiú duì,"sports team (basketball, soccer, football etc)",1
球迷,王,4,4097,n,qiú mí,fan (ball sports),1
球拍,王,6,25915,n,qiú pāi,racket,1
球鞋,王,2,17153,n,qiú xié,athletic shoes,1
球星,王,6,11348,n,qiú xīng,sports star (ball sport),1
球员,王,6,2445,n,qiú yuán,(ball sports) player; team member,1
区,匸,4,638,n,Oū,surname Ou,2
区别,匸,4,2566,n,qū bié,"difference,to distinguish,to discriminate,to make a distinction",1
区分,匸,6,8298,v,qū fēn,"to differentiate,to draw a distinction,to divide into categories",1
区域,匸,5,1701,n,qū yù,"area,region,district",1
曲,曰,6,2509,g,Qū,surname Qu,5
曲线,曰,7,6445,n,qū xiàn,"curve,curved line,indirect,in a roundabout way",1
曲折,曰,7,13065,a,qū zhé,"winding,(fig.) complicated",1
曲子,曰,6,10200,n,qǔ zi,"poem for singing,tune,music",1
驱动,马,7,11197,vn,qū dòng,"to drive,to propel,drive (vehicle wheel),drive mechanism (tape or disk),device driver (computing software)",1
驱逐,马,7,10878,v,qū zhú,"to expel,to deport,banishment",1
屈服,尸,7,11097,v,qū fú,"to surrender,to succumb,to yield,(as a transitive verb) to defeat,to prevail over",1
趋势,走,5,6576,n,qū shì,trend; tendency,1
趋于,走,7,19589,v,qū yú,to tend towards,1
渠道,氵,6,5503,n,qú dào,"irrigation ditch,(fig.) channel,means",1
取,又,4,1198,v,qǔ,"to take,to get,to choose,to fetch",1
取代,又,6,5252,v,qǔ dài,"to replace,to supersede,to supplant,(chemistry) substitution",1
取得,又,4,1609,v,qǔ dé,to acquire; to get; to obtain,1
取缔,又,7,19774,v,qǔ dì,to suppress; to crack down on; to prohibit,1
取而代之,又,7,16470,v,qǔ ér dài zhī,(idiom) to replace; to supersede; to take its (or her etc) place,1
取经,又,7,27807,v,qǔ jīng,"to journey to India on a quest for the Buddhist scriptures,to learn by studying another's experience",1
取决于,又,7,4910,v,qǔ jué yú,"to hinge on,to be decided by,to depend on",1
取款,又,6,15011,v,qǔ kuǎn,to withdraw money from a bank,1
取款机,又,6,1000000,,qǔ kuǎn jī,ATM,1
取暖,又,7,12354,v,qǔ nuǎn,to warm oneself (by a fire etc),1
取胜,又,7,8513,v,qǔ shèng,"to score a victory,to prevail over one's opponents",1
取消,又,4,1880,v,qǔ xiāo,"to cancel,cancellation",1
取笑,又,7,15306,v,qǔ xiào,to tease; to make fun of,1
娶,女,6,3752,v,qǔ,"to take a wife,to marry (a woman)",1
去,厶,1,38,v,qù,"to go,to go to (a place),(of a time etc) last,just passed,to send,to remove,to get rid of,to reduce",1
去除,厶,7,10988,v,qù chú,"to remove,to dislodge",1
去处,厶,7,15356,n,qù chù,"place,destination",1
去掉,厶,6,8984,v,qù diào,"to get rid of,to exclude,to eliminate,to remove,to delete,to strip out,to extract",1
去年,厶,1,933,t,qù nián,last year,1
去世,厶,5,3502,v,qù shì,"to pass away,to die",1
去向,厶,7,10857,n,qù xiàng,direction in which sb or sth has gone; whereabouts,1
趣味,走,6,12898,n,qù wèi,"fun; interest; delight,taste; liking; preference",1
圈,囗,6,1517,qv,juān,"to confine,to lock up,to pen in",3
圈套,囗,7,13626,n,quān tào,trap; snare; trick,1
圈子,囗,7,7760,n,quān zi,"circle,ring,(social) circle",1
全,入,4,404,d,Quán,surname Quan,2
全部,入,4,718,m,quán bù,whole; all,1
全场,入,3,5847,n,quán chǎng,"everyone present,the whole audience,across-the-board,unanimously,whole duration (of a competition or match)",1
全程,入,6,8061,n,quán chéng,"the whole distance,from beginning to end",1
全都,入,4,3132,d,quán dōu,"all,without exception",1
全方位,入,7,11781,n,quán fāng wèi,"all around,omnidirectional,complete,holistic,comprehensive",1
全国,入,2,1228,n,quán guó,"whole nation,nationwide,countrywide,national",1
全家,入,2,4632,n,quán jiā,whole family,1
全局,入,7,10030,n,quán jú,overall situation,1
全力,入,5,3164,d,quán lì,"with all one's strength,full strength,all-out (effort),fully (support)",1
全力以赴,入,7,9514,v,quán lì yǐ fù,"to do at all costs,to make an all-out effort",1
全面,入,5,2552,ad,quán miàn,"all-around,comprehensive,total,overall",1
全能,入,7,10964,n,quán néng,"omnipotent,all-round,strong in every area",1
全年,入,2,15123,n,quán nián,"the whole year,all year long",1
全球,入,4,1858,n,quán qiú,"entire,total,global,the (whole) world,worldwide",1
全身,入,4,3082,n,quán shēn,"the whole body,(typography) em",1
全世界,入,5,2337,n,quán shì jiè,"worldwide,entire world",1
全体,入,5,3036,n,quán tǐ,"all,entire",1
全文,入,7,24504,n,quán wén,"entire text,full text",1
全心全意,入,7,11148,l,quán xīn quán yì,"heart and soul,wholeheartedly",1
全新,入,5,2862,b,quán xīn,"all new,completely new",1
全长,入,7,23343,n,quán cháng,"overall length,span",1
权,木,5,1198,n,Quán,surname Quan,2
权衡,木,7,17687,v,quán héng,"to consider,to weigh (a matter),to balance (pros and cons)",1
权力,木,6,2229,n,quán lì,"power,authority",1
权利,木,5,1696,n,quán lì,"right (i.e. an entitlement to sth),(classical) power and wealth",1
权威,木,7,5493,n,quán wēi,"authority,authoritative,power and prestige",1
权益,木,7,6690,n,quán yì,"rights,interests,rights and benefits",1
泉,水,5,7156,g,quán,"spring (small stream),mouth of a spring,coin (archaic)",1
拳,手,7,3246,n,quán,"fist,boxing",1
拳头,手,7,7826,n,quán tou,"fist,clenched fist,competitive (product)",1
犬,犬,6,4105,g,quǎn,"dog,Kangxi radical 94",1
劝,力,5,3745,v,quàn,"to advise,to urge,to try to persuade,to exhort,to console,to soothe",1
劝告,力,7,20177,vn,quàn gào,"to advise,to urge,to exhort,exhortation,advice",1
劝说,力,7,12642,v,quàn shuō,"to persuade,persuasion,to advise",1
劝阻,力,7,21438,v,quàn zǔ,"to advise against,to dissuade",1
券,刀,6,6835,g,quàn,"bond (esp. document split in two, with each party holding one half),contract,deed (i.e. title deeds),ticket,voucher",2
缺,缶,4,2448,v,quē,"deficiency,lack,scarce,vacant post,to run short of",1
缺点,缶,4,5178,n,quē diǎn,"weak point,fault,shortcoming,disadvantage",1
缺乏,缶,5,2593,v,quē fá,to lack; to be short of,1
缺口,缶,7,11446,n,quē kǒu,"nick,jag,gap,shortfall",1
缺少,缶,4,4326,v,quē shǎo,"lack,shortage of,shortfall,to be short (of),to lack",1
缺失,缶,7,12865,n,quē shī,"lack; deficiency,shortcoming; flaw; defect,to be deficient; to lack",1
缺席,缶,7,9842,v,quē xí,to be absent,1
缺陷,缶,6,5536,n,quē xiàn,defect; flaw,1
瘸,疒,7,19513,v,qué,lame,1
却,卩,4,199,d,què,old variant of 却,2
却是,卩,6,1000000,,què shì,"nevertheless,actually,the fact is ...",1
确保,石,5,1674,v,què bǎo,to ensure; to guarantee,1
确定,石,5,651,v,què dìng,"definite,certain,fixed,to fix (on sth),to determine,to be sure,to ensure,to make certain,to ascertain,to clinch",1
确立,石,6,12943,v,què lì,"to establish,to institute",1
确切,石,7,5982,a,què qiè,"definite,exact,precise",1
确认,石,5,2006,v,què rèn,"to confirm,to verify,confirmation",1
确实,石,4,850,ad,què shí,"indeed,really,reliable,real,true",1
确信,石,7,9028,v,què xìn,"to be convinced,to be sure,to firmly believe,to be positive that,definite news",1
确凿,石,7,17369,a,què záo,"definite,conclusive,undeniable,authentic,also pr. [què zuò]",1
确诊,石,7,9753,v,què zhěn,"to make a definite diagnosis,confirmed (case of a specific disease)",1
裙子,衤,3,5466,n,qún zi,skirt,1
群,羊,5,1165,q,qún,variant of 群,2
群体,羊,5,5755,n,qún tǐ,"community,colony",1
群众,羊,6,3975,n,qún zhòng,"mass,multitude,the masses",1
然而,灬,4,1818,c,rán ér,however; yet; but,1
然后,灬,3,275,c,rán hòu,then; after that; afterwards,1
燃放,火,7,24304,v,rán fàng,"to light,to set off (firecrackers etc)",1
燃料,火,6,5829,n,rán liào,fuel,1
燃气,火,7,18804,n,rán qì,"fuel gas (coal gas, natural gas, methane etc)",1
燃烧,火,5,4624,v,rán shāo,"to ignite,to combust,to burn,combustion,flaming",1
燃油,火,7,11633,n,rán yóu,fuel oil,1
染,木,6,4175,v,rǎn,"to dye,to catch (a disease),to acquire (bad habits etc),to contaminate,to add color washes to a painting",1
嚷,口,7,13472,v,rǎng,"to shout,to bellow,to make a big deal of sth,to make a fuss about sth",1
让,讠,2,54,v,ràng,"to yield,to permit,to let sb do sth,to have sb do sth,to make sb (feel sad etc)",1
让步,讠,7,10734,v,ràng bù,"to concede,to give in,to yield,a concession,(linguistics) concessive",1
让座,讠,6,33457,v,ràng zuò,to give up one's seat for sb,1
饶,饣,7,7774,v,Ráo,surname Rao,2
饶恕,饣,7,24201,v,ráo shù,"to forgive,to pardon,to spare",1
扰乱,扌,7,9719,v,rǎo luàn,"to disturb,to perturb,to harass",1
绕,纟,5,3312,v,rào,"to wind,to coil (thread),to rotate around,to spiral,to move around,to go round (an obstacle),to by-pass",2
绕行,纟,7,22711,v,rào xíng,"to take a circular (or circuitous) route,to do a circuit,(of a planet) to orbit,(of a sailor) to circumnavigate",1
惹,心,7,3183,v,rě,"to provoke,to irritate,to vex,to stir up,to anger,to attract (troubles),to cause (problems)",1
惹祸,心,6,29923,v,rě huò,"to stir up trouble,to invite disaster",1
热,灬,1,938,a,rè,"to warm up,to heat up,hot (of weather),heat,fervent",1
热爱,灬,5,4185,v,rè ài,"to love ardently,to adore",1
热潮,灬,7,12716,n,rè cháo,"upsurge,popular craze",1
热带,灬,7,8536,n,rè dài,"the tropics,tropical",1
热点,灬,6,10916,n,rè diǎn,"hot spot,point of special interest",1
热泪盈眶,灬,7,25380,l,rè lèi yíng kuàng,"eyes brimming with tears of excitement (idiom),extremely moved",1
热量,灬,5,8063,n,rè liàng,"heat,quantity of heat,calorific value",1
热烈,灬,5,4022,a,rè liè,"enthusiastic,ardent,warm",1
热门,灬,6,6594,a,rè mén,popular; hot; in vogue,1
热闹,灬,4,6073,a,rè nao,"bustling with noise and excitement,lively",1
热气,灬,7,17239,n,rè qì,"steam,heat",1
热气球,灬,7,19181,n,rè qì qiú,hot air balloon,1
热情,灬,3,2149,an,rè qíng,"cordial,enthusiastic,passion,passionate,passionately",1
热水,灬,6,7195,n,rè shuǐ,hot water,1
热水器,灬,6,18075,n,rè shuǐ qì,water heater,1
热腾腾,灬,7,24091,z,rè téng téng,"steaming hot,(fig.) bustling,hectic,(fig.) excited,stirred up,(fig.) created only a short time before,freshly minted",1
热线,灬,6,4084,n,rè xiàn,hotline (communications link),1
热心,灬,5,7849,a,rè xīn,enthusiastic; ardent; zealous,1
热衷,灬,7,12985,v,rè zhōng,"to feel strongly about,to be fond of,obsession,deep commitment",1
人,人,1,19,n,rén,person; people,1
人才,人,5,2673,n,rén cái,"talent,talented person,looks,attractive looks",1
人次,人,7,37900,qv,rén cì,"person-times,visits,classifier for number of people participating",1
人道,人,7,12917,n,rén dào,"human sympathy,humanitarianism,humane,the ""human way"", one of the stages in the cycle of reincarnation (Buddhism)",1
人格,人,7,5144,n,rén gé,"personality,integrity,dignity",1
人工,人,5,5772,b,rén gōng,"artificial,manpower,manual work",1
人工智能,人,6,23584,n,rén gōng zhì néng,artificial intelligence (AI),1
人家,人,6,1850,r,rén jiā,"household,dwelling,family,sb else's house,household business,house of woman's husband-to-be",2
人间,人,7,5471,n,rén jiān,"the human world,the earth",1
人均,人,6,20794,a,rén jūn,per capita,1
人口,人,5,2767,n,rén kǒu,"population,people",1
人类,人,5,1038,n,rén lèi,"humanity,human race,mankind",1
人力,人,5,7315,n,rén lì,"manpower,labor power",1
人们,人,2,474,n,rén men,people,1
人民,人,5,970,n,rén mín,the people,1
人民币,人,5,21641,n,rén mín bì,"Renminbi (RMB),Chinese Yuan (CNY)",1
人品,人,7,10830,n,rén pǐn,"moral standing,moral quality,character,personality,appearance,looks (colloquial),bearing",1
人气,人,7,10467,n,rén qì,"popularity,personality,character",1
人情,人,7,7358,n,rén qíng,"human emotions,social relationship,friendship,favor,a good turn",1
人权,人,7,7841,n,rén quán,human rights,1
人群,人,5,2966,n,rén qún,crowd,1
人身,人,7,7914,n,rén shēn,"person,personal,human body",1
人生,人,4,926,n,rén shēng,life (one's time on earth),1
人士,人,6,2129,n,rén shì,"person,figure,public figure",1
人事,人,6,7842,n,rén shì,"personnel,human resources,human affairs,ways of the world,(euphemism) sexuality,the facts of life",1
人手,人,7,8837,n,rén shǒu,"manpower,staff,human hand",1
人数,人,4,3139,n,rén shù,number of people,1
人体,人,5,3594,n,rén tǐ,human body,1
人为,人,6,9224,b,rén wéi,"artificial,man-made,having human cause or origin,human attempt or effort",1
人文,人,7,18807,n,rén wén,"humanities,human affairs,culture",1
人物,人,5,1410,n,rén wù,"person; personage; figure (esp. sb of importance),character (in a play, novel etc)",1
人行道,人,6,10935,n,rén xíng dào,sidewalk,1
人性,人,7,5302,n,rén xìng,"human nature,humanity,human,the totality of human attributes",1
人选,人,7,5303,n,rén xuǎn,"choice of person,candidate",1
人员,人,4,671,n,rén yuán,"staff,crew,personnel",1
人缘儿,人,7,1000000,,rén yuán r,"erhua variant of 人缘,relations with other people",1
人造,人,7,9994,b,rén zào,"man-made,artificial,synthetic",1
人质,人,7,5750,n,rén zhì,hostage,1
仁慈,亻,7,14134,a,rén cí,"benevolent,charitable,kind,kindly,kindness,merciful",1
忍,心,5,2712,v,rěn,"to bear,to endure,to tolerate,to restrain oneself",1
忍不住,心,5,4096,v,rěn bu zhù,"cannot help,unable to bear",1
忍饥挨饿,心,7,77899,,rěn jī ái è,"starving,famished",1
忍耐,心,7,9047,v,rěn nài,"to endure,to bear with,to exercise patience,to restrain oneself,patience,endurance",1
忍受,心,6,4498,v,rěn shòu,"to bear,to endure",1
忍心,心,7,11017,v,rěn xīn,"to have the heart to do sth,to steel oneself to a task",1
认,讠,5,3212,v,rèn,"to recognize,to know,to admit",1
认出,讠,3,6504,v,rèn chū,"recognition,to recognize",1
认错,讠,6,11871,v,rèn cuò,"to admit an error,to acknowledge one's mistake",1
认得,讠,3,9203,v,rèn de,"to recognize,to remember sth (or sb) on seeing it,to know",1
认定,讠,6,4272,v,rèn dìng,"to maintain (that sth is true),to determine (a fact),determination (of an amount),of the firm opinion,to believe firmly",1
认可,讠,6,5077,v,rèn kě,"to approve,approval,acknowledgment,OK",1
认识,讠,1,463,v,rèn shi,"to know,to recognize,to be familiar with,to get acquainted with sb,knowledge,understanding,awareness,cognition",1
认同,讠,6,5855,v,rèn tóng,"to approve of,to endorse,to acknowledge,to recognize,to identify oneself with",1
认为,讠,3,168,v,rèn wéi,to believe; to think; to consider; to feel,1
认真,讠,3,1020,a,rèn zhēn,"conscientious,earnest,serious,to take seriously,to take to heart",1
认证,讠,7,7871,vn,rèn zhèng,"to authenticate,to approve",1
认知,讠,6,8061,vn,rèn zhī,"cognition,cognitive,understanding,perception,awareness,to be cognizant of,to recognize,to realize",1
任,亻,7,1943,v,Rén,"surname Ren,Ren County 任县 in Hebei",2
任何,亻,4,356,r,rèn hé,"any,whatever,whichever,whatsoever",1
任命,亻,7,6667,v,rèn mìng,"to appoint,(job) appointment",1
任期,亻,7,12192,n,rèn qī,"term of office,tenure (entire period in office)",1
任人宰割,亻,7,42917,v,rèn rén zǎi gē,"to get trampled on (idiom),to be taken advantage of",1
任务,亻,4,664,n,rèn wu,mission; assignment; task; duty; role,1
任性,亻,7,10527,a,rèn xìng,"willful,headstrong,unruly",1
任意,亻,7,6455,d,rèn yì,"any,arbitrary,at will,at random",1
任职,亻,7,10508,v,rèn zhí,to hold a post; to take office,1
任重道远,亻,7,35050,v,rèn zhòng dào yuǎn,"a heavy load and a long road,fig. to bear heavy responsibilities through a long struggle (cf Confucian Analects, 8.7)",1
韧性,韦,7,27310,n,rèn xìng,toughness,1
扔,扌,4,2405,v,rēng,"to throw,to throw away",1
仍,亻,4,1050,d,réng,"still; yet,to remain,(literary) frequently; often",1
仍旧,亻,6,7743,d,réng jiù,"still (remaining),to remain (the same),yet",1
仍然,亻,4,1029,d,réng rán,still; as before; yet,1
日,日,1,395,t,Rì,"abbr. for 本, Japan",2
日报,日,2,9879,n,rì bào,daily newspaper,1
日常,日,4,5145,b,rì cháng,day-to-day; daily; everyday,1
日程,日,7,8938,n,rì chéng,"schedule,itinerary",1
日复一日,日,7,20223,v,rì fù yī rì,day after day,1
日后,日,6,12451,t,rì hòu,"sometime,someday (in the future)",1
日记,日,4,4636,n,rì jì,diary,1
日历,日,5,13555,n,rì lì,calendar,1
日期,日,4,3928,n,rì qī,date,1
日前,日,6,22586,t,rì qián,"the other day,a few days ago",1
日趋,日,7,21011,d,rì qū,"(increasing) day by day,(more critical) with every passing day,gradually",1
日新月异,日,7,28296,v,rì xīn yuè yì,"daily renewal, monthly change (idiom),every day sees new developments,rapid progress",1
日夜,日,6,12281,d,rì yè,"day and night,around the clock",1
日益,日,6,8810,d,rì yì,"day by day,more and more,increasingly,more and more with each passing day",1
日用品,日,5,24114,n,rì yòng pǐn,articles for daily use,1
日语,日,6,10842,nz,Rì yǔ,Japanese language,1
日子,日,4,1197,n,rì zi,"day,a (calendar) date,days of one's life",1
荣获,艹,7,19118,v,róng huò,be honored with,1
荣幸,艹,7,6767,a,róng xìng,honored (to have the privilege of ...),1
荣誉,艹,6,3668,n,róng yù,"honor,credit,glory,(honorable) reputation,honorary",1
容光焕发,宀,7,29949,v,róng guāng huàn fā,"face glowing (idiom); looking radiant,all smiles",1
容量,宀,6,11832,n,róng liàng,"capacity,volume,quantitative (science)",1
容貌,宀,7,14234,n,róng mào,"one's appearance,one's aspect,looks,features",1
容纳,宀,7,12247,v,róng nà,"to hold,to contain,to accommodate,to tolerate (different opinions)",1
容器,宀,7,8444,n,róng qì,"receptacle,vessel,(computing) container",1
容忍,宀,7,6689,v,róng rěn,"to put up with,to tolerate",1
容许,宀,7,14246,v,róng xǔ,"to permit,to allow",1
容颜,宀,7,19563,n,róng yán,"mien,complexion",1
容易,宀,3,664,a,róng yì,"easy; straightforward,likely; liable to; apt to",1
溶解,氵,7,12802,v,róng jiě,to dissolve,1
融,鬲,7,8118,v,róng,"to melt,to thaw,to blend,to merge,to be in harmony",2
融合,鬲,6,6003,v,róng hé,"a mixture,an amalgam,fusion,welding together,to be in harmony with (nature),to harmonize with,to fit in",1
融化,鬲,6,8983,v,róng huà,"to melt,to thaw,to dissolve,to blend into,to combine,to fuse",1
融洽,鬲,7,12145,a,róng qià,"harmonious,friendly relations,on good terms with one another",1
融入,鬲,6,4761,v,róng rù,"to blend into,to integrate,to assimilate,to merge",1
冗长,冖,7,26319,a,rǒng cháng,"long and tedious,redundant,superfluous,supernumerary,verbose (of writing)",1
柔和,木,7,11857,a,róu hé,"gentle,soft",1
柔软,木,6,7257,a,róu ruǎn,soft,1
揉,扌,7,8985,v,róu,"to knead,to massage,to rub",1
肉,肉,2,1215,n,ròu,"meat,flesh,pulp (of a fruit),(coll.) (of a fruit) squashy,(of a person) flabby,irresolute,Kangxi radical 130",1
如,女,5,399,v,rú,"as,as if,such as",1
如此,女,5,493,r,rú cǐ,like this; so; such,1
如果,女,3,89,c,rú guǒ,"if,in case,in the event that",1
如果说,女,7,1000000,,rú guǒ shuō,"if,if one were to say",1
如何,女,5,391,r,rú hé,"how,what way,what",1
如今,女,5,2487,t,rú jīn,"nowadays,now",1
如实,女,7,13941,d,rú shí,"as things really are,realistic",1
如同,女,5,3867,v,rú tóng,"like,as",1
如下,女,5,5960,v,rú xià,as follows,1
如一,女,7,11594,,rú yī,"consistent,the same,unvarying",1
如意,女,7,11543,a,rú yì,"as one wants; according to one's wishes,ruyi scepter, a symbol of power and good fortune",1
如愿以偿,女,7,18537,v,rú yuàn yǐ cháng,to have one's wish fulfilled,1
如醉如痴,女,7,73273,,rú zuì rú chī,"lit. as if drunk and stupefied (idiom),intoxicated by sth,obsessed with,mad about sth,also written 如痴如醉",1
儒家,亻,7,11085,,Rú jiā,"Confucian school, founded by Confucius 子 (551-479 BC) and Mencius 子 (c. 372-c. 289 BC)",1
儒学,亻,7,20258,,Rú xué,Confucianism,1
乳制品,乚,7,27890,n,rǔ zhì pǐn,dairy products,1
入,入,4,756,v,rù,"to enter,to go into,to join,to become a member of,to confirm or agree with,abbr. for 入声",1
入场,入,7,12245,v,rù chǎng,"to enter the venue for a meeting,to enter into an examination,to enter a stadium, arena etc",1
入场券,入,7,14998,n,rù chǎng quàn,admission ticket,1
入境,入,6,11650,v,rù jìng,to enter a country,1
入口,入,4,5927,n,rù kǒu,"entrance,to import",1
入门,入,6,14461,v,rù mén,"entrance door,to enter a door,introduction (to a subject),to learn the basics of a subject",1
入侵,入,7,5805,v,rù qīn,to invade,1
入手,入,7,9020,v,rù shǒu,"to begin (with ...) (typically used in a structure such as 从 + {noun} + 手: ""to begin with {noun}; to take {noun} as one'",1
入选,入,6,8521,v,rù xuǎn,to be included among those selected for,1
入学,入,4,8206,v,rù xué,"to enter a school or college,to go to school for the first time as a child",1
软,车,5,3178,a,ruǎn,"soft,flexible",2
软件,车,5,3539,n,ruǎn jiàn,(computer) software,1
软弱,车,7,8294,a,ruǎn ruò,"weak,feeble,flabby",1
软实力,车,7,1000000,,ruǎn shí lì,soft power (in international relations),1
瑞雪,王,7,47630,,ruì xuě,timely snow,1
润,氵,7,6937,v,rùn,"moist; glossy; sleek,to moisten; to lubricate,to embellish; to enhance,profit; remuneration",1
若,艹,7,1349,c,ruò,"to seem,like,as,if",1
若干,艹,7,10305,m,ruò gān,"a certain number or amount,how many?,how much?",1
弱,弓,5,2968,a,ruò,"weak; feeble,young,inferior; not as good as,(following a decimal or fraction) slightly less than",1
弱点,弓,6,7156,n,ruò diǎn,"weak point,failing",1
弱势,弓,7,20733,n,ruò shì,"vulnerable,weak",1
撒,扌,6,2662,v,sā,"to let go,to cast,to let loose,to discharge,to give expression to,(coll.) to pee",2
撒谎,扌,7,8163,v,sā huǎng,to tell lies,1
洒,氵,5,6215,v,sǎ,"to sprinkle,to spray,to spill,to shed",1
塞,土,6,2163,v,Sāi,"Serbia,Serbian,abbr. for 塞尔维亚",4
腮,⺼,6,19518,n,sāi,cheek,2
赛,贝,7,1181,vn,sài,"to compete,competition,match,to surpass,better than,superior to,to excel",1
赛场,贝,5,7283,n,sài chǎng,"racetrack,field (for athletics competition)",1
赛车,贝,7,5140,n,sài chē,"auto race,cycle race,race car",1
赛跑,贝,7,16992,v,sài pǎo,"race (running),to race (running)",1
三,一,1,233,m,Sān,surname San,2
三番五次,一,7,52808,l,sān fān wǔ cì,over and over again (idiom),1
三角,一,7,7531,n,sān jiǎo,triangle,1
三明治,一,6,13871,n,sān míng zhì,sandwich (loanword),1
三维,一,7,14872,mq,sān wéi,"three-dimensional,3D",1
伞,人,3,6101,n,sǎn,"umbrella,parasol",2
散,攵,6,2965,v,sàn,variant of 散,3
散布,攵,7,11482,v,sàn bù,to disseminate,1
散步,攵,4,6153,v,sàn bù,to take a walk; to go for a walk,1
散发,攵,6,6694,v,sàn fā,"to distribute,to emit,to issue",1
散文,攵,6,16676,n,sǎn wén,"prose,essay",1
桑拿,木,7,17234,n,sāng ná,sauna (loanword),1
嗓子,口,6,8030,n,sǎng zi,"throat,voice",1
丧生,十,7,10199,v,sàng shēng,"to die,to lose one's life",1
丧失,十,6,5269,v,sàng shī,"to lose,to forfeit",1
骚乱,马,7,11988,vn,sāo luàn,"disturbance; riot,to create a disturbance",1
骚扰,马,7,6620,v,sāo rǎo,"to disturb,to cause a commotion,to harass",1
扫,扌,3,4584,v,sǎo,to sweep,2
扫除,扌,7,20281,v,sǎo chú,"to sweep,to clean with a brush,to sweep away (often fig.)",1
扫描,扌,6,4864,vn,sǎo miáo,to scan,1
扫墓,扌,7,29945,v,sǎo mù,to sweep a grave (and pay one's respects to the dead person),1
扫兴,扌,7,21314,a,sǎo xìng,"to spoil things; to dampen spirits,to feel deflated; to be dispirited",1
嫂子,女,7,14522,n,sǎo zi,(coll.) older brother's wife; sister-in-law,1
色,色,4,1863,g,sè,"color,look,appearance,sex",2
色彩,色,5,4732,n,sè cǎi,"tint; coloring; coloration,(fig.) flavor; character",1
森林,木,4,3183,n,sēn lín,forest,1
僧人,亻,7,20566,n,sēng rén,monk,1
杀,木,6,557,v,shā,"to kill,to murder,to attack,to weaken or reduce,to smart (dialect),(used after a verb) extremely",1
杀毒,木,7,1000000,,shā dú,"to disinfect,(computing) to destroy a computer virus",1
杀害,木,7,5148,v,shā hài,to murder,1
杀手,木,7,3723,n,shā shǒu,"killer,murderer,hit man,(sports) formidable player",1
沙发,氵,3,3832,n,shā fā,"sofa (loanword),(Internet slang) the first reply or replier to a forum post",1
沙龙,氵,7,8762,n,shā lóng,salon (loanword),1
沙漠,氵,5,5824,n,shā mò,desert,1
沙滩,氵,7,6517,n,shā tān,"beach,sandy shore",1
沙子,氵,5,11546,n,shā zi,"sand,grit",1
纱,纟,7,8482,n,shā,"cotton yarn,muslin",1
刹车,刂,6,6961,n,shā chē,"to brake (when driving),to stop,to switch off,to check (bad habits),a brake",1
刹那,刂,7,25638,t,chà nà,an instant (Sanskrit: ksana); split second; the twinkling of an eye,1
砂糖,石,7,31940,n,shā táng,granulated sugar,1
鲨鱼,鱼,6,9035,n,shā yú,shark,1
傻,亻,5,1197,a,shǎ,foolish,1
傻瓜,亻,7,5273,n,shǎ guā,"idiot,fool",1
啥,口,6,990,r,shá,"dialectal equivalent of 什么,also pr. [shà]",1
筛,⺮,7,16197,v,shāi,"(bound form) a sieve,to sieve; to sift; to filter,to eliminate through selection",1
筛选,⺮,6,9637,v,shāi xuǎn,to filter,1
晒,日,5,3679,v,shài,variant of 晒,2
晒太阳,日,7,12972,v,shài tài yáng,"to be in the sun (getting warm or sunbathing etc),to put sth in the sun (e.g. to dry it)",1
山,山,3,1030,n,Shān,surname Shan,2
山川,山,7,27081,n,shān chuān,"mountains and rivers,landscape",1
山顶,山,6,9938,n,shān dǐng,hilltop,1
山峰,山,6,18234,n,shān fēng,(mountain) peak,1
山冈,山,7,79223,n,shān gāng,"mound,small hill",1
山谷,山,7,10210,n,shān gǔ,"valley,ravine",1
山岭,山,7,38767,n,shān lǐng,mountain ridge,1
山路,山,7,15264,n,shān lù,mountain road,1
山脉,山,7,17979,n,shān mài,mountain range,1
山坡,山,6,13550,n,shān pō,hillside,1
山区,山,5,10416,n,shān qū,mountain area,1
山寨,山,7,20616,n,shān zhài,"fortified hill village,mountain stronghold (esp. of bandits),(fig.) knockoff (goods),counterfeit,imitation",1
删,刂,5,5923,v,shān,to delete,1
删除,刂,5,7087,v,shān chú,"to delete,to cancel",1
煽动,火,7,14589,v,shān dòng,"to incite,to instigate",1
闪,门,6,2909,v,Shǎn,surname Shan,2
闪电,门,6,6256,n,shǎn diàn,lightning,1
闪烁,门,7,10116,v,shǎn shuò,"flickering,twinkling,evasive,vague (of speech)",1
扇,户,5,3773,q,shān,"to fan,to slap sb on the face",2
扇子,户,5,24273,n,shàn zi,fan,1
善,口,7,3510,g,shàn,"good (virtuous),benevolent,well-disposed,good at sth,to improve or perfect",1
善良,口,5,4078,a,shàn liáng,"good and honest,kindhearted",1
善意,口,7,10577,n,shàn yì,"goodwill,benevolence,kindness",1
善于,口,5,5447,v,shàn yú,to be good at; to be adept at,1
擅长,扌,5,4999,v,shàn cháng,to be good at; to be expert in,1
擅自,扌,7,7694,d,shàn zì,without permission,1
膳食,⺼,7,20604,n,shàn shí,meals; food,1
赡养,贝,7,27145,v,shàn yǎng,"to support,to provide support for,to maintain",1
伤,亻,5,715,v,shāng,"to injure,injury,wound",1
伤残,亻,7,19467,vn,shāng cán,"disabled,maimed,crippled,(of objects) damaged",1
伤感,亻,7,7547,a,shāng gǎn,"sad,emotional,sentimental,pathos",1
伤害,亻,5,1296,v,shāng hài,"to injure,to harm",1
伤痕,亻,7,8140,n,shāng hén,"scar,bruise",1
伤口,亻,6,3710,n,shāng kǒu,"wound,cut",1
伤脑筋,亻,7,26254,v,shāng nǎo jīn,"to be a real headache,to find sth a real headache,to beat one's brains",1
伤势,亻,7,9849,n,shāng shì,condition of an injury,1
伤亡,亻,6,5509,vn,shāng wáng,"casualties,injuries and deaths",1
伤心,亻,4,2543,a,shāng xīn,"to grieve,to be broken-hearted,to feel deeply hurt",1
伤员,亻,6,11892,n,shāng yuán,wounded person,1
商标,口,6,7527,n,shāng biāo,"trademark,logo",1
商场,口,2,4093,n,shāng chǎng,"shopping mall,shopping center,department store,emporium,the business world",1
商城,口,6,13413,n,Shāng chéng,see 商城县,2
商店,口,1,3479,n,shāng diàn,store; shop,1
商贩,口,7,26598,n,shāng fàn,"trader,peddler",1
商贾,口,7,31449,,shāng gǔ,merchant,1
商量,口,4,4232,v,shāng liang,"to consult,to talk over,to discuss",1
商品,口,4,3735,n,shāng pǐn,"commodity,goods,merchandise",1
商人,口,5,5221,n,shāng rén,"merchant,businessman",1
商讨,口,7,12695,v,shāng tǎo,"to discuss,to deliberate",1
商务,口,5,5810,n,shāng wù,"commercial affairs,commercial,commerce,business",1
商业,口,5,2129,n,shāng yè,"business,trade,commerce",1
赏,贝,5,8287,v,shǎng,"to bestow (a reward),to give (to an inferior),to hand down,a reward (bestowed by a superior),to appreciate (beauty)",1
上,一,1,29,f,shǎng,used in 上声,2
上班,一,1,1495,v,shàng bān,"to go to work,to be on duty,to start work,to go to the office",1
上班族,一,6,26506,n,shàng bān zú,office workers (as social group),1
上报,一,7,8421,v,shàng bào,"to report to one's superiors,to appear in the news,to reply to a letter",1
上边,一,1,14760,f,shàng bian,"the top,above,overhead,upwards,the top margin,above-mentioned,those higher up",1
上场,一,7,4521,v,shàng chǎng,"on stage,to go on stage,to take the field",1
上车,一,1,5091,v,shàng chē,"to get on or into (a bus, train, car etc)",1
上次,一,1,2829,t,shàng cì,last time,1
上当,一,6,9629,v,shàng dàng,"taken in (by sb's deceit),to be fooled,to be duped",1
上帝,一,6,2412,n,Shàng dì,God,1
上调,一,7,18670,v,shàng tiáo,"to raise (prices),to adjust upwards",1
上方,一,7,7459,f,shàng fāng,"place above (it),upper part (of it)",1
上岗,一,7,15147,v,shàng gǎng,"to take up one's post; to go on duty,to take up a job",1
上个月,一,4,6260,t,shàng gè yuè,last month,1
上火,一,7,21836,v,shàng huǒ,"to get angry,to suffer from excessive internal heat (TCM)",1
上级,一,6,5572,n,shàng jí,"higher authorities,superiors",1
上进心,一,6,32278,n,shàng jìn xīn,"motivation,ambition",1
上课,一,1,3042,v,shàng kè,"to go to class,to attend class,to go to teach a class",1
上空,一,7,8137,s,shàng kōng,"overhead,in the sky",1
上来,一,2,3160,v,shàng lái,"to come up,to approach,(verb complement indicating success)",1
上流,一,7,16770,b,shàng liú,upper class,1
上楼,一,4,11082,v,shàng lóu,to go upstairs,1
上门,一,4,5566,v,shàng mén,"to drop in,to visit,to lock a door,(of a shop) to close,to go and live with one's wife's family",1
上面,一,2,1248,f,shàng miàn,"on top of,above-mentioned,also pr. [shàng mian]",1
上期,一,7,52270,b,shàng qī,"previous period (week, month or quarter etc)",1
上去,一,2,2127,v,shàng qù,to go up,1
上任,一,7,10580,v,shàng rèn,"to take office,previous (incumbent),predecessor",1
上升,一,5,2810,v,shàng shēng,"to rise,to go up,to ascend",1
上市,一,6,5443,v,shàng shì,"to hit the market (of a new product),to float (a company on the stock market)",1
上述,一,6,9009,b,shàng shù,"aforementioned,above-mentioned",1
上司,一,7,6766,n,shàng si,"boss,superior",1
上诉,一,7,6654,v,shàng sù,"to appeal (a judicial case),appeal",1
上台,一,6,6130,v,shàng tái,"to rise to power (in politics),to go on stage (in the theater)",1
上头,一,7,14639,f,shàng tóu,"(of alcohol) to go to one's head,(old) (of a bride-to-be) to bind one's hair into a bun",2
上网,一,2,4061,v,shàng wǎng,"to go online,to connect to the Internet,(of a document etc) to be uploaded to the Internet,(tennis",1
上午,一,1,2188,t,shàng wǔ,morning,1
上下,一,5,4808,f,shàng xià,"up and down,top and bottom,old and young,length,about",1
上限,一,7,14585,n,shàng xiàn,upper bound,1
上学,一,1,2965,v,shàng xué,"to go to school,to attend school",1
上旬,一,6,40081,t,shàng xún,first third of a month,1
上演,一,7,4710,v,shàng yǎn,"to screen (a movie),to stage (a play),a screening,a staging",1
上衣,一,3,7489,n,shàng yī,"jacket,upper outer garment",1
上瘾,一,7,11015,v,shàng yǐn,"to get into a habit,to become addicted",1
上映,一,7,7954,v,shàng yìng,to screen; to show (a movie),1
上游,一,7,10579,f,shàng yóu,"upper reaches (of a river),upper level,upper echelon,upstream",1
上涨,一,5,7924,v,shàng zhǎng,"to rise,to go up",1
上周,一,2,2348,t,shàng zhōu,last week,1
尚,⺌,7,3816,d,Shàng,surname Shang,2
尚未,⺌,7,5178,d,shàng wèi,not yet; still not,1
捎,扌,7,12623,v,shāo,"to bring sth to sb,to deliver",1
烧,火,5,1488,v,shāo,"to burn,to cook,to stew,to bake,to roast,to heat,to boil (tea, water etc),fever,to run a temperature",1
烧毁,火,7,11071,v,shāo huǐ,"to burn,to burn down",1
烧烤,火,5,7139,vn,shāo kǎo,"barbecue,to roast",1
梢,木,6,17485,g,shāo,tip of branch,1
稍,禾,4,2631,d,shāo,"somewhat,a little",2
稍后,禾,7,8877,d,shāo hòu,"in a little while,in a moment,later on",1
稍候,禾,7,32771,v,shāo hòu,to wait a moment,1
稍稍,禾,7,10832,d,shāo shāo,"somewhat,a little,slightly",1
稍微,禾,4,4305,d,shāo wēi,a little bit,1
勺,勹,6,10742,q,sháo,"spoon,ladle,abbr. for 勺, centiliter (unit of volume)",1
勺子,勹,3,15680,n,sháo zi,"scoop,ladle",1
少,小,1,538,a,shǎo,"few,less,to lack,to be missing,to stop (doing sth),seldom",2
少不了,小,7,16510,v,shǎo bu liǎo,"cannot do without,to be unavoidable,are bound to be many",1
少儿,小,6,18747,n,shào ér,child,1
少见,小,4,8205,a,shǎo jiàn,"rare; seldom seen,(formal) it's a rare pleasure to see you",1
少量,小,4,8502,m,shǎo liàng,"a smidgen,a little bit,a few",1
少林寺,小,7,24852,n,Shào lín Sì,"Shaolin Temple, Buddhist monastery famous for its kung fu monks",1
少年,小,4,3675,n,shào nián,"early youth,youngster,(literary) youth,young man",1
少女,小,7,3926,n,shào nǚ,"girl,young lady",1
少数,小,4,5240,m,shǎo shù,"small number,few,minority",1
少有,小,7,14941,a,shǎo yǒu,"rare,infrequent",1
哨,口,7,12583,g,shào,"a whistle,sentry",1
奢侈,大,7,9105,a,shē chǐ,"luxurious,extravagant",1
奢望,大,7,12950,v,shē wàng,"an extravagant hope,to have excessive expectations",1
舌头,舌,6,6358,n,shé tou,"tongue,enemy soldier captured for the purpose of extracting information",1
蛇,虫,5,3448,n,shé,variant of 蛇,2
舍不得,舌,5,8924,v,shě bu de,"to hate to do sth,to hate to part with,to begrudge",1
舍得,舌,5,11956,v,shě de,to be willing to part with sth,1
设,讠,7,2512,v,shè,"to set up; to put in place,(math.) given; suppose; if",1
设备,讠,5,1590,n,shè bèi,equipment; facilities; installations,1
设定,讠,7,5771,v,shè dìng,"to set,to set up,to install,setting,preferences",1
设法,讠,7,7616,v,shè fǎ,"to try,to make an attempt,to think of a way (to accomplish sth)",1
设计,讠,5,765,v,shè jì,"to design; to plan,design; plan",1
设计师,讠,6,3717,n,shè jì shī,"designer,architect",1
设立,讠,5,5179,v,shè lì,to set up; to establish,1
设施,讠,5,3321,n,shè shī,"facilities,installation",1
设想,讠,6,7375,v,shè xiǎng,"to imagine,to assume,to envisage,tentative plan,to have consideration for",1
设置,讠,5,3247,v,shè zhì,to set up; to install,1
社,礻,6,3615,n,shè,"(bound form) society; organization; agency,(old) god of the land",1
社会,礻,4,836,n,shè huì,society,1
社会主义,礻,7,7317,n,shè huì zhǔ yì,socialism,1
社交,礻,7,6894,n,shè jiāo,"interaction,social contact",1
社论,礻,7,17368,n,shè lùn,editorial (in a newspaper),1
社区,礻,5,1886,n,shè qū,"community,neighborhood",1
社团,礻,7,9726,n,shè tuán,"association,society,group,union,club,organization",1
射,寸,6,1718,v,shè,old variant of 射,2
射击,寸,6,5059,v,shè jī,"to shoot,to fire (a gun)",1
涉及,氵,6,3062,v,shè jí,"to involve,to touch upon (a topic)",1
涉嫌,氵,7,5080,v,shè xián,"to be a suspect (in a crime),to be suspected of",1
摄取,扌,6,20161,v,shè qǔ,"to absorb (nutrients etc),to assimilate,intake,to take a photograph of (a scene)",1
摄氏度,扌,4,14594,q,Shè shì dù,°C (degrees Celsius),1
摄像,扌,6,8249,v,shè xiàng,to videotape,1
摄像机,扌,5,6585,n,shè xiàng jī,video camera,1
摄影,扌,5,3191,v,shè yǐng,"to take a photograph,photography,to shoot (a movie)",1
摄影师,扌,5,5266,n,shè yǐng shī,"photographer,cameraman",1
申办,田,7,12953,,shēn bàn,"to apply for,to bid for",1
申报,田,7,11184,v,shēn bào,"to report (to the authorities),to declare (to customs)",1
申领,田,7,11401,,shēn lǐng,"to apply (for license, visa etc)",1
申请,田,4,1500,v,shēn qǐng,"to apply for sth,application form",1
伸,亻,5,4337,v,shēn,"to stretch,to extend",1
伸手,亻,7,7348,v,shēn shǒu,"to reach out with one's hand,to hold out a hand,(fig.) to beg,to get involved,to meddle",1
伸缩,亻,7,27067,vn,shēn suō,"to lengthen and shorten,flexible,adjustable,retractable,extensible,telescoping (collapsible)",1
伸张,亻,7,30806,v,shēn zhāng,"to uphold (e.g. justice or virtue),to promote",1
身边,身,3,982,s,shēn biān,"at one's side,on hand",1
身不由己,身,7,22648,v,shēn bù yóu jǐ,"without the freedom to act independently (idiom); involuntary,not of one's own volition,in spite of oneself",1
身材,身,5,3318,n,shēn cái,"stature,build (height and weight),figure",1
身份,身,5,1401,n,shēn fèn,"identity,aspect of one's identity (i.e. sth that one is – mayor, father, permanent resident etc),role",1
身份证,身,4,4226,n,shēn fèn zhèng,"identity card,ID",1
身高,身,3,5251,n,shēn gāo,(a person's) height,1
身价,身,7,11358,n,shēn jià,"social status,price of a slave,price of a person (a sportsman etc),worth,value (of stocks, valuables etc)",1
身躯,身,7,13643,n,shēn qū,body,1
身上,身,1,460,s,shēn shang,"on the body,at hand,among",1
身体,身,2,731,n,shēn tǐ,"the body,one's health,in person",1
身心,身,6,8004,n,shēn xīn,"body and mind,mental and physical",1
身影,身,7,9157,n,shēn yǐng,"silhouette,figure",1
身子,身,7,5938,n,shēn zi,"body,pregnancy,health",1
呻吟,口,7,12867,v,shēn yín,"to moan,to groan",1
绅士,纟,7,8945,n,shēn shì,gentleman,1
深,氵,4,1014,a,shēn,old variant of 深,2
深奥,氵,7,21352,a,shēn ào,"profound,abstruse,recondite,profoundly",1
深沉,氵,7,14042,a,shēn chén,"deep,profound,(of a person) reserved,undemonstrative,(of a voice, sound etc) deep,low-pitched",1
深处,氵,5,5150,s,shēn chù,"abyss,depths,deepest or most distant part",1
深度,氵,5,5852,n,shēn dù,"depth,(of a speech etc) profundity,advanced stage of development",1
深厚,氵,5,13803,a,shēn hòu,deep; profound,1
深化,氵,7,27143,v,shēn huà,"to deepen,to intensify",1
深刻,氵,5,2542,a,shēn kè,"profound,deep,deep-going",1
深切,氵,7,13392,a,shēn qiè,"deeply felt,heartfelt,sincere,honest",1
深情,氵,7,10238,n,shēn qíng,"deep emotion,deep feeling,deep love",1
深情厚谊,氵,7,70510,l,shēn qíng hòu yì,deep friendship,1
深入,氵,5,2940,v,shēn rù,"to penetrate deeply,thorough",1
深入人心,氵,7,27174,v,shēn rù rén xīn,"to enter deeply into people's hearts,to have a real impact on the people (idiom)",1
深深,氵,6,5249,d,shēn shēn,"deep,profound",1
深受,氵,7,9405,v,shēn shòu,to receive in no small measure,1
深思,氵,7,17135,v,shēn sī,"to ponder,to consider",1
深信,氵,7,15833,v,shēn xìn,to believe firmly,1
深夜,氵,6,6579,t,shēn yè,very late at night,1
深远,氵,5,13635,a,shēn yuǎn,"far-reaching,profound and long-lasting",1
什么,亻,1,55,r,shén me,"what?,something,anything",1
什么样,亻,2,1946,r,shén me yàng,what kind?; what sort?,1
甚至,甘,4,478,d,shèn zhì,even; so much so that,1
甚至于,甘,7,24305,d,shèn zhì yú,"so much (that),even (to the extent that)",1
神,礻,6,786,n,Shén,"God,abbr. for 舟",2
神话,礻,5,6046,n,shén huà,"legend,fairy tale,myth,mythology",1
神经,礻,6,2307,n,shén jīng,"nerve,mental state,(coll.) unhinged,nutjob",1
神秘,礻,5,2364,a,shén mì,"mysterious,mystery",1
神奇,礻,6,3002,a,shén qí,"magical,mystical,miraculous",1
神气,礻,7,23813,a,shén qì,"expression,manner,vigorous,impressive,lofty,pretentious",1
神情,礻,7,10176,n,shén qíng,look; expression,1
神色,礻,6,18956,n,shén sè,"expression,look",1
神圣,礻,7,6133,a,shén shèng,"divine,hallow,holy,sacred",1
神态,礻,7,22467,n,shén tài,"appearance,manner,bearing,deportment,look,expression,mien",1
神仙,礻,7,11834,n,shén xiān,"Daoist immortal,supernatural entity,(in modern fiction) fairy, elf, leprechaun etc,fig. lighthearted person",1
审,宀,7,6079,v,shěn,"to examine,to investigate,carefully,to try (in court)",1
审查,宀,7,5475,v,shěn chá,"to examine,to investigate,to censor out,censorship",1
审定,宀,7,30256,v,shěn dìng,"to examine sth and make a decision,to screen,to evaluate,to approve",1
审核,宀,7,9924,v,shěn hé,"to audit,to investigate thoroughly",1
审理,宀,7,6423,v,shěn lǐ,to hear (a case),1
审美,宀,6,19332,vn,shěn měi,"esthetics,appreciating the arts,taste",1
审判,宀,7,3741,vn,shěn pàn,"a trial,to try sb",1
审批,宀,7,13298,vn,shěn pī,"to examine and approve,to endorse",1
审视,宀,7,11636,v,shěn shì,"to look closely at,to examine",1
肾,⺼,7,4176,n,shèn,kidney,1
渗,氵,7,14195,v,shèn,"to seep,to ooze,to horrify",1
渗透,氵,7,8262,v,shèn tòu,"(lit. and fig.) to permeate,to seep into,(of a product, idea etc) to penetrate (in a population)",1
慎重,忄,7,9496,a,shèn zhòng,"cautious,careful,prudent",1
升,十,5,1863,v,shēng,"to ascend,to rise to the rank of,to promote,to hoist,liter,measure for dry grain equal to one-tenth dou 斗",3
升高,十,5,7541,v,shēng gāo,"to raise,to ascend",1
升级,十,5,3585,v,shēng jí,"to go up by one grade; to be promoted,to escalate (in intensity),(computing) to upgrade",1
升温,十,5,15396,v,shēng wēn,"to become hot,temperature rise,(fig.) to intensify,to hot up,to escalate,to get a boost",1
升学,十,6,25711,v,shēng xué,to enter the next grade school,1
升值,十,7,14403,v,shēng zhí,"to rise in value,to appreciate",1
生,生,4,558,v,shēng,"to be born,to give birth,life,to grow,raw,uncooked,student",1
生病,生,1,4336,v,shēng bìng,to fall ill,1
生产,生,5,2146,vn,shēng chǎn,"to produce; to manufacture,to give birth to a child",1
生成,生,6,10729,v,shēng chéng,"to generate; to produce; to form; to be formed; to come into being,to be born with; to be blessed with",1
生词,生,2,61776,n,shēng cí,"new word (in textbook),word that is unfamiliar or not yet studied",1
生存,生,5,2389,v,shēng cún,"to exist,to survive",1
生动,生,5,7805,a,shēng dòng,"vivid,lively",1
生活,生,3,203,vn,shēng huó,"to live,life,livelihood",1
生活费,生,6,14663,n,shēng huó fèi,"cost of living,living expenses,alimony",1
生机,生,7,12377,n,shēng jī,"opportunity to live,to reprieve from death,life force,vitality",1
生理,生,7,5461,n,shēng lǐ,physiology,1
生命,生,4,705,n,shēng mìng,"life (as the characteristic of living beings),living being; creature",1
生命线,生,7,28405,n,shēng mìng xiàn,lifeline,1
生怕,生,7,20681,v,shēng pà,"to fear,afraid,extremely nervous,for fear that,to avoid,so as not to",1
生平,生,7,15961,n,shēng píng,"life (a person's whole life),in one's entire life",1
生气,生,3,2113,a,shēng qì,"to get angry,to take offense,angry,vitality,liveliness",1
生前,生,7,8621,t,shēng qián,"(of a deceased) during one's life,while living",1
生日,生,2,1506,n,shēng rì,birthday,1
生疏,生,7,23514,a,shēng shū,"unfamiliar,strange,out of practice,not accustomed",1
生死,生,7,5796,n,shēng sǐ,life or death,1
生态,生,6,7354,n,shēng tài,ecology,1
生物,生,5,2117,n,shēng wù,"organism,living creature,life form,biological",1
生效,生,7,7791,v,shēng xiào,"to take effect,to go into effect",1
生锈,生,6,21204,v,shēng xiù,"to rust,to grow rusty,to corrode,oxidization",1
生涯,生,7,4401,n,shēng yá,"career,life (way in which sb lives),period of one's life",1
生意,生,4,2112,n,shēng yì,"life force,vitality",2
生硬,生,7,23872,a,shēng yìng,"stiff,harsh",1
生育,生,7,8140,vn,shēng yù,"to bear,to give birth,to grow,to rear,to bring up (children),fertility",1
生长,生,5,4189,v,shēng zhǎng,"to grow,to grow up,to be brought up",1
声,士,3,577,qv,shēng,"sound,voice,tone,noise,reputation,classifier for sounds",1
声称,士,7,5017,v,shēng chēng,"to claim,to state,to proclaim,to assert",1
声调,士,6,23243,n,shēng diào,"tone,note,a tone (on a Chinese syllable)",1
声明,士,7,2813,n,shēng míng,"to state,to declare,statement,declaration",1
声势,士,7,23742,n,shēng shì,"fame and power,prestige,influence,impetus,momentum",1
声望,士,7,13373,n,shēng wàng,"popularity,prestige",1
声音,士,3,841,n,shēng yīn,"voice,sound",1
声誉,士,7,9988,n,shēng yù,"reputation,fame",1
牲畜,牛,7,14622,n,shēng chù,"domesticated animals,livestock",1
绳子,纟,7,7161,n,shéng zi,cord; string; rope,1
省,目,4,1081,n,shěng,"to save; to economize; to be frugal,to omit; to delete; to leave out,province,provincial capital",2
省略,目,7,19480,v,shěng lu:è,"to leave out,an omission",1
省会,目,5,27605,n,shěng huì,provincial capital,1
省钱,目,6,15273,a,shěng qián,to save money,1
省事,目,7,22484,a,shěng shì,to simplify matters; to save trouble,2
圣诞节,土,6,2857,t,Shèng dàn jié,"Christmas time,Christmas season,Christmas",1
圣贤,土,7,28718,n,shèng xián,"a sage,wise and holy man,virtuous ruler,Buddhist lama,wine",1
胜,⺼,5,1663,v,shèng,"victory,success,to beat,to defeat,to surpass,victorious,superior to,to get the better of,better than,surpassing",1
胜出,⺼,7,26979,v,shèng chū,"to come out on top,to win (in an election, contest etc),success,victory",1
胜负,⺼,7,9326,n,shèng fù,"victory or defeat,the outcome of a battle",1
胜利,⺼,5,1445,v,shèng lì,victory,1
胜任,⺼,7,10591,v,shèng rèn,"qualified,competent (professionally),to be up to a task",1
盛,皿,6,7003,v,Shèng,surname Sheng,3
盛产,皿,7,26534,v,shèng chǎn,"to produce in abundance,to be rich in",1
盛大,皿,7,6011,b,shèng dà,"grand,majestic,magnificent",1
盛会,皿,7,13107,n,shèng huì,"pageant,distinguished meeting",1
盛开,皿,7,15581,v,shèng kāi,"blooming,in full flower",1
盛气凌人,皿,7,44358,v,shèng qì líng rén,"overbearing,arrogant bully",1
盛情,皿,7,27521,n,shèng qíng,"great kindness,magnificent hospitality",1
盛行,皿,7,16304,v,shèng xíng,to be in vogue; to be popular; to be prevalent,1
剩,刂,4,2453,v,shèng,"to remain,to be left,to have as remainder",1
剩下,刂,5,1847,v,shèng xià,to remain; to be left over,1
剩余,刂,6,6929,vn,shèng yú,"remainder,surplus",1
尸体,尸,7,2483,n,shī tǐ,"dead body,corpse,carcass",1
失败,大,4,1588,v,shī bài,"to be defeated,to lose,to fail (e.g. experiments),failure,defeat",1
失传,大,7,26721,v,shī chuán,"(of skills etc) to die out,lost,extinct",1
失控,大,7,7077,v,shī kòng,to go out of control,1
失利,大,7,12367,v,shī lì,"to lose,to suffer defeat",1
失恋,大,5,10035,v,shī liàn,"to lose one's love,to break up (in a romantic relationship),to feel jilted",1
失灵,大,7,13684,v,shī líng,"out of order (of machine),not working properly,a failing (of a system)",1
失落,大,7,7646,v,shī luò,"to lose (sth),to drop (sth),to feel a sense of loss,frustrated,disappointment,loss",1
失眠,大,5,7134,v,shī mián,to suffer from insomnia,1
失明,大,7,13560,v,shī míng,"to lose one's eyesight,to become blind,blindness",1
失去,大,4,949,v,shī qù,to lose,1
失望,大,4,2106,a,shī wàng,"disappointed,to lose hope,to despair",1
失误,大,5,4614,vn,shī wù,"lapse,mistake,to make a mistake,fault,service fault (in volleyball, tennis etc)",1
失效,大,7,10642,v,shī xiào,"to fail,to lose effectiveness",1
失业,大,5,4758,v,shī yè,"unemployment,to lose one's job",1
失业率,大,7,21507,n,shī yè lǜ,unemployment rate,1
失踪,大,7,3333,v,shī zōng,"to be missing,to disappear,unaccounted for",1
师范,巾,7,11688,,shī fàn,"teacher-training,pedagogical,normal (school, e.g. Beijing Normal University)",1
师父,巾,6,7563,n,shī fu,"used for 师傅 (in Taiwan),master,qualified worker",1
师傅,巾,4,4911,n,shī fu,"master,qualified worker,respectful form of address for older men",1
师生,巾,4,16827,n,shī shēng,teachers and students,1
师长,巾,7,33317,n,shī zhǎng,"military division level commander,teacher",1
师资,巾,7,45241,n,shī zī,qualified teacher,1
诗,讠,5,2594,n,Shī,"abbr. for Shijing 诗经, the Book of Songs",2
诗歌,讠,6,8059,n,shī gē,poem,1
诗人,讠,5,6166,n,shī rén,"bard,poet",1
施工,方,7,6996,v,shī gōng,"construction,to carry out construction or large-scale repairs",1
施加,方,7,13190,v,shī jiā,to exert (effort or pressure),1
施行,方,7,13094,v,shī xíng,"to put in place,to put into practice,to take effect",1
施压,方,7,14652,v,shī yā,to pressure,1
施展,方,7,10193,v,shī zhǎn,"to use fully,to put to use",1
狮子,犭,6,4295,n,Shī zǐ,"Leo (star sign),Shihtzu township in Pingtung County 屏东县, Taiwan",2
湿,氵,5,2585,a,shī,variant of 湿,2
湿度,氵,6,15617,n,shī dù,humidity level,1
湿润,氵,7,15795,a,shī rùn,moist,1
十,十,1,865,m,shí,"ten,10",1
十分,十,4,1086,d,shí fēn,"very,completely,utterly,extremely,absolutely,hundred percent,to divide into ten equal parts",1
十字路口,十,4,14800,l,shí zì lù kǒu,"crossroads,intersection",1
十足,十,6,5146,z,shí zú,"ample,complete,hundred percent,a pure shade (of some color)",1
石头,石,5,3169,n,shí tou,stone,1
石油,石,6,2940,n,shí yóu,"oil,petroleum",1
时,日,2,115,g,shí,old variant of 时,3
时不时,日,7,9417,d,shí bù shí,from time to time,1
时差,日,5,15662,n,shí chā,"time difference,time lag,jet lag",1
时常,日,5,7880,d,shí cháng,"often,frequently",1
时代,日,5,1384,n,Shí dài,"Time, US weekly news magazine",2
时段,日,7,9171,n,shí duàn,"time interval,work shift,time slot,the twelve two-hour divisions of the day",1
时而,日,7,15579,d,shí ér,"occasionally,from time to time",1
时隔,日,7,23141,v,shí gé,separated in time (usu. followed by a quantity of time),1
时光,日,6,2412,n,shí guāng,"time,era,period of time",1
时好时坏,日,7,1000000,,shí hǎo shí huài,"sometimes good, sometimes bad",1
时候,日,1,107,n,shí hou,"time,length of time,moment,period",1
时机,日,6,3402,n,shí jī,opportunity; opportune moment,1
时间,日,1,127,n,shí jiān,"time,period",1
时间表,日,4,9620,n,shí jiān biǎo,"schedule,timetable",1
时节,日,7,15011,n,shí jié,season; time,1
时刻,日,5,1705,n,shí kè,"time,juncture,moment,period of time,constantly,always",1
时空,日,7,6484,n,shí kōng,"time and place,world of a particular locale and era,(physics) space-time",1
时髦,日,7,8563,a,shí máo,"in vogue,fashionable",1
时期,日,5,2090,n,shí qī,"period,phase",1
时尚,日,6,1741,n,shí shàng,"fashion,fad,fashionable",1
时时,日,7,15697,d,shí shí,"often,constantly",1
时事,日,7,19360,n,shí shì,current trends; the present situation; how things are going,1
时速,日,6,9398,n,shí sù,speed per hour,1
时装,日,7,5049,n,shí zhuāng,"fashion,fashionable clothes",1
实地,宀,7,10562,d,shí dì,on-site,1
实话,宀,6,4003,n,shí huà,truth,1
实话实说,宀,7,16161,v,shí huà shí shuō,"to tell the truth,to tell it as it is",1
实惠,宀,6,17421,an,shí huì,"tangible benefit,material advantages,cheap,economical,advantageous (deal),substantial (discount)",1
实际,宀,4,1981,n,shí jì,"reality,practice,practical,realistic,real,actual",1
实际上,宀,4,1232,d,shí jì shàng,"in fact,in reality,as a matter of fact,in practice",1
实践,宀,5,5107,v,shí jiàn,"practice,to put into practice,to live up to (a promise),to carry out (a project)",1
实况,宀,7,16049,n,shí kuàng,"live (e.g. broadcast or recording),what is actually happening,scene,the real situation",1
实力,宀,5,2445,n,shí lì,strength,1
实施,宀,5,2584,v,shí shī,"to implement,to carry out",1
实事求是,宀,7,19818,v,shí shì qiú shì,"lit. to seek truth from facts (idiom),fig. to be practical and realistic",1
实体,宀,7,9379,n,shí tǐ,"entity,substance,thing that has a material existence (as opposed to a conceptual, virtual or online existence)",1
实物,宀,7,14965,n,shí wù,"material object,concrete object,original object,in kind,object for practical use,definite thing,reality,matter (physics)",1
实习,宀,5,6022,vn,shí xí,"to practice,field work,to intern,internship",1
实现,宀,5,1144,v,shí xiàn,"to achieve,to implement,to realize,to bring about",1
实行,宀,5,4383,v,shí xíng,"to implement,to carry out,to put into practice",1
实验,宀,5,1879,vn,shí yàn,"experiment,test,experimental,to experiment",1
实验室,宀,5,3028,n,shí yàn shì,laboratory,1
实用,宀,5,8149,a,shí yòng,"practical,functional,pragmatic,applied (science)",1
实在,宀,4,1340,d,shí zài,"really,actually,indeed,true,real,honest,dependable,(philosophy) reality",1
实质,宀,6,9217,n,shí zhì,"substance,essence",1
食品,食,4,2176,n,shí pǐn,foodstuff; food; provisions,1
食宿,食,7,25212,n,shí sù,"board and lodging,room and board",1
食堂,食,4,8754,n,shí táng,dining hall; cafeteria,1
食物,食,4,1768,n,shí wù,food,1
食用,食,5,9604,v,shí yòng,"to eat; to consume,edible",1
食欲,食,6,12389,n,shí yù,appetite,1
史无前例,口,7,16692,l,shǐ wú qián lì,unprecedented in history,1
使,亻,4,400,v,shǐ,"to make,to cause,to enable,to use,to employ,to send,to instruct sb to do sth,envoy,messenger",1
使得,亻,5,2959,v,shǐ de,"usable,workable,feasible,doable,to make,to cause",1
使唤,亻,7,20706,v,shǐ huan,"to order sb around,(coll.) to handle (a draught animal, tool, machine etc),Taiwan pr. [shǐ huàn]",1
使劲,亻,6,8033,v,shǐ jìn,to exert all one's strength,1
使劲儿,亻,5,1000000,,shǐ jìn r,"erhua variant of 使劲,to exert all one's strength",1
使命,亻,7,5244,n,shǐ mìng,"mission,long-term task to which one devotes oneself,a calling",1
使用,亻,4,641,v,shǐ yòng,"to use,to employ,to apply,to make use of",1
使者,亻,7,8284,n,shǐ zhě,"emissary,envoy",1
始终,女,5,2984,d,shǐ zhōng,"from beginning to end,all along",1
士兵,士,6,2348,n,shì bīng,soldier,1
士气,士,7,10738,n,shì qì,morale,1
世代,一,7,18618,n,shì dài,"for many generations,generation,era,age",1
世故,一,7,21308,a,shì gù,the ways of the world,2
世纪,一,4,1599,n,shì jì,century,1
世界,一,3,238,n,shì jiè,world,1
世界杯,一,3,8383,n,Shì jiè bēi,World Cup,1
世界观,一,6,18701,n,shì jiè guān,"worldview,world outlook,Weltanschauung",1
世界级,一,7,13745,b,shì jiè jí,world-class,1
世袭,一,7,35110,vn,shì xí,"succession,inheritance,hereditary",1
市,巾,3,1040,n,shì,"market,city",1
市场,巾,4,1190,n,shì chǎng,"marketplace,market (also in abstract)",1
市场经济,巾,7,22676,n,shì chǎng jīng jì,market economy,1
市民,巾,5,2765,n,shì mín,city resident,1
市区,巾,4,5603,s,shì qū,"urban district,downtown,city center",1
市长,巾,2,3369,n,shì zhǎng,mayor,1
示范,示,6,5614,vn,shì fàn,"to demonstrate,to show how to do sth,demonstration,a model example",1
示威,示,7,9675,vn,shì wēi,"to demonstrate (as a protest),a demonstration,a military show of force",1
示意,示,7,13303,v,shì yì,"to hint,to indicate (an idea to sb)",1
似曾相识,亻,7,19017,v,sì céng xiāng shí,"déjà vu (the experience of seeing exactly the same situation a second time),seemingly familiar",1
似的,亻,5,2525,u,shì de,"seems as if,rather like,Taiwan pr. [sì de]",1
似乎,亻,5,997,d,sì hū,it seems; seemingly; as if,1
似是而非,亻,7,37874,v,sì shì ér fēi,apparently right but actually wrong; specious (idiom),1
式,弋,5,1463,k,shì,"type,form,pattern,style",1
事,亅,1,113,n,shì,"matter,thing,item,work,affair",1
事故,亅,5,1493,n,shì gù,accident,1
事后,亅,6,8683,t,shì hòu,"after the event,in hindsight,in retrospect",1
事迹,亅,7,9158,n,shì jì,"deed,past achievement,important event of the past",1
事件,亅,5,973,n,shì jiàn,"event,happening,incident",1
事情,亅,2,271,n,shì qing,affair; matter; thing; business,1
事实,亅,5,1092,n,shì shí,fact,1
事实上,亅,3,1577,l,shì shí shàng,"in fact,in reality,actually,as a matter of fact,de facto,ipso facto",1
事态,亅,7,11196,n,shì tài,"situation,existing state of affairs",1
事物,亅,5,3523,n,shì wù,thing; object,1
事务,亅,6,4356,n,shì wù,"(political, economic etc) affairs,work,transaction (as in a computer database)",1
事务所,亅,7,4162,n,shì wù suǒ,"office,firm",1
事先,亅,5,4757,d,shì xiān,"in advance,before the event,beforehand,prior",1
事项,亅,6,9483,n,shì xiàng,"matter,item",1
事业,亅,5,1326,n,shì yè,"undertaking,project,activity,(charitable, political or revolutionary) cause,publicly funded institution",1
事宜,亅,7,8691,n,shì yí,"matters,arrangements",1
侍候,亻,7,30125,v,shì hòu,"to serve,to wait upon",1
势必,力,7,17695,d,shì bì,"to be bound to,undoubtedly will",1
势不可当,力,7,80787,v,shì bù kě dāng,impossible to resist (idiom); an irresistible force,1
势力,力,6,5177,n,shì li,"power,influence,a force (military, political etc)",1
势头,力,7,11123,n,shì tóu,"power,momentum,tendency,impetus,situation,the look of things",1
视察,见,7,13400,v,shì chá,"to inspect,an investigation",1
视角,见,7,9678,n,shì jiǎo,"angle from which one observes an object,(fig.) perspective; viewpoint; frame of reference,(cinematography) camera angle",1
视觉,见,6,5724,n,shì jué,"sight,vision,visual",1
视力,见,6,7305,n,shì lì,"vision,eyesight",1
视频,见,4,2203,n,shì pín,video,1
视为,见,5,6165,v,shì wéi,"to view as,to see as,to consider to be,to deem",1
视线,见,7,5877,n,shì xiàn,line of sight,1
视野,见,7,7019,n,shì yě,"field of view,(fig.) outlook,perspective",1
试,讠,3,938,v,shì,"to test,to try,experiment,examination,test",1
试点,讠,7,15623,n,shì diǎn,"test point,to carry out trial,pilot scheme",1
试卷,讠,5,12765,n,shì juàn,"examination paper,test paper",1
试探,讠,7,11980,v,shì tàn,"to sound out,to probe,to feel out,to try out",1
试题,讠,4,18577,n,shì tí,"exam question,test topic",1
试图,讠,6,2537,v,shì tú,"to attempt,to try",1
试行,讠,7,30221,v,shì xíng,"to try out,to test",1
试验,讠,5,2151,vn,shì yàn,"experiment,test,to experiment,experimental",1
试用,讠,5,11007,v,shì yòng,"to try sth out,to be on probation",1
试用期,讠,7,25091,n,shì yòng qī,"trial period,probationary period",1
室,宀,3,1382,n,Shì,surname Shi,2
是,日,1,4,v,shì,"to be (followed by substantives only),correct; right; true,(respectful acknowledgement of a command) very well",2
是不是,日,1,2655,v,shì bù shì,"is or isn't,yes or no,whether or not",1
是非,日,7,6491,n,shì fēi,"right and wrong,quarrel",1
是否,日,4,553,v,shì fǒu,"whether (or not),if,is or isn't",1
柿子,木,7,20350,n,shì zi,persimmon,1
适当,辶,5,3864,a,shì dàng,suitable; appropriate,1
适度,辶,6,14240,a,shì dù,"moderately,appropriate",1
适合,辶,4,1211,v,shì hé,to fit; to suit,1
适量,辶,7,23250,a,shì liàng,appropriate amount,1
适时,辶,7,13914,a,shì shí,"timely,apt to the occasion,in due course",1
适宜,辶,6,11095,v,shì yí,"suitable,appropriate",1
适应,辶,4,2147,v,shì yìng,"to adapt,to fit,to suit",1
适用,辶,5,5429,v,shì yòng,to be applicable,1
逝世,辶,7,14081,v,shì shì,"to pass away,to die",1
释放,釆,6,2630,v,shì fàng,"to release,to set free,to liberate (a prisoner),to discharge",1
嗜好,口,7,15322,n,shì hào,"hobby,indulgence,habit,addiction",1
识,讠,6,7967,v,shí,"to know,knowledge,Taiwan pr. [shì]",2
识别,讠,6,5643,vn,shí bié,to distinguish; to discern; to identify; to recognize,1
识字,讠,6,14055,v,shí zì,to learn to read,1
拾,扌,6,7430,v,shè,to ascend in light steps,2
收,攵,3,834,v,shōu,"to receive,to accept,to collect,to put away,to restrain,to stop,in care of (used on address line after name)",1
收藏,攵,6,3669,v,shōu cáng,"to collect (works of art, dolls, antiques etc); to put away for safekeeping; (Internet) to bookmark,a collection",1
收到,攵,3,1171,v,shōu dào,to receive,1
收费,攵,4,4234,vn,shōu fèi,to charge a fee,1
收复,攵,7,26991,v,shōu fù,"to recover (lost territory etc),to recapture",1
收购,攵,6,4990,v,shōu gòu,"to purchase (from various places),to acquire (a company)",1
收回,攵,4,4431,v,shōu huí,"to regain,to retake,to take back,to withdraw,to revoke",1
收获,攵,5,3809,n,shōu huò,variant of 收获,2
收集,攵,5,2924,v,shōu jí,"to gather,to collect",1
收据,攵,7,11991,n,shōu jù,receipt,1
收看,攵,5,7983,v,shōu kàn,to watch (a TV program),1
收敛,攵,7,11751,v,shōu liǎn,"to dwindle,to vanish,to make vanish,to exercise restraint,to curb (one's mirth, arrogance etc),to astringe",1
收留,攵,7,14442,v,shōu liú,to offer shelter; to have sb in one's care,1
收买,攵,7,14106,v,shōu mǎi,"to purchase,to bribe",1
收取,攵,6,8208,v,shōu qǔ,"to receive,to collect",1
收入,攵,4,2243,n,shōu rù,"to take in,income,revenue",1
收视率,攵,7,9580,n,shōu shì lǜ,ratings (of a TV show),1
收拾,攵,4,3266,v,shōu shi,"to put in order,to tidy up,to pack,to repair,(coll.) to sort sb out,to fix sb",1
收缩,攵,7,8334,v,shōu suō,"to pull back,to shrink,to contract,(physiology) systole",1
收听,攵,4,9778,v,shōu tīng,to listen to (a radio broadcast),1
收养,攵,7,8175,v,shōu yǎng,"to take in and care for (an elderly person, a dog etc),to adopt (a child),adoption",1
收益,攵,6,5339,n,shōu yì,"earnings,profit",1
收音机,攵,7,9558,n,shōu yīn jī,radio,1
收支,攵,7,14183,n,shōu zhī,"cash flow,financial balance,income and expenditure",1
手,手,2,190,n,shǒu,"hand,(formal) to hold,person engaged in certain types of work,person skilled in certain types of work,personal(ly)",1
手臂,手,6,4735,n,shǒu bì,"arm,helper",1
手表,手,2,6179,n,shǒu biǎo,wristwatch,1
手册,手,7,7783,n,shǒu cè,manual; handbook,1
手动,手,7,9664,b,shǒu dòng,"manual,manually operated,manual gear-change",1
手段,手,5,1890,n,shǒu duàn,"method,means (of doing sth),strategy,trick",1
手法,手,6,4694,n,shǒu fǎ,"technique,trick,skill",1
手工,手,5,6943,n,shǒu gōng,"handwork,manual",1
手机,手,1,857,n,shǒu jī,"cell phone,mobile phone",1
手脚,手,7,6879,n,shǒu jiǎo,"hand and foot,movement of limbs,action,trick,step in a procedure",1
手里,手,4,1705,s,shǒu lǐ,"in hand,(a situation is) in sb's hands",1
手帕,手,7,17352,n,shǒu pà,handkerchief,1
手枪,手,7,6518,n,shǒu qiāng,pistol,1
手势,手,6,9642,n,shǒu shì,"gesture,sign,signal",1
手术,手,5,1041,n,shǒu shù,"(surgical) operation,surgery",1
手术室,手,7,11730,n,shǒu shù shì,operating room,1
手套,手,5,6306,n,shǒu tào,"glove,mitten",1
手头,手,7,9741,n,shǒu tóu,"on hand,at hand,one's financial situation",1
手腕,手,7,7714,n,shǒu wàn,"wrist,trickery,finesse,ability,skill",1
手续,手,5,5265,n,shǒu xù,"procedure,formalities",1
手续费,手,6,21239,n,shǒu xù fèi,"service charge,processing fee,commission",1
手艺,手,7,12504,n,shǒu yì,"craftmanship,workmanship,handicraft,trade",1
手掌,手,7,9804,n,shǒu zhǎng,palm,1
手指,手,5,3266,n,shǒu zhǐ,finger,1
守,宀,5,2638,v,shǒu,"to guard,to defend,to keep watch,to abide by the law,to observe (rules or ritual),nearby,adjoining",1
守候,宀,7,13391,v,shǒu hòu,"to wait for,to expect,to keep watch,to watch over,to nurse",1
守护,宀,7,7007,v,shǒu hù,"to guard,to protect",1
守株待兔,宀,7,33204,v,shǒu zhū dài tù,"lit. to guard a tree-stump, waiting for rabbits (idiom),to wait idly for opportunities",1
首,首,4,662,m,shǒu,"head,chief,first (occasion, thing etc),classifier for poems, songs etc",1
首创,首,7,22495,v,shǒu chuàng,"to create,original creation,to be the first to do sth",1
首次,首,5,20591,m,shǒu cì,"first,first time,for the first time",1
首都,首,4,4483,n,shǒu dū,capital (city),1
首府,首,7,13328,n,shǒu fǔ,capital city of an autonomous region,1
首脑,首,7,10682,n,shǒu nǎo,"head (of state),summit (meeting),leader",1
首批,首,7,5890,,shǒu pī,first batch,1
首饰,首,7,9399,n,shǒu shì,"jewelry,head ornament",1
首席,首,7,4140,n,shǒu xí,"chief (representative, correspondent etc)",1
首先,首,4,878,d,shǒu xiān,"first (of all),in the first place",1
首相,首,6,5438,n,shǒu xiàng,prime minister (of Japan or UK etc),1
首要,首,6,6441,b,shǒu yào,"the most important,of chief importance",1
寿命,寸,6,10838,n,shòu mìng,"life span,life expectancy,lifetime (of a machine)",1
寿司,寸,5,12454,,shòu sī,sushi,1
受,又,3,393,v,shòu,"to receive,to accept,to suffer,subjected to,to bear,to stand,pleasant,(passive marker)",1
受不了,又,4,3756,l,shòu bù liǎo,"unbearable,unable to endure,can't stand",1
受到,又,3,858,v,shòu dào,"to receive (praise, an education, punishment etc),to be ...ed (praised, educated, punished etc)",1
受过,又,7,1000000,,shòu guò,to take the blame (for sb else),1
受害,又,7,12583,v,shòu hài,"to suffer damage, injury etc,damaged,injured,killed,robbed",1
受害人,又,7,6583,n,shòu hài rén,victim,1
受贿,又,7,12703,v,shòu huì,to accept a bribe,1
受惊,又,7,22069,v,shòu jīng,startled,1
受苦,又,7,14680,v,shòu kǔ,to suffer hardship,1
受理,又,7,10796,v,shòu lǐ,"to accept to hear a case,to handle (a service)",1
受骗,又,7,15006,v,shòu piàn,"to be cheated,to be taken in,to be hoodwinked",1
受伤,又,4,1454,v,shòu shāng,"to sustain injuries,wounded (in an accident etc),harmed",1
受益,又,7,7654,v,shòu yì,"to benefit from,profit",1
受灾,又,6,20703,v,shòu zāi,"disaster-stricken,to be hit by a natural calamity",1
受罪,又,7,18362,v,shòu zuì,"to endure,to suffer,hardships,torments,a hard time,a nuisance",1
售货员,口,4,19954,n,shòu huò yuán,salesperson,1
售价,口,5,18675,n,shòu jià,selling price,1
售票,口,7,16573,v,shòu piào,to sell tickets,1
授权,扌,7,3827,v,shòu quán,to authorize,1
授予,扌,7,7275,v,shòu yǔ,"to award,to confer",1
瘦,疒,3,2595,a,shòu,"thin,to lose weight,(of clothing) tight,(of meat) lean,(of land) unproductive",1
书,丨,1,560,n,Shū,abbr. for 书经,2
书包,丨,2,11861,n,shū bāo,"schoolbag,satchel,bookbag",1
书橱,丨,7,61288,n,shū chú,bookcase,1
书店,丨,1,7174,n,shū diàn,bookstore,1
书法,丨,5,15051,n,shū fǎ,"calligraphy,handwriting,penmanship",1
书房,丨,5,9549,n,shū fáng,"study (room),studio",1
书柜,丨,5,31619,n,shū guì,bookcase,1
书籍,丨,6,9005,n,shū jí,"books,works",1
书记,丨,7,14194,n,shū ji,"secretary (chief official of a branch of a socialist or communist party),clerk,scribe",1
书架,丨,5,16554,n,shū jià,bookshelf,1
书面,丨,6,6862,b,shū miàn,"in writing,written",1
书写,丨,6,11723,v,shū xiě,to write,1
书桌,丨,5,17331,n,shū zhuō,desk,1
抒情,扌,7,16306,vn,shū qíng,"to express emotion,lyric",1
叔叔,又,3,3510,n,shū shu,"father's younger brother,uncle,Taiwan pr. [shú shu]",1
枢纽,木,7,20660,n,shū niǔ,"hub (e.g. of traffic network),hinge,pivot,fulcrum",1
梳,木,7,10902,v,shū,"a comb,to comb",1
梳理,木,7,14904,v,shū lǐ,"to comb,fig. to sort out",1
梳子,木,7,21250,n,shū zi,comb,1
疏导,疋,7,26988,v,shū dǎo,"to dredge,to open up a path for,to remove obstructions,to clear the way,to enlighten,persuasion",1
疏忽,疋,7,12839,vn,shū hu,"to neglect,to overlook,negligence,carelessness",1
疏散,疋,7,8792,v,shū sàn,"to scatter,to disperse,to evacuate,scattered,to relax",1
疏通,疋,7,19535,v,shū tōng,"to unblock,to dredge,to clear the way,to get things flowing,to facilitate,to mediate,to lobby,to explicate (a text)",1
舒畅,舌,7,18978,a,shū chàng,happy; entirely free from worry,1
舒服,舌,2,2343,a,shū fu,"comfortable,feeling well",1
舒适,舌,5,4270,a,shū shì,"cozy,snug",1
输,车,4,1403,v,shū,"to lose; to be beaten,(bound form) to transport,(literary) to donate; to contribute,(coll.) to enter (a password)",1
输出,车,6,10311,vn,shū chū,"to export,to output",1
输家,车,7,27508,n,shū jiā,loser (as opposed to winner 赢家),1
输入,车,5,4724,v,shū rù,"to import,to input",1
输送,车,6,12191,v,shū sòng,"to transport,to convey,to deliver",1
输血,车,7,14301,v,shū xuè,"to transfuse blood,to give aid and support",1
输液,车,7,13615,v,shū yè,intravenous infusion; to get put on an IV,1
蔬菜,艹,5,4103,n,shū cài,vegetables,1
赎,贝,7,11652,v,shú,"to redeem,to ransom",1
熟,灬,4,3050,a,shú,"ripe; mature,thoroughly cooked; done,familiar; acquainted,experienced; skilled,(of sleep etc) deep; profound",1
熟练,灬,5,9623,a,shú liàn,"practiced,proficient,skilled,skillful",1
熟人,灬,5,8931,n,shú rén,"acquaintance,friend",1
熟悉,灬,4,2070,v,shú xī,to be familiar with; to know well,1
属,尸,6,3739,v,shǔ,"category,genus (taxonomy),family members,dependents,to belong to,subordinate to,affiliated with",2
属性,尸,7,17443,n,shǔ xìng,"attribute,property",1
属于,尸,5,1036,v,shǔ yú,"to be classified as,to belong to,to be part of",1
暑假,日,4,7249,t,shǔ jià,summer vacation,1
暑期,日,7,13471,t,shǔ qī,summer vacation time,1
鼠,鼠,5,3241,g,shǔ,(bound form) rat; mouse,1
鼠标,鼠,5,18087,n,shǔ biāo,mouse (computing),1
薯片,艹,6,1000000,,shǔ piàn,fried potato chips,1
薯条,艹,6,5044,n,shǔ tiáo,"french fries,french fried potatoes,chips",1
曙光,日,7,14515,n,shǔ guāng,"dawn,fig. the dawn of a new era",1
束,木,5,6473,q,Shù,surname Shu,2
束缚,木,7,7564,v,shù fù,"to bind,to restrict,to tie,to commit,fetters",1
树,木,3,1481,n,shù,"tree,to cultivate,to set up",1
树立,木,6,6735,v,shù lì,"to set up,to establish",1
树林,木,4,7102,n,Shù lín,"Shulin city in New Taipei City 市, Taiwan",2
树木,木,5,9271,n,shù mù,tree,1
树梢,木,7,37468,n,shù shāo,the tip of a tree; treetop,1
树叶,木,4,11962,n,shù yè,tree leaves,1
树荫,木,7,29574,n,shù yīn,"shade of a tree,Taiwan pr. [shù yìn]",1
树枝,木,7,11026,n,shù zhī,"branch,twig",1
竖,立,6,9191,v,shù,variant of 竖,2
数,攵,4,852,m,shǔ,"to count,to count as; to regard as,to enumerate; to list",3
数额,攵,7,10074,n,shù é,"amount,sum of money,fixed number",1
数据,攵,5,1496,n,shù jù,data,1
数据库,攵,7,5370,n,shù jù kù,database,1
数量,攵,4,2916,n,shù liàng,"amount,quantity,quantitative",1
数码,攵,7,6016,n,shù mǎ,"number,numerals,figures,digital,amount,numerical code",1
数目,攵,6,6683,n,shù mù,"amount,number",1
数学,攵,3,3024,n,shù xué,"mathematics,mathematical",1
数字,攵,4,1670,n,shù zì,"numeral,digit,number,figure,amount,digital (electronics etc)",1
刷,刂,3,3060,v,shuā,"to brush,to paint,to daub,to paste up,to skip class (of students),to fire from a job",2
刷新,刂,7,13412,v,shuā xīn,"to renovate,to refurbish,to refresh (computer window),to write a new page (in history),to break (a record)",1
刷牙,刂,4,10112,v,shuā yá,to brush one's teeth,1
刷子,刂,4,21763,n,shuā zi,"brush,scrub",1
耍,而,7,3070,v,Shuǎ,surname Shua,2
耍赖,而,7,29362,v,shuǎ lài,"to act shamelessly,to refuse to acknowledge that one has lost the game, or made a promise etc,to act dumb",1
衰减,衣,7,28810,vn,shuāi jiǎn,"to weaken,to attenuate",1
衰竭,衣,7,10257,v,shuāi jié,"organ failure,exhaustion,prostration (medicine)",1
衰老,衣,6,9618,a,shuāi lǎo,"to age,to deteriorate with age,old and weak",1
衰弱,衣,7,25831,a,shuāi ruò,"weak,feeble",1
衰退,衣,7,12859,v,shuāi tuì,"to decline,to fall,to drop,to falter,a decline,recession (in economics)",1
摔,扌,5,3263,v,shuāi,"to throw down,to fall,to drop and break",1
摔倒,扌,5,8001,v,shuāi dǎo,"to fall down,to slip and fall,to throw sb to the ground",1
摔跤,扌,7,11555,vn,shuāi jiāo,"to trip and fall,to wrestle,wrestling (sports)",1
甩,用,7,3672,v,shuǎi,"to throw,to fling,to swing,to leave behind,to throw off,to dump (sb)",1
帅,巾,4,1452,nr,Shuài,surname Shuai,2
帅哥,巾,4,6378,nr,shuài gē,"handsome guy,lady-killer,handsome (form of address)",1
拴,扌,7,13576,v,shuān,to tie up,1
涮,氵,7,15007,v,shuàn,"to rinse,to trick,to fool sb",1
双,又,3,642,m,Shuāng,surname Shuang,2
双胞胎,又,7,8603,n,shuāng bāo tāi,twin,1
双边,又,7,20258,n,shuāng biān,bilateral,1
双打,又,6,24817,n,shuāng dǎ,doubles (in sports),1
双方,又,5,2714,n,shuāng fāng,"bilateral,both sides,both parties involved",1
双手,又,5,3719,n,shuāng shǒu,both hands,1
双向,又,7,12505,b,shuāng xiàng,"bidirectional,two-way,interactive",1
双赢,又,7,1000000,,shuāng yíng,"profitable to both sides,a win-win situation",1
双重,又,7,6239,b,shuāng chóng,double,1
霜,雨,7,6485,n,shuāng,"frost,white powder or cream spread over a surface,frosting,(skin) cream",1
爽,爻,7,2263,g,shuǎng,"bright,clear,crisp,open,frank,straightforward,to feel well,fine,pleasurable,invigorating,to deviate",1
爽快,爻,7,16589,a,shuǎng kuai,"refreshed,rejuvenated,frank and straightforward",1
谁,讠,1,142,r,shéi,"who,also pr. [shuí]",1
谁知道,讠,7,1000000,,shéi zhī dào,"God knows...,Who would have imagined...?",1
水,水,1,335,n,Shuǐ,surname Shui,2
水槽,水,7,22977,n,shuǐ cáo,sink,1
水产品,水,5,12812,,shuǐ chǎn pǐn,"aquatic products (including fish, crabs, seaweed etc)",1
水稻,水,6,29081,n,shuǐ dào,"rice,paddy",1
水分,水,5,10494,n,shuǐ fèn,"moisture content,(fig.) overstatement,padding",1
水管,水,7,9498,n,shuǐ guǎn,water pipe,1
水果,水,1,3271,n,shuǐ guǒ,fruit,1
水壶,水,7,17784,n,shuǐ hú,"kettle,canteen,watering can",1
水货,水,7,37424,n,shuǐ huò,"smuggled goods,unauthorized goods",1
水晶,水,7,6229,n,shuǐ jīng,crystal,1
水库,水,6,9803,n,shuǐ kù,reservoir,1
水利,水,7,18333,n,shuǐ lì,"water conservancy,irrigation works",1
水灵灵,水,7,57146,z,shuǐ líng líng,see 水灵,1
水龙头,水,7,17310,n,shuǐ lóng tóu,"faucet,tap",1
水落石出,水,7,21841,l,shuǐ luò shí chū,"as the water recedes, the rocks appear (idiom),the truth comes to light",1
水面,水,6,7177,n,shuǐ miàn,water surface,1
水泥,水,6,5785,n,shuǐ ní,cement,1
水平,水,3,1490,n,shuǐ píng,"level (of achievement etc),standard,horizontal",1
水手,水,7,11321,n,shuǐ shǒu,"mariner,sailor,seaman",1
水温,水,7,24215,n,shuǐ wēn,water temperature,1
水域,水,7,13197,n,shuǐ yù,"waters,body of water",1
水源,水,7,9615,n,shuǐ yuán,"water source,water supply,headwaters of a river",1
水灾,水,5,28359,n,shuǐ zāi,"flood,flood damage",1
水涨船高,水,7,40619,v,shuǐ zhǎng chuán gāo,"the tide rises, the boat floats (idiom); fig. to change with the overall trend,to develop according to the situation",1
水准,水,7,7494,n,shuǐ zhǔn,"level (of achievement etc),standard,level (surveying)",1
税,禾,5,3627,n,shuì,"taxes,duties",1
税收,禾,7,7717,n,shuì shōu,taxation,1
税务,禾,7,9952,n,shuì wù,"taxation services,state revenue service",1
睡,目,1,464,v,shuì,"to sleep,to lie down",1
睡袋,目,7,23812,n,shuì dài,sleeping bag,1
睡觉,目,1,944,v,shuì jiào,"to go to bed,to sleep",1
睡眠,目,5,4716,v,shuì mián,"sleep,to sleep,(computing) to enter sleep mode",1
睡着,目,4,2904,v,shuì zháo,to fall asleep,1
顺,页,5,2780,v,shùn,"to obey,to follow,to arrange,to make reasonable,along,favorable",1
顺便,页,4,3796,d,shùn biàn,"conveniently,in passing,without much extra effort",1
顺差,页,7,54122,n,shùn chā,(trade or budget) surplus,1
顺畅,页,7,14501,a,shùn chàng,"smooth and unhindered,fluent",1
顺从,页,7,17272,v,shùn cóng,"obedient,to comply,to submit,to defer",1
顺理成章,页,7,21854,v,shùn lǐ chéng zhāng,"logical,only to be expected,rational and clearly structured (of text)",1
顺利,页,4,1475,a,shùn lì,smoothly; without a hitch,1
顺路,页,7,20368,d,shùn lù,"by the way,while out doing sth else,conveniently",1
顺其自然,页,7,13447,,shùn qí zì rán,to let nature take its course (idiom),1
顺势,页,7,18662,d,shùn shì,"to take advantage,to seize an opportunity,in passing,without taking extra trouble,conveniently",1
顺手,页,7,13485,d,shùn shǒu,"easily,without trouble,while one is at it,in passing,handy",1
顺心,页,7,16192,a,shùn xīn,"happy,satisfactory",1
顺序,页,4,6178,n,shùn xù,"sequence,order",1
顺应,页,7,22301,v,shùn yìng,to comply; to conform to; in tune with; adapting to; to adjust to,1
顺着,页,7,6046,p,shùn zhe,"to follow,following,along",1
瞬间,目,6,3712,t,shùn jiān,"in an instant,in a flash",1
说,讠,1,19,v,shuì,to persuade,3
说白了,讠,7,22831,,shuō bái le,to speak frankly,1
说不定,讠,5,4677,v,shuō bu dìng,"can't say for sure,maybe",1
说不上,讠,7,36064,v,shuō bu shàng,"to be unable to say or tell,to not be worth mentioning",1
说到底,讠,7,13616,l,shuō dào dǐ,"in the final analysis,in the end",1
说道,讠,7,6087,v,shuō dào,"to state,to say (the quoted words)",2
说法,讠,4,2350,n,shuō fǎ,to expound Buddhist teachings,2
说服,讠,5,4892,v,shuō fú,"to persuade,to convince,to talk sb over,Taiwan pr. [shuì fú]",1
说干就干,讠,7,1000000,,shuō gàn jiù gàn,"to do what needs to be done, without delay",1
说话,讠,1,880,v,shuō huà,"to speak,to say,to talk,to gossip,to tell stories,talk,word",1
说谎,讠,7,6776,v,shuō huǎng,"to lie,to tell an untruth",1
说老实话,讠,7,1000000,,shuō lǎo shi huà,"to be honest,to tell the truth,to be frank",1
说明,讠,4,968,v,shuō míng,"to explain,to illustrate,to indicate,to show,to prove,explanation,directions,caption",1
说明书,讠,4,10577,n,shuō míng shū,"(technical) manual,(book of) directions,synopsis (of a play or film),specification (patent)",1
说起来,讠,7,1000000,,shuō qǐlái,Say,1
说情,讠,7,36421,v,shuō qíng,"to intercede,to plead for sb else",1
说实话,讠,6,1740,v,shuō shí huà,"to speak the truth,truth to tell,frankly",1
说闲话,讠,7,41546,v,shuō xián huà,"to chat,to gossip",1
说真的,讠,7,1000000,,shuō zhēn de,"to tell the truth,honestly,in fact",1
硕果,石,7,34691,n,shuò guǒ,"major achievement,great work,triumphant success",1
硕士,石,4,9229,n,shuò shì,"master's degree,person who has a master's degree,learned person",1
丝,一,7,1558,n,sī,"silk,thread,trace,(cuisine) shreds or julienne strips,classifier: a thread (of cloud, smoke etc), a bit, an iota",1
丝绸,一,7,12230,n,sī chóu,"silk cloth,silk",1
丝毫,一,7,5484,m,sī háo,"the slightest amount or degree,a bit",1
司法,口,7,3845,n,sī fǎ,"judicial,(administration of) justice",1
司机,口,3,1804,n,sī jī,chauffeur; driver,1
司空见惯,口,7,26048,v,sī kōng jiàn guàn,a common occurrence (idiom),1
司令,口,7,10296,n,sī lìng,commanding officer,1
司长,口,6,31027,n,sī zhǎng,bureau chief,1
私房钱,禾,7,42411,n,sī fáng qián,"secret purse,secret stash of money",1
私家车,禾,7,1000000,,sī jiā chē,private car,1
私立,禾,7,14918,b,sī lì,"private (company, school etc)",1
私人,禾,5,2449,n,sī rén,"private,personal,interpersonal,sb with whom one has a close personal relationship,a member of one's clique",1
私事,禾,7,17057,n,sī shì,personal matters,1
私下,禾,7,7490,d,sī xià,in private,1
私营,禾,7,14930,b,sī yíng,"privately-owned,private",1
私有,禾,7,19459,vn,sī yǒu,"private,privately-owned",1
私自,禾,7,13196,d,sī zì,"private; personal,secretly; without explicit approval",1
思考,心,5,2231,v,sī kǎo,"to reflect on,to ponder over",1
思路,心,6,5855,n,sī lù,line of thought; way of thinking,1
思念,心,6,6960,v,sī niàn,"to think of,to long for,to miss",1
思前想后,心,7,48743,v,sī qián xiǎng hòu,to consider past cause and future effect (idiom); to think over the past and future,1
思索,心,7,13129,v,sī suǒ,"to think deeply,to ponder",1
思维,心,5,3914,n,sī wéi,"(line of) thought,thinking",1
思想,心,5,1525,n,sī xiǎng,"thought,thinking,idea,ideology",1
思绪,心,7,11576,n,sī xù,"train of thought,emotional state,mood,feeling",1
斯文,斤,6,19058,a,sī wén,"refined,educate,cultured,intellectual,polite,gentle",1
撕,扌,7,5814,v,sī,to tear,1
死,歹,4,177,v,sǐ,"to die,impassable,uncrossable,inflexible,rigid,extremely,damned",1
死亡,歹,6,956,v,sǐ wáng,"to die,death",1
死心,歹,7,18782,v,sǐ xīn,"to give up,to admit failure,to drop the matter,to reconcile oneself to loss,to have no more illusions about",1
死心塌地,歹,7,31068,,sǐ xīn tā dì,"to be hell-bent on,dead set on sth,unswerving",1
四,囗,1,481,m,sì,"four,4",1
四处,囗,5,4649,d,sì chù,"all over the place,everywhere and all directions",1
四合院,囗,7,48844,n,sì hé yuàn,courtyard house with a fully enclosed courtyard (type of Chinese residence),1
四季,囗,3,12112,n,sì jì,"four seasons, namely: spring 春, summer 夏, autumn 秋 and winter 冬",1
四面八方,囗,7,19629,l,sì miàn bā fāng,"in all directions,all around,far and near",1
四肢,囗,7,10487,n,sì zhī,the four limbs of the body,1
四周,囗,5,5269,f,sì zhōu,all around,1
寺,寸,7,7938,g,sì,"Buddhist temple,mosque,government office (old)",1
寺庙,寸,7,14797,n,sì miào,"temple,monastery,shrine",1
饲料,饣,7,11074,n,sì liào,"feed,fodder",1
饲养,饣,7,12011,v,sì yǎng,"to raise,to rear",1
肆无忌惮,聿,7,18846,v,sì wú jì dàn,"absolutely unrestrained,unbridled,without the slightest scruple",1
松,木,6,2768,v,Sōng,surname Song,3
松绑,木,7,26251,v,sōng bǎng,"to untie,(fig.) to ease restrictions",1
松弛,木,7,15782,a,sōng chí,"to relax,relaxed,limp,lax",1
松树,木,7,19425,n,sōng shù,"pine,pine tree",1
耸,耳,7,15254,g,sǒng,"to excite,to raise up,to shrug,high,lofty,towering",1
耸立,耳,7,31433,v,sǒng lì,"to stand tall,to tower aloft",1
送,辶,2,370,v,sòng,"to send; to deliver; to transmit,to give (as a present),to see (sb) off,to accompany; to go along with",1
送别,辶,7,23101,v,sòng bié,to farewell,1
送到,辶,2,8114,v,sòng dào,Deliver,1
送给,辶,2,2733,v,sòng gěi,"to send,to give as a present",1
送礼,辶,6,14079,v,sòng lǐ,to give a present,1
送行,辶,7,20004,v,sòng xíng,"to see someone off,to throw someone a send-off party",1
搜,扌,5,3653,v,sōu,to search,1
搜查,扌,7,7999,v,sōu chá,to search,1
搜集,扌,6,8392,v,sōu jí,"to gather,to collect",1
搜救,扌,7,1000000,,sōu jiù,search and rescue,1
搜索,扌,5,3062,v,sōu suǒ,"to search (a place),to search (a database),to search for (sth)",1
搜寻,扌,7,8349,v,sōu xún,"to search,to look for",1
艘,舟,6,2548,q,sōu,"classifier for ships,Taiwan pr. [sāo]",1
苏醒,艹,7,11918,v,sū xǐng,"to come to,to awaken,to regain consciousness",1
酥,酉,7,10489,a,sū,"flaky pastry,crunchy,limp,soft,silky",1
俗,亻,7,8279,a,sú,"custom,convention,popular,common,coarse,vulgar,secular",1
俗话,亻,7,18314,n,sú huà,"common saying,proverb",1
俗话说,亻,7,19063,v,sú huà shuō,"as the proverb says,as they say...",1
俗语,亻,7,24526,n,sú yǔ,"common saying,proverb,colloquial speech",1
素,糸,7,2618,g,sù,"raw silk,white,plain, unadorned,vegetarian (food),essence,nature,element,constituent,usually,always,ever",1
素不相识,糸,7,31683,v,sù bù xiāng shí,to be total strangers (idiom),1
素材,糸,7,12118,n,sù cái,source material (in literature and art),1
素描,糸,7,18393,n,sù miáo,sketch,1
素食,糸,7,15617,n,sù shí,"vegetarian food,to eat a vegetarian diet",1
素养,糸,7,23559,n,sù yǎng,"(personal) accomplishment,attainment in self-cultivation",1
素质,糸,6,6892,n,sù zhì,"inner quality,basic essence",1
速度,辶,4,1337,n,sù dù,"speed,rate,velocity,(music) tempo",1
宿舍,宀,5,4045,n,sù shè,"dormitory,dorm room,living quarters,hostel",1
塑料,土,4,4823,n,sù liào,plastics,1
塑料袋,土,4,12101,n,sù liào dài,plastic bag,1
塑造,土,6,7539,v,sù zào,"to model,to mold,(fig.) to create (a character, a market, an image etc),(literature) to portray (in words)",1
诉苦,讠,7,23488,v,sù kǔ,"to grumble,to complain,grievance",1
诉说,讠,7,13698,v,sù shuō,"to recount,to tell of,to relate,(fig.) (of a thing) to stand as testament to (some past history)",1
诉讼,讠,7,3548,vn,sù sòng,lawsuit,1
酸,酉,4,3361,a,suān,"sour,tart,sick at heart,grieved,sore,aching,pedantic,impractical,to make sarcastic remarks about sb,an acid",1
酸奶,酉,4,7176,n,suān nǎi,yogurt,1
酸甜苦辣,酉,5,32890,l,suān tián kǔ là,"sour, sweet, bitter and spicy hot,fig. the joys and sorrows of life",1
蒜,艹,7,11954,n,suàn,garlic,1
算,⺮,4,698,v,suàn,"to regard as,to figure,to calculate,to compute",1
算计,⺮,7,13871,v,suàn ji,"to reckon,to calculate,to plan,to expect,to scheme",1
算了,⺮,6,3829,,suàn le,"let it be,let it pass,forget about it",1
算盘,⺮,7,23240,n,suàn pán,"abacus,plan,scheme",1
算是,⺮,6,2032,v,suàn shì,"considered to be,at last",1
算数,⺮,7,15281,v,suàn shù,"to count numbers,to keep to one's word,to hold (i.e. to remain valid),to count (i.e. to be important)",1
算账,⺮,7,18722,v,suàn zhàng,"(accounting) to balance the books; to do the accounts,(fig.) to settle an account; to get one's revenge",1
虽,虫,6,4393,c,suī,"although,even though",1
虽然,虫,2,440,c,suī rán,although; even though (often used correlatively with 是 or 是 etc),1
虽说,虫,7,8568,c,suī shuō,"though,although",1
随,阝,5,915,p,Suí,surname Sui,2
随便,阝,4,2071,ad,suí biàn,"as one wishes,as one pleases,at random,negligent,casual,wanton",1
随处可见,阝,7,19060,v,suí chù kě jiàn,can be seen everywhere,1
随大溜,阝,7,182989,,suí dà liù,"to follow the crowd,going with the tide",1
随后,阝,5,3562,d,suí hòu,soon after,1
随机,阝,7,5453,d,suí jī,"according to the situation,pragmatic,random",1
随即,阝,7,12608,d,suí jí,"immediately,presently,following which",1
随身,阝,7,6903,d,suí shēn,"to (carry) on one's person,to (take) with one",1
随时,阝,5,2085,d,suí shí,"at any time; at all times,at the right time; whenever necessary",1
随时随地,阝,7,13454,l,suí shí suí dì,anytime and anywhere,1
随手,阝,5,12138,d,suí shǒu,"conveniently,without extra trouble,while doing it,in passing",1
随心所欲,阝,7,12643,v,suí xīn suǒ yù,"to follow one's heart's desires,to do as one pleases (idiom)",1
随意,阝,5,3794,ad,suí yì,"as one wishes,according to one's wishes,at will,voluntary,conscious",1
随着,阝,4,3104,p,suí zhe,"along with,in the wake of,following",1
岁,山,1,266,qt,suì,"variant of 岁, year,years old",2
岁数,山,6,15592,n,suì shu,age (number of years old),1
岁月,山,6,6038,n,suì yuè,"years,time",1
遂心,辶,7,99591,v,suì xīn,to one's liking,1
碎,石,5,2313,a,suì,"(transitive or intransitive verb) to break into pieces; to shatter; to crumble,broken; fragmentary; scattered,garrulous",1
隧道,阝,7,5170,n,suì dào,tunnel,1
孙女,子,4,11910,n,sūn nǚ,"son's daughter,granddaughter",1
孙子,子,4,5639,n,Sūn zǐ,"Sun Tzu, also known as Sun Wu 孙武 (c. 500 BC, dates of birth and death uncertain), general",2
损,扌,7,6484,g,sǔn,"to decrease; to lose,to damage; to harm,(coll.) to ridicule; to deride,(coll.) caustic; sarcastic; nasty; mean",1
损害,扌,5,5173,v,sǔn hài,"harm,to damage,to impair",1
损坏,扌,6,7169,v,sǔn huài,"to damage,to injure",1
损人利己,扌,7,53422,v,sǔn rén lì jǐ,harming others for one's personal benefit (idiom); personal gain to the detriment of others,1
损伤,扌,6,3746,vn,sǔn shāng,"to harm,to damage,to injure,impairment,loss,disability",1
损失,扌,5,1930,n,sǔn shī,"loss,damage,to lose,to suffer damage",1
缩,纟,7,6001,v,suō,"to withdraw,to pull back,to contract,to shrink,to reduce,abbreviation,also pr. [sù]",1
缩短,纟,5,9438,v,suō duǎn,"to curtail,to cut down",1
缩水,纟,7,17775,v,suō shuǐ,"to shrink (in the wash),fig. to shrink (of profits etc)",1
缩小,纟,5,5320,v,suō xiǎo,"to reduce,to decrease,to shrink",1
缩影,纟,7,21636,n,suō yǐng,"miniature version of sth,microcosm,epitome,(Tw) to microfilm",1
所,户,5,159,u,suǒ,"actually,place,classifier for houses, small buildings, institutions etc,that which",1
所属,户,7,10088,n,suǒ shǔ,"one's affiliation (i.e. the organization one is affiliated with),subordinate (i.e. those subordinate to oneself)",1
所谓,户,7,1616,v,suǒ wèi,"so-called,what is called",1
所以,户,2,157,c,suǒ yǐ,"therefore,as a result,so,the reason why",1
所有,户,4,238,b,suǒ yǒu,"all,to have; to possess; to own",1
所在,户,7,2572,n,suǒ zài,"place,location,(after a noun) place where it is located",1
所长,户,3,13535,n,suǒ cháng,what one is good at,2
所作所为,户,7,12356,l,suǒ zuò suǒ wéi,one's conduct and deeds,1
索赔,糸,7,12486,v,suǒ péi,"to ask for compensation,to claim damages,claim for damages",1
索取,糸,7,14942,v,suǒ qǔ,"to ask,to demand",1
索性,糸,7,18443,d,suǒ xìng,"you might as well (do it),simply,just",1
锁,钅,5,2607,v,suǒ,"to lock; to lock up,a lock",2
锁定,钅,7,5401,v,suǒ dìng,"to lock (a door),to close with a latch,to lock into place,a lock,a latch",1
他,亻,1,10,r,tā,"he; him (used for either sex when the sex is unknown or unimportant),(used before sb's name for emphasis)",1
他们,亻,1,49,r,tā men,they,1
他人,亻,5,2618,r,tā rén,another person; sb else; other people,1
它,宀,1,114,r,tā,it,1
它们,宀,1,793,r,tā men,they (for inanimate objects),1
她,女,1,38,r,tā,she,1
她们,女,1,836,r,tā men,"they,them (for females)",1
塌,土,7,8276,v,tā,"to collapse,to droop,to settle down",1
塔,土,6,2198,n,tǎ,"pagoda,tower,minaret,stupa (abbr. loanword from Sanskrit tapo)",2
拓宽,扌,7,17344,v,tuò kuān,to broaden,1
拓展,扌,7,10602,v,tuò zhǎn,"to expand (one's client base, outlook etc)",1
踏,足,7,3442,v,tā,see 踏实,2
踏上,足,7,32613,v,tà shàng,"to set foot on,to step on or into",1
踏实,足,6,14592,a,tā shi,"firmly-based,steady,steadfast,to have peace of mind,free from anxiety,Taiwan pr. [tà shí]",1
胎,⺼,7,6282,g,tāi,"fetus,classifier for litters (of puppies etc),padding (in clothing or bedding),womb carrying a fetus,(fig.) origin",1
胎儿,⺼,7,7319,n,tāi ér,"unborn child,fetus,embryo",1
台,口,4,696,q,Tái,"Taiwan (abbr.),surname Tai",6
台灯,口,5,17349,n,tái dēng,"desk lamp,table lamp",1
台风,口,6,8942,n,tái fēng,"stage presence, poise",2
台阶,口,5,7435,n,tái jiē,"steps,flight of steps,step (over obstacle),fig. way out of an embarrassing situation,bench (geology)",1
台球,口,6,12794,n,tái qiú,billiards,1
台上,口,4,4897,s,tái shàng,on stage,1
抬,扌,4,3574,v,tái,"to lift,to raise,(of two or more persons) to carry",1
抬头,扌,4,6447,v,tái tóu,"to raise one's head,to gain ground,account name, or space for writing the name on checks, bills etc",1
太,大,1,87,d,tài,"highest,greatest,too (much),very,extremely",1
太极,大,7,17618,nz,Tài jí,"the Absolute or Supreme Ultimate, the source of all things according to some interpretations of Chinese mythology",1
太极拳,大,7,31592,n,tài jí quán,"shadowboxing or Taiji, T'aichi or T'aichichuan,traditional form of physical exercise or relaxation,a martial art",1
太空,大,6,3689,s,tài kōng,outer space,1
太平,大,7,11020,a,Tài píng,place name,2
太太,大,5,3823,n,tài tai,"married woman,Mrs.,Madam,wife",1
太阳,大,3,2001,n,tài yang,"sun,abbr. for 太阳穴",1
太阳能,大,6,10215,n,tài yáng néng,solar energy,1
态度,心,4,1647,n,tài du,"manner,bearing,attitude,approach",1
泰斗,氺,7,47526,n,tài dǒu,"(abbr. for 斗) distinguished figure,doyen,revered authority",1
贪,贝,7,10632,v,tān,"to have a voracious desire for,to covet,greedy,corrupt",1
贪婪,贝,7,9086,a,tān lán,"avaricious,greedy,rapacious,insatiable,avid",1
贪玩儿,贝,7,1000000,,tān wánr5,Greedy,1
贪污,贝,7,10770,v,tān wū,"to be corrupt,corruption,to embezzle",1
摊,扌,7,6664,g,tān,"to spread out,vendor's stand",1
摊儿,扌,6,1000000,,tān r,"erhua variant of 摊,vendor's stand",1
瘫,疒,7,17190,v,tān,paralyzed,1
瘫痪,疒,7,8408,v,tān huàn,"paralysis,be paralyzed (body, transportation, etc)",1
坛,土,7,16984,g,tán,"platform,rostrum,altar",2
谈,讠,4,862,v,Tán,surname Tan,2
谈不上,讠,7,29056,v,tán bu shàng,to be out of the question,1
谈到,讠,7,14991,v,tán dào,"to refer to,to speak about,to talk about",1
谈话,讠,5,3136,vn,tán huà,"to talk (with sb),to have a conversation,talk,conversation",1
谈论,讠,6,4939,v,tán lùn,to discuss; to talk about,1
谈判,讠,6,2830,vn,tán pàn,"to negotiate,negotiation,talks,conference",1
谈起,讠,7,22560,v,tán qǐ,"to mention,to speak of,to talk about",1
痰,疒,7,10069,n,tán,"phlegm,spittle",1
坦白,土,7,7310,v,tǎn bái,"honest,forthcoming,to confess",1
坦诚,土,7,9965,a,tǎn chéng,"candid,frank,plain dealing",1
坦克,土,7,6208,n,tǎn kè,tank (military vehicle) (loanword),1
坦率,土,7,11926,a,tǎn shuài,"frank (discussion),blunt,open",1
坦然,土,7,12753,ad,tǎn rán,"calm,undisturbed",1
毯子,毛,7,17479,n,tǎn zi,blanket,1
叹气,口,7,17278,v,tàn qì,"to sigh,to heave a sigh",1
炭,火,7,13259,n,tàn,"wood charcoal,coal",1
探,扌,7,2298,v,tàn,"to explore,to search out,to scout,to visit,to stretch forward",1
探测,扌,7,8394,v,tàn cè,to probe; to survey,1
探亲,扌,7,22096,v,tàn qīn,to go home to visit one's family,1
探求,扌,7,30109,v,tàn qiú,"to seek,to pursue,to investigate",1
探索,扌,6,4061,v,tàn suǒ,to explore; to probe,1
探讨,扌,6,7107,v,tàn tǎo,"to investigate,to probe",1
探望,扌,7,10583,v,tàn wàng,"to visit,to call on sb,to look around",1
探险,扌,7,8989,vn,tàn xiǎn,"to explore,to go on an expedition,adventure",1
碳,石,7,7624,n,tàn,carbon (chemistry),1
汤,氵,4,2237,n,Tāng,surname Tang,3
汤圆,氵,6,49606,n,tāng yuán,"boiled or deep-fried balls of glutinous rice flour, usually eaten during Lantern Festival",1
堂,土,7,3587,q,táng,"(main) hall,large room for a specific purpose,relationship between cousins etc on the paternal side of a family",1
糖,米,3,2036,n,táng,"sugar,sweets,candy",2
糖果,米,6,6816,n,táng guǒ,candy,1
糖葫芦,米,6,62842,n,táng hú lu,"sugar-coated Chinese hawthorn or other fruit on a bamboo skewer,tanghulu",1
糖尿病,米,7,6384,n,táng niào bìng,"diabetes,diabetes mellitus",1
倘若,亻,7,15613,c,tǎng ruò,if; supposing; in case,1
淌,氵,7,16569,v,tǎng,"to drip,to trickle,to shed (tears)",1
躺,身,4,1892,v,tǎng,"to recline,to lie down",1
烫,火,6,4676,v,tàng,"to scald,to burn (by scalding),to blanch (cooking),to heat (sth) up in hot water,to perm,to iron,scalding hot",1
趟,走,4,3174,qv,tāng,old variant of 趟,3
掏,扌,6,5068,v,tāo,"to fish out (from pocket),to scoop",2
掏钱,扌,7,12130,v,tāo qián,"to pay,to spend money,to fork out",1
滔滔不绝,氵,7,19862,v,tāo tāo bù jué,"unceasing torrent (idiom),talking non-stop,gabbling forty to the dozen",1
逃,辶,6,2056,v,táo,"to escape,to run away,to flee",1
逃避,辶,7,4735,v,táo bì,"to escape,to evade,to avoid,to shirk",1
逃跑,辶,6,4877,v,táo pǎo,"to flee from sth,to run away,to escape",1
逃生,辶,7,11935,v,táo shēng,to flee for one's life,1
逃亡,辶,7,11837,v,táo wáng,"to flee,flight (from danger),fugitive",1
逃走,辶,5,7231,v,táo zǒu,"to escape,to flee,to run away",1
桃,木,5,6265,n,táo,peach,1
桃花,木,5,17500,n,táo huā,"peach blossom,(fig.) love affair",1
桃树,木,5,35576,n,táo shù,peach tree,1
陶瓷,阝,7,10494,n,táo cí,"pottery and porcelain,ceramics",1
陶冶,阝,7,65189,v,táo yě,"lit. to fire pots and smelt metal,fig. to educate",1
陶醉,阝,7,13282,v,táo zuì,to be infatuated with; to be drunk with; to be enchanted with; to revel in,1
淘,氵,7,8224,v,táo,"to wash,to clean out,to cleanse,to eliminate,to dredge",1
淘气,氵,6,14473,a,táo qì,"naughty,mischievous",1
淘汰,氵,6,2620,v,táo tài,"to wash out,(fig.) to cull,to weed out,to eliminate,to die out,to phase out",1
讨,讠,7,4393,v,tǎo,"to invite,to provoke,to demand or ask for,to send armed forces to suppress,to denounce or condemn,to marry (a woman)",1
讨好,讠,7,10495,v,tǎo hǎo,"to get the desired outcome,to win favor by fawning on sb,to curry favor with,a fruitful outcome to reward one's labor",1
讨价还价,讠,7,12869,v,tǎo jià huán jià,"to haggle over price,to bargain",1
讨论,讠,4,1047,v,tǎo lùn,to discuss; to talk over,1
讨人喜欢,讠,7,1000000,,tǎo rén xǐ huan,"to attract people's affection,charming,delightful",1
讨厌,讠,4,1401,v,tǎo yàn,"to dislike,to loathe,disagreeable,troublesome,annoying",1
套,大,5,715,q,tào,"to cover,to encase,cover,sheath,to overlap,to interleave,to model after,to copy,formula,harness,loop of rope",1
套餐,大,6,12344,n,tào cān,"set meal,(fig.) product or service package (e.g. for a cell phone subscription)",1
特,牛,6,695,g,tè,"special,unique,distinguished,especially,unusual,very,abbr. for 斯, tex",1
特别,牛,3,541,d,tè bié,"unusual; special,very; especially; particularly,expressly; for a specific purpose,(often followed by 是) in particular",1
特产,牛,5,21019,n,tè chǎn,"special local product,(regional) specialty",1
特大,牛,6,9243,b,tè dà,exceptionally big,1
特地,牛,6,8288,d,tè dì,"specially,for a special purpose",1
特点,牛,4,4039,n,tè diǎn,"characteristic (feature),trait,feature",1
特定,牛,6,5385,b,tè dìng,"special,specific,designated,particular",1
特价,牛,4,10340,n,tè jià,special price,1
特快,牛,6,19517,b,tè kuài,"express (train, delivery etc)",1
特例,牛,7,25371,n,tè lì,"special case,isolated example",1
特权,牛,7,8533,n,tè quán,"prerogative,privilege,privileged",1
特色,牛,5,4212,n,tè sè,"characteristic,distinguishing feature or quality",1
特殊,牛,5,1632,a,tè shū,"special,particular,unusual,extraordinary",1
特性,牛,6,8741,n,tè xìng,"property,characteristic",1
特邀,牛,7,19944,vn,tè yāo,special invitation,1
特意,牛,6,6391,d,tè yì,"specially,intentionally",1
特有,牛,5,9336,b,tè yǒu,"specific (to),characteristic (of),distinctive",1
特长,牛,6,10629,n,tè cháng,"personal strength,one's special ability or strong points",1
特征,牛,5,3497,n,tè zhēng,"characteristic,diagnostic property,distinctive feature,trait",1
特制,牛,7,12498,b,tè zhì,"special,unique",1
特质,牛,7,9755,n,tè zhì,"characteristic,special quality",1
疼,疒,2,1641,v,téng,"(it) hurts; sore,to love dearly",1
疼爱,疒,7,14247,v,téng ài,to love dearly,1
疼痛,疒,5,3944,an,téng tòng,"pain,(of a body part) to be painful; to be sore; to hurt,(of a person) to be in pain",1
腾,⺼,7,8009,v,téng,"(bound form) to gallop; to prance,(bound form) to soar; to hover,to make room; to clear out; to vacate",1
藤椅,艹,7,55380,n,téng yǐ,rattan chair,1
剔除,刂,7,19717,v,tī chú,"to reject,to discard,to get rid of",1
梯子,木,7,15634,n,tī zi,"ladder,stepladder",1
踢,足,2,2330,v,tī,"to kick,to play (e.g. soccer),(slang) butch (in a lesbian relationship)",1
提,扌,4,919,v,dī,used in 防 and 溜,2
提拔,扌,7,12631,v,tí bá,"to promote to a higher job,to select for promotion",1
提倡,扌,5,11719,v,tí chàng,"to promote,to advocate",1
提出,扌,4,1125,v,tí chū,"to raise (an issue),to propose,to put forward,to suggest,to post (on a website),to withdraw (cash)",1
提到,扌,4,2683,v,tí dào,"to mention,to raise (a subject),to refer to",1
提防,扌,7,15445,v,dī fang,"to guard against,to be vigilant,watch you don't (slip),Taiwan pr. [tí fáng]",1
提纲,扌,7,28361,n,tí gāng,"outline,synopsis,notes",1
提高,扌,3,1724,v,tí gāo,"to raise,to increase,to improve",1
提供,扌,4,621,v,tí gōng,"to offer,to supply,to provide,to furnish",1
提交,扌,5,5768,v,tí jiāo,"to submit (a report etc),to refer (a problem) to sb",1
提炼,扌,7,16362,v,tí liàn,"to extract (ore, minerals etc),to refine,to purify,to process",1
提名,扌,7,5189,v,tí míng,to nominate,1
提起,扌,5,3871,v,tí qǐ,"to mention,to speak of,to lift,to pick up,to arouse,to raise (a topic, a heavy weight, one's fist, one's spirits etc)",1
提前,扌,4,2206,v,tí qián,"to shift to an earlier date,to do sth ahead of time,in advance",1
提升,扌,5,3275,v,tí shēng,"to promote (to a higher-ranking position),to lift; to hoist,(fig.) to elevate; to raise; to improve",1
提示,扌,6,3243,v,tí shì,"to point out,to remind (sb of sth),to suggest,suggestion,tip,reminder,notice",1
提速,扌,7,37206,v,tí sù,"to increase the specified cruising speed,to pick up speed,to speed up",1
提问,扌,5,5085,vn,tí wèn,to question; to quiz; to grill,1
提心吊胆,扌,7,20737,v,tí xīn diào dǎn,(saying) to be very scared and on edge,1
提醒,扌,4,1634,v,tí xǐng,"to remind,to call attention to,to warn of",1
提议,扌,7,4891,n,tí yì,"proposal,suggestion,to propose,to suggest",1
提早,扌,7,10528,d,tí zǎo,"ahead of schedule,sooner than planned,to bring forward (to an earlier time)",1
题,页,2,2690,n,Tí,surname Ti,2
题材,页,6,8324,n,tí cái,subject matter,1
题目,页,5,7020,n,tí mù,"subject,title,topic",1
体操,亻,6,8893,n,tǐ cāo,"gymnastic,gymnastics",1
体会,亻,5,3605,v,tǐ huì,"to know from experience,to learn through experience,to realize,understanding,experience",1
体积,亻,6,10883,n,tǐ jī,"volume,bulk",1
体检,亻,4,8459,v,tǐ jiǎn,abbr. for 体格检查,1
体力,亻,5,6132,n,tǐ lì,"physical strength,physical power",1
体谅,亻,7,12385,v,tǐ liàng,"to empathize,to allow (for sth),to show understanding,to appreciate",1
体面,亻,7,13447,a,tǐ miàn,"dignity; prestige; face,honorable; creditable,(of sb's appearance) presentable; respectable",1
体能,亻,7,12260,n,tǐ néng,"physical capability,stamina",1
体贴,亻,7,7789,v,tǐ tiē,considerate (of other people's needs),1
体温,亻,4,7596,n,tǐ wēn,(body) temperature,1
体系,亻,6,4476,n,tǐ xì,"system,setup",1
体现,亻,5,4185,v,tǐ xiàn,"to embody,to reflect,to incarnate",1
体验,亻,5,2553,v,tǐ yàn,to experience for oneself,1
体育,亻,3,2354,n,tǐ yù,"sports,physical education",1
体育场,亻,2,10575,n,tǐ yù chǎng,stadium,1
体育馆,亻,3,7477,n,tǐ yù guǎn,"gym,gymnasium,stadium",1
体制,亻,7,7005,n,tǐ zhì,"system,organization",1
体质,亻,7,15276,n,tǐ zhì,constitution,1
体重,亻,4,4003,n,tǐ zhòng,body weight,1
剃,刂,7,12514,v,tì,to shave,3
替,曰,5,1826,p,tì,"to substitute for,to take the place of,to replace,for,on behalf of,to stand in for",1
替代,曰,4,5840,v,tì dài,"to substitute for,to replace,to supersede",1
替换,曰,7,10602,v,tì huàn,"to exchange,to replace,to substitute for,to switch",1
替身,曰,7,16305,n,tì shēn,"stand-in,substitute,body double,stuntman,scapegoat,fall guy,to stand in for sb else",1
天,大,1,83,qt,tiān,"day,sky,heaven",1
天才,大,6,4429,n,tiān cái,"talent,gift,genius,talented,gifted",1
天地,大,7,7764,n,tiān dì,"heaven and earth,world,scope,field of activity",1
天鹅,大,7,10373,n,tiān é,swan,1
天分,大,7,16449,n,tiān fèn,"natural gift,talent",1
天赋,大,7,6020,n,tiān fù,"gift,innate skill",1
天经地义,大,7,30356,l,tiān jīng dì yì,"lit. heaven's law and earth's principle (idiom); fig. right and proper,right and unalterable,a matter of course",1
天空,大,5,3292,n,tiān kōng,sky,1
天伦之乐,大,7,36076,l,tiān lún zhī lè,"family love and joy,domestic bliss",1
天平,大,7,16762,n,tiān píng,scales (to weigh things),1
天气,大,1,1675,n,tiān qì,weather,1
天桥,大,7,12172,n,Tiān qiáo,"Tianqiao district of Jinan city 济南市, Shandong,Tianqiao district in Beijing, formerly a center of folk culture",2
天然,大,6,6323,b,tiān rán,natural,1
天然气,大,6,9485,n,tiān rán qì,natural gas,1
天上,大,5,5808,s,tiān shàng,"celestial,heavenly",1
天生,大,7,4564,d,tiān shēng,"nature,disposition,innate,natural",1
天使,大,7,3295,n,tiān shǐ,angel,1
天堂,大,7,3183,n,tiān táng,"paradise,heaven",1
天文,大,6,18488,n,tiān wén,astronomy,1
天下,大,6,3855,n,tiān xià,"land under heaven,the whole world,the whole of China,realm,rule",1
天线,大,7,11888,n,tiān xiàn,"antenna,mast,connection with high-ranking officials",1
天性,大,7,10935,n,tiān xìng,"nature,innate tendency",1
天长地久,大,7,20808,v,tiān cháng dì jiǔ,"enduring while the world lasts (idiom),eternal",1
天真,大,6,5823,a,tiān zhēn,"naive,innocent,artless",1
天主教,大,7,15354,nz,Tiān zhǔ jiào,Catholicism,1
添,氵,6,4852,v,tiān,"to add,to increase,to replenish",1
添加,氵,6,9253,v,tiān jiā,"to add,to increase",1
田,田,6,3192,n,Tián,surname Tian,2
田径,田,6,12862,n,tián jìng,track and field (athletics),1
田野,田,7,16069,n,tián yě,"field,open land",1
甜,甘,3,2472,a,tián,sweet,1
甜美,甘,7,6581,a,tián měi,"sweet,pleasant,happy",1
甜蜜,甘,7,4680,a,tián mì,"sweet,happy",1
甜头,甘,7,16846,n,tián tou,"sweet taste (of power, success etc),benefit",1
填,土,5,4140,v,tián,"to fill or stuff,(of a form etc) to fill in",1
填补,土,7,9801,v,tián bǔ,"to fill a gap,to fill in a blank (on a form),to overcome a deficiency",1
填充,土,7,16183,v,tián chōng,"to fill up; to stuff,to fill in a blank space",1
填空,土,4,42424,v,tián kòng,"to fill a job vacancy,to fill in a blank (e.g. on questionnaire or exam paper)",1
填写,土,4,10133,v,tián xiě,"to fill in a form,to write data in a box (on a questionnaire or web form)",1
舔,舌,7,7383,v,tiǎn,"to lick,to lap",1
挑,扌,5,2310,v,tiāo,"to carry on a shoulder pole,to choose,to pick,to nitpick",2
挑拨,扌,7,27120,v,tiǎo bō,"to incite disharmony,to instigate",1
挑起,扌,7,9853,v,tiǎo qǐ,"to provoke,to stir up,to incite",1
挑剔,扌,7,10153,v,tiāo ti,"picky,fussy",1
挑衅,扌,7,9812,v,tiǎo xìn,"to provoke,provocation",1
挑选,扌,5,4696,v,tiāo xuǎn,"to choose,to select",1
挑战,扌,5,1571,vn,tiǎo zhàn,"to challenge,challenge",1
条,木,2,277,q,tiáo,"strip,item,article,clause (of law or treaty),classifier for long thin things (ribbon, river, road, trousers etc)",1
条件,木,4,1104,n,tiáo jiàn,"condition; circumstance; term; factor,requirement; prerequisite; qualification,situation; state; condition",1
条款,木,7,5580,n,tiáo kuǎn,clause (of contract or law),1
条理,木,7,22242,n,tiáo lǐ,"arrangement,order,tidiness",1
条例,木,7,4946,n,tiáo lì,regulations; rules; code of conduct; ordinances; statutes,1
条约,木,7,7534,n,tiáo yuē,"treaty,pact",1
跳,足,3,1099,v,tiào,"to jump,to hop,to skip over,to bounce,to palpitate",1
跳槽,足,7,19676,v,tiào cáo,"to change jobs,job-hopping",1
跳动,足,7,11061,v,tiào dòng,"to throb,to pulse,to bounce,to jiggle,to jump about",1
跳高,足,5,29918,v,tiào gāo,high jump (athletics),1
跳伞,足,7,17522,v,tiào sǎn,"to parachute,to bail out,parachute jumping",1
跳水,足,6,12755,vn,tiào shuǐ,"to dive (into water),(sports) diving,to commit suicide by jumping into water",1
跳舞,足,2,3920,v,tiào wǔ,to dance,1
跳远,足,5,40040,vn,tiào yuǎn,long jump (athletics),1
跳跃,足,7,8646,v,tiào yuè,"to jump,to leap,to bound,to skip",1
帖子,巾,7,8341,,tiě zi,"card,invitation,message,(forum) post",1
贴,贝,5,1971,v,tiē,"to stick,to paste,to post (e.g. on a blog),to keep close to,to fit snugly,to subsidize",1
贴近,贝,6,14562,v,tiē jìn,"to press close to,to snuggle close,intimate",1
贴切,贝,7,19402,a,tiē qiè,"close-fitting,closest (translation)",1
铁,钅,7,2193,n,Tiě,surname Tie,2
铁路,钅,5,4310,n,tiě lù,"railroad,railway",1
厅,厂,5,3102,n,tīng,"(reception) hall,living room,office,provincial government department",1
听,口,1,190,v,yǐn,smile (archaic),2
听从,口,7,10740,v,tīng cóng,"to listen and obey,to comply with,to heed,to hearken",1
听到,口,1,877,v,tīng dào,to hear,1
听话,口,6,6757,a,tīng huà,"to do what one is told,obedient",1
听见,口,1,3114,v,tīng jiàn,to hear,1
听讲,口,2,26538,v,tīng jiǎng,"to attend a lecture,to listen to a talk",1
听力,口,4,10212,n,tīng lì,"hearing,listening ability",1
听取,口,6,6676,v,tīng qǔ,to hear (news); to listen to,1
听说,口,3,1283,v,tīng shuō,"to hear (sth said),one hears (that),hearsay,listening and speaking",1
听写,口,1,44026,v,tīng xiě,"(of a pupil) to write down (in a dictation exercise),dictation,(music) to transcribe by ear",1
听众,口,4,8461,n,tīng zhòng,"audience,listeners",1
亭子,亠,7,32764,n,tíng zi,pavilion,1
停,亻,4,768,v,tíng,"to stop,to halt,to park (a car)",1
停车,亻,4,3222,v,tíng chē,"to pull up (stop one's vehicle),to park,(of a machine) to stop working,to stall",1
停车场,亻,4,5453,n,tíng chē chǎng,"parking lot,car park",1
停车位,亻,7,13096,n,tíng chē wèi,"parking space,parking spot",1
停电,亻,7,7921,v,tíng diàn,"to have a power failure,power cut",1
停顿,亻,7,13836,v,tíng dùn,"to halt,to break off,pause (in speech)",1
停放,亻,7,20324,v,tíng fàng,"to park (a car etc),to moor (a boat etc),to leave sth (in a place)",1
停留,亻,5,5875,v,tíng liú,"to stay somewhere temporarily,to stop over",1
停泊,亻,7,21647,v,tíng bó,"to anchor,anchorage,mooring (of a ship)",1
停下,亻,4,1183,v,tíng xià,to stop,1
停业,亻,7,19262,v,tíng yè,"to cease trading (temporarily or permanently),to close down",1
停止,亻,4,1632,v,tíng zhǐ,to stop; to halt; to cease,1
停滞,亻,7,16362,v,tíng zhì,"stagnation,at a standstill,bogged down",1
挺,扌,3,737,d,tǐng,"straight,erect,to stick out (a part of the body),to (physically) straighten up,to support,to withstand,outstanding",1
挺拔,扌,7,28996,a,tǐng bá,tall and straight,1
挺好,扌,2,1000000,,tǐng hǎo,very good,1
通,辶,4,1155,v,tōng,"to go through,to know well,(suffix) expert,to connect,to communicate,open,to clear,classifier for letters, telegrams",2
通报,辶,7,6821,v,tōng bào,"to inform,to notify,to announce,circular,bulletin,(scientific) journal",1
通常,辶,5,1897,d,tōng cháng,"regular,usual,normal,usually,normally",1
通畅,辶,7,18843,a,tōng chàng,"unobstructed; clear,(of writing or thinking) coherent; fluent",1
通车,辶,7,22923,v,tōng chē,"to open to traffic (e.g. new bridge, rail line etc),(of a locality) to have a transportation service,(Tw) to commute",1
通道,辶,6,3191,n,Tōng dào,"Tongdao Dong autonomous county in Huaihua 怀化, Hunan",2
通风,辶,6,9572,v,tōng fēng,"airy,ventilation,to ventilate,to disclose information",1
通告,辶,7,9042,n,tōng gào,"to announce; to give notice,announcement",1
通过,辶,4,343,p,tōng guò,"to pass through; to get through,to adopt (a resolution); to pass (legislation),to pass (a test)",1
通红,辶,7,21285,z,tōng hóng,"very red,red through and through,to blush (deep red)",1
通话,辶,6,5961,v,tōng huà,"to hold a conversation,to talk over the telephone,phone call",1
通货,辶,6,53897,n,tōng huò,"currency,(old) exchange of goods",1
通缉,辶,7,12618,v,tōng jī,"to order the arrest of sb as criminal,to list as wanted",1
通顺,辶,7,50383,a,tōng shùn,"smooth,clear and coherent",1
通俗,辶,7,18163,a,tōng sú,"common,everyday,average",1
通通,辶,7,14122,d,tōng tōng,"all,entire,complete",1
通往,辶,7,6900,v,tōng wǎng,to lead to,1
通宵,辶,7,9060,n,tōng xiāo,"all night,throughout the night",1
通信,辶,6,4315,vn,tōng xìn,"to correspond (by letter etc),to communicate,communication",1
通行,辶,5,9027,v,tōng xíng,"to go through,to pass through,to be in general use",1
通行证,辶,7,10140,n,tōng xíng zhèng,"a pass (authority to enter),a laissez-passer or safe conduct",1
通讯,辶,6,3811,n,tōng xùn,"communications,news story,dispatch",1
通用,辶,6,8338,nz,tōng yòng,"to use anywhere, anytime (card, ticket etc),to be used by everyone (language, textbook etc)",1
通知,辶,4,1246,n,tōng zhī,"to notify,to inform,notice,notification",1
通知书,辶,4,14400,n,tōng zhī shū,written notice,1
同,口,5,442,p,tóng,"like,same,similar,together,alike,with",2
同伴,口,6,6312,n,tóng bàn,companion; comrade; fellow,1
同胞,口,7,6032,n,tóng bāo,"born of the same parents,sibling,fellow citizen,compatriot",1
同步,口,7,6408,v,tóng bù,"synchronous,to synchronize,to keep step with",1
同等,口,7,11078,b,tóng děng,"equal to,having the same social class or status",1
同感,口,7,9619,n,tóng gǎn,"(have the) same feeling,similar impression,common feeling",1
同伙,口,7,10281,n,tóng huǒ,"colleague,co-conspirator,accomplice",1
同类,口,6,7983,n,tóng lèi,"similar,same type,alike",1
同盟,口,7,10148,n,tóng méng,alliance,1
同年,口,7,15175,d,tóng nián,the same year,1
同期,口,7,18095,f,tóng qī,"the corresponding time period (in a different year etc),concurrent,synchronous",1
同情,口,5,4665,v,tóng qíng,"to sympathize with,sympathy",1
同人,口,7,35408,n,tóng rén,"people from the same workplace or profession,co-worker,colleague,pop culture enthusiasts who create fan fiction etc",1
同时,口,4,566,c,tóng shí,"at the same time,simultaneously",1
同事,口,3,2337,n,tóng shì,colleague; co-worker,1
同行,口,6,6467,n,tóng háng,"person of the same profession,of the same trade, occupation or industry",2
同学,口,1,1828,n,tóng xué,"to study at the same school,fellow student,classmate",1
同样,口,4,971,b,tóng yàng,"same,equal,equivalent",1
同一,口,5,4145,b,tóng yī,identical; the same,1
同意,口,3,985,v,tóng yì,"to agree,to consent,to approve",1
同志,口,7,1228,n,tóng zhì,"comrade,(slang) homosexual",1
同舟共济,口,7,36268,v,tóng zhōu gòng jì,"cross a river in the same boat (idiom); fig. having common interests,obliged to collaborate towards common goals",1
铜,钅,6,4916,n,tóng,"copper (chemistry),see also 红铜",1
铜矿,钅,6,35317,n,tóng kuàng,"copper mine,copper ore",1
铜牌,钅,6,24178,n,tóng pái,"bronze medal,bronze plaque bearing a business name or logo etc",1
童话,立,6,6278,n,tóng huà,children's fairy tales,1
童年,立,4,5573,t,tóng nián,childhood,1
统筹,纟,7,23019,v,tǒng chóu,"an overall plan,to plan an entire project as a whole",1
统筹兼顾,纟,6,34565,,tǒng chóu jiān gù,an overall plan taking into account all factors,1
统计,纟,5,3473,v,tǒng jì,"statistics,to count,to add up",1
统统,纟,7,7958,d,tǒng tǒng,totally,1
统一,纟,5,3308,v,tǒng yī,"to unify; to integrate,unified; integrated",1
统治,纟,7,4679,vn,tǒng zhì,"to rule (a country),to govern,rule,regime",1
捅,扌,7,6249,v,tǒng,"to stab,to poke,to prod,to nudge,to disclose",1
桶,木,4,3595,n,tǒng,"bucket,(trash) can,barrel (of oil etc)",1
筒,⺮,7,6284,g,tǒng,"tube,cylinder,to encase in sth cylindrical (such as hands in sleeves etc)",2
痛,疒,4,1254,a,tòng,"ache,pain,sorrow,deeply,thoroughly",1
痛苦,疒,5,1336,an,tòng kǔ,"pain,suffering,painful",1
痛快,疒,6,9101,a,tòng kuài,"delighted,to one's heart's content,straightforward,also pr. [tòng kuai]",1
痛心,疒,7,16344,a,tòng xīn,"grieved,pained",1
偷,亻,6,1795,v,tōu,"to steal,to pilfer,to snatch,thief,stealthily",1
偷看,亻,7,14446,v,tōu kàn,"to peep,to peek,to steal a glance",1
偷窥,亻,7,15593,v,tōu kuī,"to peep,to peek,to act as voyeur",1
偷懒,亻,7,14374,v,tōu lǎn,"to goof off,to be lazy",1
偷偷,亻,6,4590,d,tōu tōu,"stealthily,secretly,covertly,furtively,on the sly",1
头,大,2,329,n,tóu,"head,hair style,the top,end,beginning or end,a stub,remnant,chief,boss,side,aspect,first,leading",2
头部,大,7,3966,n,tóu bù,head,1
头顶,大,7,8775,n,tóu dǐng,top of the head,1
头发,大,3,1533,n,tóu fa,hair (on the head),1
头号,大,7,7261,b,tóu hào,"first rate,top rank,number one",1
头脑,大,6,4295,n,tóu nǎo,"brains,mind,skull,(fig.) gist (of a matter),leader,boss",1
头疼,大,6,5962,a,tóu téng,headache,1
头条,大,7,17548,n,Tóu tiáo,"Toutiao, personalized content recommendation app (abbr. for 今日头条)",2
头头是道,大,7,39740,l,tóu tóu shì dào,clear and logical,1
头衔,大,7,9443,n,tóu xián,"title,rank,appellation",1
头晕,大,7,8484,v,tóu yūn,dizzy,1
投,扌,5,1081,v,tóu,"to cast,to send,to throw oneself (into the river etc),to seek refuge,to place oneself into the hands of",1
投奔,扌,7,22518,v,tóu bèn,"to seek shelter,to seek asylum",1
投稿,扌,7,13109,v,tóu gǎo,"to submit articles for publication,to contribute (writing)",1
投机,扌,7,12302,vn,tóu jī,"to speculate (on financial markets),opportunistic,congenial,agreeable",1
投降,扌,7,5903,v,tóu xiáng,"to surrender,surrender",1
投票,扌,6,1089,v,tóu piào,"to vote,vote",1
投入,扌,5,1661,v,tóu rù,"to throw into,to put into,to throw oneself into,to participate in,to invest in,absorbed,engrossed",1
投射,扌,7,20816,v,tóu shè,"to throw (a projectile),to cast (light)",1
投身,扌,7,13174,v,tóu shēn,to throw oneself into sth,1
投诉,扌,6,3986,v,tóu sù,"complaint,to complain,to register a complaint (esp. as a customer)",1
投掷,扌,7,18662,v,tóu zhì,"to throw sth a long distance,to hurl,to throw at,to throw (dice etc),to flip (a coin)",1
投资,扌,6,1236,vn,tóu zī,"investment,to invest",1
透,辶,6,2096,a,tòu,"(bound form) to penetrate; to seep through,to tell secretly; to leak,thoroughly; through and through,to appear; to show",1
透彻,辶,7,18296,a,tòu chè,penetrating; thorough; incisive,1
透过,辶,6,6580,v,tòu guò,"to pass through,to penetrate,by means of,via",1
透露,辶,6,2467,v,tòu lù,"to leak out,to divulge,to reveal",1
透明,辶,6,6636,a,tòu míng,"transparent,(fig.) transparent; open to scrutiny",1
透气,辶,7,14227,v,tòu qì,"to flow freely (of air),to ventilate,to breathe (of fabric etc),to take a breath of fresh air,to divulge",1
透支,辶,7,15162,v,tòu zhī,"(banking) to overdraw,to take out an overdraft,an overdraft,to overspend (i.e. expenditure in excess of revenue)",1
凸,凵,7,12197,g,tū,"to stick out,protruding,convex,male (connector etc),Taiwan pr. [tú]",1
凸显,凵,7,26590,v,tū xiǎn,"to present clearly,to give prominence to,to magnify,clear and obvious",1
秃,禾,7,15174,a,tū,"bald,blunt",1
突出,穴,5,3980,a,tū chū,"prominent,outstanding,to give prominence to,to protrude,to project",1
突发,穴,6,6668,vn,tū fā,to occur suddenly,1
突击,穴,7,7596,v,tū jī,"sudden and violent attack,assault,fig. rushed job,concentrated effort to finish a job quickly",1
突破,穴,6,2698,v,tū pò,"to break through,to make a breakthrough,to surmount (an obstacle),(sports) to break through the opponent's defense",1
突破口,穴,7,14208,n,tū pò kǒu,"breach,gap,breakthrough point",1
突然,穴,3,644,ad,tū rán,sudden; abrupt; unexpected,1
突如其来,穴,7,15992,l,tū rú qí lái,"to arise abruptly,to arrive suddenly,happening suddenly",1
图,囗,4,1231,n,tú,"diagram,picture,drawing,chart,map,to plan,to scheme,to attempt,to pursue,to seek",1
图案,囗,6,6241,n,tú àn,design; pattern,1
图表,囗,6,12345,n,tú biǎo,"chart,diagram",1
图画,囗,5,14983,n,tú huà,"drawing,picture",1
图片,囗,4,2934,n,tú piàn,picture; photograph,1
图书,囗,5,7804,n,tú shū,books (in a library or bookstore),1
图书馆,囗,3,3836,n,tú shū guǎn,library,1
图像,囗,6,4824,n,tú xiàng,image; picture; graphic,1
图形,囗,7,15043,n,tú xíng,"picture,figure,diagram,graph,depiction,graphical",1
图纸,囗,7,12662,n,tú zhǐ,"blueprint,drawing,design plans,graph paper",1
徒步,彳,7,12160,d,tú bù,to be on foot,1
徒弟,彳,6,11560,n,tú dì,"apprentice,disciple",1
途径,辶,6,4471,n,tú jìng,way; means; channel,1
途中,辶,4,6004,s,tú zhōng,en route,1
屠杀,尸,7,8592,vn,tú shā,to massacre; to slaughter,1
土,土,4,2399,n,Tǔ,"Tu (ethnic group),surname Tu",2
土地,土,5,1563,n,tǔ dì,"land,soil,territory",2
土豆,土,5,5611,n,tǔ dòu,"potato,(Tw) peanut",1
土匪,土,7,15222,n,tǔ fěi,bandit,1
土壤,土,6,9058,n,tǔ rǎng,soil,1
土生土长,土,7,23491,v,tǔ shēng tǔ zhǎng,"locally born and bred,indigenous,home-grown",1
吐,口,6,1958,v,tǔ,"to spit,to send out (silk from a silkworm, bolls from cotton flowers etc),to say,to pour out (one's grievances)",2
兔,儿,5,4413,g,tù,variant of 兔,2
兔子,儿,5,5002,n,tù zi,"hare,rabbit",1
涂,氵,7,3698,v,tú,"to apply (paint etc),to smear,to daub,to blot out,to scribble,to scrawl,(literary) mud,street",3
涂抹,氵,6,19465,v,tú mǒ,"to paint,to smear,to apply (makeup etc),to doodle,to erase,to obliterate",1
团,囗,5,1597,n,tuán,"round,lump,ball,to roll into a ball,to gather,regiment,group,society",2
团队,囗,5,2500,n,tuán duì,team,1
团伙,囗,7,6421,n,tuán huǒ,"(criminal) gang,gang member,accomplice,crony",1
团结,囗,6,3060,v,tuán jié,"to unite,unity,solidarity,united",1
团聚,囗,7,10265,v,tuán jù,"to reunite,to have a reunion",1
团体,囗,6,3675,n,tuán tǐ,"group,organization,team",1
团员,囗,7,18564,n,tuán yuán,"member,group member",1
团圆,囗,6,16364,v,tuán yuán,to have a reunion,1
团长,囗,5,12279,n,tuán zhǎng,"regimental command,head of a delegation,group buy organizer; group-buying coordinator",1
推,扌,4,1277,v,tuī,"to push,to cut,to refuse,to reject,to decline,to shirk (responsibility),to put off,to delay,to push forward,to nominate",1
推测,扌,6,6954,v,tuī cè,"speculation,to conjecture,to surmise,to speculate",1
推迟,扌,4,6409,v,tuī chí,"to postpone,to put off,to defer",1
推出,扌,4,4420,v,tuī chū,"to push out,to release,to launch,to publish,to recommend",1
推辞,扌,7,28333,v,tuī cí,"to decline (an appointment, invitation etc)",1
推动,扌,5,5417,v,tuī dòng,to push (e.g. for acceptance of a plan); to promote; to give impetus to,1
推断,扌,7,10746,v,tuī duàn,"to infer,to deduce,to predict,to extrapolate",1
推翻,扌,7,8789,v,tuī fān,to overthrow,1
推广,扌,5,6093,v,tuī guǎng,"to extend,to spread,to popularize,generalization,promotion (of a product etc)",1
推荐,扌,5,2168,v,tuī jiàn,"to recommend,recommendation",1
推进,扌,5,3651,v,tuī jìn,"to impel,to carry forward,to push on,to advance,to drive forward",1
推开,扌,3,9319,v,tuī kāi,"to push open (a gate etc),to push away,to reject,to decline",1
推理,扌,7,10227,vn,tuī lǐ,"reasoning,inference,to infer,to deduce",1
推论,扌,7,18566,v,tuī lùn,"to infer,inference,corollary,reasoned conclusion",1
推敲,扌,7,28185,v,tuī qiāo,to think over,1
推算,扌,7,20499,v,tuī suàn,"to calculate,to reckon,to extrapolate (in calculation)",1
推销,扌,6,6567,v,tuī xiāo,"to market,to sell",1
推卸,扌,7,19919,v,tuī xiè,to avoid (esp. responsibility); to shift (the blame); to pass the buck,1
推行,扌,6,12757,v,tuī xíng,"to put into effect,to carry out",1
推选,扌,7,21310,v,tuī xuǎn,"to elect,to choose",1
推移,扌,7,18780,vn,tuī yí,"(of time) to elapse or pass,(of a situation) to develop or evolve",1
颓废,页,7,15571,a,tuí fèi,"decadent,dispirited,depressed,dejected",1
腿,⺼,3,1216,n,tuǐ,leg,2
退,辶,5,1809,v,tuì,"to retreat; to withdraw,to reject; to return (sth),to decline",1
退步,辶,7,21136,v,tuì bù,"to do less well than before,to make a concession,setback,backward step,leeway,room to maneuver,fallback",1
退出,辶,5,2723,v,tuì chū,"to withdraw,to abort,to quit,to log out (computing)",1
退回,辶,7,11557,v,tuì huí,"to return (an item),to send back,to go back",1
退票,辶,6,24894,v,tuì piào,"to bounce (a check),to return a ticket,ticket refund",1
退却,辶,7,26542,v,tuì què,"to retreat,to shrink back",1
退让,辶,7,24961,v,tuì ràng,"to move aside,to get out of the way,to back down,to concede",1
退缩,辶,7,11862,v,tuì suō,"to shrink back,to cower",1
退休,辶,5,3442,v,tuì xiū,to retire (from the workforce); to go into retirement,1
退休金,辶,7,17615,n,tuì xiū jīn,"retirement pay,pension",1
退学,辶,7,13880,v,tuì xué,to quit school,1
退役,辶,7,7817,v,tuì yì,"(of military personnel or athletes) to retire,(of outdated equipment) to be decommissioned",1
吞,口,6,5282,v,tūn,"to swallow,to take",1
吞咽,口,6,24549,v,tūn yàn,"to swallow,to gulp",1
屯,屮,7,20522,g,tún,"to station (soldiers),to store up,village",2
托,扌,7,2533,v,tuō,"prop,support (for weight),rest (e.g. arm rest),thanks to,to hold in one's hand,to support in one's palm,to give,to base",2
托付,扌,7,18375,v,tuō fù,to entrust,1
托运,扌,6,21871,v,tuō yùn,"to consign (goods),to check through (baggage)",1
拖,扌,6,2130,v,tuō,variant of 拖,2
拖累,扌,7,13870,v,tuō lěi,"to encumber,to be a burden on,to implicate",1
拖欠,扌,7,14024,v,tuō qiàn,"in arrears,behind in payments,to default on one's debts",1
拖鞋,扌,5,10344,n,tuō xié,"slippers,sandals,flip-flops",1
拖延,扌,6,7732,v,tuō yán,"to delay,to put off,to procrastinate",1
脱,⺼,4,2303,v,tuō,"to shed,to take off,to escape,to get away from",1
脱节,⺼,7,20901,v,tuō jié,to come apart,1
脱口而出,⺼,7,18812,v,tuō kǒu ér chū,to blurt out; to let slip (an indiscreet remark),1
脱离,⺼,7,4351,v,tuō lí,"to separate oneself from,to break away from,diastasis (medicine),abscission,abjunction (botany)",1
脱落,⺼,7,11749,v,tuō luò,"to drop off,to come off,to lose (hair etc),to omit (a character when writing)",1
脱身,⺼,7,12896,v,tuō shēn,"to get away,to escape (from obligations),to free oneself,to disengage",1
脱颖而出,⺼,7,10861,v,tuō yǐng ér chū,"to reveal one's talent (idiom),to rise above others; to distinguish oneself",1
驮,马,7,28188,v,tuó,variant of 驮,3
妥,女,7,8024,a,tuǒ,"suitable,adequate,ready,settled",1
妥当,女,7,14010,a,tuǒ dang,"appropriate,proper,ready",1
妥善,女,7,11968,ad,tuǒ shàn,appropriate; proper,1
妥协,女,7,7090,v,tuǒ xié,"to compromise,to reach terms,a compromise",1
椭圆,木,7,26348,n,tuǒ yuán,"oval,ellipse,elliptic",1
唾沫,口,6,21892,n,tuò mo,"spittle,saliva",1
唾液,口,7,17628,n,tuò yè,saliva,1
挖,扌,6,2449,v,wā,"to dig,to excavate,to scoop out",1
挖掘,扌,7,5490,v,wā jué,"to excavate,to dig,to unearth",1
挖苦,扌,7,22351,v,wā kǔ,"to speak sarcastically,to make cutting remarks,also pr. [wā ku]",1
娃娃,女,6,4084,n,wá wa,"baby,small child,doll",1
瓦,瓦,7,3722,n,wǎ,"roof tile,abbr. for 特",1
瓦解,瓦,7,15829,v,wǎ jiě,"to collapse; to disintegrate; to crumble,to disrupt; to break up",1
袜子,衤,4,6566,n,wà zi,"socks,stockings",1
哇,口,6,762,y,wā,"Wow!,sound of a child's crying,sound of vomiting",2
歪,止,6,5307,a,wāi,"askew,at a crooked angle,devious,noxious,(coll.) to lie on one's side",2
歪曲,止,7,15953,v,wāi qū,"to distort,to misrepresent",1
外,夕,1,489,f,wài,"outside,in addition,foreign,external",1
外币,夕,7,26687,n,wài bì,foreign currency,1
外边,夕,1,12319,f,wài bian,"outside,outer surface,abroad,place other than one's home",1
外表,夕,6,5139,n,wài biǎo,"external,outside,outward appearance",1
外部,夕,5,6530,f,wài bù,"the outside; (attributive) external,exterior; surface",1
外出,夕,4,5865,v,wài chū,"to go out,to go away (on a trip etc)",1
外地,夕,3,7943,s,wài dì,parts of the country other than where one is,1
外公,夕,5,10197,n,wài gōng,"(coll.) mother's father,maternal grandfather",1
外观,夕,5,12593,n,wài guān,outward appearance,1
外国,夕,2,4151,n,wài guó,foreign (country),1
外号,夕,7,13355,n,wài hào,nickname,1
外汇,夕,7,15343,n,wài huì,foreign (currency) exchange,1
外籍,夕,7,23378,n,wài jí,foreign (i.e. of foreign nationality),1
外交,夕,6,5317,n,wài jiāo,"diplomacy,diplomatic,foreign affairs",1
外交官,夕,4,15122,n,wài jiāo guān,diplomat,1
外界,夕,6,5695,n,wài jiè,"the outside world,external",1
外科,夕,6,4446,n,wài kē,surgery (branch of medicine),1
外来,夕,6,7042,b,wài lái,"external,foreign,outside",1
外卖,夕,3,15748,,wài mài,"(of a restaurant) to provide a takeout or home delivery meal,takeout (business),takeout (meal)",1
外贸,夕,7,25516,n,wài mào,foreign trade,1
外貌,夕,7,13933,n,wài mào,"profile,appearance",1
外面,夕,2,1352,f,wài miàn,"outside (also pr. [wài mian] for this sense),surface,exterior,external appearance",1
外婆,夕,5,5967,n,wài pó,"(coll.) mother's mother,maternal grandmother",1
外企,夕,7,15812,,wài qǐ,foreign enterprise,1
外套,夕,4,3188,n,wài tào,"coat,jacket",1
外头,夕,6,16569,f,wài tou,"outside,out",1
外文,夕,3,32623,n,wài wén,foreign language (written),1
外向,夕,7,32377,a,wài xiàng,"extroverted (personality),(economics etc) export-oriented",1
外星人,夕,7,8135,n,wài xīng rén,space alien; extraterrestrial,1
外行,夕,7,18243,n,wài háng,"layman,amateur",1
外形,夕,5,8907,n,wài xíng,"figure,shape,external form,contour",1
外衣,夕,6,11418,n,wài yī,"outer clothing,semblance,appearance",1
外语,夕,3,11159,n,wài yǔ,foreign language,1
外援,夕,7,18275,n,wài yuán,"foreign aid,external aid,(sports) foreign player,player recruited from overseas",1
外资,夕,7,39797,n,wài zī,foreign investment,1
弯,弓,5,5007,v,wān,"to bend,bent,a bend; a turn (in a road etc)",1
弯曲,弓,6,10174,a,wān qū,"to bend,to curve around,curved,crooked,to wind,to warp",1
丸,丶,7,6699,g,wán,"ball,pellet,pill",1
完,宀,2,395,v,wán,"to finish,to be over,whole,complete,entire",1
完备,宀,7,21641,a,wán bèi,"faultless,complete,perfect,to leave nothing to be desired",1
完毕,宀,7,3434,v,wán bì,"to finish,to end,to complete",1
完成,宀,3,486,v,wán chéng,to complete; to accomplish,1
完蛋,宀,7,8995,v,wán dàn,(coll.) to be done for,1
完好,宀,7,12191,a,wán hǎo,"intact,in good condition",1
完了,宀,5,4189,v,wán le,"to be finished,to be done for,ruined,gone to the dogs,oh no",1
完美,宀,5,1292,a,wán měi,perfect,1
完全,宀,4,393,ad,wán quán,"complete; whole,totally; entirely",1
完善,宀,5,5660,v,wán shàn,"(of systems, facilities etc) comprehensive,well-developed,excellent,to refine,to improve",1
完整,宀,5,2824,a,wán zhěng,"complete,intact",1
玩,王,1,415,v,wán,"to play,to have fun,to trifle with,toy,sth used for amusement,curio or antique (Taiwan pr. [wàn])",2
玩儿,王,1,7297,v,wán r,"to play,to have fun,to hang out",1
玩具,王,5,3240,n,wán jù,"plaything,toy",1
玩弄,王,7,11043,v,wán nòng,"to play with,to toy with,to dally with,to engage in,to resort to",1
玩耍,王,7,10026,v,wán shuǎ,"to play (as children do),to amuse oneself",1
玩意儿,王,7,14169,,wán yì r,"erhua variant of 玩意,toy,thing,trick",1
顽固,页,7,11477,a,wán gù,stubborn; obstinate,1
顽皮,页,7,19839,a,wán pí,naughty,1
顽强,页,6,9997,a,wán qiáng,"tenacious,hard to defeat",1
挽,扌,7,14394,v,wǎn,"to pull,to draw (a cart or a bow),to roll up,to coil,to carry on the arm,to lament the dead,(fig.) to pull against",2
挽回,扌,7,7524,v,wǎn huí,"to retrieve,to redeem",1
挽救,扌,7,6916,v,wǎn jiù,"to save,to remedy,to rescue",1
惋惜,忄,7,15115,an,wǎn xī,"to regret,to feel that it is a great pity,to feel sorry for sb",1
晚,日,1,558,tg,wǎn,"evening,night,late",1
晚安,日,4,1116,v,wǎn ān,"Good night!,Good evening!",1
晚报,日,2,17540,n,wǎn bào,"evening newspaper,(in a newspaper's name) Evening News",1
晚餐,日,4,3610,n,wǎn cān,"evening meal,dinner",1
晚点,日,3,8761,v,wǎn diǎn,"(of trains etc) late,delayed,behind schedule,light dinner",1
晚饭,日,1,3794,n,wǎn fàn,"evening meal,dinner,supper",1
晚会,日,3,3620,n,wǎn huì,evening party,1
晚间,日,7,9159,t,wǎn jiān,"evening,night",1
晚年,日,7,17146,t,wǎn nián,one's later years,1
晚期,日,7,11966,t,wǎn qī,"later period,end stage,terminal",1
晚上,日,1,502,t,wǎn shang,"evening,night,in the evening",1
碗,石,3,2866,n,wǎn,variant of 碗,4
万,一,2,557,m,mò,used in 俟,3
万分,一,7,7486,d,wàn fēn,"very much,extremely,one ten thousandth part",1
万古长青,一,7,74217,,wàn gǔ cháng qīng,"remain fresh,last forever,eternal",1
万能,一,7,8366,b,wàn néng,"omnipotent,all-purpose,universal",1
万万,一,7,23985,l,wàn wàn,"absolutely,wholly",1
万无一失,一,7,19546,v,wàn wú yī shī,surefire; absolutely safe (idiom),1
万一,一,5,2483,c,wàn yī,"just in case,if by any chance,contingency",1
汪洋,氵,7,32495,n,wāng yáng,vast body of water,1
亡羊补牢,亠,7,32906,v,wáng yáng bǔ láo,"lit. to mend the pen after sheep are lost (idiom),fig. to act belatedly,better late than never",1
王,王,4,1039,n,Wáng,surname Wang,3
王国,王,7,7263,n,wáng guó,"kingdom,realm",1
王后,王,6,15380,n,wáng hòu,queen,1
王牌,王,7,13076,n,wáng pái,trump card,1
王子,王,6,3631,n,wáng zǐ,"prince,son of a king",1
网,网,6,1491,n,wǎng,"net,network",1
网吧,网,6,13175,n,wǎng bā,Internet café,1
网点,网,7,31135,n,wǎng diǎn,"(computing) node in a network,(commerce) sales outlet,branch,service center,(illustration) screentone,halftone dot",1
网络,网,5,1462,n,Wǎng luò,Internet,2
网民,网,7,48593,nr,wǎng mín,"web user,netizen",1
网球,网,3,5430,n,wǎng qiú,"tennis,tennis ball",1
网上,网,2,2474,s,wǎng shàng,online,1
网页,网,4,9778,n,wǎng yè,web page,1
网友,网,4,29751,n,wǎng yǒu,"online friend,Internet user",1
网站,网,3,1965,n,wǎng zhàn,"website,network station,node",1
网址,网,4,18736,n,wǎng zhǐ,"website,web address,URL",1
往,彳,2,760,p,wǎng,"to go (in a direction),to,towards,(of a train) bound for,past,previous",2
往常,彳,7,9346,t,wǎng cháng,"usual,customary",1
往返,彳,5,13580,v,wǎng fǎn,to go back and forth; to go to and fro; to do a round trip,1
往后,彳,6,7978,t,wǎng hòu,"from now on,in the future,time to come",1
往来,彳,6,8720,v,wǎng lái,"dealings,contacts,to go back and forth",1
往年,彳,6,15676,t,wǎng nián,"in former years,in previous years",1
往日,彳,7,12966,t,wǎng rì,former days; the past,1
往事,彳,7,7060,n,wǎng shì,"past events,former happenings",1
往往,彳,4,4050,d,wǎng wǎng,"usually,in many cases,more often than not",1
妄想,女,7,10019,v,wàng xiǎng,"to attempt vainly,a vain attempt,delusion",1
忘,心,2,1015,v,wàng,"to forget,to overlook,to neglect",1
忘不了,心,7,17402,v,wàng bù liǎo,cannot forget,1
忘掉,心,7,7754,v,wàng diào,to forget,1
忘记,心,3,1335,v,wàng jì,to forget,1
旺,日,7,7543,a,wàng,"prosperous,flourishing,(of flowers) blooming,(of fire) roaring",1
旺季,日,7,20197,n,wàng jì,"busy season,peak period,see also 季",1
旺盛,日,7,10698,a,wàng shèng,"vigorous,exuberant",1
望,月,6,3165,v,wàng,"full moon,to hope,to expect,to visit,to gaze (into the distance),to look towards,towards",2
望见,月,6,43360,v,wàng jiàn,"to espy,to spot",1
望远镜,月,7,10171,n,wàng yuǎn jìng,"binoculars,telescope",1
危害,㔾,5,5260,v,wēi hài,"to jeopardize,to harm,to endanger,harmful effect,damage",1
危机,㔾,6,2869,n,wēi jī,crisis,1
危及,㔾,7,12509,v,wēi jí,"to endanger,to jeopardize,a danger (to life, national security etc)",1
危急,㔾,7,12584,a,wēi jí,"critical,desperate (situation)",1
危险,㔾,4,1201,a,wēi xiǎn,"danger,dangerous",1
威风,女,7,19000,a,wēi fēng,"might,awe-inspiring authority,impressive",1
威力,女,7,6981,n,wēi lì,"might,formidable power",1
威慑,女,7,27484,vn,wēi shè,"to cower by military force,deterrence",1
威望,女,7,23156,n,wēi wàng,prestige,1
威胁,女,5,1564,v,wēi xié,to threaten; to menace,1
威信,女,7,18966,n,Wēi xìn,"Weixin county in Zhaotong 通, Yunnan",2
萎缩,艹,7,10824,v,wěi suō,"to wither,to dry up (of a plant),to atrophy (of muscle, social custom etc)",1
微波炉,彳,7,10818,n,wēi bō lú,microwave oven,1
微博,彳,5,1000000,,wēi bó,"microblogging,microblog",1
微不足道,彳,7,14170,v,wēi bù zú dào,negligible; insignificant,1
微观,彳,7,26198,n,wēi guān,"micro-,subatomic",1
微妙,彳,7,10426,a,wēi miào,subtle,1
微弱,彳,7,11031,a,wēi ruò,"weak,faint,feeble",1
微笑,彳,5,2208,v,wēi xiào,"smile,to smile",1
微信,彳,4,1000000,,Wēi xìn,Weixin or WeChat (mobile text and voice messaging service developed by Tencent 腾讯),1
微型,彳,7,11327,b,wēi xíng,"miniature,micro-,tiny",1
围,囗,5,2818,v,Wéi,surname Wei,2
围巾,囗,5,7051,n,wéi jīn,"scarf,shawl",1
围墙,囗,7,12193,n,wéi qiáng,"perimeter wall,fence",1
围绕,囗,5,5297,v,wéi rào,"to revolve around,to center on (an issue)",1
违背,辶,7,6358,v,wéi bèi,"to go against,to be contrary to,to violate",1
违法,辶,5,2910,v,wéi fǎ,"illegal,to break the law",1
违反,辶,5,3160,v,wéi fǎn,to violate (a law),1
违规,辶,6,6325,v,wéi guī,to violate the rules,1
违约,辶,7,16276,v,wéi yuē,"to break a promise,to violate an agreement,to default (on a loan or contract)",1
违章,辶,7,12488,v,wéi zhāng,"to break the rules,to violate regulations",1
唯,口,7,1556,d,wéi,"only,alone,-ism (in Chinese, a prefix, often combined with a suffix such as 主义 or 论, e.g. 唯理论, rationalism)",2
唯独,口,7,17552,d,wéi dú,"only,just (i.e. it is only that...),all except,unique",1
唯一,口,5,426,b,wéi yī,only; sole,1
维持,纟,5,2514,v,wéi chí,"to keep,to maintain,to preserve",1
维护,纟,6,3156,v,wéi hù,"to defend,to safeguard,to protect,to uphold,to maintain",1
维生素,纟,6,7240,n,wéi shēng sù,vitamin,1
维修,纟,5,4508,vn,wéi xiū,"maintenance (of equipment),to protect and maintain",1
伟大,亻,5,1387,a,wěi dà,huge; great; grand; worthy of the greatest admiration; important (contribution etc),1
伪造,亻,7,6608,v,wěi zào,"to forge,to fake,to counterfeit",1
伪装,亻,7,6445,v,wěi zhuāng,"to pretend to be (asleep etc),to disguise oneself as,pretense,disguise,(military) to camouflage,camouflage",1
尾巴,尸,5,6892,n,wěi ba,"tail,colloquial pr. [yǐ ba]",1
尾气,尸,7,23681,n,wěi qì,exhaust; emissions,1
尾声,尸,7,12403,n,wěi shēng,"coda,epilogue,end",1
纬度,纟,7,26877,n,wěi dù,latitude,1
委屈,女,6,10626,a,wěi qu,"to feel wronged,to cause sb to feel wronged,grievance",1
委托,女,6,3172,vn,wěi tuō,"to entrust,to trust,to commission",1
委婉,女,7,17242,a,wěi wǎn,"tactful,euphemistic,(of voice etc) suave,soft",1
委员,女,7,7019,n,wěi yuán,committee member,1
委员会,女,7,1659,n,wěi yuán huì,committee,1
卫生,乛,4,3002,an,wèi shēng,"health,hygiene,sanitation",1
卫生间,乛,3,7314,n,wèi shēng jiān,"bathroom,toilet,WC",1
卫视,乛,7,27956,n,wèi shì,satellite TV (abbr. for 卫星电视),1
卫星,乛,7,3342,n,wèi xīng,"satellite,moon",1
为,丶,3,58,p,wéi,"as (in the capacity of),to take sth as,to act as,to serve as,to behave as,to become,to be,to do",4
为此,丶,6,2706,d,wèi cǐ,"for this reason,with regards to this,in this respect,in order to do this,to this end",1
为何,丶,6,1948,r,wèi hé,why,1
为了,丶,3,229,p,wèi le,for; for the purpose of; in order to,1
为难,丶,6,7920,v,wéi nán,"to feel embarrassed or awkward,to make things difficult (for someone),to find things difficult (to do or manage)",1
为期,丶,6,12047,v,wéi qī,"(to be done) by (a certain date),lasting (a certain time)",1
为人,丶,7,6680,n,wéi rén,"to conduct oneself,behavior; conduct; personal character",2
为什么,丶,2,299,r,wèi shén me,"why?,for what reason?",1
为首,丶,6,16331,v,wéi shǒu,"head,be headed by",1
为止,丶,6,2138,u,wéi zhǐ,"until,(used in combination with words like 到 or 至 in constructs of the form 到...到...为止)",1
为主,丶,5,8724,v,wéi zhǔ,"to rely mainly on,to attach most importance to",1
未,木,6,752,d,wèi,"not yet,did not,have not,not,8th earthly branch: 1-3 p.m., 6th solar month (7th July-6th August), year of the Sheep",1
未必,木,6,7646,d,wèi bì,"not necessarily,maybe not",1
未成年人,木,6,8740,n,wèi chéng nián rén,minor (i.e. person under 18),1
未经,木,7,6654,d,wèi jīng,"not having undergone,without (having gone though a certain process)",1
未来,木,5,765,t,wèi lái,"future,tomorrow,approaching,coming,pending",1
未免,木,7,13291,d,wèi miǎn,"unavoidably,can't help,really,rather",1
未知数,木,7,24868,n,wèi zhī shù,unknown quantity,1
位,亻,2,177,q,wèi,"position,location,place,seat,classifier for people (honorific),classifier for binary bits (e.g. 十六位 16-bit or 2 bytes)",1
位于,亻,5,3108,v,wèi yú,"to be located at,to be situated at,to lie",1
位置,亻,5,1003,n,wèi zhi,"position,place,seat",1
位子,亻,7,8395,n,wèi zi,"place,seat",1
味道,口,4,1705,n,wèi dao,"flavor; taste,(fig.) feeling (of ...); sense (of ...); hint (of ...),(fig.) interest; delight,(dialect) smell; odor",1
味儿,口,4,10621,n,wèi r,taste,1
味精,口,7,26745,n,wèi jīng,monosodium glutamate (MSG),1
畏惧,田,7,11358,v,wèi jù,"to fear,to dread,foreboding",1
畏缩,田,7,34781,v,wèi suō,"to cower,to flinch,to quail,to recoil",1
胃,⺼,5,3072,n,wèi,stomach,1
胃口,⺼,6,7324,n,wèi kǒu,"appetite,liking",1
喂,口,1,1301,v,wéi,hello (when answering the phone),4
喂养,口,7,13029,v,wèi yǎng,"to feed (a child, domestic animal etc),to keep,to raise (an animal)",1
慰劳,心,7,40023,v,wèi láo,"to show appreciation (by kind words, small gifts etc),to comfort",1
慰问,心,7,13425,v,wèi wèn,"to express sympathy, greetings, consolation etc",1
温带,氵,7,52921,n,wēn dài,temperate zone,1
温度,氵,4,3440,n,wēn dù,temperature,1
温度计,氵,7,29216,n,wēn dù jì,"thermometer,thermograph",1
温和,氵,6,7438,a,wēn hé,"mild,gentle,moderate",2
温暖,氵,5,2753,an,wēn nuǎn,warm,1
温泉,氵,7,7424,n,Wēn quán,"Arishang Nahiyisi or Wenquan county in Börtala Mongol autonomous prefecture 博尔塔拉蒙古自治州, Xinjiang",2
温柔,氵,6,3534,a,wēn róu,gentle and soft; tender; sweet (commonly used to describe a girl or woman),1
温室,氵,7,13526,n,wēn shì,greenhouse,1
温习,氵,7,30799,v,wēn xí,to review (a lesson etc),1
温馨,氵,7,5716,a,wēn xīn,"comfort,soft and fragrant,warm",1
瘟疫,疒,7,17960,n,wēn yì,plague; pestilence,1
文,文,7,1391,g,Wén,surname Wen,2
文化,文,3,1632,n,wén huà,"culture,civilization,cultural",1
文件,文,4,1342,n,wén jiàn,"document,file",1
文具,文,6,24111,n,wén jù,"stationery,item of stationery (pen, pencil, eraser, pencil sharpener etc)",1
文科,文,6,24983,n,wén kē,"liberal arts,humanities",1
文盲,文,7,15821,n,wén máng,illiterate,1
文明,文,6,3200,n,wén míng,"civilized,civilization,culture",1
文凭,文,7,12620,n,wén píng,diploma,1
文人,文,7,26292,n,wén rén,"scholar,literati",1
文物,文,6,7733,n,wén wù,"cultural relic,historical relic",1
文献,文,6,11770,n,wén xiàn,document,1
文学,文,5,4277,n,wén xué,literature,1
文雅,文,7,23023,a,wén yǎ,"elegant,refined",1
文艺,文,6,13887,n,wén yì,literature and art,1
文娱,文,6,34927,n,wén yú,"cultural recreation,entertainment",1
文章,文,4,1958,n,wén zhāng,"article,essay,literary works,writings,hidden meaning",1
文字,文,4,4168,n,wén zì,"character,script,writing,written language,writing style,phraseology",1
闻,门,4,2427,v,Wén,surname Wen,2
闻名,门,6,10375,v,wén míng,"well-known,famous,renowned,eminent",1
蚊帐,虫,7,29214,n,wén zhàng,mosquito net,1
蚊子,虫,7,9995,n,wén zi,mosquito,1
吻,口,7,2797,v,wěn,"kiss,to kiss,mouth",2
吻合,口,7,5450,v,wěn hé,"to be a good fit,to be identical with,to adjust oneself to,to fit in",1
紊乱,糸,7,10820,a,wěn luàn,"disorder,chaos",1
稳,禾,7,3303,a,wěn,"settled,steady,stable",1
稳定,禾,5,1539,a,wěn dìng,"steady,stable,stability,to stabilize,to pacify",1
稳固,禾,7,14938,a,wěn gù,"stable,steady,firm,to stabilize",1
稳健,禾,7,17364,a,wěn jiàn,"firm,stable and steady",1
稳妥,禾,7,20098,a,wěn tuǒ,dependable,1
稳重,禾,7,17141,a,wěn zhòng,"steady,earnest,staid",1
问,门,1,246,v,wèn,to ask; to inquire,1
问候,门,7,6124,vn,wèn hòu,"to give one's respects,to send a greeting",1
问卷,门,5,13374,n,wèn juàn,questionnaire,1
问路,门,2,19022,v,wèn lù,"to ask for directions,to ask the way (to some place)",1
问世,门,7,16765,v,wèn shì,"to be published,to come out",1
问题,门,1,109,n,wèn tí,"question,problem,issue,topic",1
窝,穴,7,4511,n,wō,"nest,pit or hollow on the human body,lair,den,place,to harbor or shelter,to hold in check,to bend",1
我,戈,1,3,r,wǒ,I; me; my,1
我们,戈,1,19,r,wǒ men,"we,us,ourselves,our",1
卧,臣,7,7481,v,wò,"to lie,to crouch",1
卧铺,臣,7,30450,n,wò pù,"a bed (on a train),a couchette",1
卧室,臣,5,4607,n,wò shì,bedroom,1
握,扌,5,4486,v,wò,"to hold; to grasp,to clench (one's fist),(bound form) to have in one's control,classifier: a handful",1
握手,扌,5,6920,v,wò shǒu,to shake hands,1
乌黑,丿,6,36237,z,wū hēi,"jet-black,dark",1
乌云,丿,7,16527,n,wū yún,black cloud,1
污秽,氵,7,26017,n,wū huì,"nasty,sordid,filthy",1
污蔑,氵,7,25744,v,wū miè,variant of 污蔑,2
污染,氵,4,3379,vn,wū rǎn,to pollute; to contaminate (lit. and fig.),1
污水,氵,6,9062,n,wū shuǐ,sewage,1
呜咽,口,7,32446,v,wū yè,"to sob,to whimper",1
巫婆,工,7,19139,n,wū pó,"witch,sorceress,female shaman",1
屋,尸,5,1984,n,wū,"(bound form) house,(bound form) room",1
屋顶,尸,7,6087,n,wū dǐng,roof,1
屋子,尸,3,4296,n,wū zi,"house,room",1
诬陷,讠,7,20844,v,wū xiàn,"to entrap,to frame,to plant false evidence against sb",1
无,无,4,344,v,wú,"not to have,no,none,not,to lack,un-,-less",1
无比,无,7,3895,z,wú bǐ,"incomparable,matchless",1
无边,无,6,18215,z,wú biān,"without boundary,not bordered",1
无不,无,7,25506,d,wú bù,"none lacking,none missing,everything is there,everyone without exception",1
无偿,无,7,13741,d,wú cháng,free; no charge; at no cost,1
无耻,无,7,7732,a,wú chǐ,"without any sense of shame,unembarrassed,shameless",1
无从,无,7,11867,d,wú cóng,"not to have access,beyond one's authority or capability,sth one has no way of doing",1
无敌,无,7,6502,v,wú dí,"unequalled,without rival,a paragon",1
无动于衷,无,7,16560,v,wú dòng yú zhōng,"aloof,indifferent,unconcerned",1
无恶不作,无,7,40408,v,wú è bù zuò,not to shrink from any crime (idiom); to commit any imaginable misdeed,1
无法,无,4,482,v,wú fǎ,"unable,incapable",1
无非,无,7,12628,d,wú fēi,"only,nothing else",1
无辜,无,7,5012,n,wú gū,"innocent,innocence,not guilty (law)",1
无故,无,7,17829,d,wú gù,without cause or reason,1
无关,无,5,3342,v,wú guān,"unrelated,having nothing to do (with sth else)",1
无关紧要,无,7,14902,v,wú guān jǐn yào,"indifferent,insignificant",1
无话可说,无,7,15411,v,wú huà kě shuō,to have nothing to say (idiom),1
无济于事,无,7,18284,v,wú jì yú shì,(idiom) to no avail; of no use,1
无家可归,无,7,15746,v,wú jiā kě guī,homeless,1
无精打采,无,7,26282,v,wú jīng dǎ cǎi,"dispirited and downcast (idiom); listless,in low spirits,washed out",1
无可奉告,无,7,31077,v,wú kě fèng gào,"(idiom) ""no comment""",1
无可厚非,无,7,23211,v,wú kě hòu fēi,see 非,1
无可奈何,无,7,19845,v,wú kě nài hé,"have no way out,have no alternative,abbr. to 无奈",1
无赖,无,7,13694,n,wú lài,"hoodlum,rascal,rogue,rascally,scoundrelly",1
无理,无,7,14822,a,wú lǐ,"irrational,unreasonable",1
无理取闹,无,6,17505,v,wú lǐ qǔ nào,to make trouble without reason (idiom); to be deliberately provocative,1
无力,无,7,6036,v,wú lì,"powerless,lacking strength",1
无聊,无,4,1955,a,wú liáo,"bored,boring,senseless",1
无论,无,4,1069,c,wú lùn,"no matter what or how,regardless of whether...",1
无论如何,无,7,4814,l,wú lùn rú hé,"whatever the case,in any event,no matter what,by all possible means",1
无奈,无,5,8772,d,wú nài,"to have no alternative,frustrated,exasperated,helpless,(conjunction) but unfortunately",1
无能,无,7,9252,a,wú néng,"incompetence,inability,incapable,powerless",1
无能为力,无,7,8626,v,wú néng wéi lì,"impotent (idiom),powerless,helpless",1
无情,无,7,6678,a,wú qíng,"pitiless,ruthless,merciless,heartless",1
无情无义,无,7,53755,v,wú qíng wú yì,completely lacking any feeling or sense of justice (idiom); cold and ruthless,1
无穷,无,7,9542,z,wú qióng,"endless,boundless,inexhaustible",1
无穷无尽,无,6,26310,v,wú qióng wú jìn,"endless,boundless,infinite",1
无数,无,5,3156,m,wú shù,"countless,numberless,innumerable",1
无私,无,7,9969,b,wú sī,"selfless,unselfish,disinterested,altruistic",1
无所事事,无,7,16294,v,wú suǒ shì shì,"to have nothing to do,to idle one's time away (idiom)",1
无所谓,无,6,4014,v,wú suǒ wèi,"to be indifferent,not to matter,cannot be said to be",1
无所作为,无,7,32252,v,wú suǒ zuò wéi,"attempting nothing and accomplishing nothing (idiom); without any initiative or drive,feckless",1
无条件,无,7,12248,d,wú tiáo jiàn,unconditional,1
无微不至,无,7,25869,l,wú wēi bù zhì,in every possible way (idiom); meticulous,1
无线,无,7,5601,b,wú xiàn,wireless,1
无线电,无,7,9519,n,wú xiàn diàn,wireless,1
无限,无,5,4514,v,wú xiàn,"unlimited,unbounded",1
无效,无,5,4758,v,wú xiào,"not valid,ineffective,in vain",1
无形,无,7,10714,b,wú xíng,"incorporeal,virtual,formless,invisible (assets),intangible",1
无形中,无,7,41160,d,wú xíng zhōng,"imperceptibly,virtually",1
无须,无,7,11845,d,wú xū,"need not,not obliged to,not necessarily",1
无疑,无,6,3987,d,wú yí,undoubtedly; without doubt; for sure,1
无意,无,7,6944,v,wú yì,"inadvertent,accidental,to have no intention of (doing sth)",1
无忧无虑,无,7,19001,v,wú yōu wú lǜ,carefree and without worries (idiom),1
无缘,无,7,13331,v,wú yuán,"to have no opportunity,no way (of doing sth),no chance,no connection,not placed (in a competition)",1
无知,无,7,7484,a,wú zhī,"ignorant,ignorance",1
无足轻重,无,7,26725,v,wú zú qīng zhòng,insignificant,1
五,二,1,563,m,wǔ,"five,5",1
五花八门,二,7,27751,l,wǔ huā bā mén,"myriad,all kinds of,all sorts of",1
五星级,二,7,18967,b,wǔ xīng jí,five-star (hotel),1
五颜六色,二,5,28844,l,wǔ yán liù sè,"multicolored,every color under the sun",1
午餐,十,4,4296,n,wǔ cān,"lunch,luncheon",1
午饭,十,1,4986,n,wǔ fàn,lunch,1
午睡,十,2,19822,v,wǔ shuì,"to take a nap,siesta",1
武力,止,7,10347,n,wǔ lì,military force,1
武器,止,6,1505,n,wǔ qì,"weapon,arms",1
武术,止,5,9314,n,wǔ shù,"military skill or technique (in former times),all kinds of martial art sports (some claiming spiritual development)",1
武侠,止,7,49963,n,wǔ xiá,"martial arts chivalry (Chinese literary, theatrical and cinema genre),knight-errant",1
武装,止,7,3152,n,wǔ zhuāng,"arms,equipment,to arm,military,armed (forces)",1
侮辱,亻,7,6712,v,wǔ rǔ,"to insult,to humiliate,dishonor",1
捂,扌,7,11743,v,wǔ,"to enclose,to cover with the hand (one's eyes, nose or ears),to cover up (an affair),contrary,to contradict",1
舞,舛,7,1675,v,wǔ,"to dance,to wield,to brandish",1
舞蹈,舛,5,2684,n,wǔ dǎo,"dance (performance art),dancing",1
舞台,舛,5,2023,n,wǔ tái,(lit. and fig.) stage; arena,1
舞厅,舛,7,16879,n,wǔ tīng,"dance hall,ballroom",1
勿,勹,7,6999,d,wù,do not,1
物价,牛,5,17118,n,wù jià,(commodity) prices,1
物理,牛,5,4843,n,wù lǐ,"physics,physical",1
物流,牛,7,34629,n,wù liú,"distribution (business),logistics",1
物美价廉,牛,7,29995,v,wù měi jià lián,"good quality and cheap,a bargain",1
物品,牛,5,3016,n,wù pǐn,articles; goods,1
物体,牛,6,7517,n,wù tǐ,object; body; substance,1
物业,牛,5,12455,n,wù yè,"property,real estate,abbr. for 物业管理, property management",1
物证,牛,7,17180,n,wù zhèng,material evidence,1
物质,牛,5,2353,n,wù zhì,"matter,substance,material,materialistic",1
物资,牛,7,9165,n,wù zī,"goods,supplies",1
误,讠,6,4850,v,wù,"mistake,error,to miss,to harm,to delay,to neglect,mistakenly",1
误差,讠,7,15847,n,wù chā,"difference,error,inaccuracy",1
误导,讠,7,9535,v,wù dǎo,"to mislead,to misguide,misleading",1
误会,讠,4,4880,v,wù huì,"to misunderstand,to mistake,misunderstanding",1
误解,讠,6,6851,v,wù jiě,"to misunderstand,misunderstanding",1
误区,讠,7,26395,n,wù qū,"mistaken ideas,misconceptions,the error of one's ways",1
雾,雨,5,4332,n,wù,"fog,mist",1
务必,夂,7,10677,d,wù bì,"must,to need to,to be sure to",1
务实,夂,7,20393,v,wù shí,"pragmatic,dealing with concrete issues",1
夕阳,夕,7,13510,n,xī yáng,"sunset,the setting sun",1
吸,口,4,2340,v,xī,"to breathe,to suck in,to absorb,to inhale",1
吸毒,口,7,6447,v,xī dú,to take drugs,1
吸管,口,5,18880,n,xī guǎn,"(drinking) straw,pipette,eyedropper,snorkel",1
吸纳,口,7,20140,v,xī nà,"to take in,to absorb,to admit,to accept",1
吸取,口,6,7936,v,xī qǔ,"to absorb,to draw (a lesson, insight etc),to assimilate",1
吸收,口,5,4256,v,xī shōu,"to absorb,to assimilate,to ingest,to recruit",1
吸烟,口,4,5921,v,xī yān,to smoke,1
吸引,口,4,1617,v,xī yǐn,to attract; to appeal to; to fascinate,1
希望,巾,2,182,v,xī wàng,"to hope,a hope; a wish",1
昔日,日,7,14974,t,xī rì,"former days,in the past",1
牺牲,牛,7,3100,v,xī shēng,"to sacrifice one's life,to sacrifice (sth valued),beast slaughtered as a sacrifice",1
稀,禾,7,8894,a,xī,"rare,uncommon,watery,sparse",1
稀罕,禾,7,16474,a,xī han,"rare; uncommon,rare thing; rarity,to value as a rarity; to cherish,Taiwan pr. [xī hǎn]",1
稀奇,禾,7,18938,a,xī qí,"rare,strange",1
稀少,禾,7,20630,a,xī shǎo,"sparse,rare",1
溪,氵,7,7590,g,xī,"creek,rivulet",2
锡,钅,7,9399,n,xī,"tin (chemistry),to bestow,to confer,to grant,Taiwan pr. [xí]",1
熄火,火,7,18547,v,xī huǒ,"(of fire, lamp etc) to go out,to put out (fire),(fig.) to die down,(of a vehicle) to stall",1
熄灭,火,7,13334,v,xī miè,"to stop burning,to go out (of fire),to die out,extinguished",1
熙熙攘攘,灬,7,30846,v,xī xī rǎng rǎng,bustling with activity (idiom),1
嬉笑,女,7,36701,v,xī xiào,"to be laughing and playing,to giggle",1
膝盖,⺼,7,5803,n,xī gài,"knee,(Internet slang) to kneel down (in admiration)",1
习惯,冫,3,1251,n,xí guàn,"habit,custom,usual practice,to be used to",1
习俗,冫,6,10748,n,xí sú,"custom,tradition,local tradition,convention",1
席,巾,7,5971,qt,Xí,surname Xi,3
席位,巾,7,10016,n,xí wèi,"a seat (in a theater, stadium etc),parliamentary or congressional seat",1
袭击,龙,7,1984,v,xí jī,"attack (esp. surprise attack),raid,to attack",1
媳妇,女,6,13013,n,xí fù,"daughter-in-law,wife (of a younger man),young married woman,young woman",1
洗,氵,2,1298,v,xǐ,"to wash; to bathe,to develop (photographs),to shuffle (cards etc),to erase (a recording)",1
洗涤剂,氵,7,34376,n,xǐ dí jì,"cleaning agent,detergent",1
洗礼,氵,7,12267,n,xǐ lǐ,baptism (lit. or fig.),1
洗手间,氵,2,9674,n,xǐ shǒu jiān,"toilet,lavatory,washroom",1
洗衣粉,氵,6,27239,n,xǐ yī fěn,"laundry detergent,washing powder",1
洗衣机,氵,3,10344,n,xǐ yī jī,washing machine; washer,1
洗澡,氵,3,3512,v,xǐ zǎo,"to bathe,to take a shower",1
喜爱,口,3,4247,v,xǐ ài,"to like,to love,to be fond of,favorite",1
喜出望外,口,7,29648,v,xǐ chū wàng wài,"to be pleased beyond one's expectations (idiom),overjoyed at the turn of events",1
喜好,口,7,11945,vn,xǐ hào,"to like,fond of,to prefer,to love,one's tastes,preference",1
喜欢,口,1,139,v,xǐ huan,to like; to be fond of,1
喜酒,口,7,42048,n,xǐ jiǔ,"wedding feast,liquor drunk at a wedding feast",1
喜剧,口,6,5717,n,xǐ jù,comedy,1
喜怒哀乐,口,7,26105,l,xǐ nù āi lè,"four types of human emotions, namely: happiness 欢喜, anger 愤怒, sorrow 哀 and joy 快乐",1
喜庆,口,7,18509,v,xǐ qìng,"jubilation,festive",1
喜事,口,6,22506,n,xǐ shì,"happy occasion,wedding",1
喜糖,口,7,30010,,xǐ táng,sweet given on a happy occasion (esp. wedding),1
喜闻乐见,口,7,43166,l,xǐ wén lè jiàn,"to love to hear and see (idiom),well received,to one's liking",1
喜洋洋,口,7,36979,,xǐ yáng yáng,radiant with joy,1
喜悦,口,7,7848,an,xǐ yuè,"happy,joyous",1
戏,戈,5,1763,n,xì,variant of 戏,2
戏剧,戈,5,5290,n,xì jù,"a drama; a play; theater,script of a play",1
戏曲,戈,6,46627,n,xì qǔ,Chinese opera,1
系,糸,5,1415,v,xì,"to connect,to relate to,to tie up,to bind,to be (literary)",4
系列,糸,6,2176,q,xì liè,"series,set",1
系领带,糸,5,1000000,,xì lǐng dài,to wear a tie,1
系统,糸,5,552,n,xì tǒng,system,1
细,纟,4,3744,a,xì,"thin or slender,finely particulate,thin and soft,fine,delicate,trifling,(of a sound) quiet,frugal",1
细胞,纟,6,2532,n,xì bāo,cell (biology),1
细节,纟,5,2507,n,xì jié,"details,particulars",1
细菌,纟,6,5314,n,xì jūn,"bacterium,germ",1
细腻,纟,7,12755,a,xì nì,"exquisite,meticulous",1
细微,纟,7,13506,a,xì wēi,"tiny,minute,fine,subtle,sensitive (instruments)",1
细心,纟,4,10169,a,xì xīn,"careful,attentive",1
细致,纟,6,11083,a,xì zhì,"delicate,fine,careful,meticulous,painstaking",1
西,西,3,958,f,Xī,"the West,abbr. for Spain 牙,Spanish",2
西班牙语,西,6,17382,nz,Xī bān yá yǔ,Spanish language,1
西北,西,3,7263,s,Xī běi,"Northwest China (Shaanxi, Gansu, Qinghai, Ningxia, Xinjiang)",2
西边,西,1,14628,f,xī biān,"west,west side,western part,to the west of",1
西部,西,4,3207,f,xī bù,western part,1
西餐,西,5,31561,n,xī cān,Western-style food,1
西方,西,3,4391,s,Xī fāng,"the West,the Occident,Western countries",1
西瓜,西,3,9098,n,xī guā,watermelon,1
西红柿,西,4,10725,n,xī hóng shì,tomato,1
西南,西,3,7237,s,xī nán,southwest,1
西医,西,2,25471,n,xī yī,"Western medicine,a doctor trained in Western medicine",1
西装,西,5,6433,n,xī zhuāng,"suit,Western-style clothes",1
息息相关,心,7,19632,v,xī xī xiāng guān,closely bound up (idiom); intimately related,1
虾,虫,7,5399,n,há,used in 虾蟆,2
瞎,目,7,3932,d,xiā,"blind,groundlessly,foolishly,to no purpose",1
侠义,亻,7,39235,a,xiá yì,"chivalrous,chivalry,knight-errantry",1
峡谷,山,7,10789,n,xiá gǔ,"canyon,gill,ravine",1
狭隘,犭,7,17946,a,xiá ài,"narrow,tight,narrow minded,lacking in experience",1
狭小,犭,7,17182,a,xiá xiǎo,narrow,1
狭窄,犭,7,10765,a,xiá zhǎi,narrow,1
霞,雨,6,21021,g,xiá,rose-tinted sky or clouds at sunrise or sunset,1
下,一,1,70,v,xià,"down,downwards,below,lower,later,next (week etc),second (of two parts),to decline,to go down,to arrive at (a decision",1
下班,一,1,3207,v,xià bān,"to finish work,to get off work",1
下边,一,1,19063,f,xià bian,"under,the underside,below",1
下场,一,7,7197,n,xià chǎng,"to leave (the stage, an exam room, the playing field etc),to take part in some activity",2
下车,一,1,6014,v,xià chē,"to get off or out of (a bus, train, car etc)",1
下次,一,1,2268,t,xià cì,next time,1
下调,一,7,25370,v,xià diào,"to demote,to pass down to a lower unit",2
下跌,一,7,10596,v,xià diē,"to fall,to tumble",1
下岗,一,7,13460,v,xià gǎng,"(of a guard, sentry etc) to come off duty,(of a worker) be to laid off",1
下个月,一,4,1000000,,xià gè yuè,next month,1
下功夫,一,6,18471,v,xià gōng fu,see 夫,1
下海,一,7,20606,v,xià hǎi,"to go out to sea,to enter the sea (to swim etc),(fig.) to take the plunge (e.g. leave a secure job",1
下级,一,7,19150,n,xià jí,"low ranking,low level,underclass,subordinate",1
下降,一,4,2377,v,xià jiàng,"to decline,to drop,to fall,to go down,to decrease",1
下决心,一,7,14875,v,xià jué xīn,"to determine,to resolve",1
下课,一,1,9694,v,xià kè,"to finish class,to get out of class,(fig.) (esp. of a sports coach) to be dismissed,to be fired",1
下来,一,2,628,v,xià lai,"to come down,(completed action marker),(after verb of motion, indicates motion down and towards us, also fig.)",1
下令,一,7,7284,v,xià lìng,"to give an order,to command",1
下楼,一,4,11084,,xià lóu,to go downstairs,1
下落,一,7,8624,n,xià luò,"whereabouts,to drop,to fall",1
下面,一,2,1459,f,xià miàn,"below,under,next,the following,also pr. [xià mian]",2
下期,一,7,24943,n,xià qī,"next period (week, month or quarter etc)",1
下棋,一,7,16593,v,xià qí,to play chess,1
下去,一,2,838,v,xià qù,"to go down,to descend,to go on,to continue,(of a servant) to withdraw",1
下山,一,7,16762,v,xià shān,"to go down a hill,(of the sun or moon) to set",1
下手,一,7,5513,v,xià shǒu,"to start,to put one's hand to,to set about,the seat to the right of the main guest",1
下属,一,7,7832,v,xià shǔ,"subordinate,underling",1
下台,一,7,11392,v,xià tái,"to go off the stage,to fall from position of prestige,to step down (from office etc),to disentangle oneself",1
下午,一,1,782,t,xià wǔ,"afternoon,p.m.",1
下乡,一,7,35280,v,xià xiāng,to go to the countryside,1
下雪,一,2,7185,v,xià xuě,to snow,1
下旬,一,6,26057,t,xià xún,last third of the month,1
下一代,一,7,12563,n,xià yī dài,the next generation,1
下意识,一,7,18088,n,xià yì shí,subconscious mind,1
下游,一,7,14062,f,xià yóu,"lower reaches (of a river),lower level,lower echelon,downstream",1
下雨,一,1,5648,v,xià yǔ,to rain,1
下载,一,5,4502,v,xià zǎi,"to download,also pr. [xià zài]",1
下周,一,2,1000000,,xià zhōu,next week,1
下坠,一,7,30023,v,xià zhuì,"(of objects) to fall,to drop,to droop,(medicine) to experience tenesmus",1
吓,口,6,1856,v,hè,"to scare,to intimidate,to threaten,(interjection showing disapproval) tut-tut,(interjection showing astonishment)",2
吓唬,口,7,13521,v,xià hu,"to scare,to frighten",1
吓人,口,7,6592,a,xià rén,"to scare,scary,frightening",1
夏,夊,3,3828,tg,Xià,"the Xia or Hsia dynasty c. 2000 BC,Xia of the Sixteen Kingdoms (407-432),surname Xia",2
夏季,夊,4,7332,t,xià jì,summer,1
夏令营,夊,6,13625,n,xià lìng yíng,summer camp,1
夏天,夊,3,2925,t,xià tiān,summer,1
先,儿,3,306,d,xiān,"early,prior,former,in advance,first",1
先锋,儿,7,10956,n,xiān fēng,"vanguard,pioneer,avant-garde",1
先后,儿,5,9452,d,xiān hòu,"early or late,priority,in succession,one after another",1
先进,儿,5,3190,a,xiān jìn,"advanced (technology),to advance",1
先例,儿,7,14275,n,xiān lì,"antecedent,precedent",1
先前,儿,6,7581,t,xiān qián,before; previously,1
先生,儿,1,586,n,xiān sheng,"teacher,gentleman; sir; mister (Mr.),husband,(dialect) doctor",1
先天,儿,7,16558,n,xiān tiān,"embryonic period (contrasted with 后天 [hòu tiān]),inborn,innate,natural",1
纤维,纟,7,4880,n,xiān wéi,fiber,1
掀,扌,7,13713,v,xiān,"to lift (a lid),to rock,to convulse",1
掀起,扌,7,8186,v,xiān qǐ,"to lift; to raise (a lid etc),(of a storm) to surge; to stir up (waves etc)",1
鲜,鱼,4,6056,a,xiǎn,variant of 鲜,6
鲜花,鱼,4,6737,n,xiān huā,"flower,fresh flowers",1
鲜活,鱼,7,14248,a,xiān huó,"vivid,lively,(of food ingredients) live or fresh",1
鲜美,鱼,7,22932,a,xiān měi,"delicious,tasty",1
鲜明,鱼,6,10344,a,xiān míng,"bright,clear-cut,distinct",1
鲜血,鱼,7,6558,n,xiān xuè,blood,1
鲜艳,鱼,6,15101,a,xiān yàn,bright-colored; gaily-colored,1
闲,门,5,5440,v,xián,"enclosure,(variant of 闲) idle,unoccupied,leisure",2
闲话,门,7,21656,n,xián huà,"casual conversation,chat,gossip,to talk about (whatever comes to mind)",1
弦,弓,7,8692,n,xián,"bow string,string of musical instrument,watchspring,chord (segment of curve),hypotenuse",1
贤惠,贝,6,28468,a,xián huì,variant of 贤慧,1
咸,口,4,7379,a,Xián,surname Xian,3
衔接,彳,7,19609,v,xián jiē,to link up; to connect; to join,1
嫌,女,6,5973,v,xián,"to dislike,suspicion,resentment,enmity,abbr. for 犯, criminal suspect",1
嫌弃,女,7,15715,v,xián qì,"to regard with disdain,to shun",1
嫌疑,女,7,7043,n,xián yí,"suspicion,to have suspicions",1
显,日,6,3543,v,xiǎn,"to make visible,to reveal,prominent,conspicuous,(prefix) phanero-",1
显出,日,6,14141,v,xiǎn chū,"to express,to exhibit",1
显得,日,5,2352,v,xiǎn de,"to seem,to look,to appear",1
显而易见,日,7,10457,l,xiǎn ér yì jiàn,"clearly and easy to see (idiom); obviously,clearly,it goes without saying",1
显赫,日,7,18526,a,xiǎn hè,"illustrious,celebrated",1
显然,日,5,1345,a,xiǎn rán,clearly; evidently; obviously,1
显示,日,5,1030,v,xiǎn shì,"to show,to illustrate,to display,to demonstrate",1
显示器,日,7,11588,n,xiǎn shì qì,monitor (computer),1
显现,日,7,8581,v,xiǎn xiàn,"appearance,to appear",1
显眼,日,7,13517,a,xiǎn yǎn,"conspicuous,eye-catching,glamorous",1
显著,日,6,1981,,xiǎn zhù,"outstanding,notable,remarkable,statistically significant",1
险,阝,6,3419,a,xiǎn,"danger,dangerous,rugged",1
县,厶,5,3513,n,xiàn,county,1
现场,王,5,627,s,xiàn chǎng,"the scene (of a crime, accident etc),(on) the spot,(at) the site",1
现成,王,7,16759,b,xiàn chéng,"ready-made,readily available",1
现代,王,5,2512,t,Xiàn dài,"Hyundai, South Korean company",2
现代化,王,5,10626,vn,xiàn dài huà,modernization,1
现金,王,4,2030,n,xiàn jīn,cash,1
现任,王,7,10005,b,xiàn rèn,"to occupy a post currently,current (president etc),incumbent,(coll.) current boyfriend (girlfriend, spouse)",1
现实,王,5,1237,n,xiàn shí,"reality,actuality,real,actual,realistic,pragmatic,materialistic,self-interested",1
现象,王,5,2440,n,xiàn xiàng,"phenomenon,appearance",1
现行,王,7,11397,b,xiàn xíng,"to be in effect,in force,current",1
现有,王,4,5606,v,xiàn yǒu,"currently existing,currently available",1
现在,王,1,77,t,xiàn zài,"now,at present,at the moment,modern,current,nowadays",1
现状,王,5,5540,n,xiàn zhuàng,current situation,1
线,纟,6,679,n,xiàn,variant of 线,2
线路,纟,5,4070,n,xiàn lù,"(electricity) line; circuit; wire,(traffic) road; track; route",1
线索,纟,6,2891,n,xiàn suǒ,"trail,clues,thread (of a story)",1
线条,纟,7,8512,n,xiàn tiáo,"line (in drawing, calligraphy etc),the lines or contours of a three-dimensional object (hairstyle, clothing, car etc)",1
限,阝,6,5564,v,xiàn,"to limit,to restrict,(bound form) limit,bound",1
限定,阝,7,16505,v,xiàn dìng,"to restrict to,to limit",1
限度,阝,6,11462,n,xiàn dù,"limitation,limit",1
限于,阝,6,9451,v,xiàn yú,"to be limited to,to be confined to",1
限制,阝,5,2479,v,xiàn zhì,"to restrict,to limit,to confine,restriction,limit",1
宪法,宀,7,5123,n,xiàn fǎ,constitution (of a country),1
陷,阝,7,6466,v,xiàn,"pitfall,trap,to get stuck,to sink,to cave in,to frame (false charge),to capture (a city in battle)",1
陷害,阝,7,12379,v,xiàn hài,"to entrap,to set up,to frame (up),to make false charges against",1
陷阱,阝,7,6271,n,xiàn jǐng,"pitfall,snare,trap",1
陷入,阝,6,3109,v,xiàn rù,"to sink into,to get caught up in,to land in (a predicament)",1
馅儿,饣,7,52762,n,xiàn r,"erhua variant of 馅,(of food) filling; stuffing",1
羡慕,羊,4,4551,v,xiàn mù,"to envy,to admire",1
献,犬,7,4768,v,xiàn,"to offer,to present,to dedicate,to donate,to show,to put on display,worthy person (old)",1
献血,犬,7,14055,v,xiàn xuè,to donate blood,1
腺,⺼,7,13774,n,xiàn,gland,1
仙鹤,亻,7,42178,n,xiān hè,red-crowned crane (Grus japonensis),1
仙女,亻,7,11436,n,xiān nǚ,fairy,1
乡,幺,5,5793,n,xiāng,"country or countryside,native place,home village or town,township (PRC administrative unit)",1
乡村,幺,5,4094,n,xiāng cūn,"rustic,village,countryside",1
乡亲,幺,7,21178,n,xiāng qīn,"fellow countryman (from the same village),local people,villager,the folks back home",1
乡下,幺,7,9308,s,xiāng xia,"countryside,rural area",1
乡镇,幺,6,21128,n,xiāng zhèn,"village,township",1
相伴,目,7,9989,v,xiāng bàn,"to accompany sb,to accompany each other",1
相比,目,4,2934,v,xiāng bǐ,to compare,1
相比之下,目,7,21165,v,xiāng bǐ zhī xià,by comparison,1
相差,目,6,11680,v,xiāng chà,"to differ,discrepancy between",1
相处,目,5,3898,v,xiāng chǔ,"to be in contact (with sb),to associate,to interact,to get along (well, poorly)",1
相传,目,6,22657,v,xiāng chuán,"to pass on,to hand down,tradition has it that ...,according to legend",1
相当,目,5,1139,d,xiāng dāng,"equivalent to,appropriate,considerably,to a certain extent,fairly,quite",1
相当于,目,7,14927,v,xiāng dāng yú,equivalent to,1
相等,目,6,20539,v,xiāng děng,"equal,equally,equivalent",1
相对,目,5,3673,d,xiāng duì,"relatively,opposite,to resist,to oppose,relative,vis-a-vis,counterpart",1
相对而言,目,7,28925,c,xiāng duì ér yán,"relatively speaking,comparatively speaking",1
相反,目,4,3525,v,xiāng fǎn,"opposite,contrary",1
相辅相成,目,7,39443,v,xiāng fǔ xiāng chéng,to complement one another (idiom),1
相关,目,5,1782,vn,xiāng guān,"related,relevant,pertinent,to be interrelated,(statistics) correlation",1
相互,目,4,2492,d,xiāng hù,"each other,mutual",1
相机,目,3,3401,n,xiàng jī,"camera (abbr. for 照相机),at the opportune moment,as the circumstances allow",1
相继,目,7,13859,d,xiāng jì,"in succession,following closely",1
相连,目,6,9446,v,xiāng lián,"to link,to join,link,connection",1
相片,目,4,9258,n,xiàng piàn,"image,photograph",1
相声,目,6,16761,n,xiàng sheng,"comic dialogue,sketch,crosstalk",1
相似,目,5,4024,a,xiāng sì,similar; alike,1
相识,目,7,8658,v,xiāng shí,"to get to know each other,acquaintance",1
相提并论,目,7,17200,v,xiāng tí bìng lùn,"to discuss two disparate things together (idiom); to mention on equal terms,to place on a par with",1
相通,目,7,15457,v,xiāng tōng,"interlinked,connected,communicating,in communication,accommodating",1
相同,目,4,2110,a,xiāng tóng,"identical,same",1
相信,目,3,431,v,xiāng xìn,to be convinced (that sth is true); to believe; to accept sth as true,1
相依为命,目,7,24505,v,xiāng yī wéi mìng,"mutually dependent for life (idiom); to rely upon one another for survival,interdependent",1
相应,目,6,6310,v,xiāng yìng,"to correspond,answering (one another),to agree (among the part),corresponding,relevant,appropriate,(modify) accordingly",1
相遇,目,7,5707,v,xiāng yù,"to meet,to encounter,to come across",1
相约,目,7,16205,v,xiāng yuē,"to agree (on a meeting place, date etc),to reach agreement,to make an appointment",1
香,香,4,1953,n,xiāng,"fragrant,sweet smelling,aromatic,savory or appetizing,(to eat) with relish,(of sleep) sound,perfume or spice",1
香肠,香,6,11857,n,xiāng cháng,sausage,1
香蕉,香,3,5473,n,xiāng jiāo,banana,1
香料,香,7,14321,n,xiāng liào,"spice,flavoring,condiment,perfume",1
香水,香,6,5737,n,xiāng shuǐ,"perfume,cologne",1
香味,香,7,8749,n,xiāng wèi,"fragrance,bouquet,sweet smell",1
香烟,香,7,6871,n,xiāng yān,"cigarette,smoke from burning incense",1
香油,香,7,30870,n,xiāng yóu,"sesame oil,perfumed oil",1
箱,⺮,4,2345,g,xiāng,"box,trunk,chest",1
箱子,⺮,3,5854,n,xiāng zi,"suitcase,chest,box,case,trunk",1
镶,钅,7,13195,v,xiāng,"to inlay,to embed,ridge,border",1
镶嵌,钅,7,19000,v,xiāng qiàn,"to inlay,to embed,to set (e.g. a jewel in a ring),tiling,tesselation",1
详尽,讠,7,18410,a,xiáng jìn,"thorough and detailed,exhaustive,the tedious details in full",1
详细,讠,4,2875,a,xiáng xì,"detailed,in detail,minute",1
祥和,礻,7,18109,a,xiáng hé,auspicious and peaceful,1
享,亠,7,7536,g,xiǎng,"to enjoy,to benefit,to have the use of",2
享受,亠,5,1102,v,xiǎng shòu,"to enjoy,to live it up,pleasure",1
享有,亠,7,7670,v,xiǎng yǒu,"to enjoy (rights, privileges etc)",1
响,口,4,2237,v,xiǎng,"echo,sound,noise,to make a sound,to sound,to ring,loud,classifier for noises",1
响亮,口,7,15207,a,xiǎng liàng,"loud and clear,resounding",1
响起,口,7,6888,v,xiǎng qǐ,"(of a sound) to come forth,(of a sound source) to ring out,to sound,to go off",1
响声,口,5,16743,n,xiǎng shēng,noise,1
响应,口,7,10032,v,xiǎng yìng,"to respond to,answer",1
想,心,1,44,v,xiǎng,"to think (about),to think of; to devise,to think (that); to believe (that),to desire; to want (to)",1
想不到,心,6,5435,v,xiǎng bu dào,"unexpected,hard to imagine,it had not occurred to me,who could have thought that",1
想到,心,2,733,v,xiǎng dào,"to think of,to call to mind,to anticipate",1
想法,心,4,1433,n,xiǎng fǎ,"way of thinking; opinion; notion,to think of a way (to do sth)",1
想方设法,心,7,12483,l,xiǎng fāng shè fǎ,"to think up every possible method (idiom); to devise ways and means,to try this, that and the other",1
想念,心,5,3090,v,xiǎng niàn,"to miss,to remember with longing,to long to see again",1
想起,心,2,1611,v,xiǎng qǐ,"to recall,to think of,to call to mind",1
想象,心,5,1608,v,xiǎng xiàng,"to imagine; to envision,imagination",1
向,口,3,165,p,Xiàng,surname Xiang,4
向导,口,7,15744,n,xiàng dǎo,guide,1
向来,口,7,12301,d,xiàng lái,always (previously),1
向前,口,5,4314,v,xiàng qián,"forward,onward",1
向上,口,5,6564,v,xiàng shàng,"upward,up,to advance,to try to improve oneself,to make progress",1
向往,口,6,8559,v,xiàng wǎng,"to yearn for,to look forward to",1
向着,口,7,13962,p,xiàng zhe,"towards,facing (sb or sth),(coll.) to side with,to favor",1
巷,巳,7,9123,g,xiàng,"lane,alley",1
项,页,4,837,q,Xiàng,surname Xiang,2
项链,页,6,6716,n,xiàng liàn,necklace,1
项目,页,5,908,n,xiàng mù,"item,project,(sports) event",1
象棋,豕,6,15393,n,xiàng qí,Chinese chess,1
象征,豕,5,5049,n,xiàng zhēng,"emblem,symbol,token,badge,to symbolize,to signify,to stand for",1
像,亻,3,151,v,xiàng,"to resemble,to be like,to look as if,such as,appearance,image,portrait,image under a mapping (math.)",1
像样,亻,7,14848,a,xiàng yàng,"presentable,decent,up to par",1
橡胶,木,7,7485,n,xiàng jiāo,"rubber,caoutchouc",1
橡皮,木,5,17575,n,xiàng pí,"rubber,an eraser",1
消,氵,7,5407,v,xiāo,"to diminish; to subside,to consume; to reduce,to idle away (the time)",1
消沉,氵,7,18836,a,xiāo chén,"depressed,bad mood,low spirit",1
消除,氵,6,3789,v,xiāo chú,"to eliminate,to remove",1
消毒,氵,6,7069,v,xiāo dú,to disinfect; to sterilize,1
消防,氵,6,3685,b,xiāo fáng,"firefighting,fire control",1
消费,氵,5,4382,vn,xiāo fèi,"to consume,to spend",1
消费者,氵,5,7354,n,xiāo fèi zhě,consumer,1
消耗,氵,6,6744,v,xiāo hào,"to use up,to consume",1
消化,氵,5,5399,v,xiāo huà,"to digest (food),(fig.) to absorb (information etc); to assimilate; to process",1
消极,氵,5,7959,a,xiāo jí,"negative,passive,inactive",1
消灭,氵,6,4105,v,xiāo miè,"to put an end to,to annihilate,to cause to perish,to perish,annihilation (in quantum field theory)",1
消遣,氵,7,15871,v,xiāo qiǎn,"to while the time away,amusement,pastime,recreation,to make sport of",1
消失,氵,5,1528,v,xiāo shī,to disappear; to fade away,1
消息,氵,4,448,n,xiāo xi,"news,information",1
萧条,艹,7,16548,a,xiāo tiáo,"bleak; desolate,(economics) in a slump; sluggish; depressed",1
销,钅,7,11332,v,xiāo,"to melt (metal),to cancel; to annul,to sell,to expend; to spend,pin; bolt,to fasten with a pin or bolt",1
销毁,钅,7,9028,v,xiāo huǐ,"to destroy (by melting or burning),to obliterate",1
销量,钅,5,6489,n,xiāo liàng,sales volume,1
销售,钅,5,1999,vn,xiāo shòu,"to sell,to market,sales (representative, agreement etc)",1
潇洒,氵,7,10096,a,xiāo sǎ,"confident and at ease,free and easy",1
小,小,1,100,a,xiǎo,"small,tiny,few,young",1
小吃,小,4,10263,n,xiǎo chī,"snack,refreshments",1
小丑,小,7,10969,n,xiǎo chǒu,clown,1
小贩,小,7,16732,n,xiǎo fàn,"peddler,hawker",1
小费,小,7,17358,nr,xiǎo fèi,"tip,gratuity",1
小孩儿,小,2,25607,,xiǎo hái r,"erhua variant of 小孩,child",1
小伙子,小,4,4267,n,xiǎo huǒ zi,"young man,young guy,lad,youngster",1
小姐,小,5,1575,n,xiǎo jie,"young lady,miss,(slang) prostitute",1
小看,小,7,13789,v,xiǎo kàn,"to look down on,to underestimate",1
小康,小,7,27618,n,Xiǎo kāng,"Xiaokang, a Confucian near-ideal state of society, second only to Datong 同",2
小路,小,7,12622,n,xiǎo lù,"minor road,lane,pathway,trail",1
小麦,小,6,8774,n,xiǎo mài,wheat,1
小朋友,小,1,4536,n,xiǎo péng yǒu,child,1
小品,小,7,8510,n,xiǎo pǐn,"short, simple literary or artistic creation,essay,skit",1
小气,小,6,13236,a,xiǎo qì,"stingy,miserly,narrow-minded,petty",1
小区,小,3,6982,n,xiǎo qū,"neighborhood,district",1
小曲,小,7,34172,n,xiǎo qǔ,"popular song,folk tune,ballad",1
小人,小,7,7656,n,xiǎo rén,"person of low social status (old),I, me (used to refer humbly to oneself),nasty person,vile character",1
小声,小,2,7958,v,xiǎo shēng,"in a low voice,(speak) in whispers",1
小时,小,1,389,n,xiǎo shí,hour,1
小时候,小,2,3067,t,xiǎo shí hou,in one's childhood,1
小说,小,4,2624,n,xiǎo shuō,"novel,fiction",1
小提琴,小,7,12077,n,xiǎo tí qín,"fiddle,violin",1
小偷,小,5,5113,n,xiǎo tōu,thief,1
小偷儿,小,6,147151,,xiǎotōur5,Thief,1
小溪,小,7,16437,n,xiǎo xī,"brook,streamlet",1
小心,小,3,1411,a,xiǎo xīn,"to be careful,to take care",1
小心翼翼,小,7,11125,l,xiǎo xīn yì yì,"cautious and solemn (idiom); very carefully,prudent,gently and cautiously",1
小型,小,5,5057,b,xiǎo xíng,"small scale,small size",1
小学,小,1,3819,n,xiǎo xué,elementary school; primary school,1
小学生,小,1,12165,n,xiǎo xué shēng,"primary school student,schoolchild,(fig.) beginner",1
小于,小,5,15276,v,xiǎo yú,"less than, <",1
小卒,小,7,50862,n,xiǎo zú,"foot soldier,minor figure,a nobody,(chess) pawn",1
小组,小,4,1652,n,xiǎo zǔ,group,1
晓得,日,6,5338,v,xiǎo de,to know,1
孝敬,子,7,23538,v,xiào jìng,"to show filial respect,to give presents (to one's elders or superiors),to support one's aged parents",1
孝顺,子,7,17571,v,xiào shùn,"filial,dutiful,devoted to one's parents (and grandparents etc),to show filial piety towards (an older family member)",1
肖像,⺼,7,16725,n,xiào xiàng,"portrait (painting, photo etc),(in a general sense) representation of a person,likeness",1
效仿,攵,7,21781,v,xiào fǎng,see 仿效,1
效果,攵,4,1352,n,xiào guǒ,"result,effect,efficacy,(theater) sound or visual effects",1
效力,攵,7,6954,n,xiào lì,"effectiveness,positive effect,to serve (in some capacity)",1
效率,攵,5,5188,n,xiào lǜ,efficiency,1
效益,攵,7,16352,n,xiào yì,"benefit,effectiveness,efficiency",1
效应,攵,6,5050,n,xiào yìng,effect (scientific phenomenon),1
校园,木,3,4303,n,xiào yuán,campus,1
校长,木,3,3365,n,xiào zhǎng,"(college, university) president,headmaster",1
笑,⺮,2,382,v,xiào,old variant of 笑,2
笑话,⺮,4,4078,n,xiào hua,"joke; jest,to laugh at; to mock",1
笑话儿,⺮,2,1000000,,xiàohuar5,Joke,1
笑脸,⺮,6,9303,n,xiào liǎn,"smiling face,smiley :) ☺",1
笑容,⺮,6,3774,n,xiào róng,"smile,smiling expression",1
笑声,⺮,6,7252,n,xiào shēng,laughter,1
些,二,1,611,q,xiē,"classifier indicating a small amount or small number greater than 1: some, a few, several",1
歇,欠,6,6962,v,xiē,"to rest,to take a break,to stop,to halt,(dialect) to sleep,a moment,a short while",1
协调,十,6,4200,v,xié tiáo,"to coordinate,to harmonize,to fit together,to match (colors etc),harmonious,concerted",1
协定,十,7,7490,n,xié dìng,"agreement,accord,to reach an agreement",1
协会,十,6,2517,n,xié huì,"an association,a society",1
协商,十,7,7011,v,xié shāng,"to consult with,to talk things over,agreement",1
协同,十,7,12214,v,xié tóng,"to cooperate,in coordination with,coordinated,collaborate,collaboration,collaborative",1
协议,十,5,1554,n,xié yì,"agreement,pact,protocol",1
协议书,十,5,16037,n,xié yì shū,"contract,protocol",1
协助,十,6,3724,v,xié zhù,"to provide assistance,to aid",1
协作,十,7,9517,v,xié zuò,"cooperation,coordination",1
邪,阝,7,5941,a,xié,old variant of 邪,2
邪恶,阝,7,4300,a,xié è,"sinister,vicious,wicked,evil",1
挟持,扌,7,19182,v,xié chí,to seize,1
斜,斗,5,7766,ad,xié,"inclined,slanting,oblique,tilting",1
携带,扌,6,4738,v,xié dài,"to carry (on one's person),to support (old),Taiwan pr. [xī dài]",1
携手,扌,7,9426,v,xié shǒu,"hand in hand,to join hands,to collaborate",1
鞋,革,3,1249,n,xié,shoe,2
写,冖,1,352,v,xiě,to write,1
写照,冖,7,18487,n,xiě zhào,portrayal,1
写字楼,冖,6,23538,n,xiě zì lóu,office building,1
写字台,冖,6,39106,n,xiě zì tái,writing desk,1
写作,冖,5,5219,v,xiě zuò,"to write,to compose,writing,written works",1
泄,氵,7,10624,g,xiè,variant of 泄,2
泄漏,氵,7,8141,v,xiè lòu,"(of a liquid or gas) to leak,to divulge; to leak (information)",1
泄露,氵,7,7731,v,xiè lù,"to leak (information); to divulge,also pr. [xiè lòu]",1
泄密,氵,7,18653,v,xiè mì,to leak secrets,1
泄气,氵,7,22620,v,xiè qì,"to leak (gas),to be discouraged,to despair,(disparaging) pathetic,to vent one's anger,(of a tire) to be flat",1
泻,氵,7,15896,v,xiè,"to flow out swiftly,to flood,a torrent,diarrhea,laxative",1
卸,卩,7,8077,v,xiè,"to unload,to unhitch,to remove or strip,to get rid of",1
屑,尸,6,10193,g,xiè,"bits,fragments,crumbs,filings,trifling,trivial,to condescend to",1
谢绝,讠,7,24810,v,xiè jué,to refuse politely,1
谢谢,讠,1,520,v,xiè xie,"to thank,thanks,thank you",1
心,心,4,291,n,xīn,"heart,mind,intention,center,core",1
心爱,心,6,7587,b,xīn ài,beloved,1
心安理得,心,7,25820,v,xīn ān lǐ dé,"to have a clear conscience,to have no qualms about sth",1
心病,心,7,27340,n,xīn bìng,"anxiety,sore point,secret worry,mental disorder,heart disease (medicine)",1
心肠,心,7,17817,n,xīn cháng,"heart,intention,one's inclination,state of mind,to have the heart for sth,mood",1
心得,心,7,14908,n,xīn dé,"what one has learned (through experience, reading etc),knowledge,insight,understanding,tips",1
心慌,心,7,27384,a,xīn huāng,"to be flustered,(dialect) irregular heart-beat",1
心急如焚,心,7,32937,v,xīn jí rú fén,"to burn with impatience,torn with anxiety",1
心里,心,3,1214,s,xīn li,"chest,heart,mind",1
心里话,心,7,16506,n,xīn li huà,"(to express one's) true feelings,what is on one's mind,secret mind",1
心理,心,5,1160,n,xīn lǐ,"psychology,mentality",1
心灵,心,6,3168,n,xīn líng,"bright,smart,quick-witted,heart,thoughts,spirit",1
心灵手巧,心,7,44403,v,xīn líng shǒu qiǎo,"capable,clever,dexterous",1
心目,心,6,7322,n,xīn mù,mind,1
心情,心,4,1302,n,xīn qíng,mood; frame of mind,1
心声,心,7,8599,n,xīn shēng,"thoughts,feelings,aspirations,heartfelt wishes,inner voice",1
心事,心,7,9447,n,xīn shì,"a load on one's mind,worry",1
心思,心,7,5582,n,xīn si,"mind,thoughts,inclination,mood",1
心酸,心,7,20160,a,xīn suān,to feel sad,1
心态,心,5,6962,n,xīn tài,"attitude (of the heart),state of one's psyche,way of thinking,mentality",1
心疼,心,6,14175,v,xīn téng,"to love dearly,to feel sorry for sb,to regret,to grudge,to be distressed",1
心想事成,心,7,17746,v,xīn xiǎng shì chéng,"to have one's wishes come true,wish you the best!",1
心胸,心,7,14296,n,xīn xiōng,"heart,mind,ambition,aspiration",1
心血,心,7,10451,n,xīn xuè,"heart's blood,expenditure (for some project),meticulous care",1
心眼儿,心,7,55439,,xīn yǎn r,"one's thoughts,mind,intention,willingness to accept new ideas,baseless suspicions",1
心意,心,7,7619,n,xīn yì,"intention,regard; kindly feelings",1
心愿,心,6,7950,n,xīn yuàn,"cherished desire,dream,craving,wish,aspiration",1
心脏,心,6,2663,n,xīn zàng,heart,1
心脏病,心,6,5722,n,xīn zàng bìng,heart disease,1
心中,心,2,1983,s,xīn zhōng,"central point,in one's thoughts,in one's heart",1
芯片,艹,7,4335,n,xīn piàn,"computer chip,microchip",1
辛苦,辛,4,2449,a,xīn kǔ,"exhausting,hard,tough,arduous,to work hard,to go to a lot of trouble,hardship(s)",1
辛勤,辛,7,11878,a,xīn qín,"hardworking,industrious",1
辛酸,辛,7,26445,a,xīn suān,"pungent (taste),bitter,fig. sad,miserable",1
欣赏,欠,5,2305,v,xīn shǎng,to appreciate; to enjoy; to admire,1
欣慰,欠,7,8454,a,xīn wèi,to be gratified,1
欣喜,欠,7,13520,a,xīn xǐ,happy,1
欣欣向荣,欠,7,32921,v,xīn xīn xiàng róng,"(idiom) flourishing,thriving",1
新,斤,1,150,a,Xīn,"abbr. for Xinjiang 疆 or Singapore 坡,surname Xin",2
新潮,斤,7,17692,n,xīn cháo,"modern,fashionable",1
新陈代谢,斤,7,16136,v,xīn chén dài xiè,"metabolism (biology),the new replaces the old (idiom)",1
新房,斤,7,15052,n,xīn fáng,"brand new house,bridal chamber",1
新款,斤,6,14970,b,xīn kuǎn,"new style,latest fashion,new model",1
新郎,斤,5,8652,n,xīn láng,"bridegroom,groom",1
新年,斤,3,3160,t,xīn nián,New Year,1
新娘,斤,5,4498,n,xīn niáng,bride,1
新奇,斤,7,13235,a,xīn qí,novel; new; exotic,1
新人,斤,5,4775,n,xīn rén,"newcomer,fresh talent,newlywed, esp. new bride,bride and groom,(paleoanthropology) Homo sapiens",1
新生,斤,7,6116,n,xīn shēng,"new,newborn,emerging,nascent,rebirth,regeneration,new life,new student",1
新式,斤,7,15606,a,xīn shì,"new style,latest type",1
新手,斤,7,10247,n,xīn shǒu,"new hand,novice,raw recruit",1
新闻,斤,3,805,n,xīn wén,news,1
新鲜,斤,3,2651,a,xīn xiān,"fresh (experience, food etc),freshness,novel,uncommon",1
新型,斤,5,7169,b,xīn xíng,new type; new kind,1
新兴,斤,6,17047,b,Xīn xīng,"Xinxing county in Yunfu 云浮, Guangdong,Xinxing or Hsinhsing district of Kaohsiung city 市, south Taiwan",2
新颖,斤,6,15260,a,xīn yǐng,"lit. new bud,fig. new and original",1
薪水,艹,6,7554,n,xīn shuǐ,"salary,wage",1
信,亻,3,419,n,xìn,"letter,mail,to trust,to believe,to profess faith in,truthful,confidence,trust,at will,at random",1
信贷,亻,7,12373,n,xìn dài,"credit,borrowed money",1
信封,亻,5,10268,n,xìn fēng,envelope,1
信号,亻,4,1815,n,xìn hào,signal,1
信件,亻,7,9107,n,xìn jiàn,letter (sent by mail),1
信赖,亻,6,8119,v,xìn lài,"to trust,to have confidence in,to have faith in,to rely on",1
信念,亻,6,5379,n,xìn niàn,"faith,belief,conviction",1
信任,亻,5,1963,v,xìn rèn,"to trust,to have confidence in",1
信息,亻,4,612,n,xìn xī,"information,news,message",1
信箱,亻,5,10392,n,xìn xiāng,"mailbox,post office box",1
信心,亻,4,2405,n,xìn xīn,"confidence,faith (in sb or sth)",1
信仰,亻,7,3912,vn,xìn yǎng,"to believe in (a religion),firm belief,conviction",1
信用,亻,5,5789,n,xìn yòng,"trustworthiness,(commerce) credit,(literary) to trust and appoint",1
信用卡,亻,3,3960,n,xìn yòng kǎ,credit card,1
信誉,亻,7,10182,n,xìn yù,"prestige,distinction,reputation,trust",1
星期,日,1,1956,n,xīng qī,"week,day of the week,Sunday",1
星期日,日,1,12997,t,Xīng qī rì,Sunday,1
星期天,日,1,7577,t,Xīng qī tiān,Sunday,1
星星,日,4,4903,n,xīng xing,(coll.) a star; the stars in the sky,1
星座,日,7,6353,n,xīng zuò,"constellation,astrological sign",1
猩猩,犭,7,15070,n,xīng xing,"orangutan,(slang) dialect speaker whose speech is corrupted by Standard Mandarin",1
腥,⺼,7,15338,a,xīng,fishy (smell),1
刑法,刂,7,15273,n,xíng fǎ,criminal law,1
刑事,刂,7,5397,b,xíng shì,criminal; penal,1
行,行,3,272,v,háng,"row,line,commercial firm,line of business,profession,to rank (first, second etc) among one's siblings (by age)",2
行程,行,5,6301,n,xíng chéng,"journey,course of a journey,distance traveled,trajectory,itinerary,route,course (of history),stroke (of a piston)",1
行动,行,5,666,vn,xíng dòng,"operation,action,to move about,mobile",1
行家,行,7,15474,n,háng jiā,"connoisseur,expert,veteran",1
行李,行,3,4886,n,xíng li,luggage,1
行李箱,行,3,16680,n,xíng li xiāng,"suitcase,baggage compartment,overhead bin,(car) trunk,boot",1
行列,行,7,8922,n,háng liè,"formation,array,(fig.) ranks (as in ""join the ranks of ..."")",1
行情,行,7,10951,n,háng qíng,"market price,quotation of market price,the current market situation",1
行人,行,5,10141,n,xíng rén,"pedestrian,traveler on foot,passer-by,official responsible for arranging audiences with the emperor",1
行使,行,7,8152,v,xíng shǐ,to exercise (a right etc),1
行驶,行,5,5640,v,xíng shǐ,to travel along a route (of vehicles etc),1
行为,行,5,734,n,xíng wéi,"action,conduct,behavior,activity",1
行业,行,5,2346,n,háng yè,trade; profession; industry; business,1
行政,行,7,3843,n,xíng zhèng,"administration,(attributive) administrative; executive",1
行走,行,5,6775,v,xíng zǒu,to walk,1
形,彡,6,2745,g,xíng,"to appear,to look,form,shape",1
形成,彡,5,2335,v,xíng chéng,"to form,to take shape",1
形容,彡,5,4235,v,xíng róng,"to describe,(literary) countenance; appearance",1
形式,彡,5,2476,n,xíng shì,"outer appearance,form,shape,formality",1
形势,彡,5,3741,n,xíng shì,"circumstances,situation,terrain",1
形态,彡,6,8215,n,xíng tài,"shape,form,pattern,morphology",1
形象,彡,5,2124,n,xíng xiàng,"image,form,figure,visualization,vivid",1
形形色色,彡,7,22513,l,xíng xíng sè sè,"all kinds of,all sorts of,every (different) kind of",1
形影不离,彡,7,24715,v,xíng yǐng bù lí,inseparable (as form and shadow),1
形状,彡,5,5839,n,xíng zhuàng,form; shape,1
型,土,4,1361,k,xíng,"mold,type,style,model",1
型号,土,6,7153,n,xíng hào,"model (particular version of a manufactured article),type (product specification in terms of color, size etc)",1
醒,酉,4,1399,v,xǐng,"to wake up,to be awake,to become aware,to sober up,to come to",1
醒来,酉,7,3258,v,xǐng lái,to waken,1
醒目,酉,7,12299,a,xǐng mù,"eye-grabbing (headline),striking (illustration)",1
醒悟,酉,7,16036,v,xǐng wù,"to come to oneself,to come to realize,to come to see the truth,to wake up to reality",1
兴奋,八,4,1839,v,xīng fèn,"excited,excitement,(physiology) excitation",1
兴奋剂,八,7,11692,n,xīng fèn jì,"stimulant,doping (in athletics)",1
兴高采烈,八,7,21103,l,xìng gāo cǎi liè,"happy and excited (idiom),in high spirits,in great delight",1
兴建,八,7,17808,v,xīng jiàn,"to build,to construct",1
兴隆,八,7,26149,a,Xīng lóng,"Xinglong county in Chengde 德, Hebei",2
兴起,八,6,12036,v,xīng qǐ,"to rise,to spring up,to burgeon,to be aroused,to come into vogue",1
兴趣,八,3,1847,n,xìng qù,"interest (desire to know about sth),interest (thing in which one is interested); hobby",1
兴旺,八,7,21132,a,xīng wàng,"prosperous,thriving,to prosper,to flourish",1
兴致,八,7,13570,n,xìng zhì,"mood,spirits,interest",1
兴致勃勃,八,6,26094,l,xìng zhì bó bó,"to become exhilarated (idiom); in high spirits,full of zest",1
姓,女,2,3576,v,xìng,"family name,surname,to be surnamed",1
姓名,女,2,4286,n,xìng míng,"surname and given name,full name",1
姓氏,女,7,14616,n,xìng shì,family name,1
幸存,干,7,15246,v,xìng cún,to survive (a disaster),1
幸福,干,4,928,a,xìng fú,"happiness,happy,blessed",1
幸好,干,7,5735,d,xìng hǎo,fortunately,1
幸亏,干,7,10426,d,xìng kuī,"fortunately,luckily",1
幸免,干,7,17067,v,xìng miǎn,to avoid (an unpleasant fate),1
幸运,干,5,1830,a,xìng yùn,"fortunate,lucky,fortune,luck",1
性,忄,4,775,g,xìng,"nature,character,property,quality,attribute,sexuality,sex,gender,suffix forming adjective from verb",1
性别,忄,4,6513,n,xìng bié,"gender,sex",1
性感,忄,7,2157,a,xìng gǎn,"sex appeal,eroticism,sexuality,sexy",1
性格,忄,4,3053,n,xìng gé,"nature,disposition,temperament,character",1
性价比,忄,6,1000000,,xìng jià bǐ,cost-performance ratio,1
性命,忄,7,6391,n,xìng mìng,life,1
性能,忄,6,8457,n,xìng néng,function; performance; behavior,1
性情,忄,7,13762,n,xìng qíng,"nature,temperament",1
性质,忄,5,6027,n,xìng zhì,"nature,characteristic",1
凶,凵,7,4364,a,xiōng,"terrible,fearful",2
凶残,凵,7,12697,a,xiōng cán,"savage,cruel,fierce",2
凶恶,凵,7,21192,a,xiōng è,"fierce,ferocious,fiendish,frightening",2
凶狠,凵,7,16248,a,xiōng hěn,variant of 狠,2
凶猛,凵,7,13921,a,xiōng měng,"fierce,violent,ferocious",1
凶手,凵,7,5045,n,xiōng shǒu,"murderer,assassin",1
兄弟,儿,4,1060,n,xiōng dì,"brothers,younger brother,I, me (humble term used by men in public speech),brotherly,fraternal",1
汹涌,氵,7,16474,a,xiōng yǒng,"to surge up violently (of ocean, river, lake etc),turbulent",1
胸,⺼,6,2291,g,xiōng,variant of 胸,2
胸部,⺼,4,5077,n,xiōng bù,"chest,bosom",1
胸怀,⺼,7,17578,n,xiōng huái,"one's bosom (the seat of emotions),breast,broad-minded and open,to think about,to cherish",1
胸膛,⺼,7,14528,n,xiōng táng,chest,1
胸有成竹,⺼,7,26904,v,xiōng yǒu chéng zhú,(idiom) to have a well thought out plan in mind,1
雄厚,隹,7,19383,a,xióng hòu,substantial; robust; ample; abundant,1
雄伟,隹,7,21406,a,xióng wěi,"grand,imposing,magnificent,majestic",1
熊,灬,4,2749,n,Xióng,surname Xiong,2
熊猫,灬,3,7123,n,xióng māo,panda,1
休假,亻,3,7947,v,xiū jià,to go on vacation; to have a holiday; to take leave,1
休克,亻,7,11253,vn,xiū kè,"shock (loanword),to go into shock",1
休眠,亻,7,25787,vn,xiū mián,"to be dormant (biology),inactive (volcano),to hibernate (computing)",1
休息,亻,1,1225,v,xiū xi,"rest,to rest",1
休闲,亻,5,5276,vn,xiū xián,"leisure,relaxation,not working,idle,to enjoy leisure,to lie fallow",1
休想,亻,7,17275,v,xiū xiǎng,"don't think (that),don't imagine (that)",1
休养,亻,7,18052,v,xiū yǎng,"to recuperate,to recover,to convalesce",1
修,亻,4,1778,v,Xiū,surname Xiu,3
修补,亻,7,10271,v,xiū bǔ,to mend,1
修车,亻,6,15468,v,xiū chē,to repair a bike (car etc),1
修订,亻,6,15186,v,xiū dìng,to revise,1
修复,亻,6,4833,v,xiū fù,"to restore; to renovate,(computing) to repair (a corrupted file etc)",1
修改,亻,5,3871,v,xiū gǎi,"to amend,to alter,to modify",1
修建,亻,5,8670,v,xiū jiàn,"to build,to construct",1
修理,亻,4,5879,v,xiū lǐ,"to repair,to fix,to prune,to trim,(coll.) to sort sb out,to fix sb",1
修路,亻,7,21675,v,xiū lù,to repair a road,1
修养,亻,7,13316,n,xiū yǎng,"accomplishment,training,self-cultivation",1
修长,亻,7,18026,a,xiū cháng,"slender,lanky,tall and thin",1
修正,亻,7,8722,v,xiū zhèng,"to revise,to amend",1
羞耻,羊,7,16207,n,xiū chǐ,(a feeling of) shame,1
羞愧,羊,7,13779,v,xiū kuì,ashamed,1
秀丽,禾,7,26034,a,xiù lì,pretty; beautiful,1
秀美,禾,7,29506,a,xiù měi,"elegant,graceful",1
绣,纟,7,12463,v,xiù,variant of 绣,2
袖手旁观,衤,7,21626,v,xiù shǒu páng guān,to watch with folded arms (idiom); to look on without lifting a finger,1
袖珍,衤,7,27717,b,xiù zhēn,"pocket-sized,pocket (book etc)",1
锈,钅,7,16722,v,xiù,variant of 锈,2
嗅觉,口,7,15998,n,xiù jué,sense of smell,1
须,彡,7,4564,d,xū,"must,to have to,to wait",2
须知,彡,7,30839,n,xū zhī,"key information,instructions,it must be borne in mind",1
虚,虍,7,5892,a,xū,"emptiness,void,abstract theory or guiding principles,empty or unoccupied,diffident or timid,false,humble or modest",1
虚构,虍,7,10616,v,xū gòu,"to make up,fabrication,fictional,imaginary",1
虚幻,虍,7,15889,a,xū huàn,"imaginary,illusory",1
虚假,虍,7,7341,a,xū jiǎ,"false,phony,pretense",1
虚拟,虍,7,8167,vn,xū nǐ,"to imagine; to make up,fictitious; theoretical; hypothetical,(computing) to emulate,(computing) virtual",1
虚荣,虍,7,18427,a,xū róng,vanity,1
虚弱,虍,7,9500,a,xū ruò,"weak,in poor health",1
虚伪,虍,7,8706,a,xū wěi,"false,hypocritical,artificial,sham",1
虚心,虍,5,25241,a,xū xīn,"open-minded,humble",1
需,雨,5,1631,v,xū,"to require,to need,to want,necessity,need",1
需求,雨,5,3122,n,xū qiú,"requirement,to require,(economics) demand",1
需要,雨,3,131,v,xū yào,"to need; to want; to demand; to require,needs",1
徐徐,彳,7,25996,d,xú xú,"slowly,gently",1
许,讠,7,2038,v,Xǔ,surname Xu,2
许多,讠,4,969,m,xǔ duō,"many,a lot of,much",1
许可,讠,6,4795,vn,xǔ kě,"to allow,to permit",1
许可证,讠,7,6731,n,xǔ kě zhèng,"license,authorization,permit",1
旭日,日,7,32316,n,xù rì,the rising sun,1
序,广,7,11610,n,xù,"(bound form) order; sequence,(bound form) introductory; initial,preface",1
序幕,广,7,17209,n,xù mù,prologue,1
序言,广,7,36371,n,xù yán,"preface,introductory remarks,preamble,prelude",1
叙述,又,6,9937,v,xù shù,"to relate (a story or information),to tell or talk about,to recount,narration,telling,narrative,account",1
续,纟,7,7378,v,xù,"to continue,to replenish",1
酗酒,酉,7,13274,v,xù jiǔ,"heavy drinking,to get drunk,to drink to excess",1
絮叨,糸,7,43697,v,xù dao,"long-winded,garrulous,to talk endlessly without getting to the point",1
宣布,宀,5,1467,v,xuān bù,"to declare,to announce,to proclaim",1
宣称,宀,7,6974,v,xuān chēng,"to assert,to claim",1
宣传,宀,5,2072,vn,xuān chuán,"to disseminate,to give publicity to,propaganda",1
宣读,宀,7,11262,v,xuān dú,"to read out loud to an audience,a prepared speech (e.g. to a party conference)",1
宣告,宀,7,9186,v,xuān gào,"to declare,to proclaim",1
宣誓,宀,7,10963,v,xuān shì,"to swear an oath (of office),to make a vow",1
宣泄,宀,7,15140,v,xuān xiè,"to drain (by leading off water),to unburden oneself,to divulge,to leak a secret",1
宣言,宀,7,7322,n,xuān yán,"declaration,manifesto",1
宣扬,宀,7,11582,v,xuān yáng,to publicize; to advertise; to spread far and wide,1
喧哗,口,7,24091,v,xuān huá,"hubbub,clamor,to make a racket",1
喧闹,口,7,19046,v,xuān nào,"to make a noise,noisy",1
玄,玄,7,10533,a,xuán,"black,mysterious",1
玄机,玄,7,24532,n,xuán jī,"profound theory (in Daoism and Buddhism),mysterious principles",1
悬,心,7,7493,v,xuán,"to hang or suspend,to worry,public announcement,unresolved,baseless,without foundation",1
悬挂,心,7,14021,v,xuán guà,"to suspend,to hang,(vehicle) suspension",1
悬念,心,7,11315,n,xuán niàn,"suspense in a movie, play etc,concern for sb's welfare",1
悬殊,心,7,20622,a,xuán shū,"widely different,large disparity",1
悬崖,心,7,10937,n,xuán yá,"precipice,overhanging cliff",1
悬崖峭壁,心,6,48736,l,xuán yá qiào bì,sheer cliffs and precipitous rock faces (idiom),1
旋律,方,7,8207,n,xuán lǜ,melody,1
旋涡,方,7,37673,n,xuán wō,"spiral,whirlpool,eddy,vortex",1
旋转,方,6,5279,v,xuán zhuǎn,"to rotate,to revolve,to spin,to whirl",1
选,辶,3,590,v,xuǎn,"to choose,to pick,to select,to elect",1
选拔,辶,6,7832,v,xuǎn bá,to select the best,1
选举,辶,7,3104,v,xuǎn jǔ,"to elect,election",1
选民,辶,7,9017,n,xuǎn mín,"voter,constituency,electorate",1
选手,辶,5,1025,n,xuǎn shǒu,"athlete,contestant",1
选项,辶,7,11774,n,xuǎn xiàng,"option; alternative; choice,to choose a project",1
选修,辶,6,26976,v,xuǎn xiū,"(at a school) to take as an elective,an elective,elective (subject)",1
选用,辶,7,15557,v,xuǎn yòng,"to choose for some purpose,to select and use",1
选择,辶,3,373,v,xuǎn zé,"to select,to pick,choice,option,alternative",1
炫耀,火,7,7910,v,xuàn yào,"dazzling,to show off,to flaunt",1
削,刂,7,9051,v,xiāo,"to peel with a knife,to pare,to cut (a ball at tennis etc)",2
削弱,刂,7,11259,v,xuē ruò,"to weaken,to impair,to cripple",1
靴子,革,7,7637,n,xuē zi,boots,1
穴位,穴,7,22704,n,xué wèi,"acupuncture point,location of a grave",1
学,子,1,524,v,xué,"to learn,to study,to imitate,science,-ology",1
学费,子,4,6307,n,xué fèi,"tuition fee,tuition",1
学分,子,5,15668,n,xué fēn,course credit,1
学会,子,6,1893,v,xué huì,"to learn,to master,institute,learned society,(scholarly) association",1
学科,子,5,11598,n,xué kē,"subject,branch of learning,course,academic discipline",1
学历,子,5,9089,n,xué lì,"educational background,academic qualifications",1
学年,子,5,19939,n,xué nián,academic year,1
学期,子,3,5859,n,xué qī,"term,semester",1
学生,子,1,651,n,xué sheng,"student,schoolchild",1
学时,子,4,52820,n,xué shí,"class hour,period",1
学士,子,7,17708,n,xué shì,"bachelor's degree,person holding a university degree",1
学术,子,5,6632,n,xué shù,"learning,science,academic",1
学说,子,7,17578,n,xué shuō,"theory,doctrine",1
学堂,子,7,31575,n,xué táng,"college,school (old)",1
学位,子,6,6034,n,xué wèi,"academic degree,place in school",1
学问,子,6,14605,n,xué wèn,"learning,knowledge",1
学习,子,1,789,v,xué xí,"to learn,to study",1
学校,子,1,430,n,xué xiào,school,1
学业,子,7,9622,n,xué yè,"studies,schoolwork",1
学艺,子,7,34339,v,xué yì,to learn a skill or art,1
学员,子,6,7156,n,xué yuán,"student,member of an institution of learning,officer cadet",1
学院,子,4,2360,n,xué yuàn,"college,educational institute,school,faculty",1
学者,子,5,5241,n,xué zhě,scholar,1
学子,子,7,37016,n,xué zǐ,"(literary) student,scholar",1
雪,雨,1,1971,n,Xuě,surname Xue,2
雪山,雨,7,11115,n,xuě shān,snow-capped mountain,1
雪上加霜,雨,7,19891,v,xuě shàng jiā shuāng,"(idiom) to make matters even worse,to add insult to injury",1
血,血,4,726,n,xuè,"blood,colloquial pr. [xiě]",1
血管,血,6,4071,n,xuè guǎn,"vein,artery",1
血脉,血,7,16612,n,xuè mài,blood vessels,1
血栓,血,7,16211,n,xuè shuān,"blood clot,thrombus",1
血压,血,6,5637,n,xuè yā,blood pressure,1
血液,血,6,2736,n,xuè yè,blood,1
血缘,血,7,14542,n,xuè yuán,bloodline,1
勋章,力,7,3956,n,xūn zhāng,"medal,decoration",1
熏,灬,7,7339,v,xūn,"to smoke,to fumigate,to assail the nostrils,to perfume",3
熏陶,灬,7,25457,vn,xūn táo,"to seep in,to influence,to nurture,influence,training",1
寻,彐,7,3606,v,xún,"to search,to look for,to seek",1
寻常,彐,7,6708,a,xún cháng,"usual,common,ordinary",1
寻觅,彐,7,14135,v,xún mì,to look for,1
寻求,彐,6,3808,v,xún qiú,to seek; to look for,1
寻找,彐,5,1444,v,xún zhǎo,to seek; to look for,1
巡逻,巛,7,5903,v,xún luó,"to patrol (police, army or navy)",1
驯,马,7,11376,v,xùn,"to attain gradually,to tame,Taiwan pr. [xún]",1
询问,讠,5,3515,v,xún wèn,to inquire,1
循环,彳,6,4192,vn,xún huán,"to cycle,to circulate,circle,loop",1
循序渐进,彳,7,25628,v,xún xù jiàn jìn,"in sequence, step by step (idiom); to make steady progress incrementally",1
迅速,辶,5,2524,ad,xùn sù,"rapid,speedy,fast",1
逊色,辶,7,25216,a,xùn sè,"inferior (often in the combination 毫无逊色, not in the least inferior)",1
训,讠,7,5758,v,xùn,"to teach,to train,to admonish,instruction (from superiors),teachings,rule",1
训练,讠,5,985,vn,xùn liàn,"to train,to drill,training",1
丫头,丨,7,6329,n,yā tou,"girl,servant girl,(used deprecatingly, but sometimes also as a term of endearment)",1
压,厂,4,1672,v,yā,"to press,to push down,to keep under (control),pressure",2
压倒,厂,7,15711,v,yā dǎo,"to overwhelm,to overpower,overwhelming",1
压力,厂,4,981,n,yā lì,pressure,1
压迫,厂,7,7597,vn,yā pò,"to oppress,to repress,to constrict,oppression,stress (physics)",1
压岁钱,厂,5,30823,n,yā suì qián,money given to children as a gift on Chinese New Year's Eve,1
压缩,厂,6,11394,v,yā suō,to compress; compression,1
压抑,厂,7,6607,v,yā yì,"to constrain or repress emotions,oppressive,stifling,depressing,repression",1
压榨,厂,7,20212,v,yā zhà,"to press,to squeeze,to extract juice, oil etc by squeezing",1
压制,厂,7,8746,,yā zhì,"to suppress,to inhibit,to stifle",1
押,扌,7,5343,v,yā,"to mortgage,to pawn,to detain in custody,to escort and protect,(literary) to sign",1
押金,扌,5,17113,n,yā jīn,"deposit,down payment",1
鸦雀无声,鸟,7,43787,v,yā què wú shēng,"lit. crow and peacock make no sound,absolute silence (idiom); not a single voice can be heard,absolute silence",1
鸭子,鸟,5,8269,n,yā zi,"duck,male prostitute (slang)",1
牙,牙,3,2506,n,yá,"tooth,ivory",1
牙齿,牙,5,4626,n,yá chǐ,"tooth,dental",1
牙膏,牙,4,9450,n,yá gāo,toothpaste,1
牙刷,牙,3,12849,n,yá shuā,toothbrush,1
芽,艹,7,12443,n,yá,"bud,sprout",1
哑,口,7,12656,v,yā,"(onom.) sound of cawing,sound of infant learning to talk,variant of 呀",2
亚军,一,6,11554,n,yà jūn,"second place (in a sports contest),runner-up",1
亚运会,一,4,25188,n,Yà yùn huì,Asian Games,1
亚洲,一,4,3164,ns,Yà zhōu,Asia (abbr. for 亚细亚洲),1
呀,口,5,432,y,ya,"(particle equivalent to 啊 after a vowel, expressing surprise or doubt)",1
烟,火,4,2110,n,yān,"cigarette or pipe tobacco,smoke,mist,vapour,tobacco plant,(of the eyes) to be irritated by smoke",1
烟囱,火,7,15613,n,yān cōng,chimney,1
烟花,火,7,7136,n,yān huā,"fireworks,prostitute (esp. in Yuan theater)",1
烟火,火,7,14459,n,yān huǒ,"smoke and fire,fireworks",1
淹,氵,6,13011,v,yān,"to flood,to submerge,to drown,to irritate the skin (of liquids),to delay",1
淹没,氵,6,10092,v,yān mò,"to submerge,to drown,to flood,to drown out (also fig.)",1
延,廴,7,7305,g,Yán,surname Yan,2
延缓,廴,7,14949,v,yán huǎn,"to defer,to postpone,to put off,to retard,to slow sth down",1
延期,廴,6,10510,v,yán qī,"to delay,to extend,to postpone,to defer",1
延伸,廴,6,7357,v,yán shēn,"to extend,to spread",1
延误,廴,7,12237,v,yán wu,"to delay,to be held up,to miss (an opportunity),delay,holdup",1
延续,廴,6,6017,v,yán xù,"to continue,to go on,to last",1
延长,廴,5,5928,v,Yán cháng,"Yanchang county in Yan'an 安, Shaanxi",2
严,一,6,5871,a,Yán,surname Yan,2
严格,一,4,2279,a,yán gé,"strict,stringent,tight,rigorous",1
严寒,一,6,21390,an,yán hán,"bitter cold,severe winter",1
严谨,一,7,12950,a,yán jǐn,"rigorous; strict; careful,(of writing) well organized; meticulous",1
严禁,一,6,12452,v,yán jìn,to strictly prohibit,1
严峻,一,7,9120,a,yán jùn,"grim,severe,rigorous",1
严厉,一,6,5614,a,yán lì,"severe,strict",1
严密,一,7,8320,a,yán mì,"strict,tight (organization, surveillance etc)",1
严肃,一,5,3552,a,yán sù,"solemn,grave,serious,earnest,severe",1
严重,一,4,785,a,yán zhòng,"grave,serious,severe,critical",1
言辞,言,7,16596,n,yán cí,"words,expression,what one says",1
言论,言,7,6492,n,yán lùn,"expression of opinion,views,remarks,arguments",1
言行,言,7,12249,n,yán xíng,"words and actions,what one says and what one does",1
言语,言,6,6771,n,yán yǔ,"words,speech,(spoken) language",2
岩石,山,7,7234,n,yán shí,rock,1
沿,氵,5,4970,p,yán,"along,to follow (a line, tradition etc),to carry on,to trim (a border with braid, tape etc),border,edge",1
沿岸,氵,7,17154,f,yán àn,"coastal area,littoral or riparian",1
沿海,氵,6,25696,f,yán hǎi,coastal,1
沿途,氵,7,15332,d,yán tú,"along the sides of the road,by the wayside",1
沿线,氵,7,37401,f,yán xiàn,"along the line (e.g. railway),the region near the line",1
沿着,氵,6,4043,p,yán zhe,"to go along,to follow",1
炎热,火,6,14826,a,yán rè,"blistering hot,sizzling hot (weather)",1
炎症,火,6,14732,n,yán zhèng,inflammation,1
研发,石,5,6428,v,yán fā,"research and development,to develop",1
研究,石,4,582,vn,yán jiū,"research,a study,to research,to look into",1
研究生,石,4,7033,n,yán jiū shēng,"graduate student,postgraduate student,research student",1
研究所,石,5,7271,n,yán jiū suǒ,"research institute,graduate studies,graduate school",1
研讨,石,6,22210,vn,yán tǎo,discussion,1
研制,石,5,8797,v,yán zhì,to research and manufacture; to research and to develop,1
盐,皿,4,3653,n,yán,salt,1
阎王,门,7,27587,n,Yán wáng,"(Buddhism) Yama, the King of Hell,(fig.) cruel and tyrannical person",1
颜色,页,2,1880,n,yán sè,"color,countenance,appearance,facial expression,pigment,dyestuff",1
衍生,行,7,20747,v,yǎn shēng,"to give rise to,to derive,derivative,derivation",1
掩盖,扌,7,6257,v,yǎn gài,"to conceal,to hide behind,to cover up",1
掩护,扌,7,7317,v,yǎn hù,"to screen,to shield,to cover,protection,cover",1
掩饰,扌,7,6255,v,yǎn shì,"to cover up,to conceal,to mask,to gloss over",1
眼,目,5,762,n,yǎn,"eye,small hole,crux (of a matter),classifier for big hollow things (wells, stoves, pots etc)",1
眼光,目,6,5024,n,yǎn guāng,"gaze,insight,foresight,vision,way of looking at things",1
眼红,目,7,25358,v,yǎn hóng,"to covet,envious,jealous,green with envy,infuriated,furious",1
眼界,目,7,16720,n,yǎn jiè,"ken,scope",1
眼镜,目,4,3998,n,yǎn jìng,"spectacles,eyeglasses",1
眼睛,目,2,814,n,yǎn jing,eye,1
眼看,目,6,9160,v,yǎn kàn,"soon,in a moment,to look on as sth happens",1
眼泪,目,5,3450,n,yǎn lèi,"tears,crying",1
眼里,目,4,4213,s,yǎnli,In the eyes,1
眼前,目,4,2549,s,yǎn qián,"before one's eyes,now,at present",1
眼色,目,7,20729,n,yǎn sè,"signal made with one's eyes,meaningful glance",1
眼神,目,7,2911,n,yǎn shén,"expression or emotion showing in one's eyes,meaningful glance,wink,eyesight (dialect)",1
眼下,目,7,6919,t,yǎn xià,"now,at present,subocular (medicine)",1
演,氵,4,1613,v,yǎn,"to develop,to evolve,to practice,to perform,to play,to act",1
演变,氵,7,9829,v,yǎn biàn,"to develop,to evolve,development,evolution",1
演播室,氵,7,17796,n,yǎn bō shì,broadcasting studio,1
演唱,氵,4,3897,v,yǎn chàng,"sung performance,to sing for an audience",1
演唱会,氵,3,3862,n,yǎn chàng huì,vocal recital or concert,1
演出,氵,4,1568,v,yǎn chū,"to act (in a play),to perform,to put on (a performance),performance,concert,show",1
演技,氵,7,9630,n,yǎn jì,"acting,performing skills",1
演讲,氵,5,3526,vn,yǎn jiǎng,"lecture,to make a speech",1
演练,氵,7,13826,v,yǎn liàn,"to do a drill,to practice,training,drill",1
演示,氵,7,8584,v,yǎn shì,"to demonstrate,to show,presentation,demonstration",1
演说,氵,7,10349,vn,yǎn shuō,"speech,to deliver a speech",1
演习,氵,7,6261,vn,yǎn xí,"maneuver,exercise,practice,to maneuver",1
演戏,氵,7,8399,v,yǎn xì,"to put on a play,to perform,fig. to pretend,to feign",1
演艺圈,氵,7,16822,n,yǎn yì quān,show business,1
演绎,氵,7,5431,v,yǎn yì,"(of a story etc) to unfold,to play out,to develop (a technique etc),to enact,(logic) to deduce,to infer",1
演员,氵,4,1643,n,yǎn yuán,"actor or actress,performer",1
演奏,氵,6,6261,v,yǎn zòu,to perform on a musical instrument,1
厌恶,厂,7,7894,v,yàn wù,"to loathe,to hate,disgusted with sth",1
厌烦,厂,7,13120,v,yàn fán,bored; fed up with sth; sick of sth,1
厌倦,厂,7,7767,v,yàn juàn,to be weary of; to be fed up with; to be bored with,1
咽,口,7,9313,v,yān,"throat; pharynx,narrow pass",4
咽喉,口,7,15508,n,yān hóu,throat,1
宴会,宀,6,6859,n,yàn huì,"banquet,feast,dinner party",1
艳丽,色,7,26439,a,yàn lì,"gorgeous,garish and beautiful",1
验,马,7,7908,v,yàn,variant of 验,2
验收,马,7,18985,v,yàn shōu,"to inspect and accept,acceptance",1
验证,马,6,7174,v,yàn zhèng,"to inspect and verify,experimental verification,to validate (a theory),to authenticate",1
焰火,火,7,18440,n,yàn huǒ,fireworks,1
燕子,灬,7,18534,n,yàn zi,swallow,1
秧歌,禾,7,34752,,yāng ge,"Yangge, a popular rural folk dance",1
扬,扌,7,6047,g,Yáng,"abbr. for 扬州,surname Yang",3
羊,羊,3,2574,n,Yáng,surname Yang,2
羊肉,羊,2,11336,n,yáng ròu,"mutton,goat meat",1
阳光,阝,4,2043,n,yáng guāng,"sunshine,(of personality) upbeat; energetic,transparent (open to public scrutiny)",1
阳台,阝,5,6690,n,yáng tái,variant of 阳台,2
阳性,阝,7,6067,n,yáng xìng,"positive,masculine",1
杨树,木,7,43758,n,yáng shù,"poplar tree,various trees of genus Populus",1
洋,氵,6,5778,g,yáng,"ocean,vast,foreign,silver dollar or coin",1
洋溢,氵,7,22369,v,yáng yì,"brimming with,steeped in",1
仰,亻,6,11544,v,Yǎng,surname Yang,2
养,丷,3,1346,v,yǎng,"to raise (animals),to bring up (children),to keep (pets),to support,to give birth",1
养成,丷,4,13078,v,yǎng chéng,"to cultivate,to raise,to form (a habit),to acquire",1
养活,丷,7,11652,v,yǎng huo,"to provide for,to keep (animals, a family etc),to raise animals,to feed and clothe,support,the necessities of life",1
养老,丷,6,11131,vn,yǎng lǎo,"to provide for the elderly (family members),to enjoy a life in retirement",1
养老金,丷,7,10458,n,yǎng lǎo jīn,pension,1
养老院,丷,6,21201,n,yǎng lǎo yuàn,nursing home,1
养生,丷,7,27107,vn,yǎng shēng,"to maintain good health,to raise a child or animal,curing (of concrete etc)",1
养殖,丷,7,19446,vn,yǎng zhí,"to cultivate,cultivation,to further,to encourage",1
氧,气,7,5633,n,yǎng,oxygen (chemistry),1
氧气,气,6,8778,n,yǎng qì,oxygen,1
痒,疒,6,7367,a,yǎng,"variant of 痒,to itch,to tickle",2
样,木,6,1699,q,yàng,"manner,pattern,way,appearance,shape,classifier: kind, type",1
样本,木,7,5611,n,yàng běn,sample; specimen,1
样品,木,7,7037,n,yàng pǐn,sample; specimen,1
样式,木,5,14126,n,yàng shì,"type,style",1
样子,木,4,1140,n,yàng zi,"appearance,manner,pattern,model",1
妖怪,女,7,12672,n,yāo guài,"monster,devil",1
腰,⺼,5,3323,n,yāo,"waist,lower back,pocket,middle,loins",1
邀,辶,7,6695,v,yāo,"to invite,to request,to intercept,to solicit,to seek",1
邀请,辶,4,1683,v,yāo qǐng,"to invite,invitation",1
窑,穴,7,14714,g,yáo,"kiln,oven,coal pit,cave dwelling,(coll.) brothel",2
谣言,讠,7,8381,n,yáo yán,rumor,1
摇,扌,5,3118,v,Yáo,surname Yao,2
摇摆,扌,7,12557,v,yáo bǎi,"to sway,to wobble,to waver",1
摇滚,扌,7,5660,n,yáo gǔn,"rock 'n' roll (music),to rock,to fall off",1
摇晃,扌,7,13559,v,yáo huàng,to rock; to shake; to sway,1
摇篮,扌,7,14968,n,yáo lán,cradle,1
摇头,扌,5,6924,v,yáo tóu,to shake one's head,1
摇摇欲坠,扌,7,26421,v,yáo yáo yù zhuì,"tottering,on the verge of collapse",1
遥控,辶,7,11466,vn,yáo kòng,"to direct operations from a remote location,to remotely control",1
遥远,辶,6,6127,a,yáo yuǎn,"distant,remote",1
咬,口,5,2563,v,yǎo,"to bite,to nip",2
咬牙切齿,口,6,26671,l,yǎo yá qiè chǐ,(idiom) to gnash one's teeth; to fume with rage,1
药,艹,2,701,n,yào,"leaf of the iris,variant of 药",2
药材,艹,7,29493,n,yào cái,medicinal ingredient,1
药店,艹,2,9052,n,yào diàn,pharmacy,1
药方,艹,7,18652,n,yào fāng,prescription,1
药片,艹,2,19934,n,yào piàn,a (medicine) pill or tablet,1
药品,艹,5,3431,n,yào pǐn,"medicaments,medicine,drug",1
药水,艹,2,17705,n,Yào shuǐ,"Yaksu in North Korea, near the border with Liaoning and Jiling province",2
药物,艹,5,1991,n,yào wù,"medicaments,pharmaceuticals,medication,medicine,drug",1
要,覀,1,19,v,yāo,(bound form) to demand; to coerce,2
要不,覀,5,3885,c,yào bù,"otherwise,or else,how about...?,either... (or...)",1
要不然,覀,6,7865,c,yào bù rán,"otherwise,or else,or",1
要不是,覀,5,14653,c,yào bu shì,"if it were not for,but for",1
要点,覀,6,9297,n,yào diǎn,"main point,essential",1
要害,覀,7,12297,n,yào hài,"vital part,(fig.) key point,crucial",1
要好,覀,7,11824,a,yào hǎo,"to be on good terms,to be close friends,striving for self-improvement",1
要紧,覀,7,10172,a,yào jǐn,"important,urgent",1
要领,覀,7,26676,n,yào lǐng,"main aspects,essentials,gist",1
要么,覀,6,2454,c,yào me,"or,either one or the other",1
要命,覀,7,7960,v,yào mìng,"to cause sb's death,extremely; terribly,(used in complaining about sth) to be a nuisance",1
要强,覀,7,25212,a,yào qiáng,"eager to excel,eager to get ahead in life,strong-minded",1
要求,覀,3,409,v,yāo qiú,"to request,to require,requirement,to stake a claim,to ask,to demand",1
要是,覀,4,1413,c,yào shi,(coll.) if,1
要素,覀,6,10026,n,yào sù,"essential factor,key constituent",1
钥匙,钅,4,3354,n,yào shi,key,1
耀眼,羽,7,9264,a,yào yǎn,"to dazzle,dazzling",1
椰子,木,7,16865,n,yē zi,"a coconut palm,a coconut",1
也,乚,1,23,d,Yě,surname Ye,2
也好,乚,6,4579,y,yě hǎo,"that's fine,may as well,(reduplicated) regardless of whether ... or ...",1
也就是说,乚,7,3200,v,yě jiù shì shuō,"in other words,that is to say,so,thus",1
也许,乚,4,601,d,yě xǔ,"perhaps,maybe",1
野,里,6,2794,b,yě,old variant of 野,3
野餐,里,7,25267,n,yě cān,"picnic,to have a picnic",1
野炊,里,7,53428,v,yě chuī,"to cook a meal over a campfire (usu. for a group of people on an outing),cookout",1
野蛮,里,7,8048,a,yě mán,"barbarous,uncivilized",1
野生,里,6,8844,b,yě shēng,"wild,undomesticated",1
野兽,里,7,9614,n,yě shòu,"beast,wild animal",1
野外,里,6,10150,s,yě wài,"countryside,areas outside the city",1
野心,里,7,10351,n,yě xīn,"ambition,wild schemes,careerism",1
野营,里,7,25370,vn,yě yíng,"to camp,field lodgings",1
业,一,6,2831,g,Yè,surname Ye,2
业绩,一,7,8094,n,yè jì,"achievement,accomplishment,(in more recent usage) performance (of a business, employee etc),results",1
业务,一,5,2972,n,yè wù,"business,professional work,service",1
业余,一,5,5236,b,yè yú,"in one's spare time,outside working hours,amateur (historian etc)",1
叶子,口,4,10287,n,yè zi,"leaf,(slang) marijuana",1
页,页,3,2404,q,xié,head,2
夜,夕,4,1082,tg,yè,variant of 夜,2
夜班,夕,7,11872,n,yè bān,night shift,1
夜间,夕,5,6232,t,yè jiān,"nighttime,evening or night (e.g. classes)",1
夜里,夕,2,6459,t,yè li,"during the night,at night,nighttime",1
夜市,夕,5,29040,n,yè shì,night market,1
夜晚,夕,4,3559,t,yè wǎn,night,1
夜校,夕,7,24385,n,yè xiào,"evening school,night school",1
夜以继日,夕,7,28406,l,yè yǐ jì rì,night and day (idiom); continuous strenuous effort,1
夜总会,夕,7,11951,n,yè zǒng huì,"nightclub,nightspot",1
液晶,氵,7,15199,n,yè jīng,liquid crystal,1
液体,氵,6,6827,n,yè tǐ,liquid,1
爷爷,父,2,3099,n,yé ye,"(coll.) father's father,paternal grandfather",1
一,一,1,21,m,yī,"one,single,a (article),as soon as,entire; whole; all; throughout,""one"" radical in Chinese characters (Kangxi radical 1)",1
一把手,一,7,20084,n,yī bǎ shǒu,"working hand; member of a work team; participant,the boss (short form of 手)",1
一般,一,3,798,a,yī bān,"same,ordinary,so-so,common,general,generally,in general",1
一般来说,一,4,9210,v,yī bān lái shuō,generally speaking,1
一半,一,1,1554,m,yī bàn,half,1
一辈子,一,6,2335,mq,yī bèi zi,(for) a lifetime,1
一边,一,3,1241,d,yī biān,"one side,either side,on the one hand,on the other hand,doing while",1
一不小心,一,7,14161,l,yī bù xiǎo xīn,to be a little bit careless; to have a moment of inattentiveness,1
一部分,一,2,4346,m,yī bù fen,"portion,part of,subset",1
一成不变,一,7,19445,v,yī chéng bù biàn,(idiom) immutable; impervious to change; set in stone,1
一筹莫展,一,7,31915,v,yī chóu mò zhǎn,"to be unable to find a solution,to be at wits' end",1
一次性,一,5,7116,b,yī cì xìng,"one-off (offer),one-time,single-use,disposable (goods)",1
一大早,一,7,7571,t,yī dà zǎo,"at dawn,at first light,first thing in the morning",1
一代,一,5,9102,n,yī dài,generation,1
一带,一,6,6591,n,yī dài,"region,district",1
一旦,一,5,1323,d,yī dàn,"in case (sth happens),if,once (sth happens, then...),when,in a short time,in one day",1
一道,一,6,8613,d,yī dào,together,1
一点点,一,2,20631,t,yī diǎn diǎn,a little bit,1
一点儿,一,1,6921,mq,yī diǎn r,"erhua variant of 一点,a bit; a little bit,(used in negative expressions) (not) the least bit,(after an adjective",1
一定,一,3,198,d,yī dìng,"surely,certainly,necessarily,fixed,a certain (extent etc),given,particular,must",1
一动不动,一,7,16188,l,yī dòng bù dòng,motionless,1
一度,一,7,8225,d,yī dù,"for a time,at one time,one time,once",1
一帆风顺,一,6,17562,v,yī fān fēng shùn,"propitious wind throughout the journey (idiom),plain sailing,to go smoothly,have a nice trip!",1
一番,一,6,3681,mq,yì fān,Some,1
一方面,一,3,7572,c,yī fāng miàn,on the one hand,1
一概,一,7,23649,d,yī gài,"all,without any exceptions,categorically",1
一概而论,一,7,47671,v,yī gài ér lùn,to lump different matters together (idiom),1
一干二净,一,7,23050,l,yī gān èr jìng,"thoroughly (idiom),completely,one and all,very clean",1
一个劲儿,一,7,35871,,yī gè jìn r,"erhua variant of 一个劲,continuously",1
一共,一,3,4765,d,yī gòng,altogether,1
一鼓作气,一,7,34580,v,yī gǔ zuò qì,in a spurt of energy,1
一贯,一,6,7299,d,yī guàn,"consistent,constant,from start to finish,all along,persistent",1
一锅粥,一,7,43564,l,yī guō zhōu,"(lit.) a pot of porridge,(fig.) a complete mess",1
一晃,一,7,26016,v,yī huǎng,"(of passing time) in an instant,(of a sight) in a flash",1
一回事,一,7,12272,,yī huí shì,"one and the same (thing),one thing (as distinct from another)",1
一会儿,一,2,2207,mq,yī huì r,"a moment,a while,in a moment,now...now...,also pr. [yī huǐ r]",1
一技之长,一,7,36099,l,yī jì zhī cháng,"proficiency in a particular field (idiom),skill in a specialized area (idiom)",1
一家人,一,7,16475,n,yī jiā rén,"household,the whole family",1
一经,一,7,19599,d,yī jīng,"as soon as,once (an action has been completed)",1
一举,一,7,12406,d,yī jǔ,"a move,an action,in one move,at a stroke,in one go",1
一举两得,一,7,30782,v,yī jǔ liǎng dé,"one move, two gains (idiom); two birds with one stone",1
一举一动,一,7,13650,l,yī jǔ yī dòng,every movement; each and every move,1
一句话,一,5,2843,,yī jù huà,"in a word,in short",1
一卡通,一,7,1000000,,Yī kǎ tōng,the name of various contactless smart cards,1
一口气,一,6,12928,d,yī kǒu qì,"one breath,in one breath,at a stretch",1
一块儿,一,3,11449,d,yī kuài r,"erhua variant of 一块,a piece; a chunk,(coll.) one yuan; one dollar",1
一揽子,一,7,27919,l,yī lǎn zi,"all-inclusive,undiscriminating",1
一连,一,7,18593,d,yī lián,"in a row,in succession,running",1
一连串,一,7,11835,l,yī lián chuàn,"a succession of,a series of",1
一流,一,6,5035,b,yī liú,"top quality,front ranking",1
一路,一,5,2451,mq,yī lù,"the whole journey,all the way,going the same way,going in the same direction,of the same kind",1
一路平安,一,2,32899,,yī lù píng ān,"to have a pleasant journey,Bon voyage!",1
一路上,一,6,9985,,yī lù shàng,"along the way,the whole way,(fig.) the whole time",1
一路顺风,一,5,17523,v,yī lù shùn fēng,to have a pleasant journey (idiom),1
一律,一,6,13897,d,yī lǜ,"same,uniformly,all,without exception",1
一毛不拔,一,7,75450,,yī máo bù bá,stingy (idiom),1
一面,一,7,2535,n,yī miàn,"one side,one aspect,simultaneously... (and...),one's whole face",1
一模一样,一,6,8179,l,yī mú yī yàng,"exactly the same (idiom),carbon copy,also pr. [yī mó yī yàng]",1
一目了然,一,7,18968,v,yī mù liǎo rán,obvious at a glance (idiom),2
一年到头,一,7,37724,l,yī nián dào tóu,all year round,1
一旁,一,7,7919,f,yī páng,"aside,to the side of",1
一齐,一,7,13522,d,yī qí,"at the same time,simultaneously",1
一起,一,2,172,s,yī qǐ,"in the same place,together,with,altogether (in total)",1
一切,一,4,350,r,yī qiè,"everything,every,all",1
一如既往,一,7,9416,v,yī rú jì wǎng,"just as in the past (idiom); as before,continuing as always",1
一刹那,一,7,17189,t,yī chà nà,"a moment,an instant,in a flash",1
一身,一,6,8569,n,yī shēn,"whole body,from head to toe,single person,a suit of clothes",1
一生,一,4,1626,n,yī shēng,all one's life; throughout one's life,1
一声不吭,一,7,26480,l,yī shēng bù kēng,to not say a word,1
一时,一,6,3531,t,yī shí,"a period of time,a while,for a short while,temporary,momentary,at the same time",1
一事无成,一,7,22215,v,yī shì wú chéng,"to have achieved nothing,to be a total failure,to get nowhere",1
一手,一,7,7866,d,yī shǒu,"a skill,mastery of a trade,by oneself,without outside help",1
一瞬间,一,7,7348,t,yī shùn jiān,split second,1
一丝不苟,一,7,21385,v,yī sī bù gǒu,"not one thread loose (idiom); strictly according to the rules,meticulous,not one hair out of place",1
一塌糊涂,一,7,11014,l,yī tā hú tu,"muddled and completely collapsing (idiom); in an awful condition,complete shambles,a total mess",1
一体,一,7,7220,n,yī tǐ,"an integral whole,all concerned,everybody",1
一天到晚,一,7,15466,l,yī tiān dào wǎn,all day long; the whole day,1
一同,一,6,5754,d,yī tóng,together,1
一头,一,7,9187,mq,yī tóu,"one head,a head full of sth,one end (of a stick),one side,headlong,directly,rapidly,simultaneously",1
一味,一,7,21515,d,yī wèi,"blindly,invariably",1
一无所有,一,7,11565,v,yī wú suǒ yǒu,"not having anything at all (idiom); utterly lacking,without two sticks to rub together",1
一无所知,一,7,11975,v,yī wú suǒ zhī,"not knowing anything at all (idiom); completely ignorant,without an inkling",1
一系列,一,6,24973,b,yī xì liè,"a series of,a string of",1
一下儿,一,1,1000000,,yī xià r,"erhua variant of 一下,one time; once,all of sudden",1
一下子,一,5,4322,mq,yī xià zi,"in a short while,all at once,all of a sudden",1
一线,一,7,7391,n,yī xiàn,front line,1
一向,一,6,4429,d,yī xiàng,"always (previously),a period of time in the recent past",1
一些,一,1,187,mq,yī xiē,"some,a few,a little,(following an adjective) slightly ...er",1
一心,一,7,9183,d,yī xīn,"wholeheartedly,heart and soul",1
一心一意,一,7,19090,l,yī xīn yī yì,"concentrating one's thoughts and efforts,single-minded,bent on,intently",1
一行,一,7,13419,n,yī xíng,"party,delegation",1
一言不发,一,7,18750,v,yī yán bù fā,to not say a word (idiom),1
一言一行,一,7,37817,l,yī yán yī xíng,every word and action (idiom),1
一眼,一,7,12941,d,yī yǎn,"a glance,a quick look,a glimpse",1
一样,一,3,235,u,yī yàng,"same,like,equal to,the same as,just like",1
一一,一,6,2016,d,yī yī,"one by one,one after another",1
一应俱全,一,7,31560,v,yī yīng jù quán,with everything needed available,1
一再,一,6,10127,d,yī zài,repeatedly,1
一早,一,7,6719,t,yī zǎo,"early in the morning,at dawn",1
一长一短,一,7,110959,,yī cháng yī duǎn,talking endlessly; long-winded,1
一阵,一,6,3300,mq,yī zhèn,"a burst,a fit,a peal,a spell (period of time)",1
一直,一,3,203,d,yī zhí,"straight (in a straight line),continuously; always; all the way through",1
一致,一,5,1957,a,yī zhì,"unanimous,identical (views or opinions)",1
伊斯兰教,亻,7,18822,nz,Yī sī lán jiào,Islam,1
衣服,衣,1,1472,n,yī fu,clothes,1
衣架,衣,3,32226,n,yī jià,"clothes hanger,clothes rack",1
衣裳,衣,7,24542,n,yī shang,(coll.) clothes,1
衣食住行,衣,6,38411,l,yī shí zhù xíng,"clothing, food, housing and transport (idiom); people's basic needs",1
医疗,匸,5,1749,n,yī liáo,medical treatment,1
医生,匸,1,827,n,yī shēng,doctor,1
医务,匸,7,9497,b,yī wù,medical affairs,1
医学,匸,5,3044,n,yī xué,"medicine,medical science,study of medicine",1
医药,匸,6,6630,n,yī yào,"medical care and medicines,medicine (drug),medical,pharmaceutical",1
医院,匸,1,608,n,yī yuàn,hospital,1
依,亻,7,3723,v,yī,"to depend on,to comply with or listen to sb,according to,in the light of",1
依次,亻,7,13888,d,yī cì,"in order,in succession",1
依法,亻,7,9449,d,yī fǎ,"legal (proceedings),according to law",1
依旧,亻,6,4631,z,yī jiù,"as before,still",1
依据,亻,5,4533,n,yī jù,"according to,basis,foundation",1
依靠,亻,5,2967,v,yī kào,"to rely on sth (for support etc),to depend on",1
依赖,亻,6,4839,v,yī lài,"to depend on,to be dependent on",1
依然,亻,5,1943,d,yī rán,"still,as before",1
依托,亻,7,20466,v,yī tuō,"to rely on,to depend on,support",1
依依不舍,亻,7,34544,v,yī yī bù shě,reluctant to part (idiom); broken-hearted at having to leave,1
依照,亻,7,8772,p,yī zhào,"according to,in light of",1
仪表,亻,7,12333,n,yí biǎo,"appearance,bearing,meter (i.e. measuring instrument)",1
仪器,亻,6,5598,n,yí qì,instrument; apparatus,1
仪式,亻,6,2371,n,yí shì,ceremony,1
怡然自得,忄,7,51833,v,yí rán zì dé,happy and content (idiom),1
姨,女,6,11475,n,yí,"mother's sister,aunt",1
移,禾,5,3002,v,yí,"to move,to shift,to change,to alter,to remove",1
移动,禾,5,1997,vn,yí dòng,"to move,movement,migration,mobile,portable",1
移交,禾,7,9811,v,yí jiāo,"to transfer,to hand over",1
移民,禾,6,4025,n,yí mín,"to immigrate,to migrate,emigrant,immigrant",1
移植,禾,7,4158,vn,yí zhí,to transplant,1
遗产,辶,6,5210,n,yí chǎn,"heritage,legacy,inheritance,bequest",1
遗传,辶,6,5637,vn,yí chuán,"heredity,to inherit (a trait),to pass on (to one's offspring)",1
遗憾,辶,5,1908,a,yí hàn,"regret,to regret,to be sorry that",1
遗留,辶,7,11284,v,yí liú,"to leave behind,to hand down",1
遗弃,辶,7,10752,v,yí qì,"to leave,to abandon",1
遗失,辶,7,10473,v,yí shī,to lose; to leave behind (inadvertently),1
遗体,辶,7,8520,n,yí tǐ,remains (of a dead person),1
遗忘,辶,7,6299,v,yí wàng,to forget; to cease to think about (sb or sth) anymore,1
遗物,辶,7,18820,n,yí wù,remnant,1
遗愿,辶,7,25369,n,yí yuàn,final wishes of the departed,1
遗址,辶,6,14891,n,yí zhǐ,"ruins,historic relics",1
遗嘱,辶,7,11396,n,yí zhǔ,"testament,will",1
疑点,疋,7,15992,n,yí diǎn,a doubtful point,1
疑惑,疋,6,7683,v,yí huò,"to doubt,to distrust,unconvincing,to puzzle over,misgivings,suspicions",1
疑虑,疋,7,11913,n,yí lǜ,"hesitation,misgivings,doubt",1
疑问,疋,5,5419,n,yí wèn,"question,interrogation,doubt",1
乙,乙,5,7820,m,yǐ,"second of the ten Heavenly Stems 干,second in order,letter ""B"" or Roman ""II"" in list ""A, B, C"", or ""I, II, III"" etc",2
已,己,4,303,d,yǐ,"already,to stop,then,afterwards",1
已经,己,2,85,d,yǐ jīng,already,1
以,人,5,166,p,yǐ,old variant of 以,4
以便,人,6,4799,d,yǐ biàn,"so that,so as to,in order to",1
以后,人,3,407,f,yǐ hòu,"after,later,afterwards,following,later on,in the future",1
以及,人,5,558,cc,yǐ jí,"as well as,too,and",1
以来,人,5,1117,f,yǐ lái,since (a previous event),1
以免,人,6,6746,c,yǐ miǎn,"in order to avoid,so as not to",1
以内,人,4,7129,f,yǐ nèi,"within,less than",1
以前,人,3,524,f,yǐ qián,"before,formerly,previous,ago",1
以上,人,3,2124,f,yǐ shàng,"that level or higher,that amount or more,the above-mentioned",1
以身作则,人,7,26601,v,yǐ shēn zuò zé,to set an example (idiom); to serve as a model,1
以外,人,3,3014,f,yǐ wài,"apart from,other than,except for,external,outside of,on the other side of,beyond",1
以往,人,6,4084,t,yǐ wǎng,"in the past,formerly",1
以为,人,3,567,v,yǐ wéi,to think (i.e. to take it to be true that ...) (Usually there is an implication that the notion is mistaken – except whe,1
以下,人,3,2058,f,yǐ xià,"that level or lower,that amount or less,the following",1
以至,人,6,16023,cc,yǐ zhì,"down to,up to,to such an extent as to ...,also written 以至于",1
以至于,人,7,8091,c,yǐ zhì yú,"down to,up to,to the extent that...",1
以致,人,7,10543,c,yǐ zhì,"to such an extent as to,down to,up to",1
矣,矢,7,12662,y,yǐ,"classical final particle, similar to modern 了",1
倚,亻,7,19232,v,yǐ,"to lean on,to rely upon",1
椅子,木,1,4472,n,yǐ zi,chair,1
义工,丿,7,32774,nr,yì gōng,"volunteer worker,volunteer work",1
义务,丿,5,3344,n,yì wù,"duty,obligation,volunteer (work etc)",1
亿,亻,5,3215,m,yì,100 million,1
艺人,艹,6,6701,n,yì rén,"performing artist,actor",1
艺术,艹,4,1488,n,yì shù,art,1
议,讠,7,9694,v,yì,"to comment on,to discuss,to suggest",1
议程,讠,7,12971,n,yì chéng,"agenda,agenda item",1
议会,讠,7,5245,n,yì huì,"parliament,legislative assembly",1
议论,讠,6,9604,v,yì lùn,"to comment,to talk about,to discuss,discussion",1
议题,讠,7,13627,n,yì tí,"topic of discussion,topic,subject,issue (under discussion)",1
议员,讠,7,4299,n,yì yuán,"member (of a legislative body),representative",1
亦,亠,7,3970,d,yì,also,1
屹立,山,7,21479,v,yì lì,"to tower,to stand straight (of person's bearing)",1
异常,廾,6,2505,a,yì cháng,"unusual; abnormal,extremely; exceptionally",1
异口同声,廾,7,27668,l,yì kǒu tóng shēng,"different mouths, same voice,to speak in unison (idiom)",1
异想天开,廾,7,27249,v,yì xiǎng tiān kāi,"to imagine the wildest thing,to indulge in fantasy",1
异性,廾,7,5644,n,yì xìng,"the opposite sex,of the opposite sex,heterosexual,different in nature",1
异议,廾,7,9182,n,yì yì,"objection,dissent",1
抑扬顿挫,扌,7,55315,l,yì yáng dùn cuò,see 顿挫抑扬,1
抑郁,扌,7,8298,a,yì yù,depressed; despondent; gloomy,1
抑郁症,扌,7,13332,n,yì yù zhèng,clinical depression,1
抑制,扌,6,5184,v,yì zhì,"to inhibit,to keep down,to suppress",1
译,讠,7,12694,v,yì,"to translate,to interpret",1
易拉罐,日,7,28228,n,yì lā guàn,"pull-top can,easy-open can (with ring-pull)",1
疫苗,疒,7,5922,n,yì miáo,vaccine,1
益处,皿,6,18403,n,yì chu,benefit,1
意见,心,4,995,n,yì jiàn,"idea,opinion,suggestion,objection,complaint",1
意料,心,7,10688,v,yì liào,"to anticipate; to expect,expectations",1
意料之外,心,7,23162,,yì liào zhī wài,(idiom) contrary to expectation; unexpected,1
意识,心,5,1263,n,yì shí,"consciousness,awareness,to be aware,to realize",1
意思,心,2,988,n,yì si,"idea,opinion,meaning,wish,desire,interest,fun,token of appreciation, affection etc,to give as a small token",1
意图,心,7,6740,n,yì tú,"intent,intention,to intend",1
意外,心,5,1703,a,yì wài,"unexpected,accident,mishap",1
意味着,心,5,1594,v,yì wèi zhe,"to signify,to mean,to imply",1
意想不到,心,7,10435,v,yì xiǎng bù dào,"unexpected,previously unimagined",1
意向,心,7,13480,n,yì xiàng,"intention,purpose,intent,inclination,disposition",1
意义,心,5,807,n,yì yì,"sense,meaning,significance,importance",1
意愿,心,7,5947,n,yì yuàn,"aspiration,wish (for),desire",1
意志,心,7,4774,n,yì zhì,will; willpower; determination,1
溢,氵,7,13031,v,yì,"to overflow,(literary) excessive,old variant of 镒",1
毅力,殳,7,15355,n,yì lì,"perseverance,willpower",1
毅然,殳,7,27444,d,yì rán,"firmly,resolutely,without hesitation",1
翼,羽,6,6996,g,Yì,"surname Yi,alternative name for 绛 capital of the Jin State during the Spring and Autumn Period (770-475 BC)",2
因,囗,6,679,p,yīn,old variant of 因,2
因此,囗,4,668,c,yīn cǐ,thus; consequently; as a result,1
因而,囗,5,8979,c,yīn ér,"therefore,as a result,thus,and as a result, ...",1
因人而异,囗,7,32691,v,yīn rén ér yì,varying from person to person (idiom); different for each individual,1
因素,囗,5,2704,n,yīn sù,"element,factor",1
因为,囗,2,91,p,yīn wèi,"because,owing to,on account of",1
阴,阝,2,4058,a,Yīn,surname Yin,3
阴暗,阝,7,12522,a,yīn àn,"dim,dark,overcast,darkness,shadow,(fig.) dismal,gloomy,somber,murky,shadowy (side)",1
阴谋,阝,7,5006,n,yīn móu,"to conspire; to plot,a conspiracy; a plot",1
阴天,阝,2,25274,n,yīn tiān,cloudy day; overcast sky,1
阴性,阝,7,8426,n,yīn xìng,"negative,feminine",1
阴影,阝,7,5588,n,yīn yǐng,(lit. and fig.) shadow,1
音节,音,6,20226,n,yīn jié,syllable,1
音乐,音,3,742,n,yīn yuè,music,1
音乐会,音,2,6465,n,yīn yuè huì,concert,1
音量,音,5,13653,n,yīn liàng,"loudness,volume",1
音响,音,7,8563,n,yīn xiǎng,"sound,acoustics,audio,hi-fi system,stereo sound system,abbr. for 组合音响",1
音像,音,6,14508,n,yīn xiàng,"audio and video,audiovisual",1
殷勤,殳,7,27419,a,yīn qín,"politely,solicitously,eagerly attentive",1
银,钅,6,2564,b,yín,"silver,silver-colored,relating to money or currency",1
银幕,钅,7,16291,n,yín mù,movie screen,1
银牌,钅,6,21103,n,yín pái,silver medal,1
银行,钅,3,769,n,yín háng,bank,1
银行卡,钅,3,1000000,,yín háng kǎ,"bank card,ATM card",1
引,弓,6,2892,v,yǐn,"to draw (e.g. a bow),to pull,to stretch sth,to extend,to lengthen,to involve or implicate in,to attract,to lead",1
引导,弓,6,3723,v,yǐn dǎo,"to guide,to lead (around),to conduct,to boot,introduction,primer",1
引发,弓,6,3404,v,yǐn fā,"to lead to,to trigger,to initiate,to cause,to evoke (emotions)",1
引进,弓,5,8315,v,yǐn jìn,"to recommend,to introduce (from outside)",1
引经据典,弓,7,49890,l,yǐn jīng jù diǎn,"lit. to quote the classics,to quote chapter and verse (idiom)",1
引领,弓,7,8946,,yǐn lǐng,"to crane one's neck,to await eagerly,to lead,to show the way",1
引起,弓,4,1216,v,yǐn qǐ,to give rise to; to lead to; to cause; to arouse,1
引擎,弓,7,4502,n,yǐn qíng,engine (loanword),1
引人入胜,弓,7,26589,v,yǐn rén rù shèng,"to enchant,fascinating",1
引人注目,弓,7,9290,v,yǐn rén zhù mù,"to attract attention,eye-catching,conspicuous",1
引入,弓,6,9959,v,yǐn rù,"to draw into,to pull into,to introduce",1
引用,弓,7,7851,v,yǐn yòng,"to quote,to cite,to recommend,to appoint,(computing) reference",1
引诱,弓,7,11617,v,yǐn yòu,"to coerce (sb into doing sth bad),to lure (into a trap),to seduce",1
饮料,饣,3,3463,n,yǐn liào,"drink,beverage",1
饮食,饣,5,5648,n,yǐn shí,"eating and drinking,food and drink; diet",1
饮水,饣,7,13870,n,yǐn shuǐ,drinking water,1
饮用水,饣,6,17077,n,yǐn yòng shuǐ,"drinking water,potable water",1
隐蔽,阝,7,9346,a,yǐn bì,"to conceal,to hide,covert,under cover",1
隐藏,阝,6,3821,v,yǐn cáng,"to hide,to conceal,to mask,to shelter,to harbor (i.e. keep sth hidden),to hide oneself,to lie low,to nestle,hidden",1
隐患,阝,7,11919,n,yǐn huàn,"a danger concealed within sth,hidden damage,misfortune not visible from the surface",1
隐瞒,阝,7,5947,v,yǐn mán,"to conceal,to hide (a taboo subject),to cover up the truth",1
隐情,阝,7,28207,n,yǐn qíng,"sth one wishes to keep secret,ulterior motive,a subject best avoided",1
隐身,阝,7,12784,v,yǐn shēn,"to hide oneself,invisible (person or online status)",1
隐私,阝,6,6796,n,yǐn sī,"secrets,private business,privacy",1
隐形,阝,7,8831,b,yǐn xíng,invisible,1
隐性,阝,7,21205,b,yǐn xìng,"hidden,crypto-,recessive (gene)",1
隐约,阝,7,17193,z,yǐn yuē,"vague,faint,indistinct",1
瘾,疒,7,7327,n,yǐn,"addiction,craving",1
印,卩,6,2082,v,Yìn,"surname Yin,abbr. for 度",2
印刷,卩,5,8873,vn,yìn shuā,"to print,printing",1
印刷术,卩,7,56927,n,yìn shuā shù,"printing,printing technology",1
印象,卩,4,2109,n,yìn xiàng,"impression (sth that stays in one's mind),a memory",1
印章,卩,7,15423,n,yìn zhāng,"seal,signet,chop,stamp",1
印证,卩,7,20138,v,yìn zhèng,"to confirm; to corroborate; to verify,proof; evidence",1
应,广,7,999,v,Yīng,"surname Ying,Taiwan pr. [Yìng]",3
应酬,广,7,16229,v,yìng chou,"to engage in social activities; to socialize,dinner party; banquet; social engagement",1
应当,广,5,3391,v,yīng dāng,should; ought to,1
应对,广,5,7020,v,yìng duì,"to answer; to reply,to handle; to deal with,response",1
应付,广,7,4308,v,yìng fu,"to deal with,to cope",1
应该,广,3,174,v,yīng gāi,"ought to,should,must",1
应急,广,7,6487,vn,yìng jí,"to respond to an emergency,to meet a contingency,(attributive) emergency",1
应聘,广,4,12946,v,yìng pìn,"to accept a job offer,to apply for an advertised position",1
应邀,广,7,19976,v,yìng yāo,"at sb's invitation,on invitation",1
应用,广,5,5484,vn,yìng yòng,"to put to use,to apply,practical,applied (science, linguistics etc),application,practical use,(computing) app",1
应有尽有,广,7,18982,v,yīng yǒu jìn yǒu,"everything that should be here is here (idiom); all one can think of is on hand,to have all one needs",1
英镑,艹,7,5342,q,Yīng bàng,pound sterling,1
英俊,艹,7,8920,a,yīng jùn,handsome,1
英明,艹,7,16155,a,yīng míng,"wise,brilliant",1
英文,艹,2,7197,nz,Yīng wén,English (language),1
英雄,艹,6,1553,n,yīng xióng,hero,1
英勇,艹,7,7835,a,yīng yǒng,"heroic,gallant,valiant",1
英语,艹,2,2039,nz,Yīng yǔ,English (language),1
婴儿,女,6,3041,n,yīng ér,"infant,baby,lead (Pb)",1
鹰,鸟,7,5195,n,yīng,"eagle,falcon,hawk",1
迎,辶,5,8262,v,yíng,"to welcome; to meet,to forge ahead (esp. in the face of difficulties); to meet face to face",1
迎合,辶,7,13117,v,yíng hé,"to cater to,to pander to",1
迎接,辶,5,4264,v,yíng jiē,to welcome; to greet,1
迎来,辶,6,7364,v,yíng lái,"to welcome (a visitor or newcomer),(fig.) to usher in",1
迎面,辶,7,18956,d,yíng miàn,"directly; head-on (collision),in one's face (of wind)",1
盈利,皿,7,9004,v,yíng lì,"profit,gain,to make profits",1
荧光,艹,7,13583,n,yíng guāng,"fluorescence,fluorescent",1
荧屏,艹,6,20338,n,yíng píng,"fluorescent screen,TV screen",1
营救,艹,7,9598,v,yíng jiù,to rescue,1
营养,艹,5,4865,n,yíng yǎng,"nutrition,nourishment",1
营业,艹,5,6105,vn,yíng yè,"to do business,to trade",1
营造,艹,7,8857,v,yíng zào,"to build (housing),to construct,to make",1
赢,贝,4,952,v,yíng,"to beat,to win,to profit",1
赢得,贝,4,1820,v,yíng dé,"to win,to gain",1
赢家,贝,7,11299,,yíng jiā,winner,1
影迷,彡,6,11993,n,yǐng mí,"film enthusiast,movie fan",1
影片,彡,5,3433,n,yǐng piàn,"a copy of a film,film; motion picture; movie",1
影视,彡,5,12925,b,yǐng shì,movies and television,1
影响,彡,3,598,v,yǐng xiǎng,"influence,effect,to influence,to affect (usually adversely),to disturb",1
影响力,彡,6,5422,n,yǐng xiǎng lì,"influence,impact",1
影像,彡,7,5203,n,yǐng xiàng,image,1
影星,彡,6,12675,n,yǐng xīng,film star,1
影子,彡,6,5925,n,yǐng zi,"shadow,reflection,(fig.) hint,indication,influence",1
映,日,7,8489,v,yìng,"to reflect (light),to shine,to project (an image onto a screen etc)",2
硬,石,5,2476,a,yìng,"hard; stiff; solid,(fig.) strong; firm,resolutely; uncompromisingly,laboriously; with great difficulty",1
硬币,石,7,8735,n,yìng bì,coin,1
硬件,石,5,10323,n,yìng jiàn,hardware,1
硬朗,石,7,22706,a,yìng lǎng,"robust,healthy",1
硬盘,石,7,5591,n,yìng pán,hard disk,1
拥抱,扌,5,3677,v,yōng bào,"to embrace,to hug",1
拥护,扌,7,10681,v,yōng hù,to endorse; to support,1
拥挤,扌,6,8579,a,yōng jǐ,"crowded,to throng,congestion",1
拥有,扌,5,692,v,yōng yǒu,to have; to possess,1
庸俗,广,7,19483,a,yōng sú,"vulgar,tacky,tawdry",1
永不,水,7,5989,d,yǒng bù,"never,will never",1
永恒,水,7,5499,z,yǒng héng,"eternal,everlasting,fig. to pass into eternity (i.e. to die)",1
永久,水,7,7342,b,yǒng jiǔ,"everlasting,perpetual,lasting,forever,permanent",1
永远,水,4,599,d,yǒng yuǎn,"forever,eternal",1
勇敢,力,4,2934,a,yǒng gǎn,brave; courageous,1
勇气,力,5,3096,n,yǒng qì,"courage,valor",1
勇往直前,力,7,20605,v,yǒng wǎng zhí qián,to advance bravely,1
勇于,力,6,12276,v,yǒng yú,"to dare to,to be brave enough to",1
涌,氵,7,7443,v,chōng,(used in place names),3
涌入,氵,7,17190,v,yǒng rù,"to come pouring in,influx",1
涌现,氵,6,16229,v,yǒng xiàn,"to emerge in large numbers,to spring up,to emerge prominently",1
踊跃,足,7,38961,ad,yǒng yuè,"to leap,to jump,eager,enthusiastically",1
用,用,3,79,v,yòng,"to use,to employ,to have to,to eat or drink,expense or outlay,usefulness,hence,therefore",1
用不着,用,5,8346,l,yòng bu zháo,"not need,have no use for",1
用餐,用,6,10715,v,yòng cān,to eat a meal,1
用处,用,6,12143,n,yòng chu,usefulness,1
用得着,用,6,24751,,yòng de zháo,"to be able to use; useable; to have a use for,(in a question) to be necessary to",1
用法,用,5,29232,n,yòng fǎ,usage,1
用功,用,6,19231,a,yòng gōng,"diligent,industrious (in one's studies),to study hard,to make great effort",1
用户,用,5,4213,n,yòng hù,"user,consumer,subscriber,customer",1
用来,用,4,3299,v,yòng lái,to be used for,1
用力,用,5,6274,ad,yòng lì,to exert oneself physically,1
用品,用,5,4978,n,yòng pǐn,"articles for use,products,goods",1
用人,用,6,15824,vn,yòng rén,"servant,to employ sb for a job,to manage people,to be in need of staff",1
用途,用,5,8360,n,yòng tú,use; application,1
用心,用,6,5685,ad,yòng xīn,"motive,intention,to be diligent or attentive,careful",1
用意,用,7,14706,n,yòng yì,"intention,purpose",1
用于,用,4,3191,v,yòng yú,to use in; to use on; to use for,1
优,亻,7,5053,g,yōu,"excellent,superior",1
优点,亻,4,5641,n,yōu diǎn,"merit,benefit,strong point,advantage",1
优化,亻,6,15241,v,yōu huà,to optimize,1
优惠,亻,5,6443,vn,yōu huì,"privilege,favorable (terms),preferential (treatment),discount (price)",1
优良,亻,5,10627,z,yōu liáng,"fine,good,first-rate",1
优美,亻,5,7192,a,yōu měi,"graceful,fine,elegant",1
优胜劣汰,亻,7,30236,v,yōu shèng liè tài,survival of the fittest (idiom),1
优势,亻,5,2080,n,yōu shì,"superiority,dominance,advantage",1
优先,亻,6,4732,v,yōu xiān,"to have priority,to take precedence",1
优秀,亻,4,1689,a,yōu xiù,outstanding; excellent,1
优雅,亻,7,4257,a,yōu yǎ,"grace,graceful",1
优异,亻,6,13012,a,yōu yì,exceptional; outstandingly good,1
优越,亻,7,12558,a,yōu yuè,"superior,superiority",1
优质,亻,5,10298,b,yōu zhì,excellent quality,1
忧愁,忄,7,17511,a,yōu chóu,to be worried,1
忧虑,忄,7,10453,v,yōu lǜ,"to worry,anxiety (about)",1
忧郁,忄,7,8164,a,yōu yù,sullen; depressed; melancholy; dejected,1
幽默,幺,4,4810,a,yōu mò,"(loanword) humor,humorous",1
悠久,心,5,12577,a,yōu jiǔ,"long (tradition, history etc)",1
悠闲,心,7,13882,a,yōu xián,"variant of 悠闲,leisurely",2
尤其,尢,4,2400,d,yóu qí,especially; particularly,1
尤为,尢,7,17205,d,yóu wéi,especially,1
由,田,4,353,p,yóu,"to follow,from,because of; due to,by; via; through,(before a noun and a verb) it is for ... to ...",1
由此,田,5,6883,d,yóu cǐ,"hereby,from this",1
由此看来,田,7,57699,l,yóu cǐ kàn lái,"thereby,judging from this",1
由此可见,田,7,37325,c,yóu cǐ kě jiàn,"from this, it can be seen that...",1
由来,田,6,22702,n,yóu lái,origin,1
由于,田,4,982,p,yóu yú,"due to,as a result of,thanks to,owing to,since,because",1
由衷,田,7,14868,d,yóu zhōng,"heartfelt,sincere,unfeigned",1
犹如,犭,6,9172,v,yóu rú,similar to; like,1
犹豫,犭,5,5102,a,yóu yù,to hesitate,1
犹豫不决,犭,7,18782,v,yóu yù bù jué,"hesitancy,indecision,to waver",1
邮编,阝,7,21261,n,yóu biān,"postal code,zip code",1
邮件,阝,3,3970,n,yóu jiàn,"mail,post,email",1
邮局,阝,5,11689,n,yóu jú,post office,1
邮票,阝,5,9219,n,yóu piào,(postage) stamp,1
邮箱,阝,3,8497,n,yóu xiāng,"mailbox,post office box,email,email inbox",1
邮政,阝,7,12169,n,yóu zhèng,"postal service,postal",1
油,氵,4,1290,n,yóu,"oil,fat,grease,petroleum,to apply tung oil, paint or varnish,oily,greasy,glib,cunning",1
油画,氵,7,10696,n,yóu huà,oil painting,1
油腻,氵,7,18917,a,yóu nì,"greasy food; oily food,(of food) greasy; oily; fatty",1
油漆,氵,7,10378,n,yóu qī,"oil paints,lacquer,to paint",1
油炸,氵,5,15944,,yóu zhá,to deep fry,1
游,氵,2,2164,v,Yóu,surname You,3
游船,氵,7,21760,n,yóu chuán,"pleasure boat,cruise ship",1
游客,氵,3,4572,n,yóu kè,"traveler,tourist,(online gaming) guest player",1
游览,氵,5,12549,v,yóu lǎn,"to go sightseeing,to tour,to visit",1
游人,氵,6,26098,n,yóu rén,a tourist,1
游玩,氵,4,16867,v,yóu wán,"to amuse oneself,to have fun,to go sightseeing,to take a stroll",1
游戏,氵,3,603,n,yóu xì,"game,to play",1
游戏机,氵,6,13177,n,yóu xì jī,"video game machine,video game console",1
游行,氵,7,5773,vn,yóu xíng,"to march; to parade; to demonstrate,procession; march; demonstration,to travel around; to roam",1
游泳,氵,2,3695,v,yóu yǒng,"swimming,to swim",1
游泳池,氵,5,10359,n,yóu yǒng chí,swimming pool,1
有,月,1,9,v,yǒu,"to have; there is,(bound form) having; with; -ful; -ed; -al (as in 意 intentional)",1
有朝一日,月,7,20719,l,yǒu zhāo yī rì,"one day,sometime in the future",1
有待,月,7,9654,v,yǒu dài,"not yet (done),pending",1
有的,月,1,1300,r,yǒu de,"(there are) some (who are...),some (exist)",1
有的放矢,月,7,56118,v,yǒu dì fàng shǐ,"lit. to have a target in mind when shooting one's arrows (idiom),fig. to have a clear objective",1
有的是,月,3,14445,l,yǒu de shì,"have plenty of,there's no lack of",1
有点儿,月,1,11175,,yǒu diǎn r,"slightly,a little,somewhat",1
有毒,月,5,7616,v,yǒu dú,poisonous,1
有关,月,3,508,vn,yǒu guān,"to have sth to do with,to relate to,related to,to concern,concerning",1
有害,月,5,7768,a,yǒu hài,"destructive,harmful,damaging",1
有机,月,6,6879,b,yǒu jī,organic,1
有劲儿,月,4,1000000,,yǒujìnr5,Strength,1
有空儿,月,2,1000000,,yǒukòngr5,available,1
有口无心,月,7,70262,,yǒu kǒu wú xīn,to speak harshly but without any bad intent (idiom),1
有力,月,5,4350,a,yǒu lì,"powerful,forceful,vigorous",1
有利,月,5,4172,a,yǒu lì,advantageous; favorable,1
有利于,月,5,7879,v,yǒu lì yú,to be advantageous to; to be beneficial for,1
有两下子,月,7,70813,,yǒu liǎng xià zi,"to have real skill,to know one's stuff",1
有没有,月,6,1000000,,yǒu méi yǒu,"(before a noun) Do (you, they etc) have ...?,Is there a ...?,(before a verb) Did (you, they etc) (verb, infinitive)?",1
有名,月,3,6219,a,yǒu míng,"famous,well-known",1
有趣,月,4,2524,a,yǒu qù,"interesting,fascinating,amusing",1
有人,月,2,463,r,yǒu rén,"someone,people,anyone,there is someone there,occupied (as in restroom)",1
有声有色,月,7,42205,l,yǒu shēng yǒu sè,"having sound and color (idiom); vivid,dazzling",1
有时,月,2,1568,d,yǒu shí,"sometimes,now and then",1
有时候,月,1,1725,d,yǒu shí hou,sometimes,1
有事,月,6,6982,v,yǒu shì,"to be occupied with sth,to have sth on one's mind,there is something the matter",1
有所,月,7,1676,v,yǒu suǒ,"somewhat,to some extent",1
有所不同,月,7,12326,v,yǒu suǒ bù tóng,to differ to some extent (idiom),1
有条不紊,月,7,21130,l,yǒu tiáo bù wěn,regular and thorough (idiom); methodically arranged,1
有望,月,7,11461,v,yǒu wàng,"hopeful,promising",1
有限,月,5,4159,a,yǒu xiàn,"limited,finite",1
有效,月,4,1379,a,yǒu xiào,"effective,in effect,valid",1
有效期,月,7,20380,n,yǒu xiào qī,"period of validity,sell-by date",1
有些,月,1,394,r,yǒu xiē,"some,somewhat",1
有幸,月,7,9817,v,yǒu xìng,fortunately,1
有序,月,6,20495,a,yǒu xù,"regular,orderly,successive,in order",1
有一点儿,月,2,1000000,,yǒu yī diǎn r,"a bit,a little",1
有一些,月,1,1000000,,yǒu yī xiē,"somewhat,rather,some",1
有益,月,5,7633,a,yǒu yì,"useful,beneficial,profitable",1
有意,月,7,4661,d,yǒu yì,"to intend,intentionally,interested in",1
有意思,月,2,2983,l,yǒu yì si,"interesting,meaningful,enjoyable,fun",1
有用,月,3,4834,a,yǒu yòng,useful,1
有着,月,4,2225,v,yǒu zhe,"to have,to possess",1
有助于,月,5,6239,v,yǒu zhù yú,"to contribute to,to promote",1
又,又,3,91,d,yòu,"(once) again,also,both... and...,and yet,(used for emphasis) anyway",1
右,口,2,1481,f,yòu,"(bound form) right; right-hand side,(bound form) (politics) right of center,(bound form) (old) west",1
右边,口,2,2906,f,yòu bian,"right side,right, to the right",1
幼儿园,幺,5,5893,n,yòu ér yuán,"kindergarten,nursery school",1
幼稚,幺,7,6903,a,yòu zhì,"young,childish,puerile",1
诱饵,讠,7,16190,n,yòu ěr,bait,1
诱发,讠,7,15926,v,yòu fā,"to induce,to cause,to elicit,to trigger",1
诱惑,讠,7,3997,vn,yòu huò,"to entice,to lure,to induce,to attract",1
诱人,讠,7,7738,a,yòu rén,attractive; alluring; captivating,1
友好,又,4,3210,a,Yǒu hǎo,"Youhao district of Yichun city 市, Heilongjiang",2
友情,又,4,6544,n,yǒu qíng,"friendly feelings,friendship",1
友人,又,7,18153,n,yǒu rén,friend,1
友善,又,7,11688,a,yǒu shàn,friendly,1
友谊,又,4,3801,n,yǒu yì,"companionship,fellowship,friendship",1
于,二,6,246,p,Yú,surname Yu,3
于是,二,4,1151,cc,yú shì,thereupon; as a result; consequently; thus; hence,1
余,人,7,8291,m,Yú,surname Yu,3
余地,人,7,8721,n,yú dì,"margin,leeway",1
余额,人,6,13488,n,yú é,"balance (of an account, bill etc),surplus,remainder",1
鱼,鱼,2,1189,n,Yú,surname Yu,2
娱乐,女,5,2283,vn,yú lè,"to entertain,to amuse,entertainment,recreation,amusement,hobby,fun,joy",1
渔船,氵,7,13146,n,yú chuán,fishing boat,1
渔民,氵,7,16659,n,yú mín,"fisherman,fisher folk",1
愉快,忄,4,2823,a,yú kuài,"cheerful,cheerily,delightful,pleasant,pleasantly,pleasing,happy,delighted",1
逾期,辶,7,23749,v,yú qī,"to be overdue,to fail to meet a deadline,to be behind in doing sth",1
愚蠢,心,7,5764,a,yú chǔn,"silly,stupid",1
愚公移山,心,7,50260,v,yú gōng yí shān,"the old man moves mountains (idiom); fig. where there's a will, there's a way",1
愚昧,心,7,18748,a,yú mèi,"ignorant; uneducated,ignorance",1
舆论,车,7,9147,n,yú lùn,public opinion,1
与,一,4,147,p,yú,variant of 欤,3
与此同时,一,7,4800,c,yǔ cǐ tóng shí,at the same time; meanwhile,1
与否,一,7,7060,u,yǔ fǒu,whether or not (at the end of a phrase),1
与其,一,6,14771,c,yǔ qí,"rather than...,与其 A 如 B (rather than A, better to B)",1
与日俱增,一,7,27300,v,yǔ rì jù zēng,"to increase steadily,to grow with each passing day",1
与时俱进,一,7,1000000,,yǔ shí jù jìn,"abreast of modern developments,to keep up with the times,progressive,timely",1
与众不同,一,7,6561,v,yǔ zhòng bù tóng,to stand out from the masses (idiom),1
予以,亅,7,8707,v,yǔ yǐ,"to give,to impose,to apply",1
宇航员,宀,6,9650,n,yǔ háng yuán,astronaut,1
宇宙,宀,7,3871,n,yǔ zhòu,"universe,cosmos",1
羽毛球,羽,3,16966,n,yǔ máo qiú,"shuttlecock,badminton",1
羽绒服,羽,6,37036,n,yǔ róng fú,down-filled garment,1
雨,雨,1,1929,n,yǔ,rain,2
雨水,雨,5,11013,n,Yǔ shuǐ,"Yushui or Rain Water, 2nd of the 24 solar terms 二十四节气 19th February-5th March",2
雨衣,雨,3,23626,n,yǔ yī,raincoat,1
语法,讠,4,13430,n,yǔ fǎ,grammar,1
语气,讠,5,5826,n,yǔ qì,"tone,manner of speaking,mood",1
语言,讠,3,1948,n,yǔ yán,language,1
语音,讠,5,6221,n,yǔ yīn,"speech sounds,pronunciation,colloquial (rather than literary) pronunciation of a Chinese character,phonetic,audio,voice",1
玉,玉,7,5296,n,yù,jade,1
玉米,玉,5,3314,n,yù mǐ,"corn,maize",1
浴室,氵,6,6898,n,yù shì,bathroom (room used for bathing),1
预报,页,5,8603,vn,yù bào,forecast,1
预备,页,7,7752,vn,yù bèi,"to prepare,to make ready,preparation,preparatory",1
预测,页,5,3092,v,yù cè,"to forecast,to predict",1
预订,页,5,6551,v,yù dìng,"to place an order,to book ahead",1
预定,页,6,6077,v,yù dìng,to schedule in advance,1
预防,页,5,5185,v,yù fáng,"to prevent,to take precautions against,to protect,to guard against,precautionary,prophylactic",1
预感,页,7,8942,n,yù gǎn,"to have a premonition,premonition",1
预告,页,7,9153,v,yù gào,"to forecast,to predict,advance notice",1
预计,页,5,3808,v,yù jì,"to forecast,to predict,to estimate",1
预见,页,7,8600,v,yù jiàn,"to foresee,to predict,to forecast,to envision,foresight,intuition,vision",1
预料,页,6,6408,v,yù liào,"to forecast,to anticipate,expectation",1
预期,页,6,4393,v,yù qī,"to expect,to anticipate",1
预赛,页,7,19145,n,yù sài,"preliminary competition,to hold preliminary heats",1
预示,页,7,12060,v,yù shì,"to indicate,to foretell,to forebode,to betoken",1
预售,页,7,29955,vn,yù shòu,to sell in advance,1
预算,页,7,3840,n,yù suàn,budget,1
预习,页,4,36044,v,yù xí,to prepare a lesson,1
预先,页,7,10460,d,yù xiān,"beforehand,in advance",1
预言,页,7,7075,v,yù yán,"to predict,prophecy",1
预约,页,5,6574,v,yù yuē,"booking,reservation,to book,to make an appointment",1
预兆,页,7,20165,n,yù zhào,"omen,sign (of sth yet to occur),prior indication,to foreshadow",1
欲望,欠,6,4261,n,yù wàng,desire; longing; appetite; craving,1
寓言,宀,7,26341,n,yù yán,fable,1
寓意,宀,7,18653,n,yù yì,"moral (of a story),lesson to be learned,implication,message,import,metaphorical meaning",1
遇,辶,4,2834,v,Yù,surname Yu,2
遇到,辶,3,1063,v,yù dào,to meet; to run into; to come across,1
遇见,辶,3,3411,v,yù jiàn,to meet,1
遇难,辶,7,9459,v,yù nàn,"to perish,to be killed",1
遇上,辶,7,18309,v,yù shàng,"to come across (sb),to run into",1
遇险,辶,7,24828,v,yù xiǎn,"to get into difficulties,to meet with danger",1
愈,心,7,6850,d,yù,"the more...(the more...),to recover,to heal,better",2
愈合,心,7,8852,v,yù hé,(of a wound) to heal,1
愈来愈,心,7,17719,d,yù lái yù,more and more,1
愈演愈烈,心,7,19539,v,yù yǎn yù liè,"ever more critical,problems get more and more intense",1
冤,冖,7,17435,an,yuān,"injustice,grievance,wrong",2
冤枉,冖,7,12372,v,yuān wang,"to accuse wrongly,to treat unjustly,injustice,wronged,not worthwhile",1
渊源,氵,7,18462,n,yuān yuán,"origin,source,relationship",1
元,儿,1,744,q,Yuán,"surname Yuan,the Yuan or Mongol dynasty (1279-1368)",2
元旦,儿,5,17634,t,Yuán dàn,New Year's Day,1
元老,儿,7,17065,n,yuán lǎo,"senior figure,elder,doyen",1
元首,儿,7,8471,n,yuán shǒu,head of state,1
元素,儿,6,4636,n,yuán sù,"element (key component of sth),(chemistry) element,(math.) element (member of a set)",1
元宵节,儿,7,23963,,Yuán xiāo jié,"Lantern Festival, the final event of the Spring Festival 春节, on 15th of first month of the lunar calendar",1
员,口,3,1874,g,yuán,"person,employee,member",1
员工,口,5,1852,n,yuán gōng,"staff,personnel,employee",1
园,囗,3,4873,g,Yuán,surname Yuan,2
园地,囗,6,32332,n,yuán dì,garden area,1
园林,囗,6,19734,n,yuán lín,gardens; park; landscape garden,1
原,厂,5,1178,b,Yuán,"surname Yuan,(Japanese surname) Hara",2
原本,厂,6,3144,d,yuán běn,"originally,original",1
原材料,厂,6,18996,n,yuán cái liào,raw and semifinished materials,1
原创,厂,7,1000000,,yuán chuàng,"to create (sth original),(adj.) original,originality,original work",1
原地,厂,7,7224,n,yuán dì,"(in) the original place,the place where one currently is,place of origin,local (product)",1
原告,厂,7,6377,n,yuán gào,"complainant,plaintiff",1
原来,厂,4,790,d,yuán lái,"original,former,originally,formerly,at first,so, actually, as it turns out",1
原理,厂,6,6978,n,yuán lǐ,"principle,theory",1
原谅,厂,4,2754,v,yuán liàng,"to excuse,to forgive,to pardon",1
原料,厂,6,6634,n,yuán liào,raw material,1
原始,厂,6,4929,a,yuán shǐ,"first,original,primitive,original (document etc)",1
原先,厂,6,7083,d,yuán xiān,"originally,original,former",1
原型,厂,7,12078,n,yuán xíng,"model,prototype,archetype",1
原因,厂,4,441,n,yuán yīn,"cause,origin,root cause,reason",1
原有,厂,5,10932,v,yuán yǒu,"original,former",1
原则,厂,5,2188,n,yuán zé,"principle,doctrine",1
原汁原味,厂,7,27889,l,yuán zhī yuán wèi,"original,authentic",1
原装,厂,7,21967,b,yuán zhuāng,"genuine,intact in original packaging (not locally assembled and packaged)",1
圆,囗,5,2899,g,yuán,"circle,round,circular,spherical,(of the moon) full,unit of Chinese currency (yuan),tactful",1
圆满,囗,6,7745,a,yuán mǎn,"satisfactory,consummate,perfect",1
圆形,囗,7,10908,n,yuán xíng,"round,circular",1
圆珠笔,囗,6,28444,n,yuán zhū bǐ,ballpoint pen,1
援助,扌,7,4393,vn,yuán zhù,"to help,to support,to aid,aid,assistance",1
缘分,纟,7,11799,n,yuán fèn,"fate or chance that brings people together,predestined affinity or relationship,(Budd.) destiny",1
缘故,纟,7,7942,n,yuán gù,"reason,cause",1
源泉,氵,7,13484,n,yuán quán,"fountainhead,well-spring,water source,fig. origin",1
源头,氵,7,8224,n,yuán tóu,"source,fountainhead",1
源于,氵,6,9722,v,yuán yú,has its origins in,1
源源不断,氵,7,18347,v,yuán yuán bù duàn,a steady flow (idiom); an unending stream,1
远,辶,2,635,a,yuǎn,"far,distant,remote,(intensifier in a comparison) by far,much (lower etc)",2
远程,辶,6,7829,b,yuǎn chéng,"remote,long distance,long range",1
远处,辶,5,7573,s,yuǎn chù,distant place,1
远方,辶,6,10239,s,yuǎn fāng,"far away,a distant location",1
远见,辶,7,18215,n,yuǎn jiàn,"foresight,discernment,vision",1
远近闻名,辶,7,41183,l,yuǎn jìn wén míng,"to be known far and wide,to be well-known",1
远离,辶,4,3854,v,yuǎn lí,"to be far from,to keep away from",1
远远,辶,6,3328,d,yuǎn yuǎn,"distant,by far",1
怨,心,7,6771,v,yuàn,"to blame,(bound form) resentment; hatred; grudge",1
怨恨,心,7,11813,v,yuàn hèn,"to resent,to harbor a grudge against,to loathe,resentment,rancor",1
怨气,心,7,22352,n,yuàn qì,"grievance,resentment,complaint",1
怨言,心,7,18582,n,yuàn yán,complaint,1
院,阝,2,2470,n,yuàn,"courtyard,institution",1
院士,阝,7,52481,n,yuàn shì,"scholar,academician,fellow (of an academy)",1
院长,阝,4,6239,n,yuàn zhǎng,"the head of an institution whose name ends in 院,chair of a board,president of a university,department head,dean",1
院子,阝,4,6479,n,yuàn zi,"courtyard,garden,yard,patio,(old) servant",1
愿,心,5,1709,v,yuàn,"honest,prudent,variant of 愿",2
愿望,心,5,2889,n,yuàn wàng,"desire,wish",1
愿意,心,3,738,v,yuàn yì,"to wish,to want,ready,willing (to do sth)",1
曰,曰,7,15711,g,yuē,"to speak,to say",1
约,纟,4,797,d,yāo,to weigh in a balance or on a scale,2
约定,纟,5,4371,v,yuē dìng,"to agree on sth (after discussion),to conclude a bargain,to arrange,to promise,to stipulate,to make an appointment",1
约定俗成,纟,7,53683,v,yuē dìng sú chéng,"established by popular usage (idiom); common usage agreement,customary convention",1
约会,纟,4,3731,v,yuē huì,"appointment,engagement,date,to arrange to meet",1
约束,纟,6,6418,vn,yuē shù,"to restrict,to limit to,to constrain,restriction,constraint",1
月,月,1,161,n,yuè,"moon,month,monthly",1
月饼,月,4,35984,n,yuè bǐng,mooncake (esp. for the Mid-Autumn Festival),1
月初,月,7,34296,t,yuè chū,"start of month,early in the month",1
月底,月,4,13715,t,yuè dǐ,end of the month,1
月份,月,4,5613,t,yuè fèn,month,1
月亮,月,3,4781,n,yuè liang,the moon,1
月票,月,7,26277,n,yuè piào,monthly ticket,1
月球,月,6,7401,n,yuè qiú,the moon,1
岳父,山,7,15555,n,yuè fù,"wife's father, father-in-law",1
岳母,山,7,20019,n,yuè mǔ,"wife's mother, mother-in-law",1
悦耳,忄,7,23721,a,yuè ěr,"sweet-sounding,beautiful (of sound)",1
阅读,门,4,4349,v,yuè dú,"to read,reading",1
阅览室,门,5,35678,n,yuè lǎn shì,reading room,1
阅历,门,7,21027,n,yuè lì,"to experience,experience",1
越,走,3,574,d,Yuè,"generic word for peoples or states of south China or south Asia at different historical periods,abbr. for Vietnam 越南",2
越发,走,7,13246,d,yuè fā,"increasingly,more and more,ever more,all the more",1
越过,走,7,8860,v,yuè guò,"to cross over,to transcend,to cover distance,to overcome,to rise above",1
越来越,走,2,982,d,yuè lái yuè,more and more,1
晕,日,6,2983,v,yūn,"confused,dizzy,giddy,to faint,to swoon,to lose consciousness,to pass out",2
晕车,日,6,22555,v,yùn chē,to be carsick,1
晕倒,日,7,11045,v,yūn dǎo,"to faint,to swoon,to black out,to become unconscious",1
云,二,4,3335,n,yún,(classical) to say,3
允许,儿,4,1611,v,yǔn xǔ,"to permit,to allow",1
陨石,阝,7,16248,n,yǔn shí,"meteorite,aerolite",1
孕妇,子,7,7177,n,yùn fù,pregnant woman,1
孕育,子,7,13877,v,yùn yù,"to be pregnant,to produce offspring,to nurture (a development, school of thought, artwork etc)",1
运,辶,5,1730,v,yùn,"to move,to transport,to use,to apply,fortune,luck,fate",1
运动,辶,2,1138,vn,yùn dòng,"to move,to exercise,sports,exercise,motion,movement,campaign",1
运动会,辶,3,11698,n,yùn dòng huì,sports competition,1
运动员,辶,3,3182,n,yùn dòng yuán,athlete,1
运河,辶,7,13041,n,yùn hé,canal,1
运气,辶,5,3235,n,yùn qi,luck (good or bad),1
运输,辶,5,3770,vn,yùn shū,"to transport,to carry,transportation",1
运送,辶,6,8282,v,yùn sòng,"to transport,to carry",1
运算,辶,7,15793,vn,yùn suàn,"to perform calculations,(mathematical) operation",1
运行,辶,6,3506,v,yùn xíng,"to move along one's course (of celestial bodies etc),(fig.) to function; to be in operation",1
运营,辶,6,7293,vn,yùn yíng,"to be in operation,to do business,(of train, bus etc) to be in service,operation,service",1
运用,辶,5,3345,v,yùn yòng,"to use,to put to use",1
运转,辶,7,6506,v,yùn zhuǎn,"to work,to operate,to revolve,to turn around",1
运作,辶,7,3448,v,yùn zuò,"to operate,operations,workings,activities (usu. of an organization),thread (computing)",1
酝酿,酉,7,11059,v,yùn niàng,"(of alcohol) to ferment,(of a crisis) to be brewing,to mull over (an issue),to hold exploratory discussions",1
韵味,音,7,20325,n,yùn wèi,"implicit charm in rhyme or sound,hinted appeal,interest",1
熨,火,7,20839,v,yù,"reconciled,smooth",2
蕴藏,艹,7,20995,v,yùn cáng,"to hold in store,to contain (untapped reserves etc)",1
蕴涵,艹,7,32795,v,yùn hán,"to contain,to accumulate,to embrace,implicit condition,implication,entailment",1
杂,木,6,6202,a,zá,variant of 杂,2
杂技,木,7,15170,n,zá jì,acrobatics,1
杂交,木,7,14159,vn,zá jiāo,"to hybridize,to crossbreed,promiscuity",1
杂乱无章,木,7,34808,l,zá luàn wú zhāng,disordered and in a mess (idiom); all mixed up and chaotic,1
杂志,木,4,1627,n,zá zhì,magazine,1
砸,石,7,2037,v,zá,"to smash,to pound,to fail,to muck up,to bungle",1
咋,口,6,4187,r,zǎ,dialectal equivalent of 怎么,3
灾,火,6,8756,n,zāi,"disaster,calamity",3
灾害,火,6,13624,n,zāi hài,"calamity,disaster",1
灾难,火,6,4796,n,zāi nàn,disaster; catastrophe,1
灾区,火,6,19915,n,zāi qū,"disaster area,stricken region",1
栽,木,7,8512,v,zāi,"to plant; to grow,to insert; to erect (e.g. a bus stop sign),to impose sth on sb,to stumble; to fall down",1
栽培,木,7,15725,v,zāi péi,"to grow,to cultivate,to train,to educate,to patronize",1
宰,宀,7,5527,v,zǎi,"to slaughter; to butcher; to kill (animals etc),(coll.) to fleece; to rip off; to overcharge",1
再,冂,1,91,d,zài,"again; once more; re-,second; another,then (after sth, and not until then)",1
再次,冂,4,983,d,zài cì,"one more time,again,one more,once again",1
再度,冂,7,5508,d,zài dù,once more; once again; one more time,1
再见,冂,1,2487,v,zài jiàn,"goodbye,see you again later",1
再接再厉,冂,7,23317,v,zài jiē zài lì,"to continue the struggle (idiom); to persist,unremitting efforts",1
再三,冂,6,13301,d,zài sān,"over and over again,again and again",1
再生,冂,6,7384,v,zài shēng,"to be reborn,to regenerate,to be a second so-and-so (famous dead person),recycling,regeneration",1
再说,冂,4,2395,v,zài shuō,"to say again,to put off a discussion until later,moreover,what's more,besides",1
再现,冂,7,10909,v,zài xiàn,"to recreate,to reconstruct (a historical relic)",1
再也,冂,5,6773,d,zài yě,(not) any more,1
在,土,1,5,p,zài,"to exist; to be alive,(of sb or sth) to be (located) at,(used before a verb to indicate an action in progress)",1
在场,土,5,3230,v,zài chǎng,"to be present,to be on the scene",1
在乎,土,5,2833,v,zài hu,"to care about,equivalent of 在于",1
在家,土,1,2444,v,zài jiā,"to be at home,(at a workplace) to be in (as opposed to being away on official business 差)",1
在内,土,5,5311,u,zài nèi,"(included) in it,among them",1
在线,土,5,8993,vn,zài xiàn,online,1
在意,土,6,4370,v,zài yì,"to care about,to mind",1
在于,土,5,1868,v,zài yú,"to be in,to lie in,to consist in,to depend on,to rest with",1
在职,土,7,16273,vn,zài zhí,"to be employed,to be in post,on-the-job",1
载体,戈,7,18861,n,zài tǐ,"carrier (chemistry),vector (epidemiology),vehicle or medium",1
咱,口,2,3116,r,zán,variant of 咱,4
咱们,口,3,1405,r,zán men,"we or us (including both the speaker and the person(s) spoken to),(dialect) I or me",1
攒,扌,7,11208,v,cuán,to bring together,2
暂,日,7,8838,d,zàn,"temporary,Taiwan pr. [zhàn]",2
暂且,日,7,20166,d,zàn qiě,"for now,for the time being,temporarily",1
暂时,日,4,2209,d,zàn shí,"temporary,provisional,for the time being",1
暂停,日,4,4545,v,zàn tíng,"to suspend,time-out (e.g. in sports),stoppage,pause (media player)",1
赞不绝口,贝,7,24518,v,zàn bù jué kǒu,to praise without cease (idiom); praise sb to high heaven,2
赞成,贝,5,5381,v,zàn chéng,"to approve,to endorse,(literary) to assist",1
赞美,贝,7,7340,v,zàn měi,"to admire,to praise,to eulogize",1
赞赏,贝,6,9507,v,zàn shǎng,"to admire,to praise,to appreciate",1
赞叹,贝,7,16824,v,zàn tàn,to exclaim in admiration,1
赞叹不已,贝,7,51147,v,zàn tàn bù yǐ,to be full of praise (idiom),1
赞同,贝,6,5974,v,zàn tóng,"to approve of,to endorse,(vote) in favor",2
赞许,贝,7,24179,v,zàn xǔ,"to praise,to laud",1
赞扬,贝,7,9387,v,zàn yáng,"to praise,to approve of,to show approval",1
赞助,贝,7,5290,v,zàn zhù,"to support,to assist,to sponsor",1
脏,⺼,3,4623,a,zàng,"viscera,(anatomy) organ",2
葬,艹,7,11836,g,zàng,old variant of 葬,2
葬礼,艹,7,9283,n,zàng lǐ,"burial,funeral",1
遭到,辶,6,3320,v,zāo dào,"to suffer,to meet with (sth unfortunate)",1
遭受,辶,6,4480,v,zāo shòu,"to suffer; to sustain (loss, misfortune)",1
遭殃,辶,7,21901,v,zāo yāng,to suffer a calamity,1
遭遇,辶,6,3395,n,zāo yù,"to meet with,to encounter,(bitter) experience",1
糟,米,5,5229,a,zāo,"dregs,draff,pickled in wine,rotten,messy,ruined",1
糟糕,米,5,3403,a,zāo gāo,"too bad,how terrible,what bad luck,terrible,bad",1
糟蹋,米,7,16341,v,zāo tà,"to waste,to defile,to abuse,to insult,to defile,to trample on,to wreck,also pr. [zāo ta]",1
凿,凵,7,17288,v,záo,"chisel,to bore a hole,to chisel or dig,(literary) (bound form) certain,authentic,irrefutable,also pr. [zuò]",1
早,日,1,445,ad,zǎo,"early,morning,Good morning!,long ago,prematurely",1
早餐,日,4,2932,n,zǎo cān,breakfast,1
早晨,日,4,2994,t,zǎo chén,"early morning,also pr. [zǎo chen]",1
早饭,日,1,6748,n,zǎo fàn,breakfast,1
早就,日,2,2223,d,zǎo jiù,already at an earlier time,1
早年,日,7,17977,t,zǎo nián,"many years ago; in the past,in one's early years",1
早期,日,5,5122,t,zǎo qī,early period; early phase; early stage,1
早日,日,7,8155,d,zǎo rì,"soon; at an early date,the early days; the past",1
早上,日,1,1092,t,zǎo shang,early morning,1
早晚,日,5,8073,d,zǎo wǎn,"morning and evening,(dialect) some time in the future; some day",1
早已,日,5,4715,d,zǎo yǐ,"for a long time; long since,(dialect) in the past",1
枣,木,7,24961,n,zǎo,(bound form) jujube; Chinese date (Zizyphus jujuba),1
造,辶,5,2608,v,zào,"to make,to build,to manufacture,to invent,to fabricate,to go to,party (in a lawsuit or legal agreement),crop",1
造成,辶,5,910,v,zào chéng,"to bring about,to create,to cause",1
造反,辶,6,15169,v,zào fǎn,"to rebel,to revolt",1
造福,辶,7,18627,v,zào fú,to benefit (e.g. the people),1
造假,辶,7,15884,v,zào jiǎ,"to counterfeit,to pass off a fake as genuine",1
造价,辶,7,25685,n,zào jià,construction cost,1
造就,辶,7,8826,v,zào jiù,"to bring up,to train,to contribute to,achievements (usually of young people)",1
造型,辶,6,2842,n,zào xíng,"to model,to shape,appearance,style,design,form,pose",1
造纸术,辶,7,93172,,zào zhǐ shù,papermaking process,1
噪声,口,6,13457,n,zào shēng,noise,1
噪音,口,7,7079,n,zào yīn,"rumble,noise,static (in a signal)",1
则,刂,6,966,d,zé,"(literary) (conjunction used to express contrast with a previous clause) but; then,(bound form) standard; norm",1
责备,贝,7,12948,v,zé bèi,"to blame,to criticize,condemnation,reproach",1
责怪,贝,7,10912,v,zé guài,"to blame,to rebuke",1
责任,贝,4,935,n,zé rèn,"responsibility,blame,duty",1
责任感,贝,7,9192,n,zé rèn gǎn,sense of responsibility,1
贼,贝,7,3807,n,zéi,"thief,traitor,wily,deceitful,evil,extremely",1
怎么,心,1,128,r,zěn me,"how?,what?,why?",2
怎么办,心,3,1422,r,zěn me bàn,what's to be done,1
怎么样,心,1,1367,r,zěn me yàng,"how?,how about?,how was it?,how are things?",1
怎样,心,3,823,r,zěn yàng,"how,what kind",1
增,土,5,4648,v,zēng,(bound form) to increase; to augment; to add to,1
增产,土,7,5858,,zēng chǎn,to increase production,1
增大,土,5,9149,v,zēng dà,"to enlarge,to amplify,to magnify",1
增多,土,5,10203,v,zēng duō,"to increase,to grow in number",1
增加,土,4,1419,v,zēng jiā,"to raise,to increase",1
增进,土,5,13619,v,zēng jìn,"to promote,to enhance,to further,to advance (a cause etc)",1
增强,土,5,4471,v,zēng qiáng,"to increase,to strengthen",1
增收,土,7,34528,v,zēng shōu,"to increase revenue,to increase income by (x amount),to levy (a surcharge, tax increase etc)",1
增添,土,7,11519,v,zēng tiān,"to add,to increase",1
增长,土,4,3521,v,zēng zhǎng,"to grow,to increase",1
增值,土,7,19210,v,zēng zhí,"to appreciate (financially),to increase in value,value-added (accountancy)",1
赠,贝,5,8918,v,zèng,"to give as a present,to repel,to bestow an honorary title after death (old)",1
赠送,贝,5,8534,v,zèng sòng,to present as a gift,1
扎,扌,6,3490,v,zhā,"to prick,to run or stick (a needle etc) into,mug or jug used for serving beer (loanword from ""jar"")",6
扎根,扌,7,20613,v,zhā gēn,to take root,1
扎实,扌,7,16716,a,zhā shi,"strong,solid,sturdy,firm,practical",2
渣,氵,7,4720,g,zhā,"slag (in mining or smelting),dregs",1
渣子,氵,7,40267,n,zhā zi,"dregs,bits,dregs (of society)",1
闸,门,7,13900,n,zhá,"old variant of 闸,sluice,lock (on waterway)",2
眨,目,6,10148,v,zhǎ,"to blink,to wink",1
眨眼,目,7,11342,v,zhǎ yǎn,"to blink,to wink,in the twinkling of an eye",1
诈骗,讠,7,6909,vn,zhà piàn,"to defraud,to swindle,to blackmail",1
炸,火,5,3064,v,zhá,"to deep fry,Taiwan pr. [zhà]",2
炸弹,火,7,3453,n,zhà dàn,bomb,1
炸药,火,7,7656,n,zhà yào,explosive (material),1
榨,木,7,10020,v,zhà,"variant of 榨,to press,to extract (juice)",2
摘,扌,5,5217,v,zhāi,"to take,to borrow,to pick (flowers, fruit etc),to pluck,to select,to remove,to take off (glasses, hat etc)",1
摘要,扌,7,15351,n,zhāi yào,"summary,abstract",1
窄,穴,5,8622,a,zhǎi,"narrow,narrow-minded,badly off",1
债,亻,7,5172,n,zhài,debt,1
债券,亻,7,7583,n,zhài quàn,"bond,debenture",1
债务,亻,7,5497,n,zhài wù,"debt,liability,amount due,indebtedness",1
沾,氵,7,5557,v,zhān,"to moisten,to be infected by,to receive benefit or advantage through a contact,to touch",2
沾光,氵,7,57428,v,zhān guāng,"to bask in the light,fig. to benefit from association with sb or sth,reflected glory",1
粘,米,6,3640,v,nián,variant of 黏,2
粘贴,米,6,26487,v,zhān tiē,"to stick,to affix,to adhere,to paste (as in ""copy and paste""),Taiwan pr. [nián tiē],also written 黏贴",1
瞻仰,目,7,31432,v,zhān yǎng,"to revere,to admire",1
斩,车,7,9472,v,zhǎn,"to behead (as form of capital punishment),to chop",1
斩草除根,车,7,45361,v,zhǎn cǎo chú gēn,"to cut weeds and eliminate the roots (idiom); to destroy root and branch,to eliminate completely",1
斩钉截铁,车,7,35900,l,zhǎn dīng jié tiě,"lit. to chop the nail and slice the iron (idiom),fig. resolute and decisive; unhesitating; categorical",1
展出,尸,5,10253,v,zhǎn chū,"to put on display,to be on show,to exhibit",1
展开,尸,5,3065,v,zhǎn kāi,"to unfold; to spread out; to open up,to launch; to carry out",1
展览,尸,5,5620,vn,zhǎn lǎn,"to put on display,to exhibit,exhibition,show",1
展览会,尸,7,15180,n,zhǎn lǎn huì,"exhibition,show",1
展示,尸,5,1798,v,zhǎn shì,to reveal; to display; to show; to exhibit,1
展望,尸,7,12326,v,zhǎn wàng,"outlook,prospect,to look ahead,to look forward to",1
展现,尸,5,3124,v,zhǎn xiàn,to unfold before one's eyes; to emerge; to reveal; to display,1
盏,皿,7,8983,q,zhǎn,"a small cup,classifier for lamps",1
崭新,山,6,7384,b,zhǎn xīn,brand new,1
占,⺊,5,1571,v,zhàn,variant of 占,3
占卜,⺊,7,24286,v,zhān bǔ,to divine,1
占据,⺊,6,5028,v,zhàn jù,"to occupy,to hold",1
占领,⺊,7,6042,v,zhàn lǐng,to capture; to seize; to occupy by force,1
占线,⺊,5,38012,v,zhàn xiàn,busy (telephone line),1
占用,⺊,7,6832,v,zhàn yòng,to occupy,1
占有,⺊,6,7035,v,zhàn yǒu,"to have,to own,to hold,to occupy,to possess,to account for (a high proportion etc)",1
战场,戈,7,4405,n,zhàn chǎng,battlefield,1
战斗,戈,6,1822,v,zhàn dòu,"to fight,to engage in combat,struggle,battle",1
战略,戈,7,3278,n,zhàn lu:è,strategy,1
战胜,戈,6,3571,v,zhàn shèng,"to prevail over,to defeat,to surmount",1
战士,戈,7,2973,n,zhàn shì,"fighter,soldier,warrior",1
战术,戈,7,4242,n,zhàn shù,tactics,1
战役,戈,7,7305,n,zhàn yì,military campaign,1
战友,戈,7,8543,n,zhàn yǒu,"comrade-in-arms,battle companion",1
战争,戈,6,1274,n,zhàn zhēng,"war,conflict",1
站,立,2,399,v,zhàn,"station,to stand,to halt,to stop,branch of a company or organization,website",1
站立,立,7,11694,v,zhàn lì,"to stand,standing,on one's feet",1
站台,立,5,10722,n,zhàn tái,platform (at a railway station),1
站住,立,2,11455,v,zhàn zhù,to stand,1
绽放,纟,7,12206,v,zhàn fàng,to blossom,1
蘸,艹,7,14207,v,zhàn,"to dip in (ink, sauce etc)",1
张,弓,3,316,q,Zhāng,surname Zhang,2
张灯结彩,弓,7,63826,v,zhāng dēng jié cǎi,to be decorated with lanterns and colored banners (idiom),1
张贴,弓,7,15794,v,zhāng tiē,"to post (a notice),to advertise",1
张扬,弓,7,10725,v,Zhāng Yáng,"Zhang Yang (1967-), PRC film director and screenwriter",2
章,立,6,3279,q,Zhāng,surname Zhang,2
章程,立,7,15269,n,zhāng chéng,"rules,regulations,constitution,statute,articles of association (of company),articles of incorporation",1
长,长,2,246,a,cháng,"length,long,forever,always,constantly",2
长辈,长,6,14245,n,zhǎng bèi,"one's elders,older generation",1
长城,长,3,9599,ns,Cháng chéng,the Great Wall,1
长处,长,5,15374,n,cháng chù,"good aspects,strong points",1
长达,长,7,36584,nr,cháng dá,"to extend as long as,to lengthen out to",1
长大,长,2,1531,v,zhǎng dà,to grow up,1
长度,长,5,8167,n,cháng dù,length,1
长短,长,6,22940,n,cháng duǎn,"length,accident; mishap,right and wrong; good and bad; merits and demerits",1
长假,长,6,14297,n,cháng jià,long vacation,1
长江,长,4,20034,ns,Cháng Jiāng,"Yangtze River, or Chang Jiang",1
长久,长,5,6069,a,cháng jiǔ,(for a) long time,1
长跑,长,6,19365,vn,cháng pǎo,long-distance running,1
长期,长,5,2911,b,cháng qī,"long term,long time,long range (of a forecast)",1
长期以来,长,7,29889,l,cháng qī yǐ lái,for a long time,1
长寿,长,6,13208,a,Cháng shòu,"Changshou suburban district of Chongqing municipality, formerly in Sichuan",2
长途,长,5,9492,b,cháng tú,long distance,1
长相,长,7,8331,n,zhǎng xiàng,"appearance,looks,profile,countenance",1
长效,长,7,96545,n,cháng xiào,to be effective over an extended period,1
长远,长,5,8868,a,cháng yuǎn,"long-term,long-range",1
长征,长,7,27081,n,Cháng zhēng,Long March (retreat of the Red Army 1934-1935),2
长足,长,7,26492,a,cháng zú,"remarkable (progress, improvement, expansion etc)",1
涨,氵,5,4020,v,zhǎng,"to rise (of prices, rivers)",2
涨价,氵,5,14037,v,zhǎng jià,"to appreciate (in value),to increase in price",1
掌管,手,7,14059,v,zhǎng guǎn,"in charge of,to control",1
掌声,手,5,5343,n,zhǎng shēng,applause,1
掌握,手,5,1826,v,zhǎng wò,"to grasp (often fig.),to control,to seize (initiative, opportunity, destiny),to master,to know well",1
丈夫,一,2,1376,n,zhàng fu,husband,1
帐篷,巾,7,7940,n,zhàng peng,tent,1
帐子,巾,7,70265,n,zhàng zi,mosquito net,1
胀,⺼,7,12289,a,zhàng,to swell; dropsical; swollen; bloated,1
账,贝,6,6981,n,zhàng,"account,bill,debt",1
账单,贝,6,11708,n,zhàng dān,bill,1
账号,贝,5,10644,n,zhàng hào,"account,username",1
账户,贝,5,3852,n,zhàng hù,"bank account,online account",1
障碍,阝,6,2859,n,zhàng ài,"barrier,obstruction,hindrance,impediment,obstacle",1
招,扌,6,1522,v,zhāo,"to recruit,to provoke,to beckon,to incur,to infect,contagious,a move (chess),a maneuver,device,trick,to confess",1
招标,扌,7,19253,v,zhāo biāo,to invite bids,1
招待,扌,6,8447,v,zhāo dài,to hold a reception; to offer hospitality; to entertain (guests); to serve (customers),1
招待会,扌,7,14282,n,zhāo dài huì,a reception,1
招呼,扌,4,5046,v,zhāo hu,"to call out to,to greet,to say hello to,to inform,to take care of,to take care that one does not",1
招揽,扌,7,21908,v,zhāo lǎn,to attract (customers); to drum up (trade),1
招募,扌,7,8938,v,zhāo mù,"to recruit,to enlist",1
招牌,扌,7,9174,n,zhāo pai,"signboard,shop sign,reputation of a business",1
招聘,扌,4,8004,v,zhāo pìn,"to invite applications for a job,to recruit",1
招生,扌,6,14045,vn,zhāo shēng,"to enroll new students,to get students",1
招收,扌,6,16009,v,zhāo shōu,"to hire,to recruit",1
招手,扌,6,15211,v,zhāo shǒu,"to wave,to beckon",1
招数,扌,7,14163,n,zhāo shù,"move (in chess, on stage, in martial arts),gambit,trick,scheme,movement,same as 着数",1
招投标,扌,6,1000000,,zhāo tóu biāo,"bid inviting and bid offering,bidding,auction",1
爪子,爪,7,12261,n,zhuǎ zi,(animal's) claw,1
找,扌,1,152,v,zhǎo,"to try to find,to look for,to call on sb,to find,to seek,to return,to give change",1
找出,扌,2,6479,,zhǎo chū,"to find,to search out",1
找到,扌,1,188,v,zhǎo dào,to find,1
沼泽,氵,7,15922,n,zhǎo zé,"marsh,swamp,wetlands,glade",1
召集,口,7,6613,v,zhào jí,"to convene,to gather",1
召开,口,5,4146,v,zhào kāi,"to convene (a conference or meeting),to convoke,to call together",1
兆头,儿,7,40377,n,zhào tou,"omen,portent,sign",1
照,灬,3,1165,v,zhào,"variant of 照,to shine,to illuminate",2
照办,灬,7,21771,v,zhào bàn,"to follow the rules,to do as instructed,to play by the book,to comply with a request",1
照常,灬,7,15387,v,zhào cháng,as usual,1
照顾,灬,3,1631,v,zhào gu,"to take care of,to show consideration,to attend to,to look after",1
照例,灬,7,25802,d,zhào lì,"as a rule,as usual,usually",1
照料,灬,7,11806,v,zhào liào,"to tend,to take care of sb",1
照明,灬,6,11661,n,zhào míng,"lighting,illumination,to light up,to illuminate",1
照片,灬,3,766,n,zhào piàn,"photograph,picture",1
照相,灬,3,9002,v,zhào xiàng,to take a photograph,1
照相机,灬,3,10452,n,zhào xiàng jī,camera,1
照样,灬,7,9598,d,zhào yàng,"as before,(same) as usual,in the same manner,still,nevertheless",1
照耀,灬,7,13897,v,zhào yào,"to shine,to illuminate",1
照应,灬,6,23973,v,zhào yìng,"to correlate with,to correspond to",2
罩,罒,7,6107,v,zhào,"cover,fish trap (basket),shade",1
肇事,聿,7,9468,vn,zhào shì,"to cause an accident,to be responsible for an incident,to provoke a disturbance",1
遮,辶,7,8541,v,zhē,"to cover up (a shortcoming),to screen off,to hide,to conceal",1
遮挡,辶,7,23348,v,zhē dǎng,"to shelter,to shelter from",1
遮盖,辶,7,21080,v,zhē gài,"to hide,to cover (one's tracks)",1
折,扌,6,3422,v,shé,"to snap,to break (a stick, a bone etc),(bound form) to sustain a loss (in business)",4
折叠,扌,7,13701,v,zhé dié,"to fold,collapsible; folding (bicycle, antenna, bed etc)",1
折合,扌,7,31485,v,zhé hé,"to convert into,to amount to,to be equivalent to",1
折扣,扌,5,9396,n,zhé kòu,discount,1
折磨,扌,7,3782,v,zhé mó,"to torment,to torture",1
折射,扌,7,20161,v,zhé shè,"to refract,refraction,to reflect (in the figurative sense: to show the nature of)",1
折腾,扌,7,6707,v,zhē teng,"to toss from side to side (e.g. sleeplessly),to repeat sth over and over again,to torment sb,to play crazy",1
哲学,口,5,5028,n,zhé xué,philosophy,1
者,耂,4,499,k,zhě,"(after a verb or adjective) one who (is) ...,(after a noun) person involved in ...,-er,-ist",1
这,辶,1,11,r,zhè,"(pronoun) this; these,(bound form) this; the (followed by a noun)",1
这边,辶,1,2774,r,zhè biān,"this side,here",1
这儿,辶,1,2522,r,zhè r,here,1
这会儿,辶,7,13922,r,zhè huì r,"(coll.) now,this moment,also pr. [zhè huǐ r]",1
这就是说,辶,6,18506,c,zhè jiù shì shuō,"in other words,that is to say",1
这里,辶,1,209,r,zhè lǐ,variant of 这里,2
这么,辶,2,166,r,zhè me,"so much,this much,how much?,this way,like this",1
这时,辶,2,3532,r,zhè shí,"at this time,at this moment",1
这时候,辶,2,5552,r,zhè shíhòu,At this moment,1
这些,辶,1,132,r,zhè xiē,these,1
这样,辶,2,85,r,zhè yàng,"this kind of,so,this way,like this,such",1
这样一来,辶,7,29867,l,zhè yàng yī lái,"thus,if this happens then",1
着,目,2,38,u,zhāo,"(chess) move,trick,all right!,(dialect) to add",4
着火,目,4,8629,v,zháo huǒ,to catch fire,1
着急,目,3,4461,a,zháo jí,"to worry; to feel anxious,to feel a sense of urgency; to be in a hurry,Taiwan pr. [zhāo jí]",1
着力,目,7,25274,v,zhuó lì,"to put effort into sth,to try really hard",1
着凉,目,5,22241,v,zháo liáng,"to catch cold,Taiwan pr. [zhāo liáng]",1
着落,目,7,21158,n,zhuó luò,"whereabouts,place to settle,reliable source (of funds etc),(of responsibility for a matter) to rest with sb,settlement",1
着迷,目,7,12593,v,zháo mí,"to be fascinated,to be captivated",1
着实,目,7,13006,d,zhuó shí,"truly,indeed,severely,harshly",1
着手,目,7,5230,v,zhuó shǒu,"to put one's hand to it,to start out on a task,to set out",1
着想,目,7,8001,v,zhuó xiǎng,"to give thought (to others),to consider (other people's needs),also pr. [zháo xiǎng]",1
着眼,目,7,11269,v,zhuó yǎn,"to have one's eyes on (a goal),having sth in mind,to concentrate",1
着眼于,目,7,1000000,,zhuóyǎn yú,Focus on,1
着重,目,7,15109,v,zhuó zhòng,to put emphasis on; to stress,1
著名,艹,4,1436,,zhù míng,"famous,noted,well-known,celebrated",1
著作,艹,6,5487,,zhù zuò,"to write,literary work,book,article,writings",1
针,钅,6,2990,n,zhēn,"needle,pin,injection,stitch",2
针对,钅,5,1899,p,zhēn duì,"to target,to focus on,to be aimed at or against,in response to",1
针锋相对,钅,7,20666,l,zhēn fēng xiāng duì,"to oppose each other with equal harshness (idiom); tit for tat,measure for measure",1
针灸,钅,7,13266,n,zhēn jiǔ,"acupuncture and moxibustion,to give or have acupuncture and moxibustion",1
侦察,亻,7,9150,v,zhēn chá,"to investigate a crime,to scout,to reconnoiter,reconnaissance,detection,a scout",1
侦探,亻,7,8860,n,zhēn tàn,"detective,to do detective work",1
珍藏,王,7,12362,v,zhēn cáng,"a collection of rare and valuable items,to collect (such items)",1
珍贵,王,5,5205,a,zhēn guì,precious,1
珍视,王,7,22928,v,zhēn shì,"to place great importance on,to treasure",1
珍惜,王,5,3787,v,zhēn xī,"to treasure,to value,to cherish",1
珍稀,王,7,25346,a,zhēn xī,"rare,precious and uncommon",1
珍重,王,7,35184,v,zhēn zhòng,"precious,extremely valuable,(honorific) Please take good care of yourself!",1
珍珠,王,6,7342,n,zhēn zhū,pearl,1
真,目,1,76,d,zhēn,"really,truly,indeed,real,true,genuine",1
真诚,目,5,4527,a,zhēn chéng,sincere; genuine; true,1
真的,目,1,622,d,zhēn de,"really, truly, indeed",1
真假,目,7,18340,n,zhēn jiǎ,"genuine or fake,true or false",1
真空,目,7,12073,n,zhēn kōng,vacuum,1
真理,目,7,5445,n,zhēn lǐ,truth,1
真情,目,7,10828,n,zhēn qíng,"real situation,the truth",1
真实,目,5,1299,a,zhēn shí,true; real,1
真是的,目,7,18236,,zhēn shi de,Really! (interj. of annoyance or frustration),1
真相,目,6,2208,n,zhēn xiàng,the truth about sth; the actual facts,1
真心,目,7,2734,d,zhēn xīn,"sincere,heartfelt",1
真正,目,4,544,b,zhēn zhèng,"genuine; real; true,really; indeed",1
真挚,目,7,16317,a,zhēn zhì,"sincere,sincerity",1
斟酌,斗,7,26512,v,zhēn zhuó,"to consider,to deliberate,to fill up a cup to the brim",1
诊断,讠,5,3008,v,zhěn duàn,to diagnose,1
诊所,讠,7,7286,n,zhěn suǒ,clinic,1
枕头,木,6,7101,n,zhěn tou,pillow,1
阵,阝,5,3920,g,zhèn,"disposition of troops,wave,spate,burst,spell,short period of time,classifier for events or states of short duration",1
阵地,阝,7,9736,n,zhèn dì,"(military) position,front",1
阵容,阝,7,11067,n,zhèn róng,"troop arrangement,battle formation,lineup (of a sports team etc)",1
阵营,阝,7,10345,n,zhèn yíng,"group of people,camp,faction,sides in a dispute",1
振动,扌,7,11577,vn,zhèn dòng,"to vibrate,to shake,vibration",1
振奋,扌,7,10653,v,zhèn fèn,"to stir oneself up,to raise one's spirits,to inspire",1
振兴,扌,7,23419,v,Zhèn xīng,"Zhengxing district of Dandong city 丹东市, Liaoning",2
振作,扌,7,11363,v,zhèn zuò,"to bestir oneself,to pull oneself together,to cheer up,to uplift,to stimulate",1
镇,钅,6,1583,n,zhèn,"to press down,to calm,to subdue,to suppress,to guard,garrison,small town,to cool or chill (food or drinks)",1
镇定,钅,7,10185,a,zhèn dìng,"calm,unperturbed,cool",1
镇静,钅,7,11463,a,zhèn jìng,"calm,cool",1
镇压,钅,6,12119,v,zhèn yā,"suppression,repression,to suppress,to put down,to quell",1
震,雨,7,5448,v,zhèn,"to shake,to vibrate,to jolt,to quake,excited,shocked,one of the Eight Trigrams 卦, symbolizing thunder,☳",1
震动,雨,7,8530,vn,zhèn dòng,"to shake,to vibrate,to strongly affect,shock,vibration",1
震撼,雨,7,5156,v,zhèn hàn,"to shake,to shock,to stun,shocking,stunning,shock",1
震惊,雨,7,3938,v,zhèn jīng,"to shock,to astonish",1
争,亅,5,2989,v,zhēng,"to strive for,to vie for,to argue or debate,deficient or lacking (dialect),how or what (literary)",1
争吵,亅,6,6559,v,zhēng chǎo,"to quarrel,dispute",1
争端,亅,7,12915,n,zhēng duān,"dispute,controversy,conflict",1
争夺,亅,6,4859,v,zhēng duó,"to fight over,to contest,to vie over",1
争分夺秒,亅,7,34909,l,zhēng fēn duó miǎo,"lit. fight minutes, snatch seconds (idiom); a race against time,making every second count",1
争光,亅,7,32316,v,zhēng guāng,"to win an honor,to strive to win a prize",1
争论,亅,6,5270,v,zhēng lùn,"to argue,to debate,to contend,argument,contention,controversy,debate",1
争气,亅,7,18239,a,zhēng qì,"to work hard for sth,to resolve on improvement,determined not to fall short",1
争取,亅,5,2213,v,zhēng qǔ,"to fight for,to strive for,to win over",1
争先恐后,亅,7,27476,l,zhēng xiān kǒng hòu,striving to be first and fearing to be last (idiom); outdoing one another,1
争议,亅,6,6061,vn,zhēng yì,"controversy,dispute,to dispute",1
争执,亅,7,7481,vn,zhēng zhí,"to dispute,to disagree,to argue opinionatedly,to wrangle",1
征,彳,7,6191,v,zhēng,"journey,trip,expedition,to go on long campaign,to attack",2
征服,彳,7,5954,v,zhēng fú,"to conquer,to subdue,to vanquish",1
征集,彳,7,17311,v,zhēng jí,"to collect,to recruit",1
征求,彳,6,8059,v,zhēng qiú,"to solicit,to seek,to request (opinions, feedback etc),to petition",1
征收,彳,7,17356,v,zhēng shōu,"to levy (a tax),to expropriate",1
挣,扌,5,4542,v,zhēng,used in 挣扎,2
挣钱,扌,5,7421,v,zhèng qián,to make money,1
挣扎,扌,7,4837,v,zhēng zhá,to struggle,1
睁,目,6,5578,v,zhēng,to open (one's eyes),1
蒸,艹,7,9269,v,zhēng,"to evaporate,(of cooking) to steam,torch made from hemp stalks or bamboo (old),finely chopped firewood (old)",1
蒸发,艹,7,10558,v,zhēng fā,"to evaporate,evaporation",1
拯救,扌,7,4187,v,zhěng jiù,to save; to rescue,1
整,攵,4,1315,m,zhěng,"exactly,in good order,whole,complete,entire,in order,orderly,to repair,to mend,to renovate,(coll.) to fix sb",1
整顿,攵,7,11404,v,zhěng dùn,"to tidy up,to reorganize,to consolidate,to rectify",1
整个,攵,4,572,b,zhěng gè,"whole,entire,total",1
整合,攵,7,9593,v,zhěng hé,"to conform,to integrate",1
整洁,攵,7,10954,a,zhěng jié,"neatly,tidy",1
整理,攵,4,2737,v,zhěng lǐ,"to arrange,to tidy up,to sort out,to straighten out,to list systematically,to collate (data, files),to pack (luggage)",1
整齐,攵,5,8739,a,zhěng qí,"orderly,neat,even,tidy",1
整数,攵,7,24165,n,zhěng shù,"whole number,integer (math.),round figure",1
整体,攵,5,4225,n,zhěng tǐ,"whole entity,entire body,synthesis,as a whole (situation, construction, team etc),global,macrocosm,integral,holistic",1
整天,攵,3,3492,d,zhěng tiān,"all day long,whole day",1
整整,攵,5,4509,d,zhěng zhěng,"whole,full",1
整治,攵,7,18458,v,zhěng zhì,"to bring under control,to regulate,to restore to good condition,(coll.) to fix (a person),to prepare (a meal etc)",1
正,止,2,294,d,zhēng,first month of the lunar year,2
正版,止,7,46413,b,zhèng bǎn,"genuine,legal,see also 盗版",1
正常,止,4,722,a,zhèng cháng,"regular,normal,ordinary",1
正当,止,7,4824,a,zhèng dāng,"timely,just (when needed)",2
正负,止,6,46177,n,zhèng fù,positive and negative,1
正规,止,6,8673,a,zhèng guī,"regular,according to standards",1
正好,止,4,2469,z,zhèng hǎo,"just (in time),just right,just enough,to happen to,to chance to,by chance,it just so happens that",1
正经,止,7,8992,a,zhèng jīng,"decent,honorable,proper,serious,according to standards",1
正面,止,6,5294,d,zhèng miàn,"front,obverse side,right side,positive,direct,open",1
正能量,止,7,1000000,,zhèng néng liàng,"positive energy,positivity",1
正气,止,7,27510,n,zhèng qì,"healthy atmosphere; moral spirit,unyielding integrity; probity,(TCM) vital energy (resistance to diseases)",1
正确,止,4,1163,a,zhèng què,correct; sound; right; proper,1
正如,止,5,12338,v,zhèng rú,"just as,precisely as",1
正式,止,4,1215,ad,zhèng shì,formal; official,1
正视,止,7,13172,v,zhèng shì,to face squarely; to meet head on; to face up to,1
正是,止,2,1179,v,zhèng shì,is precisely,1
正义,止,6,4214,n,zhèng yì,"justice,righteousness,just,righteous",1
正月,止,7,24741,t,Zhēng yuè,first month of the lunar year,1
正在,止,1,420,d,zhèng zài,"just at (that time),right in (that place),right in the middle of (doing sth)",1
正直,止,7,10756,a,zhèng zhí,"upright,upstanding,honest",1
正宗,止,7,12466,b,zhèng zōng,"orthodox school,fig. traditional,old school,authentic,genuine",1
证,讠,4,1605,n,zhèng,"to admonish,variant of 证",2
证件,讠,4,5876,n,zhèng jiàn,certificate; papers; credentials; document; ID,1
证据,讠,5,1826,n,zhèng jù,"evidence,proof,testimony",1
证明,讠,4,838,v,zhèng míng,"proof,certificate,identification,testimonial,to prove,to testify,to confirm the truth of",1
证人,讠,7,6180,n,zhèng rén,witness,1
证实,讠,6,2449,v,zhèng shí,"to confirm (sth to be true),to verify",1
证书,讠,5,6390,n,zhèng shū,"credentials,certificate",1
郑重,阝,7,11923,ad,zhèng zhòng,"serious,solemn,earnest,conscientious",1
政策,攵,6,2305,n,zhèng cè,policy,1
政党,攵,7,12675,n,zhèng dǎng,political party,1
政府,攵,5,527,n,zhèng fǔ,government,1
政权,攵,7,7321,n,zhèng quán,"regime,political power",1
政治,攵,5,1320,n,zhèng zhì,"politics,political",1
症结,疒,7,22958,n,zhēng jié,"hard lump in the abdomen (in Chinese medicine),crux of an issue,main point in an argument,sticking point",1
症状,疒,6,2536,n,zhèng zhuàng,symptom (of an illness),1
之,丿,4,160,u,zhī,"(possessive particle, literary equivalent of 的),him,her,it",1
之后,丿,4,303,f,zhī hòu,"after; behind,(at the beginning of a sentence) afterwards; since then",1
之间,丿,4,476,f,zhī jiān,(after a noun) between; among; amid,1
之类,丿,6,1380,r,zhī lèi,"and so on,and such",1
之内,丿,5,3090,f,zhī nèi,"inside,within",1
之前,丿,4,479,f,zhī qián,"before,prior to,ago,previously,beforehand",1
之所以,丿,6,3256,c,zhī suǒ yǐ,"(after a noun N and before a predicate P) the reason why N P,Example: 我之所以讨厌他 ""the reason why I dislike him (is ...)""",1
之外,丿,5,2066,f,zhī wài,"outside,excluding",1
之下,丿,5,2749,f,zhī xià,"under,beneath,less than",1
之一,丿,4,893,r,zhī yī,"one of (sth),one out of a multitude,one (third, quarter, percent etc)",1
之中,丿,4,1618,f,zhī zhōng,"inside,among,in the midst of (doing sth),during",1
支,支,5,915,q,Zhī,surname Zhi,2
支撑,支,6,4627,v,zhī chēng,"to prop up,to support,strut,brace",1
支持,支,4,546,v,zhī chí,"to be in favor of,to support,to back,support,backing,to stand by",1
支出,支,6,8039,n,zhī chū,"to spend; to pay out,expenses; expenditure",1
支付,支,4,2724,v,zhī fù,to pay (money),1
支流,支,7,27337,n,zhī liú,tributary (river),1
支配,支,7,8015,v,zhī pèi,"to control,to dominate,to allocate",1
支票,支,7,8607,n,zhī piào,"check (bank),cheque",1
支援,支,7,4069,v,zhī yuán,"to provide assistance,to support,to back",1
支柱,支,7,9180,n,zhī zhù,"mainstay,pillar,prop,backbone",1
汁,氵,7,3498,g,zhī,juice,1
芝麻,艹,7,10752,n,zhī ma,sesame (seed),1
芝士,艹,7,7608,nr,zhī shì,cheese (loanword),1
枝,木,6,7489,q,zhī,"branch,classifier for sticks, rods, pencils etc",1
知道,矢,1,105,v,zhī dào,"to know; to become aware of,also pr. [zhī dao]",1
知己,矢,7,12989,n,zhī jǐ,"to know oneself,to be intimate or close,intimate friend",1
知觉,矢,7,9920,n,zhī jué,"perception,consciousness",1
知名,矢,5,4410,a,zhī míng,well-known; famous,1
知名度,矢,7,12332,n,zhī míng dù,"reputation,profile,familiarity in the public consciousness",1
知识,矢,4,2284,n,zhī shi,"knowledge,intellectual",1
知识分子,矢,7,15978,n,zhī shi fèn zǐ,"intellectual,intelligentsia,learned person",1
知足,矢,7,13902,a,zhī zú,"content with one's situation,to know contentment (hence happiness)",1
知足常乐,矢,7,39895,v,zhī zú cháng lè,satisfied with what one has (idiom),1
织,纟,7,5952,v,zhī,to weave,1
肢体,⺼,7,9449,n,zhī tǐ,"limb,limbs and trunk,body",1
脂肪,⺼,6,5472,n,zhī fáng,"fat (in the body, in a plant, or in food)",1
执法,扌,7,3334,vn,zhí fǎ,"to enforce a law,law enforcement",1
执行,扌,5,1328,v,zhí xíng,"to implement,to carry out,to execute,to run",1
执意,扌,7,16982,d,zhí yì,"to be determined to,to insist on",1
执照,扌,7,11711,n,zhí zhào,"license,permit",1
执着,扌,7,12841,a,zhí zhuó,"to be strongly attached to,to be dedicated,to cling to,(Buddhism) attachment",1
直,目,5,1420,d,Zhí,"surname Zhi,Zhi (c. 2000 BC), fifth of the legendary Flame Emperors 帝 descended from Shennong 神农 Farmer God",2
直奔,目,7,11138,v,zhí bèn,"to go straight to,to make a beeline for",1
直播,目,5,3374,v,zhí bō,"(TV, radio) to broadcast live,live broadcast,(Internet) to livestream,(agriculture) direct seeding",1
直达,目,7,14278,v,zhí dá,"to reach (a place) directly,(transportation) to reach the destination without changing service or without stopping",1
直到,目,3,1292,v,zhí dào,until,1
直观,目,7,21729,a,zhí guān,"direct observation,directly perceived through the senses,intuitive,audiovisual",1
直接,目,4,588,ad,zhí jiē,"direct (opposite: indirect 间接),immediate,straightforward",1
直径,目,7,10443,n,zhí jìng,diameter,1
直觉,目,7,7284,n,zhí jué,intuition,1
直升机,目,7,4657,n,zhí shēng jī,helicopter,1
直视,目,7,14441,v,zhí shì,to look straight at,1
直线,目,7,8100,n,zhí xiàn,"straight line,sharply (rise or fall)",1
直至,目,7,7255,v,zhí zhì,"lasting until,up till (the present)",1
值,亻,4,1322,v,zhí,"value,(to be) worth,to happen to,to be on duty",1
值班,亻,6,7266,v,zhí bān,"to work a shift,on duty",1
值得,亻,4,1037,v,zhí de,"to be worth,to deserve",1
值钱,亻,7,9069,a,zhí qián,"valuable,costly,expensive",1
职工,耳,5,8810,n,zhí gōng,workers; staff,1
职能,耳,7,15427,n,zhí néng,"function,role",1
职权,耳,7,11348,n,zhí quán,"authority,power over others",1
职位,耳,6,4431,n,zhí wèi,position; post; job,1
职务,耳,6,5790,n,zhí wù,"post,position,job,duties",1
职业,耳,4,1317,n,zhí yè,"occupation; profession; vocation,professional",1
职业病,耳,7,19943,n,zhí yè bìng,occupational disease,1
职员,耳,6,7519,n,zhí yuán,"office worker,staff member",1
职责,耳,6,3326,n,zhí zé,"duty,responsibility,obligation",1
植物,木,4,3915,n,zhí wù,"plant,vegetation",1
殖民地,歹,6,13271,n,zhí mín dì,colony,1
止,止,5,3025,v,zhǐ,"to stop,to prohibit,until,only",1
止步,止,7,17306,v,zhǐ bù,"to halt,to stop,to go no farther",1
止咳,止,7,20692,vn,zhǐ ké,to suppress coughing,1
止血,止,7,10375,v,zhǐ xuè,"to staunch (bleeding),hemostatic (drug)",1
只,口,1,98,d,zhǐ,"only,merely,just,but",5
只不过,口,5,2500,d,zhǐ bu guò,"only,merely,nothing but,no more than,it's just that ...",1
只得,口,6,15228,d,zhǐ dé,to have no alternative but to; to be obliged to,1
只顾,口,6,13620,v,zhǐ gù,"solely preoccupied (with one thing),engrossed,focusing (on sth),to look after only one aspect",1
只管,口,7,15701,d,zhǐ guǎn,"solely engrossed in one thing,just (one thing, no need to worry about the rest),simply,by all means,please feel free",1
只好,口,4,3132,d,zhǐ hǎo,to have no other option but to ...; to have to; to be forced to,1
只见,口,5,31932,v,zhǐ jiàn,"to see (the same thing) over and over again,to see, to one's surprise, (sth happen suddenly)",1
只能,口,3,874,v,zhǐ néng,"can only,obliged to do sth,to have no other choice",1
只是,口,3,236,d,zhǐ shì,"merely; only; just; nothing but,simply,but; however",1
只要,口,3,452,c,zhǐ yào,"if only,so long as",1
只有,口,3,374,c,zhǐ yǒu,"only have ...,there is only ...",1
旨在,日,7,16107,v,zhǐ zài,"to have as its purpose,to be intended to,to aim to (do sth)",1
纸,纟,3,1621,n,zhǐ,variant of 纸,2
指,扌,4,639,v,zhǐ,"finger,to point at or to,to indicate or refer to,to depend on,to count on,(of hair) to stand on end",1
指标,扌,7,8982,n,zhǐ biāo,"(production) target,quota,index,indicator,sign,signpost,(computing) pointer",1
指出,扌,4,2661,v,zhǐ chū,"to indicate,to point out",1
指导,扌,5,2171,v,zhǐ dǎo,"to guide,to give directions,to direct,to coach,guidance,tuition",1
指点,扌,7,10947,v,zhǐ diǎn,"to point out,to indicate,to give directions,to show how (to do sth),to censure,to pick at",1
指定,扌,6,4756,v,zhǐ dìng,"to appoint,to assign,to indicate clearly and with certainty,designated",1
指挥,扌,6,2687,v,zhǐ huī,"to conduct,to command,to direct,conductor (of an orchestra)",1
指甲,扌,7,6131,n,zhǐ jia,fingernail,1
指教,扌,7,21045,v,zhǐ jiào,to give advice or comments,1
指令,扌,7,6156,n,zhǐ lìng,"order,command,instruction",1
指南,扌,7,8102,n,zhǐ nán,"to guide,guidebook",1
指南针,扌,7,26990,n,zhǐ nán zhēn,compass,1
指示,扌,6,3699,n,zhǐ shì,"to point out,to indicate,to instruct,directives,instructions",1
指手画脚,扌,7,22588,l,zhǐ shǒu huà jiǎo,"to gesticulate while talking (idiom),to explain by waving one's hands,to criticize or give orders summarily",1
指数,扌,7,5185,n,zhǐ shù,"(numerical, statistical) index,(math.) exponent,index,exponential (function, growth)",1
指头,扌,6,15618,n,zhǐ tou,"finger,toe",1
指望,扌,7,5232,v,zhǐ wàng,"to count on; to hope for,prospect; hope",1
指向,扌,7,7488,v,zhǐ xiàng,"to point towards,aimed at,facing,the direction indicated",1
指引,扌,7,6095,v,zhǐ yǐn,"to guide,to show,to point (the way),directions,guidance,guidelines",1
指责,扌,6,4694,v,zhǐ zé,"to criticize,to find fault with,to denounce",1
指着,扌,6,1000000,,zhǐzhe,Poke,1
至,至,5,941,p,zhì,"to arrive,most,to,until",1
至此,至,7,9258,d,zhì cǐ,"up until now,so far",1
至关重要,至,6,7960,l,zhì guān zhòng yào,"extremely important,vital,crucial,essential",1
至今,至,5,3155,d,zhì jīn,"so far,to this day,until now",1
至少,至,4,868,d,zhì shǎo,"at least,(to say the) least",1
至于,至,6,2570,p,zhì yú,"as for,as to,to go so far as to",1
志气,心,7,28346,n,zhì qì,"ambition,resolve,backbone,drive,spirit",1
志愿,心,7,8766,n,zhì yuàn,"aspiration,ambition,to volunteer",1
志愿者,心,5,5709,n,zhì yuàn zhě,volunteer,1
制,刂,6,2245,v,zhì,"system,to control,to regulate,variant of 制",2
制裁,刂,7,8936,vn,zhì cái,"to punish,punishment,sanctions (incl. economic)",1
制成,刂,5,8912,v,zhì chéng,"to manufacture,to turn out (a product)",1
制订,刂,5,12587,v,zhì dìng,"to work out,to formulate",1
制定,刂,5,3364,v,zhì dìng,to draw up; to formulate,1
制度,刂,5,3310,n,zhì dù,"system (e.g. political, adminstrative etc),institution",1
制服,刂,7,6167,n,zhì fú,"to subdue,to check,to bring under control,(in former times) what one is allowed to wear depending on social status",1
制品,刂,6,8723,n,zhì pǐn,"products,goods",1
制约,刂,7,13919,vn,zhì yuē,"to restrict,condition",1
制造,刂,5,1600,v,zhì zào,to manufacture; to make,1
制止,刂,7,6288,v,zhì zhǐ,"to curb,to put a stop to,to stop,to check,to limit",1
制作,刂,5,1835,v,zhì zuò,to make; to manufacture,1
治,氵,5,2101,v,zhì,"to rule,to govern,to manage,to control,to harness (a river),to treat (a disease),to wipe out (a pest),to punish",1
治安,氵,7,3402,n,zhì ān,"law and order,public security",1
治病,氵,6,11762,v,zhì bìng,to treat an illness,1
治理,氵,6,10575,v,zhì lǐ,"to govern,to administer,to manage,to control,governance",1
治疗,氵,5,691,v,zhì liáo,"to treat (an illness),medical treatment,therapy",1
治学,氵,7,31458,,zhì xué,"scholarship,high-level study,to do scholarly research,to pursue a high level of study",1
治愈,氵,7,5099,v,zhì yù,"to cure; to restore to health,uplifting; heartwarming",1
质地,厂,7,16862,n,zhì dì,"texture,background (texture),grain,quality,character,disposition",1
质量,厂,4,2805,n,zhì liàng,"quality,(physics) mass",1
质朴,厂,7,28126,a,zhì pǔ,"simple,plain,unadorned,unaffected,unsophisticated,rustic,earthy",1
质问,厂,7,12730,v,zhì wèn,"to question,to ask questions,to inquire,to bring to account,to interrogate",1
质疑,厂,6,4119,v,zhì yí,"to call into question,to question (truth or validity)",1
秩序,禾,6,4066,n,zhì xù,"order (orderly),order (sequence),social order,the state (of society)",1
致,至,7,3258,v,zhì,(bound form) fine; delicate; exquisite,2
致辞,至,7,15818,v,zhì cí,"to express in words or writing,to make a speech (esp. short introduction, vote of thanks, afterword",1
致富,至,7,15406,v,zhì fù,to become rich,1
致敬,至,7,8598,v,zhì jìng,"to salute,to pay one's respects to,to pay tribute to,to pay homage to",1
致力于,至,7,6734,,zhìlìyú,Dedicate,1
致命,至,7,5285,v,zhì mìng,"fatal,mortal,deadly,to sacrifice one's life",1
致使,至,7,11597,v,zhì shǐ,"to cause,to result in",1
窒息,穴,7,7332,v,zhì xī,"to choke,to stifle,to suffocate",1
智慧,日,5,3247,n,zhì huì,"wisdom,knowledge,intelligent,intelligence",1
智力,日,6,6821,n,zhì lì,"intelligence,intellect",1
智能,日,5,6940,n,zhì néng,"intelligent,able,smart (phone, system, bomb etc)",1
智商,日,7,7392,n,zhì shāng,IQ (intelligence quotient),1
滞后,氵,7,22998,v,zhì hòu,to lag behind,1
滞留,氵,7,15567,v,zhì liú,(of a person) to remain in (a place) (due to circumstances that prevent one leaving); to be stranded,1
置,罒,7,3076,v,zhì,"to install,to place,to put,to buy",1
中,丨,3,71,f,Zhōng,"China,Chinese,surname Zhong",3
中部,丨,3,6364,f,zhōng bù,"middle part,central section",1
中餐,丨,4,14640,n,zhōng cān,"lunch,Chinese meal,Chinese food",1
中等,丨,6,8572,b,zhōng děng,medium,1
中毒,丨,6,5105,v,zhòng dú,to be poisoned,1
中断,丨,6,6613,v,zhōng duàn,"to cut short,to break off,to discontinue,to interrupt",1
中国,丨,1,729,ns,Zhōng guó,China,1
中国画,丨,7,30455,,Zhōng guó huà,Chinese painting,1
中华,丨,5,21349,nz,Zhōng huá,China (alternate formal name),1
中华民族,丨,5,6125,,Zhōng huá mín zú,"the Chinese nation,the Chinese people (collective reference to all the ethnic groups in China)",1
中级,丨,5,20452,b,zhōng jí,middle level (in a hierarchy),1
中间,丨,3,1889,f,zhōng jiān,"the middle; the inside,in the middle; within; between; among,during; in the meantime",1
中奖,丨,6,8049,v,zhòng jiǎng,to win a prize (in a lottery etc),1
中介,丨,5,8051,n,zhōng jiè,"to act as intermediary,to link,intermediate,inter-,agency,agent",1
中立,丨,7,12236,v,zhōng lì,"neutral,neutrality",1
中年,丨,4,6470,t,zhōng nián,middle age,1
中期,丨,5,9674,f,zhōng qī,"middle (of a period of time),medium-term (plan, forecast etc)",1
中秋节,丨,5,44601,t,Zhōng qiū jié,the Mid-Autumn Festival on 15th of 8th lunar month,1
中途,丨,7,8486,d,zhōng tú,midway,1
中外,丨,5,19472,b,zhōng wài,"Sino-foreign,Chinese-foreign,home and abroad",1
中文,丨,1,6459,nz,Zhōng wén,Chinese language,1
中午,丨,1,2600,t,zhōng wǔ,"noon,midday",1
中小学,丨,2,29379,n,zhōng xiǎo xué,middle and elementary school,1
中心,丨,5,661,n,zhōng xīn,"center,heart,core",1
中型,丨,7,20887,b,zhōng xíng,medium sized,1
中性,丨,7,17507,n,zhōng xìng,neutral,1
中学,丨,1,4042,n,zhōng xué,middle school,1
中学生,丨,1,12707,n,zhōng xué shēng,"middle-school student,high school student",1
中旬,丨,6,15789,t,zhōng xún,middle third of a month,1
中央,丨,6,1962,n,zhōng yāng,"central,middle,center,central authorities (of a state)",1
中药,丨,5,22936,n,zhōng yào,traditional Chinese medicine,1
中医,丨,5,18327,n,Zhōng yī,"traditional Chinese medical science,a doctor trained in Chinese medicine",1
中庸,丨,7,27576,n,Zhōng yōng,"the Doctrine of the Mean, one of the Four Books 四书",2
中止,丨,7,9809,v,zhōng zhǐ,"to cease,to suspend,to break off,to stop,to discontinue",1
忠诚,心,7,5148,a,zhōng chéng,"devoted,loyal,fidelity,loyalty",1
忠实,心,7,7296,a,zhōng shí,faithful,1
忠心,心,7,15871,n,zhōng xīn,"good faith,devotion,loyalty,dedication",1
忠于,心,7,10589,v,zhōng yú,to be loyal to,1
忠贞,心,7,25720,n,zhōng zhēn,loyal and dependable,1
终点,纟,6,6594,n,zhōng diǎn,"the end,end point,finishing line (in a race),destination,terminus",1
终结,纟,7,7108,v,zhōng jié,"end; conclusion,to come to an end; to terminate (sth)",1
终究,纟,7,7641,d,zhōng jiū,"in the end,after all is said and done",1
终年,纟,6,36457,n,zhōng nián,"entire year,throughout the year,age at death",1
终身,纟,6,6075,n,zhōng shēn,"lifelong,all one's life,marriage",1
终生,纟,7,9351,m,zhōng shēng,"throughout one's life,lifetime; lifelong",1
终于,纟,3,625,d,zhōng yú,"at last,in the end,finally,eventually",1
终止,纟,7,6256,v,zhōng zhǐ,to stop; to terminate,1
钟,钅,7,1714,n,Zhōng,surname Zhong,3
钟头,钅,6,12772,n,zhōng tóu,hour,1
衷心,衣,7,10293,d,zhōng xīn,"heartfelt,wholehearted,cordial",1
肿,⺼,6,4469,v,zhǒng,"to swell,swelling,swollen",1
肿瘤,⺼,7,3230,n,zhǒng liú,tumor,1
种,禾,3,179,q,zhǒng,"seed,species,kind,type,classifier for types, kinds, sorts",2
种类,禾,5,7596,n,zhǒng lèi,"kind,genus,type,category,variety,species,sort,class",1
种植,禾,5,7377,v,zhòng zhí,to plant; to grow (a crop); to cultivate,1
种种,禾,6,6043,q,zhǒng zhǒng,all kinds of,1
种子,禾,5,5365,n,zhǒng zi,seed,1
种族,禾,7,7348,n,zhǒng zú,"race,ethnicity",1
仲裁,亻,7,13626,vn,zhòng cái,arbitration,1
众多,人,5,4607,m,zhòng duō,numerous,1
众人,人,6,4898,n,zhòng rén,everyone,1
众所周知,人,6,9992,v,zhòng suǒ zhōu zhī,as everyone knows (idiom),2
众志成城,人,7,41428,v,zhòng zhì chéng chéng,unity of will is an impregnable stronghold (idiom),1
重,里,4,608,a,chóng,"to repeat,repetition,again,re-,classifier: layer",2
重播,里,7,15349,v,chóng bō,"to replay,to rerun,(agriculture) to reseed,to oversow",1
重创,里,7,16454,v,zhòng chuāng,"to inflict heavy losses,to inflict serious damage",1
重大,里,5,1734,a,zhòng dà,"great,important,major,significant",1
重点,里,4,1381,n,chóng diǎn,"to recount (e.g. results of election),to re-evaluate",2
重叠,里,7,15699,v,chóng dié,"to overlap,to superimpose,to telescope,to run together,to duplicate,one over another,superposition,an overlap",1
重返,里,7,8381,v,chóng fǎn,to return to,1
重复,里,5,2608,v,chóng fù,"to repeat,to duplicate",2
重合,里,7,30332,v,chóng hé,"to match up,to coincide",1
重建,里,6,4998,v,chóng jiàn,"to rebuild,to reestablish,reconstruction,rebuilding",1
重量,里,5,5720,n,zhòng liàng,weight,1
重量级,里,7,10852,b,zhòng liàng jí,heavyweight (boxing etc),1
重任,里,7,13187,n,zhòng rèn,heavy responsibility,1
重伤,里,7,9569,n,zhòng shāng,"seriously hurt,serious injury",1
重申,里,7,10173,v,chóng shēn,"to reaffirm,to reiterate",1
重视,里,4,3506,v,zhòng shì,to attach importance to sth; to value,1
重现,里,7,10802,v,chóng xiàn,to reappear,1
重心,里,6,9679,n,zhòng xīn,"center of gravity,central core,main part",1
重新,里,4,915,d,chóng xīn,again; once more; re-,1
重型,里,7,13702,b,zhòng xíng,"heavy,heavy duty,large caliber",1
重阳节,里,6,71111,t,Chóng yáng jié,"Double Ninth or Yang Festival,9th day of 9th lunar month",1
重要,里,3,240,a,zhòng yào,"important,significant,major",1
重中之重,里,7,31683,l,zhòng zhōng zhī zhòng,"of the utmost importance,of highest priority",1
重组,里,7,5805,v,chóng zǔ,to reorganize; to recombine; to restructure,1
州,川,6,1970,n,zhōu,"prefecture,(old) province,(old) administrative division,state (e.g. of US),oblast (Russia),canton (Switzerland)",1
舟,舟,6,13838,n,zhōu,boat,1
周,口,2,352,qt,Zhōu,"surname Zhou,Zhou Dynasty (1046-256 BC)",3
周边,口,6,6380,n,zhōu biān,"periphery,rim,surroundings,all around,perimeter,peripheral (computing),spin-offs",1
周到,口,6,10949,a,zhōu dào,"thoughtful,considerate,attentive,thorough,also pr. [zhōu dao]",1
周密,口,7,15586,a,zhōu mì,"careful,thorough,meticulous,dense,impenetrable",1
周末,口,3,1269,t,zhōu mò,weekend,1
周年,口,5,3466,q,zhōu nián,"anniversary,annual",1
周期,口,6,8079,n,zhōu qī,"period,cycle",1
周围,口,4,1649,f,zhōu wéi,environs; surroundings; periphery,1
周旋,口,7,18812,v,zhōu xuán,"to mix with others,to socialize,to deal with,to contend",1
周折,口,7,20500,n,zhōu zhé,"twists and turns,vicissitude,complication,difficulty,effort",1
周转,口,7,19545,vn,zhōu zhuǎn,"to rotate,to circulate (cash, stock etc),turnover,circulation,cash flow",1
粥,米,6,6967,n,yù,used in 荤粥,2
昼夜,尸,7,18083,n,zhòu yè,"day and night,period of 24 hours,continuously, without stop",1
皱,皮,7,7246,v,zhòu,"to wrinkle,wrinkled,to crease",1
皱纹,皮,7,9872,n,zhòu wén,wrinkle,1
骤然,马,7,33542,d,zhòu rán,"suddenly,abruptly",1
朱红,木,7,57663,b,zhū hóng,vermilion,1
株,木,6,8828,q,zhū,"tree trunk,stump (tree root),a plant,classifier for trees or plants,strain (biology)",1
珠宝,王,6,5766,n,zhū bǎo,"pearls,jewels,precious stones",1
诸多,讠,6,10368,m,zhū duō,"(used for abstract things) a good deal, a lot of",1
诸如此类,讠,7,18755,l,zhū rú cǐ lèi,"things like this (idiom); and so on,and the rest,etc",1
诸位,讠,7,9293,r,zhū wèi,"(pron) everyone,Ladies and Gentlemen,Sirs",1
猪,犭,5,1583,n,zhū,"hog,pig,swine",1
竹竿,竹,7,26873,n,zhú gān,"bamboo,bamboo pole",1
竹子,竹,5,15281,n,zhú zi,bamboo,1
逐步,辶,5,8734,d,zhú bù,"progressively,step by step",1
逐渐,辶,5,3347,d,zhú jiàn,gradually,1
逐年,辶,7,22226,d,zhú nián,"year after year,with each passing year,over the years",1
主,丶,7,768,g,zhǔ,"owner,master,host,individual or party concerned,God,Lord,main,to indicate or signify,trump card (in card games)",1
主办,丶,6,10648,v,zhǔ bàn,"to organize,to host (a conference or sports event)",1
主编,丶,7,7958,n,zhǔ biān,editor in chief,1
主持,丶,5,3176,v,zhǔ chí,"to take charge of,to manage or direct,to preside over,to uphold,to stand for (justice etc)",1
主持人,丶,6,3059,n,zhǔ chí rén,"TV or radio presenter,host,anchor",1
主导,丶,6,7113,n,zhǔ dǎo,"leading,dominant,prevailing,to lead,to direct,to dominate",1
主动,丶,5,2470,ad,zhǔ dòng,"to take the initiative,to do sth of one's own accord,spontaneous,active,opposite: passive 被动",1
主妇,丶,7,13657,n,zhǔ fù,"housewife,woman of senior authority in a household,the lady of the house,hostess",1
主观,丶,5,9403,a,zhǔ guān,subjective,1
主管,丶,6,2737,vn,zhǔ guǎn,"in charge,responsible for,person in charge,manager",1
主角,丶,6,3747,n,zhǔ jué,"leading role; lead,protagonist",1
主力,丶,7,9001,n,zhǔ lì,"main force,main strength of an army",1
主流,丶,6,8548,n,zhǔ liú,"main stream (of a river),fig. the essential point,main viewpoint of a matter,mainstream (culture etc)",1
主权,丶,7,12890,n,zhǔ quán,sovereignty,1
主人,丶,5,2399,n,zhǔ rén,"master,host,owner",1
主人公,丶,7,12344,n,zhǔ rén gōng,hero (of a novel or film); main protagonist,1
主任,丶,5,2133,n,zhǔ rèn,"director,head",1
主食,丶,5,29792,n,zhǔ shí,staple food,1
主题,丶,5,2127,n,zhǔ tí,"theme,subject",1
主题歌,丶,7,31573,n,zhǔ tí gē,theme song,1
主体,丶,7,14949,n,zhǔ tǐ,"main part,bulk,body,subject,agent",1
主席,丶,5,2330,n,zhǔ xí,"chairperson,premier,chairman",1
主演,丶,6,6397,,zhǔ yǎn,"to act the leading role (in a movie or a play),to star,lead actor",1
主要,丶,3,1031,b,zhǔ yào,"main,principal,major,primary",1
主页,丶,7,15045,n,zhǔ yè,home page,1
主义,丶,7,2798,n,zhǔ yì,"-ism,ideology",1
主意,丶,4,3584,n,zhǔ yi,"plan,idea,decision,Beijing pr. [zhú yi]",1
主宰,丶,7,11908,v,zhǔ zǎi,"to dominate,to rule,to dictate,master",1
主张,丶,6,6498,v,zhǔ zhāng,"to advocate,to stand for,view,position,stand,proposition,viewpoint,assertion",1
拄,扌,7,25510,v,zhǔ,"to lean on,to prop on",1
煮,灬,5,2829,v,zhǔ,variant of 煮,2
嘱咐,口,7,17575,v,zhǔ fù,"to tell,to exhort,injunction",1
瞩目,目,7,11052,v,zhǔ mù,to focus attention upon,1
住,亻,1,280,v,zhù,"to live,to dwell,to stay,to reside,to stop,(suffix indicating firmness, steadiness, or coming to a halt)",1
住处,亻,7,8775,n,zhù chù,residence; dwelling,1
住房,亻,5,7400,n,zhù fáng,housing,1
住户,亻,7,10943,n,zhù hù,"household,inhabitant,householder",1
住宿,亻,5,10703,v,zhù sù,"to stay at,lodging,accommodation",1
住院,亻,3,4464,v,zhù yuàn,"to be in hospital,to be hospitalized",1
住宅,亻,6,5260,n,zhù zhái,residence; dwelling; abode,1
住址,亻,5,14235,n,zhù zhǐ,address,1
助理,力,6,3755,n,zhù lǐ,assistant,1
助手,力,6,5431,n,zhù shǒu,assistant; helper,1
助威,力,7,21943,v,zhù wēi,"to cheer for,to encourage,to boost the morale of",1
注,氵,7,2196,v,zhù,"to inject,to pour into,to concentrate,to pay attention,stake (gambling),classifier for sums of money,variant of 注",2
注册,氵,5,3097,v,zhù cè,"to register,to enroll",1
注定,氵,7,3545,v,zhù dìng,"to foreordain,to be bound to,to be destined to,to be doomed to,inevitably",1
注入,氵,7,6200,v,zhù rù,"to pour into,to empty into",1
注射,氵,7,3225,v,zhù shè,"injection,to inject",1
注视,氵,7,7687,v,zhù shì,to look attentively at; to closely watch; to gaze at,1
注释,氵,7,21479,n,zhù shì,"to annotate; to add a comment,explanatory note; annotation",2
注意,氵,3,547,v,zhù yì,to take note of; to pay attention to,1
注重,氵,5,6231,v,zhù zhòng,"to pay attention to,to emphasize",1
贮藏,贝,7,24432,v,zhù cáng,"to store up,to hoard,deposits",1
驻,马,7,5499,v,zhù,"to halt,to stay,to be stationed (of troops, diplomats etc)",1
驻扎,马,7,13157,v,zhù zhā,"to station,to garrison (troops)",1
柱子,木,7,15583,n,zhù zi,pillar,1
祝,礻,4,1197,v,Zhù,surname Zhu,2
祝福,礻,6,2756,v,zhù fú,"blessings,to wish sb well",1
祝贺,礻,4,3501,v,zhù hè,"to congratulate,congratulations",1
祝愿,礻,6,9931,v,zhù yuàn,to wish,1
筑,⺮,7,10332,v,Zhù,short name for Guiyang 贵阳,3
铸造,钅,7,14851,v,zhù zào,to cast (pour metal into a mold),1
抓,扌,5,797,v,zhuā,"to grab,to catch,to arrest,to snatch,to scratch",1
抓紧,扌,5,3896,v,zhuā jǐn,"to keep a firm grip on,to pay close attention to,to lose no time in (doing sth)",1
抓住,扌,3,1500,v,zhuā zhù,to grab hold of; to capture,1
拽,扌,7,6459,v,yè,"to drag,to haul",4
专程,一,7,12055,d,zhuān chéng,"specifically,specially (for that purpose)",1
专柜,一,7,20297,n,zhuān guì,sales counter dedicated to a certain kind of product (e.g. alcohol),1
专辑,一,7,3299,n,zhuān jí,"album,record (music),special collection of printed or broadcast material",1
专家,一,5,1096,n,zhuān jiā,expert; specialist,1
专科,一,6,13834,n,zhuān kē,"specialized subject,branch (of medicine),specialized training school",1
专栏,一,7,9363,n,zhuān lán,special column,1
专利,一,6,6388,n,zhuān lì,"patent,sth uniquely enjoyed (or possessed etc) by a certain group of people,monopoly",1
专卖店,一,7,13829,n,zhuān mài diàn,specialty store,1
专门,一,4,2288,d,zhuān mén,"specialist,specialized,customized",1
专人,一,7,16448,n,zhuān rén,"specialist,person appointed for specific task",1
专题,一,6,10707,n,zhuān tí,"specific topic (addressed by a book, lecture, TV program etc),article, report or program etc on a specific topic",1
专心,一,5,8032,ad,zhuān xīn,to focus one's attention; to concentrate on (doing sth),1
专业,一,4,1146,n,zhuān yè,"specialty,specialized field,main field of study (at university),major,professional",1
专用,一,6,5813,vn,zhuān yòng,"special,dedicated",1
专长,一,7,14409,n,zhuān cháng,"specialty,special knowledge or ability",1
专著,一,7,18827,,zhuān zhù,"monograph,specialized text",1
专职,一,7,13892,b,zhuān zhí,"special duty,assigned full time to a task",1
专制,一,7,17036,n,zhuān zhì,"autocracy,dictatorship",1
专注,一,6,7159,v,zhuān zhù,to focus; to concentrate; to give one's full attention,1
砖,石,6,6186,n,zhuān,variant of 砖,3
砖瓦,石,6,65496,n,zhuān wǎ,tiles and bricks,1
转,车,4,508,v,zhuǎi,see 转文,3
转变,车,5,3151,v,zhuǎn biàn,"to change,to transform,shift,transformation",1
转播,车,7,10252,vn,zhuǎn bō,"relay,broadcast (on radio or TV)",1
转达,车,7,14912,v,zhuǎn dá,"to pass on,to convey,to communicate",1
转动,车,6,8802,v,zhuǎn dòng,"to turn sth around,to swivel",2
转告,车,5,12234,v,zhuǎn gào,"to pass on,to communicate,to transmit",1
转化,车,7,7786,v,zhuǎn huà,"to change,to transform,isomerization (chemistry)",1
转换,车,6,4951,v,zhuǎn huàn,"to change,to switch,to convert,to transform",1
转机,车,4,12036,n,zhuǎn jī,"(to take) a turn for the better,to change planes",1
转交,车,6,14866,v,zhuǎn jiāo,"to pass on to sb,to carry and give to sb else",1
转让,车,6,10032,v,zhuǎn ràng,"to transfer (ownership, rights etc)",1
转身,车,6,3933,v,zhuǎn shēn,"(of a person) to turn round,to face about,(of a widow) to remarry (archaic)",1
转弯,车,4,10633,v,zhuǎn wān,"to turn,to go around a corner",1
转向,车,5,5484,v,zhuǎn xiàng,"to change direction,fig. to change one's stance",2
转型,车,7,12211,v,zhuǎn xíng,"to undergo fundamental change; to transition; to transform,to update (to a new model of product)",1
转学,车,7,21954,v,zhuǎn xué,"to change schools,to transfer to another college",1
转眼,车,7,17636,d,zhuǎn yǎn,"in a flash,in the blink of an eye,to glance",1
转移,车,6,2080,v,zhuǎn yí,"to shift; to relocate; to transfer,(fig.) to shift (attention); to change (the subject etc),(medicine) to metastasize",1
转悠,车,7,9739,v,zhuàn you,"to roll,to wander around,to appear repeatedly",1
转载,车,7,20118,v,zhuǎn zǎi,"to forward (a shipment),to reprint sth published elsewhere,Taiwan pr. [zhuǎn zài]",1
转折,车,7,15256,vn,zhuǎn zhé,"shift in the trend of events,turnaround,plot shift in a book,turn in the conversation",1
转折点,车,7,16397,n,zhuǎn zhé diǎn,"turning point,breaking point",1
赚,贝,4,2163,v,zhuàn,"to earn,to make a profit",2
赚钱,贝,6,3630,v,zhuàn qián,"to earn money,moneymaking",1
撰写,扌,7,15130,v,zhuàn xiě,"to write,to compose",1
庄稼,广,6,15246,n,zhuāng jia,farm crop,1
庄严,广,7,12335,a,zhuāng yán,solemn; dignified; stately,1
庄园,广,7,12957,n,zhuāng yuán,"manor,feudal land,villa and park",1
庄重,广,7,17692,a,zhuāng zhòng,"grave,solemn,dignified",1
桩,木,7,4450,q,zhuāng,"stump,stake,pile,classifier for items",1
装,衣,4,741,v,zhuāng,"adornment,to adorn,dress,clothing,costume (of an actor in a play),to play a role,to pretend,to install,to fix",1
装扮,衣,7,8307,v,zhuāng bàn,"to decorate,to adorn,to dress up,to disguise oneself",1
装备,衣,6,2855,n,zhuāng bèi,"equipment,to equip,to outfit",1
装饰,衣,5,3810,n,zhuāng shì,"to decorate,decoration,decorative,ornamental",1
装卸,衣,6,21173,vn,zhuāng xiè,"to load or unload,to transfer,to assemble and disassemble",1
装修,衣,5,4138,v,zhuāng xiū,"to decorate,interior decoration,to fit up,to renovate",1
装置,衣,7,2991,n,zhuāng zhì,"to install,installation,equipment,system,unit,device",1
壮,士,7,6069,v,Zhuàng,"Zhuang ethnic group of Guangxi, the PRC's second most numerous ethnic group",2
壮大,士,7,11982,v,zhuàng dà,"to expand,to strengthen",1
壮胆,士,7,35084,v,zhuàng dǎn,"to get one’s courage up,to embolden",1
壮观,士,7,9701,a,zhuàng guān,"spectacular,magnificent sight",1
壮丽,士,7,23422,a,zhuàng lì,"magnificence,magnificent,majestic,glorious",1
壮烈,士,7,26193,ad,zhuàng liè,"brave,heroic",1
壮实,士,7,40182,a,zhuàng shi,"robust,sturdy",1
状况,犬,5,1372,n,zhuàng kuàng,condition; state; situation,1
状态,犬,5,1158,n,zhuàng tài,condition; state; state of affairs,1
状元,犬,7,23703,n,zhuàng yuán,"top scorer in the palace examination (highest rank of the Imperial examination system),see 眼 and 花",1
撞,扌,5,2075,v,zhuàng,"to knock against,to bump into,to run into,to meet by accident",1
撞击,扌,7,7572,v,zhuàng jī,"to strike,to hit,to ram",1
追,辶,5,1265,v,duī,"to sculpt,to carve,musical instrument (old)",2
追悼,辶,7,28513,vn,zhuī dào,to mourn; to pay last respects,1
追悼会,辶,7,21919,n,zhuī dào huì,"memorial service,funeral service",1
追赶,辶,7,10339,v,zhuī gǎn,"to pursue,to chase after,to accelerate,to catch up with,to overtake",1
追究,辶,6,7709,v,zhuī jiū,"to investigate,to look into",1
追求,辶,5,2302,v,zhuī qiú,"to pursue (a goal etc) stubbornly,to seek after,to woo",1
追溯,辶,7,12382,v,zhuī sù,"lit. to go upstream,to trace sth back to,to date from",1
追随,辶,7,10411,v,zhuī suí,"to follow,to accompany",1
追尾,辶,7,1000000,,zhuī wěi,"to tailgate,to hit the car in front as a result of tailgating",1
追问,辶,7,12504,v,zhuī wèn,"to question closely,to investigate in detail,to examine minutely,to get to the heart of the matter",1
追逐,辶,7,7441,v,zhuī zhú,"to chase,to pursue vigorously",1
追踪,辶,7,5274,v,zhuī zōng,"to follow a trail,to trace,to pursue",1
坠,土,7,8652,v,zhuì,"to fall,to drop,to weigh down",1
准,冫,4,1396,a,zhǔn,"to allow,to grant,in accordance with,in the light of",2
准备,冫,2,333,v,zhǔn bèi,"preparation,to prepare,to intend,to be about to,reserve (fund)",1
准确,冫,4,2864,a,zhǔn què,accurate; exact; precise,1
准时,冫,4,6248,ad,zhǔn shí,"on time,punctual,on schedule",1
准许,冫,7,15685,v,zhǔn xǔ,"to allow,to grant,to permit",1
准则,冫,7,6318,n,zhǔn zé,"norm,standard,criterion",1
卓越,十,7,10029,a,zhuó yuè,"outstanding,surpassing,distinguished,splendid",1
拙劣,扌,7,27134,a,zhuō liè,"clumsy,botched",1
捉,扌,6,6204,v,zhuō,"to clutch,to grab,to capture",1
捉迷藏,扌,7,43140,,zhuō mí cáng,to play hide-and-seek,1
桌子,木,1,3639,n,zhuō zi,"table,desk",1
灼热,火,7,26169,z,zhuó rè,burning hot; scorching,1
酌情,酉,7,35706,d,zhuó qíng,"to use discretion,to take circumstances into account,to make allowances pertinent to a situation",1
兹,艹,7,5397,Rg,zī,"now,here,this,time,year",1
咨询,口,5,2768,vn,zī xún,"to consult,to seek advice,consultation,(sales) inquiry (formal)",1
姿势,女,5,4464,n,zī shì,"posture,position",1
姿态,女,7,6886,n,zī tài,"attitude,posture,stance",1
资本,贝,6,6830,n,zī běn,capital (economics),1
资本主义,贝,7,9043,n,zī běn zhǔ yì,capitalism,1
资产,贝,6,3495,n,zī chǎn,"property,assets",1
资格,贝,5,2290,n,zī gé,"qualifications,seniority",1
资金,贝,5,1851,n,zī jīn,funds; capital,1
资历,贝,7,19166,n,zī lì,"qualifications,experience,seniority",1
资料,贝,4,1130,n,zī liào,"material,resources,data,information,profile (Internet)",1
资深,贝,7,9745,b,zī shēn,"veteran (journalist etc),senior,highly experienced",1
资讯,贝,7,9530,n,zī xùn,information,1
资源,贝,5,2319,n,Zī yuán,"Ziyuan county in Guilin 林, Guangxi",2
资助,贝,7,5290,v,zī zhù,"to subsidize,to provide financial aid,subsidy",1
滋润,氵,7,11719,v,zī rùn,"moist,humid,to moisten,to provide moisture,comfortably off",1
滋味,氵,7,5466,n,zī wèi,"taste,flavor,feeling",1
滋长,氵,6,32742,v,zī zhǎng,"to grow (usually of abstract things),to yield,to develop",1
仔细,亻,4,2274,ad,zǐ xì,"careful; attentive; cautious,to be careful; to look out",1
紫,糸,5,6061,a,zǐ,"purple,violet",1
字,子,1,913,n,zì,"letter,symbol,character,word,courtesy or style name traditionally given to males aged 20 in dynastic China",1
字典,子,3,13961,n,zì diǎn,"Chinese character dictionary (containing entries for single characters, contrasted with a 词典",1
字迹,子,7,18775,n,zì jì,handwriting,1
字母,子,5,6456,n,zì mǔ,letter (of the alphabet),1
字幕,子,6,11551,n,zì mù,"caption,subtitle",1
字体,子,7,14849,n,zì tǐ,"calligraphic style,typeface,font",1
字眼,子,7,12610,n,zì yǎn,wording,1
自,自,4,566,p,zì,"self,oneself,from,since,naturally,surely",1
自卑,自,7,13615,a,zì bēi,"to have low self-esteem,to abase oneself",1
自称,自,7,6216,v,zì chēng,"to call oneself,to claim to be,to profess,to claim a title",1
自从,自,5,2256,p,zì cóng,"since (a time),ever since",1
自动,自,5,2365,d,zì dòng,"automatic,voluntarily",1
自发,自,7,14028,d,zì fā,spontaneous,1
自费,自,7,30053,d,zì fèi,"at one's own expense,self-funded",1
自负,自,7,12486,v,zì fù,"conceited,to take responsibility",1
自豪,自,6,4682,a,zì háo,proud (of one's achievements etc),1
自己,自,2,56,r,zì jǐ,"oneself,one's own",1
自觉,自,5,7977,a,zì jué,"conscious,aware,on one's own initiative,conscientious",1
自来水,自,6,11026,n,zì lái shuǐ,"running water,tap water",1
自理,自,7,21709,v,zì lǐ,"to take care of oneself,to provide for oneself",1
自力更生,自,7,17454,v,zì lì gēng shēng,"regeneration through one's own effort (idiom),self-reliance",1
自立,自,7,14329,v,zì lì,"independent,self-reliant,self-sustaining,to stand on one's own feet,to support oneself",1
自满,自,7,28624,a,zì mǎn,"complacent,self-satisfied",1
自强不息,自,7,36274,v,zì qiáng bù xī,"to strive unremittingly,self-improvement",1
自然,自,4,929,n,zì rán,"nature,natural,naturally",1
自然而然,自,7,13203,l,zì rán ér rán,"involuntary,automatically",1
自然界,自,7,14883,n,zì rán jiè,"nature,the natural world",1
自如,自,7,10772,a,zì rú,"unobstructed,unconstrained,smoothly,with ease,freely",1
自杀,自,6,2864,v,zì shā,"to kill oneself,to commit suicide,to attempt suicide",1
自身,自,5,3490,r,zì shēn,"itself,oneself,one's own",1
自始至终,自,7,17560,l,zì shǐ zhì zhōng,from start to finish (idiom),1
自私,自,7,5778,a,zì sī,"selfish,selfishness",1
自私自利,自,7,29615,v,zì sī zì lì,"everything for self and selfish profit (idiom); with no regard for others,selfish,mercenary",1
自卫,自,7,12386,v,zì wèi,"to defend oneself,self-defense",1
自我,自,6,1634,r,zì wǒ,"self-,ego (psychology)",1
自相矛盾,自,7,28620,v,zì xiāng máo dùn,"to contradict oneself,self-contradictory,inconsistent",1
自信,自,4,2610,v,zì xìn,"to have confidence in oneself,self-confidence",1
自信心,自,7,16766,n,zì xìn xīn,self-confidence,1
自行,自,7,7172,d,zì xíng,"voluntary,autonomous,by oneself,self-",1
自行车,自,3,3400,n,zì xíng chē,bicycle; bike,1
自学,自,4,15439,v,zì xué,"self-study,to study on one's own",1
自言自语,自,6,13534,l,zì yán zì yǔ,"to talk to oneself,to think aloud,to soliloquize",1
自以为是,自,7,12001,v,zì yǐ wéi shì,"to believe oneself infallible (idiom),to be opinionated",1
自由,自,5,1067,a,zì yóu,"freedom; liberty,free; unrestricted",1
自由自在,自,7,19488,l,zì yóu zì zài,"free and easy (idiom); carefree,leisurely",1
自愿,自,6,4902,v,zì yuàn,voluntary,1
自在,自,7,7927,a,zì zai,comfortable; at ease,1
自责,自,7,12389,v,zì zé,to blame oneself,1
自主,自,7,6858,v,zì zhǔ,"independent,to act for oneself,autonomous",1
自助,自,6,10615,b,zì zhù,self-service,1
自尊,自,7,8402,v,zì zūn,"self-respect,self-esteem,ego,pride",1
自尊心,自,7,13455,n,zì zūn xīn,"self-respect,self-esteem,ego",1
子,子,3,627,g,zǐ,"son,child,seed,egg,small thing,1st earthly branch: 11 p.m.-1 a.m., midnight",2
子弹,子,7,4136,n,zǐ dàn,bullet,1
子弟,子,7,15306,n,zǐ dì,"child,the younger generation",1
子女,子,5,7337,n,zǐ nǚ,children; sons and daughters,1
子孙,子,7,14649,n,zǐ sūn,"offspring,posterity",1
宗,宀,7,3992,q,Zōng,surname Zong,2
宗教,宀,7,3459,n,zōng jiào,religion,1
宗旨,宀,7,10577,n,zōng zhǐ,"objective,aim,goal",1
综合,纟,5,4226,vn,zōng hé,"comprehensive,composite,synthesized,mixed,to sum up,to integrate,to synthesize",1
综上所述,纟,7,37654,c,zōng shàng suǒ shù,"to summarize,to sum up",1
棕色,木,6,9535,n,zōng sè,brown,1
踪迹,足,7,12702,n,zōng jì,"tracks,trail,footprint,trace,vestige",1
总,心,3,335,d,zǒng,"general; overall,to sum up,in every case; always; invariably,anyway; after all; eventually; sooner or later,surely",1
总部,心,5,3767,n,zǒng bù,general headquarters,1
总裁,心,6,4197,n,zǒng cái,"chairman,director-general (of a company etc)",1
总的来说,心,7,9622,c,zǒng de lái shuō,"generally speaking,to sum up,in summary,in short",1
总额,心,7,12628,n,zǒng é,total (amount or value),1
总而言之,心,7,19808,c,zǒng ér yán zhī,"in short,in a word,in brief",1
总共,心,5,6369,d,zǒng gòng,altogether; in sum; in all; in total,1
总和,心,7,15265,n,zǒng hé,sum,1
总计,心,6,19345,v,zǒng jì,(grand) total,1
总监,心,6,6644,n,zǒng jiān,"head,director (of an organizational unit),(police) commissioner,inspector-general",1
总结,心,4,4753,v,zǒng jié,"to sum up,to conclude,summary,résumé",1
总经理,心,6,8536,n,zǒng jīng lǐ,"general manager,CEO",1
总理,心,6,5561,n,zǒng lǐ,"premier,prime minister",1
总量,心,6,20305,n,zǒng liàng,"total,overall amount",1
总是,心,3,638,d,zǒng shì,always,1
总数,心,5,9556,n,zǒng shù,"total,sum,aggregate",1
总算,心,6,4933,d,zǒng suàn,"at long last,finally,on the whole",1
总体,心,5,6976,n,zǒng tǐ,"completely,totally,total,entire,overall,population (statistics)",1
总统,心,5,988,n,zǒng tǒng,president (of a country),1
总之,心,5,3282,c,zǒng zhī,"in a word,in short,in brief",1
纵观,纟,7,21904,v,zòng guān,"to survey comprehensively,an overall survey",1
纵横,纟,7,18852,v,zòng héng,"lit. warp and weft in weaving; vertically and horizontal,length and breadth,criss-crossed,able to move unhindered",1
纵横交错,纟,7,51225,v,zòng héng jiāo cuò,criss-crossed (idiom),1
纵然,纟,7,26104,c,zòng rán,"even if,even though",1
纵容,纟,7,13862,v,zòng róng,"to indulge,to connive at",1
纵深,纟,7,34239,n,zòng shēn,"depth (from front to rear),depth (into a territory),span (of time),(fig.) depth (of deployment, progress",1
粽子,米,6,26967,n,zòng zi,glutinous rice and choice of filling wrapped in leaves and steamed or boiled,1
走,走,2,109,v,zǒu,"to walk,to go,to run,to move (of vehicle),to visit,to leave,to go away,to die (euph.),from,through",1
走过,走,2,5277,v,zǒu guò,"to walk past,to pass by",1
走过场,走,7,35620,v,zǒu guò chǎng,to go through the motions,1
走后门,走,7,33149,v,zǒu hòu mén,"lit. to enter by the back door,fig. to gain influence by pull or unofficial channels",1
走近,走,7,11575,v,zǒu jìn,"to approach,to draw near to",1
走进,走,2,10163,v,zǒu jìn,to enter,1
走开,走,2,7742,v,zǒu kāi,"to leave,to walk away,to beat it,to move aside",1
走廊,走,6,5747,n,zǒu láng,"corridor,aisle,hallway,passageway,veranda",1
走漏,走,7,35406,v,zǒu lòu,"to leak (information, secrets etc),to smuggle and evade tax,to suffer shrinkage (partial loss of goods due to theft etc)",1
走路,走,2,4517,v,zǒu lù,"to walk,to go on foot",1
走私,走,7,6907,v,zǒu sī,"to smuggle,to have an illicit affair",1
走投无路,走,7,21040,l,zǒu tóu wú lù,"to be at an impasse (idiom),in a tight spot,at the end of one's rope,desperate",1
走弯路,走,7,46527,v,zǒu wān lù,"to take an indirect route,to waste one's time by using an inappropriate method",1
奏,大,6,9296,v,zòu,"to play music,to achieve,to present a memorial to the emperor (old)",1
奏效,大,7,12887,v,zòu xiào,to show results; to be effective,1
揍,扌,7,6384,v,zòu,"to hit; to beat (sb),(coll.) to smash (sth)",1
租,禾,4,2332,v,zū,"to hire,to rent,to charter,to rent out,to lease out,rent,land tax",1
租金,禾,5,6930,n,zū jīn,rent,1
租赁,禾,7,10185,vn,zū lìn,to rent; to lease; to hire,1
足,足,6,2507,a,jù,excessive,2
足够,足,5,1692,v,zú gòu,"enough,sufficient",1
足迹,足,7,11803,n,zú jì,"footprint,track,spoor",1
足球,足,2,2550,n,zú qiú,"soccer ball,a football,soccer,football",1
足以,足,6,4303,d,zú yǐ,"sufficient to...,so much so that,so that",1
足智多谋,足,7,37859,v,zú zhì duō móu,"resourceful,full of stratagems",1
族,方,5,2852,g,zú,"race,nationality,ethnicity,clan,by extension, social group (e.g. office workers 上班族)",1
阻碍,阝,6,6293,v,zǔ ài,"to obstruct,to hinder,to block,obstruction,hindrance",1
阻挡,阝,6,7670,v,zǔ dǎng,"to stop,to resist,to obstruct",1
阻拦,阝,7,15281,v,zǔ lán,"to stop,to obstruct",1
阻力,阝,7,11777,n,zǔ lì,"resistance,drag",1
阻挠,阝,7,13665,v,zǔ náo,"to thwart,to obstruct (sth)",1
阻止,阝,5,2318,v,zǔ zhǐ,"to prevent,to block",1
组,纟,4,578,n,Zǔ,surname Zu,2
组成,纟,5,2717,v,zǔ chéng,"to form,to make up,to constitute",1
组合,纟,5,2208,v,zǔ hé,"to assemble,to combine,to compose,combination,association,set,compilation,(math.) combinatorial",1
组建,纟,7,6285,v,zǔ jiàn,"to organize,to set up,to establish",1
组长,纟,2,10622,n,zǔ zhǎng,group leader,1
组织,纟,5,590,n,zǔ zhī,"to organize,organization,(biology) tissue,(textiles) weave",1
组装,纟,7,12300,v,zǔ zhuāng,to assemble; to put together,1
祖传,礻,7,28840,vn,zǔ chuán,"passed on from ancestors,handed down from generation to generation",1
祖父,礻,7,11332,n,zǔ fù,"father's father,paternal grandfather",1
祖国,礻,6,4334,n,zǔ guó,motherland,1
祖籍,礻,7,38480,n,zǔ jí,"ancestral hometown,original domicile (and civil registration)",1
祖母,礻,7,12428,n,zǔ mǔ,"father's mother,paternal grandmother",1
祖先,礻,6,10617,n,zǔ xiān,"ancestors; forebears,(biology) ancestral species; ancient species from which present-day species evolved",1
祖宗,礻,7,19716,n,zǔ zōng,"ancestor,forebear",1
钻,钅,6,3642,v,zuàn,variant of 钻,3
钻空子,钅,7,41378,v,zuān kòng zi,to take advantage of a loophole; to exploit an advantage; to seize the opportunity (esp. to do sth bad),1
钻石,钅,7,4656,n,zuàn shí,diamond,1
钻研,钅,7,18148,v,zuān yán,"to study meticulously,to delve into",1
嘴,口,3,1059,n,zuǐ,"mouth,beak,nozzle,spout (of teapot etc)",1
嘴巴,口,5,4576,n,zuǐ ba,"mouth,slap in the face",1
嘴唇,口,7,5750,n,zuǐ chún,lip,1
最,曰,2,89,d,zuì,variant of 最,3
最初,曰,5,4118,b,zuì chū,"first,primary,initial,original,at first,initially,originally",1
最好,曰,3,1704,d,zuì hǎo,"best,(you) had better (do what we suggest)",1
最后,曰,3,261,f,zuì hòu,"final,last,finally,ultimate",1
最佳,曰,5,1835,z,zuì jiā,"optimum,optimal,peak,best (athlete, movie etc)",1
最近,曰,3,612,t,zuì jìn,"recently,soon,nearest",1
最终,曰,4,898,d,zuì zhōng,final; ultimate,1
罪,罒,6,1978,n,zuì,"guilt,crime,fault,blame,sin",2
罪恶,罒,6,6336,n,zuì è,"crime,evil,sin",1
罪犯,罒,7,5901,n,zuì fàn,criminal,1
罪魁祸首,罒,7,18017,l,zuì kuí huò shǒu,"criminal ringleader, main offender (idiom); main culprit,fig. main cause of a disaster",1
醉,酉,5,2402,v,zuì,intoxicated,1
尊贵,寸,7,11538,a,zūn guì,"respected,respectable,honorable",1
尊敬,寸,5,4630,v,zūn jìng,"to respect; to revere; to esteem,honorable; distinguished (used on formal occasions before a term of address)",1
尊严,寸,7,5506,n,zūn yán,"dignity,sanctity,honor,majesty",1
尊重,寸,4,1926,v,zūn zhòng,"to esteem,to respect,to honor,to value,eminent,serious,proper",1
遵守,辶,5,3894,v,zūn shǒu,to comply with; to abide by; to respect (an agreement),1
遵循,辶,7,7828,v,zūn xún,to follow; to abide by; to comply with,1
遵照,辶,7,13750,v,zūn zhào,"in accordance with,to follow (the rules)",1
昨天,日,1,557,t,zuó tiān,yesterday,1
琢磨,王,7,8593,v,zhuó mó,"to carve and polish (jade),to polish and refine a literary work",2
左,工,2,1382,f,Zuǒ,surname Zuo,2
左边,工,2,4584,f,zuǒ bian,"left,the left side,to the left of",1
左顾右盼,工,7,42319,v,zuǒ gù yòu pàn,glancing to left and right (idiom); to look all around,1
左右,工,4,1351,m,zuǒ yòu,"left and right,nearby,approximately,attendant,to control,to influence",1
佐料,亻,7,30583,n,zuǒ liào,"condiments,seasoning",1
作,亻,6,483,v,zuō,"worker,workshop,(slang) troublesome,high-maintenance (person)",2
作弊,亻,7,7875,v,zuò bì,"to practice fraud,to cheat,to engage in corrupt practices",1
作出,亻,5,3060,v,zuò chū,"to put out,to come up with,to make (a choice, decision, proposal, response, comment etc),to issue (a permit, statement",1
作对,亻,7,17854,v,zuò duì,"to set oneself against,to oppose,to make a pair",1
作废,亻,7,15045,v,zuò fèi,"to become invalid,to cancel,to delete,to nullify",1
作风,亻,7,5307,n,zuò fēng,"style,style of work,way",1
作家,亻,4,3034,n,zuò jiā,author,1
作客,亻,7,29234,v,zuò kè,to live somewhere as a visitor; to stay with sb as a guest; to sojourn,1
作品,亻,4,1381,n,zuò pǐn,"work (of art),opus",1
作为,亻,4,405,p,zuò wéi,"one's conduct,deed,activity,accomplishment,achievement,to act as,as (in the capacity of),qua,to view as",1
作文,亻,4,10798,n,zuò wén,"to write an essay,composition (student essay)",1
作物,亻,7,15534,n,zuò wù,crop,1
作息,亻,7,24065,n,zuò xī,to work and rest,1
作业,亻,3,2574,n,zuò yè,"school assignment,homework,work,task,operation,to operate",1
作用,亻,4,955,n,zuò yòng,"to act on,to affect,action,function,activity,impact,result,effect,purpose,intent,(suffix) -ation, -tion etc, as in 用",1
作战,亻,7,3612,v,zuò zhàn,"combat,to fight",1
作者,亻,4,2796,n,zuò zhě,author; writer,1
坐,土,1,435,v,Zuò,surname Zuo,2
坐落,土,7,17181,v,zuò luò,"to be situated,to be located (of a building)",1
坐下,土,1,3600,v,zuò xia,to sit down,1
座,广,4,751,q,zuò,"seat,base,stand,(archaic) suffix used in a respectful form of address, e.g. 师座,classifier for buildings",1
座谈,广,7,20453,v,zuò tán,to have an informal discussion,1
座谈会,广,6,14733,n,zuò tán huì,"conference,symposium,rap session",1
座位,广,4,4477,n,zuò wèi,seat,1
座右铭,广,7,21583,n,zuò yòu míng,"motto,maxim",1
做,亻,1,53,v,zuò,"to make; to produce,to write; to compose,to do; to engage in; to hold (a party etc)",1
做到,亻,2,818,v,zuò dào,"to accomplish,to achieve",1
做东,亻,6,53335,v,zuò dōng,to act as host,1
做法,亻,4,3019,n,zuò fǎ,"way of handling sth,method for making,work method,recipe,practice",1
做饭,亻,1,5512,v,zuò fàn,"to prepare a meal,to cook",1
做客,亻,3,13383,v,zuò kè,to be a guest or visitor,1
做梦,亻,4,4824,v,zuò mèng,"to dream,to have a dream,fig. illusion,fantasy,pipe dream",1
做生意,亻,7,9762,,zuò shēng yì,to do business,1
做证,亻,7,1000000,,zuò zhèng,variant of 作证,1
做主,亻,7,12610,v,zuò zhǔ,see 主,1
