id;word
1;的
2;一
3;是
4;不
5;了
6;在
7;人
8;有
9;我
10;他
11;这
12;个
13;们
14;中
15;来
16;上
17;大
18;为
19;和
20;国
21;地
22;到
23;以
24;说
25;时
26;要
27;就
28;出
29;会
30;可
31;也
32;你
33;对
34;生
35;能
36;而
37;子
38;那
39;得
40;于
41;着
42;下
43;自
44;之
45;年
46;过
47;发
48;后
49;作
50;里
51;用
52;道
53;行
54;所
55;然
56;家
57;种
58;事
59;成
60;方
61;多
62;经
63;么
64;去
65;法
66;学
67;如
68;都
69;同
70;现
71;当
72;没
73;动
74;面
75;起
76;看
77;定
78;天
79;分
80;还
81;进
82;好
83;小
84;部
85;其
86;些
87;主
88;样
89;理
90;心
91;她
92;本
93;前
94;开
95;但
96;因
97;只
98;从
99;想
100;实
101;日
102;军
103;者
104;意
105;无
106;力
107;它
108;与
109;长
110;把
111;机
112;十
113;民
114;第
115;公
116;此
117;已
118;工
119;使
120;情
121;明
122;性
123;知
124;全
125;三
126;又
127;关
128;点
129;正
130;业
131;外
132;将
133;两
134;高
135;间
136;由
137;问
138;很
139;最
140;重
141;并
142;物
143;手
144;应
145;战
146;向
147;头
148;文
149;体
150;政
151;美
152;相
153;见
154;被
155;利
156;什
157;二
158;等
159;产
160;或
161;新
162;己
163;制
164;身
165;果
166;加
167;西
168;月
169;话
170;合
171;回
172;特
173;代
174;内
175;信
176;表
177;化
178;老
179;给
180;世
181;位
182;次
183;度
184;门
185;任
186;常
187;先
188;海
189;通
190;教
191;儿
192;原
193;东
194;声
195;提
196;立
197;及
198;比
199;员
200;解
201;水
202;名
203;真
204;论
205;处
206;走
207;义
208;各
209;入
210;几
211;口
212;认
213;条
214;平
215;系
216;气
217;题
218;活
219;尔
220;更
221;别
222;打
223;女
224;变
225;四
226;神
227;总
228;何
229;电
230;数
231;安
232;少
233;报
234;才
235;结
236;反
237;受
238;目
239;太
240;量
241;再
242;感
243;建
244;务
245;做
246;接
247;必
248;场
249;件
250;计
251;管
252;期
253;市
254;直
255;德
256;资
257;命
258;山
259;金
260;指
261;克
262;许
263;统
264;区
265;保
266;至
267;队
268;形
269;社
270;便
271;空
272;决
273;治
274;展
275;马
276;科
277;司
278;五
279;基
280;眼
281;书
282;非
283;则
284;听
285;白
286;却
287;界
288;达
289;光
290;放
291;强
292;即
293;像
294;难
295;且
296;权
297;思
298;王
299;象
300;完
301;设
302;式
303;色
304;路
305;记
306;南
307;品
308;住
309;告
310;类
311;求
312;据
313;程
314;北
315;边
316;死
317;张
318;该
319;交
320;规
321;万
322;取
323;拉
324;格
325;望
326;觉
327;术
328;领
329;共
330;确
331;传
332;师
333;观
334;清
335;今
336;切
337;院
338;让
339;识
340;候
341;带
342;导
343;争
344;运
345;笑
346;飞
347;风
348;步
349;改
350;收
351;根
352;干
353;造
354;言
355;联
356;持
357;组
358;每
359;济
360;车
361;亲
362;极
363;林
364;服
365;快
366;办
367;议
368;往
369;元
370;英
371;士
372;证
373;近
374;失
375;转
376;夫
377;令
378;准
379;布
380;始
381;怎
382;呢
383;存
384;未
385;远
386;叫
387;台
388;单
389;影
390;具
391;字
392;爱
393;击
394;流
395;备
396;兵
397;连
398;调
399;深
400;商
401;算
402;质
403;团
404;集
405;百
406;需
407;价
408;花
409;党
410;华
411;城
412;石
413;级
414;整
415;府
416;离
417;况
418;亚
419;请
420;技
421;际
422;约
423;示
424;复
425;病
426;息
427;究
428;线
429;似
430;官
431;火
432;断
433;精
434;满
435;支
436;视
437;消
438;越
439;器
440;容
441;照
442;须
443;九
444;增
445;研
446;写
447;称
448;企
449;八
450;功
451;吗
452;包
453;片
454;史
455;委
456;乎
457;查
458;轻
459;易
460;早
461;曾
462;除
463;农
464;找
465;装
466;广
467;显
468;吧
469;阿
470;李
471;标
472;谈
473;吃
474;图
475;念
476;六
477;引
478;历
479;首
480;医
481;局
482;突
483;专
484;费
485;号
486;尽
487;另
488;周
489;较
490;注
491;语
492;仅
493;考
494;落
495;青
496;随
497;选
498;列
499;武
500;红
501;响
502;虽
503;推
504;势
505;参
506;希
507;古
508;众
509;构
510;房
511;半
512;节
513;土
514;投
515;某
516;案
517;黑
518;维
519;革
520;划
521;敌
522;致
523;律
524;足
525;态
526;护
527;七
528;兴
529;派
530;孩
531;验
532;责
533;营
534;星
535;够
536;章
537;音
538;跟
539;志
540;底
541;站
542;严
543;巴
544;例
545;防
546;族
547;供
548;效
549;续
550;施
551;留
552;讲
553;型
554;料
555;终
556;答
557;紧
558;黄
559;绝
560;奇
561;察
562;母
563;京
564;段
565;依
566;批
567;群
568;项
569;故
570;按
571;河
572;米
573;围
574;江
575;织
576;害
577;斗
578;双
579;境
580;客
581;纪
582;采
583;举
584;杀
585;攻
586;父
587;苏
588;密
589;低
590;朝
591;友
592;诉
593;止
594;细
595;愿
596;千
597;值
598;仍
599;男
600;钱
601;破
602;网
603;热
604;助
605;倒
606;育
607;属
608;坐
609;帝
610;限
611;船
612;脸
613;职
614;速
615;刻
616;乐
617;否
618;刚
619;威
620;毛
621;状
622;率
623;甚
624;独
625;球
626;般
627;普
628;怕
629;弹
630;校
631;苦
632;创
633;假
634;久
635;错
636;承
637;印
638;晚
639;试
640;股
641;拿
642;脑
643;预
644;谁
645;益
646;阳
647;若
648;哪
649;微
650;继
651;送
652;急
653;血
654;惊
655;伤
656;素
657;药
658;适
659;波
660;夜
661;省
662;初
663;喜
664;卫
665;源
666;食
667;险
668;待
669;述
670;陆
671;习
672;置
673;居
674;劳
675;财
676;环
677;排
678;福
679;纳
680;欢
681;雷
682;警
683;获
684;模
685;充
686;负
687;云
688;停
689;木
690;游
691;龙
692;树
693;疑
694;层
695;冷
696;冲
697;射
698;略
699;范
700;竟
701;句
702;室
703;异
704;激
705;汉
706;村
707;哈
708;策
709;演
710;简
711;卡
712;罪
713;判
714;担
715;静
716;退
717;既
718;衣
719;您
720;宗
721;积
722;余
723;痛
724;检
725;差
726;富
727;灵
728;协
729;角
730;占
731;配
732;征
733;修
734;皮
735;挥
736;胜
737;降
738;阶
739;审
740;沉
741;坚
742;善
743;妈
744;读
745;啊
746;超
747;免
748;压
749;银
750;买
751;皇
752;养
753;怀
754;执
755;副
756;乱
757;抗
758;犯
759;追
760;帮
761;宣
762;佛
763;岁
764;航
765;优
766;怪
767;香
768;著
769;田
770;铁
771;控
772;税
773;左
774;右
775;份
776;穿
777;艺
778;背
779;阵
780;草
781;脚
782;概
783;恶
784;块
785;顿
786;敢
787;守
788;酒
789;岛
790;托
791;央
792;户
793;烈
794;洋
795;哥
796;索
797;胡
798;款
799;靠
800;评
801;版
802;宝
803;座
804;释
805;景
806;顾
807;弟
808;登
809;货
810;互
811;付
812;慢
813;换
814;闻
815;危
816;忙
817;核
818;暗
819;姐
820;介
821;坏
822;讨
823;丽
824;良
825;序
826;升
827;监
828;临
829;亮
830;露
831;永
832;呼
833;味
834;野
835;架
836;域
837;沙
838;掉
839;括
840;舰
841;鱼
842;杂
843;误
844;湾
845;吉
846;减
847;编
848;楚
849;肯
850;测
851;败
852;屋
853;跑
854;梦
855;散
856;温
857;困
858;剑
859;渐
860;封
861;救
862;贵
863;枪
864;缺
865;楼
866;县
867;尚
868;毫
869;移
870;娘
871;朋
872;画
873;班
874;智
875;耳
876;恩
877;短
878;掌
879;恐
880;遗
881;固
882;席
883;松
884;秘
885;谢
886;遇
887;康
888;虑
889;幸
890;均
891;销
892;钟
893;诗
894;藏
895;赶
896;剧
897;票
898;损
899;忽
900;巨
901;炮
902;旧
903;端
904;探
905;湖
906;录
907;叶
908;春
909;乡
910;附
911;吸
912;予
913;礼
914;港
915;雨
916;呀
917;板
918;庭
919;妇
920;归
921;睛
922;饭
923;额
924;含
925;顺
926;输
927;摇
928;招
929;婚
930;脱
931;补
932;谓
933;督
934;毒
935;油
936;疗
937;旅
938;材
939;灭
940;逐
941;笔
942;亡
943;鲜
944;词
945;圣
946;择
947;寻
948;厂
949;睡
950;博
951;烟
952;授
953;诺
954;岸
955;卖
956;炸
957;载
958;健
959;堂
960;旁
961;宫
962;喝
963;借
964;禁
965;阴
966;园
967;谋
968;避
969;抓
970;荣
971;姑
972;孙
973;逃
974;牙
975;束
976;跳
977;顶
978;玉
979;镇
980;雪
981;午
982;练
983;迫
984;爷
985;篇
986;肉
987;嘴
988;馆
989;遍
990;凡
991;础
992;洞
993;卷
994;坦
995;牛
996;宁
997;纸
998;诸
999;训
1000;私
1001;庄
1002;祖
1003;翻
1004;暴
1005;森
1006;塔
1007;默
1008;握
1009;戏
1010;隐
1011;熟
1012;骨
1013;访
1014;弱
1015;蒙
1016;歌
1017;店
1018;鬼
1019;软
1020;典
1021;欲
1022;伙
1023;遭
1024;盘
1025;爸
1026;扩
1027;盖
1028;弄
1029;雄
1030;稳
1031;忘
1032;亿
1033;刺
1034;拥
1035;徒
1036;齐
1037;赛
1038;趣
1039;曲
1040;刀
1041;床
1042;迎
1043;冰
1044;虚
1045;玩
1046;析
1047;窗
1048;醒
1049;妻
1050;透
1051;购
1052;替
1053;塞
1054;努
1055;休
1056;虎
1057;扬
1058;途
1059;侵
1060;绿
1061;兄
1062;迅
1063;套
1064;贸
1065;毕
1066;唯
1067;谷
1068;轮
1069;库
1070;尤
1071;竞
1072;街
1073;促
1074;延
1075;震
1076;弃
1077;甲
1078;伟
1079;麻
1080;申
1081;缓
1082;潜
1083;闪
1084;售
1085;灯
1086;针
1087;哲
1088;络
1089;抵
1090;抱
1091;鼓
1092;植
1093;纯
1094;夏
1095;忍
1096;页
1097;杰
1098;筑
1099;折
1100;贝
1101;尊
1102;秀
1103;混
1104;振
1105;染
1106;盛
1107;怒
1108;舞
1109;圆
1110;搞
1111;狂
1112;措
1113;姓
1114;残
1115;秋
1116;培
1117;迷
1118;诚
1119;宽
1120;宇
1121;猛
1122;摆
1123;梅
1124;毁
1125;伸
1126;摩
1127;盟
1128;末
1129;悲
1130;拍
1131;硬
1132;麦
1133;操
1134;阻
1135;订
1136;彩
1137;抽
1138;赞
1139;纷
1140;沿
1141;喊
1142;违
1143;妹
1144;浪
1145;汇
1146;币
1147;丰
1148;蓝
1149;殊
1150;献
1151;桌
1152;啦
1153;援
1154;译
1155;夺
1156;汽
1157;烧
1158;距
1159;裁
1160;偏
1161;符
1162;勇
1163;触
1164;课
1165;敬
1166;哭
1167;懂
1168;墙
1169;召
1170;罚
1171;厅
1172;拜
1173;巧
1174;侧
1175;冒
1176;债
1177;融
1178;惯
1179;享
1180;戴
1181;童
1182;犹
1183;乘
1184;挂
1185;奖
1186;绍
1187;厚
1188;纵
1189;障
1190;讯
1191;涉
1192;彻
1193;刊
1194;丈
1195;爆
1196;乌
1197;描
1198;洗
1199;患
1200;妙
1201;镜
1202;唱
1203;烦
1204;签
1205;彼
1206;症
1207;仿
1208;倾
1209;牌
1210;陷
1211;鸟
1212;咱
1213;菜
1214;闭
1215;奋
1216;庆
1217;撤
1218;泪
1219;茶
1220;疾
1221;缘
1222;播
1223;朗
1224;奶
1225;季
1226;狗
1227;尾
1228;仪
1229;偷
1230;奔
1231;珠
1232;虫
1233;驻
1234;宜
1235;桥
1236;淡
1237;恨
1238;繁
1239;寒
1240;伴
1241;叹
1242;旦
1243;潮
1244;粮
1245;缩
1246;罢
1247;聚
1248;径
1249;恰
1250;挑
1251;袋
1252;灰
1253;捕
1254;珍
1255;幕
1256;映
1257;裂
1258;隔
1259;启
1260;尖
1261;忠
1262;累
1263;炎
1264;暂
1265;估
1266;泛
1267;偿
1268;横
1269;拒
1270;忆
1271;孤
1272;鼻
1273;闹
1274;羊
1275;呆
1276;厉
1277;衡
1278;胞
1279;零
1280;穷
1281;舍
1282;码
1283;婆
1284;灾
1285;洪
1286;腿
1287;胆
1288;俗
1289;辩
1290;胸
1291;晓
1292;劲
1293;贫
1294;偶
1295;辑
1296;恢
1297;赖
1298;圈
1299;摸
1300;仰
1301;润
1302;堆
1303;碰
1304;稍
1305;迟
1306;辆
1307;废
1308;净
1309;凶
1310;壁
1311;奉
1312;旋
1313;冬
1314;矿
1315;抬
1316;蛋
1317;晨
1318;吹
1319;鸡
1320;倍
1321;糊
1322;盾
1323;杯
1324;租
1325;骑
1326;乏
1327;诊
1328;摄
1329;丧
1330;污
1331;渡
1332;旗
1333;耐
1334;凭
1335;扎
1336;抢
1337;绪
1338;粗
1339;肩
1340;梁
1341;幻
1342;碎
1343;叔
1344;综
1345;爬
1346;悉
1347;返
1348;井
1349;壮
1350;薄
1351;悄
1352;扫
1353;敏
1354;碍
1355;殖
1356;详
1357;矛
1358;允
1359;幅
1360;剩
1361;颗
1362;骂
1363;赏
1364;液
1365;番
1366;箱
1367;贴
1368;漫
1369;酸
1370;郎
1371;腰
1372;舒
1373;忧
1374;浮
1375;辛
1376;恋
1377;餐
1378;吓
1379;挺
1380;励
1381;辞
1382;键
1383;伍
1384;峰
1385;尺
1386;昨
1387;辈
1388;贯
1389;滑
1390;券
1391;崇
1392;扰
1393;绕
1394;趋
1395;阅
1396;汗
1397;枝
1398;拖
1399;墨
1400;胁
1401;插
1402;箭
1403;粉
1404;泥
1405;拔
1406;骗
1407;慧
1408;媒
1409;愤
1410;扑
1411;龄
1412;惜
1413;豪
1414;跃
1415;肃
1416;驶
1417;届
1418;欣
1419;惠
1420;册
1421;储
1422;闲
1423;惨
1424;洁
1425;宾
1426;频
1427;磨
1428;递
1429;撞
1430;滚
1431;奏
1432;颜
1433;绩
1434;贡
1435;疯
1436;坡
1437;瞧
1438;截
1439;燃
1440;焦
1441;锁
1442;逼
1443;昏
1444;劝
1445;搜
1446;勤
1447;戒
1448;驾
1449;漂
1450;饮
1451;朵
1452;仔
1453;俩
1454;腐
1455;幼
1456;践
1457;籍
1458;凉
1459;牲
1460;佳
1461;浓
1462;稿
1463;竹
1464;跌
1465;逻
1466;遵
1467;貌
1468;猜
1469;怜
1470;饰
1471;贷
1472;昌
1473;躺
1474;钢
1475;沟
1476;寄
1477;扶
1478;铺
1479;寿
1480;询
1481;汤
1482;盗
1483;肥
1484;尝
1485;辉
1486;奈
1487;扣
1488;嘛
1489;迁
1490;慰
1491;厌
1492;脏
1493;幽
1494;怨
1495;鞋
1496;丢
1497;埋
1498;泉
1499;躲
1500;紫
1501;艰
1502;慌
1503;祝
1504;邮
1505;吐
1506;狠
1507;鉴
1508;械
1509;咬
1510;邻
1511;挤
1512;弯
1513;椅
1514;陪
1515;揭
1516;悟
1517;聪
1518;锋
1519;梯
1520;猫
1521;祥
1522;阔
1523;誉
1524;牵
1525;袖
1526;蛇
1527;贺
1528;柱
1529;鼠
1530;牢
1531;欺
1532;吨
1533;琴
1534;瓶
1535;池
1536;疼
1537;冠
1538;浅
1539;纠
1540;钻
1541;喷
1542;耗
1543;敲
1544;菌
1545;赔
1546;扁
1547;亏
1548;煤
1549;熊
1550;湿
1551;循
1552;暖
1553;糖
1554;帽
1555;宿
1556;踏
1557;烂
1558;夹
1559;肝
1560;擦
1561;猪
1562;炼
1563;搬
1564;玻
1565;铜
1566;跨
1567;押
1568;漠
1569;醉
1570;斜
1571;档
1572;肤
1573;肿
1574;豆
1575;岗
1576;吞
1577;宏
1578;肚
1579;涨
1580;耀
1581;扭
1582;拨
1583;绘
1584;牺
1585;墓
1586;拼
1587;捉
1588;刷
1589;嫌
1590;瓜
1591;歇
1592;乳
1593;串
1594;娃
1595;赢
1596;桃
1597;瘦
1598;搭
1599;嘉
1600;址
1601;悔
1602;邀
1603;宅
1604;添
1605;挖
1606;氧
1607;羽
1608;斤
1609;酷
1610;乙
1611;挣
1612;悬
1613;仓
1614;轨
1615;盐
1616;览
1617;傅
1618;帅
1619;屏
1620;寺
1621;胖
1622;璃
1623;滴
1624;丑
1625;寸
1626;扔
1627;匹
1628;俱
1629;饿
1630;糟
1631;肠
1632;聊
1633;挡
1634;纲
1635;肌
1636;碗
1637;卧
1638;膜
1639;欠
1640;豫
1641;胃
1642;舌
1643;傲
1644;拾
1645;棉
1646;晴
1647;铃
1648;填
1649;渴
1650;扮
1651;脆
1652;炉
1653;柴
1654;愉
1655;眠
1656;喂
1657;傻
1658;扇
1659;柜
1660;诞
1661;饱
1662;泡
1663;夕
1664;氛
1665;杆
1666;挨
1667;甜
1668;顽
1669;摘
1670;矮
1671;秒
1672;披
1673;辅
1674;盆
1675;赌
1676;塑
1677;吵
1678;肺
1679;吊
1680;漏
1681;盒
1682;锅
1683;拆
1684;盲
1685;裤
1686;栏
1687;艳
1688;臭
1689;棵
1690;愁
1691;谅
1692;畅
1693;赠
1694;冻
1695;跪
1696;闯
1697;葡
1698;厨
1699;鸭
1700;谊
1701;歉
1702;衫
1703;宴
1704;薪
1705;胶
1706;盼
1707;账
1708;赚
1709;撑
1710;倡
1711;猴
1712;旺
1713;伞
1714;萄
1715;抄
1716;晕
1717;掏
1718;脾
1719;剪
1720;懒
1721;叉
1722;拐
1723;捐
1724;骄
1725;聘
1726;厘
1727;憾
1728;摔
1729;巾
1730;洒
1731;堵
1732;姨
1733;棒
1734;硕
1735;渠
1736;笨
1737;啡
1738;泼
1739;谦
1740;刮
1741;郊
1742;篮
1743;饼
1744;兔
1745;咳
1746;爽
1747;咖
1748;巩
1749;裹
1750;咨
1751;糕
1752;谐
1753;辣
1754;宠
1755;裙
1756;哇
1757;踢
1758;趟
1759;帘
1760;苹
1761;娱
1762;蹲
1763;衬
1764;壶
1765;咸
1766;锻
1767;汁
1768;榜
1769;傍
1770;踩
1771;煮
1772;炒
1773;泳
1774;垃
1775;烤
1776;晒
1777;圾
1778;铅
1779;逛
1780;蹈
1781;绒
1782;澡
1783;蔬
1784;暑
1785;捡
1786;啤
1787;厕
1788;梨
1789;粥
1790;袜
1791;醋
1792;酱
1793;蕉
1794;筷
1795;茄
1796;勺
1797;柿
1798;薯
1799;馒
1800;饺
1801;一下
1802;一些
1803;一切
1804;一定
1805;一样
1806;一直
1807;一起
1808;一点
1809;第一
1810;一一
1811;一再
1812;一同
1813;一向
1814;一味
1815;一度
1816;一心
1817;一手
1818;一旁
1819;一早
1820;一时
1821;一流
1822;一片
1823;一生
1824;一体
1825;十一
1826;专一
1827;周一
1828;一世
1829;一代
1830;一来
1831;一价
1832;一元
1833;一准
1834;一则
1835;一口
1836;一句
1837;一吹
1838;一周
1839;一品
1840;一堆
1841;一壁
1842;一套
1843;一如
1844;一家
1845;一对
1846;一层
1847;一径
1848;一意
1849;一打
1850;一排
1851;一方
1852;一更
1853;一概
1854;一次
1855;一步
1856;一秘
1857;一种
1858;一空
1859;一等
1860;一级
1861;一维
1862;一线
1863;一声
1864;一言
1865;一身
1866;一轮
1867;一通
1868;一道
1869;一头
1870;一类
1871;一党
1872;偶一
1873;其一
1874;刚一
1875;划一
1876;另一
1877;同一
1878;均一
1879;每一
1880;混一
1881;独一
1882;齐一
1883;人人
1884;人们
1885;人品
1886;人家
1887;人民
1888;人气
1889;人生
1890;人类
1891;个人
1892;别人
1893;女人
1894;家人
1895;恋人
1896;男人
1897;美人
1898;达人
1899;世人
1900;人世
1901;人事
1902;人力
1903;人参
1904;人命
1905;人均
1906;人大
1907;人工
1908;人心
1909;人情
1910;人意
1911;人手
1912;人文
1913;人次
1914;人流
1915;人海
1916;人潮
1917;人为
1918;人缘
1919;人身
1920;人造
1921;人选
1922;人间
1923;人头
1924;人马
1925;人体
1926;人鱼
1927;他人
1928;伟人
1929;传人
1930;凡人
1931;动人
1932;友人
1933;古人
1934;名人
1935;商人
1936;单人
1937;国人
1938;坏人
1939;外人
1940;大人
1941;妇人
1942;客人
1943;害人
1944;富人
1945;工人
1946;巨人
1947;常人
1948;待人
1949;后人
1950;怪人
1951;情人
1952;感人
1953;成人
1954;招人
1955;故人
1956;文人
1957;新人
1958;旁人
1959;某人
1960;浪人
1961;港人
1962;无人
1963;烦人
1964;熟人
1965;犯人
1966;盲人
1967;神人
1968;老人
1969;圣人
1970;行人
1971;走人
1972;超人
1973;路人
1974;军人
1975;送人
1976;过人
1977;雪人
1978;骗人
1979;惊人
1980;高人
1981;黑人
1982;丈人
1983;中人
1984;人中
1985;人保
1986;人名
1987;人子
1988;人定
1989;人居
1990;人从
1991;人族
1992;人材
1993;人武
1994;人死
1995;人称
1996;人精
1997;人证
1998;人道
1999;人龙
2000;今人
2001;令人
2002;任人
2003;何人
2004;作人
2005;便人
2006;保人
2007;假人
2008;偶人
2009;傲人
2010;内人
2011;前人
2012;原人
2013;吃人
2014;各人
2015;善人
2016;报人
2017;士人
2018;天人
2019;奇人
2020;安人
2021;完人
2022;宫人
2023;专人
2024;小人
2025;居人
2026;平人
2027;征人
2028;我人
2029;拿人
2030;接人
2031;族人
2032;旗人
2033;智人
2034;有人
2035;每人
2036;活人
2037;清人
2038;满人
2039;为人
2040;狂人
2041;玉人
2042;生人
2043;异人
2044;真人
2045;磨人
2046;笨人
2047;纸人
2048;闻人
2049;育人
2050;胖人
2051;能人
2052;举人
2053;良人
2054;万人
2055;藏人
2056;要人
2057;讨人
2058;认人
2059;跟人
2060;载人
2061;农人
2062;近人
2063;途人
2064;逼人
2065;游人
2066;道人
2067;远人
2068;适人
2069;邻人
2070;里人
2071;双人
2072;雨人
2073;非人
2074;食人
2075;骄人
2076;党人
2077;今天
2078;天下
2079;天天
2080;天气
2081;明天
2082;昨天
2083;上天
2084;中天
2085;冷天
2086;前天
2087;半天
2088;天上
2089;天亮
2090;天后
2091;天呀
2092;天哪
2093;天国
2094;天地
2095;天子
2096;天意
2097;天然
2098;天王
2099;天生
2100;天真
2101;后天
2102;摩天
2103;整天
2104;漫天
2105;当天
2106;老天
2107;聊天
2108;那天
2109;雨天
2110;青天
2111;全天
2112;升天
2113;参天
2114;回天
2115;天主
2116;天份
2117;天候
2118;天全
2119;天分
2120;天宁
2121;天帝
2122;天干
2123;天年
2124;天幸
2125;天庭
2126;天心
2127;天成
2128;天择
2129;天方
2130;天时
2131;天柱
2132;天机
2133;天权
2134;天演
2135;天汉
2136;天父
2137;天牛
2138;天球
2139;天界
2140;天等
2141;天良
2142;天花
2143;天蓝
2144;天象
2145;天资
2146;天车
2147;天道
2148;天镇
2149;天险
2150;天顶
2151;天顺
2152;天体
2153;寒天
2154;几天
2155;按天
2156;暑天
2157;乐天
2158;归天
2159;每天
2160;测天
2161;满天
2162;终天
2163;胡天
2164;这天
2165;远天
2166;大吉
2167;大学
2168;大家
2169;大奖
2170;大运
2171;长大
2172;加大
2173;北大
2174;博大
2175;国大
2176;增大
2177;大一
2178;大三
2179;大事
2180;大二
2181;大伙
2182;大作
2183;大使
2184;大便
2185;大内
2186;大全
2187;大刀
2188;大力
2189;大半
2190;大口
2191;大同
2192;大哭
2193;大喊
2194;大喜
2195;大四
2196;大地
2197;大型
2198;大堂
2199;大多
2200;大大
2201;大姐
2202;大姑
2203;大姨
2204;大娘
2205;大妈
2206;大寒
2207;大宝
2208;大小
2209;大局
2210;大山
2211;大师
2212;大怒
2213;大意
2214;大户
2215;大批
2216;大方
2217;大于
2218;大会
2219;大业
2220;大款
2221;大气
2222;大汉
2223;大火
2224;大为
2225;大片
2226;大牌
2227;大王
2228;大理
2229;大病
2230;大炮
2231;大笑
2232;大米
2233;大致
2234;大号
2235;大卫
2236;大豆
2237;大象
2238;大军
2239;大连
2240;大道
2241;大选
2242;大都
2243;大关
2244;大院
2245;大队
2246;大雨
2247;大雪
2248;大风
2249;大餐
2250;大闹
2251;大麦
2252;大龄
2253;天大
2254;宏大
2255;宽大
2256;巨大
2257;师大
2258;广大
2259;扩大
2260;放大
2261;火大
2262;盛大
2263;老大
2264;胆大
2265;自大
2266;远大
2267;重大
2268;高大
2269;不大
2270;做大
2271;哥大
2272;四大
2273;多大
2274;大系
2275;大修
2276;大伟
2277;大凡
2278;大副
2279;大功
2280;大印
2281;大吃
2282;大名
2283;大和
2284;大员
2285;大国
2286;大园
2287;大圆
2288;大城
2289;大夏
2290;大媒
2291;大宇
2292;大安
2293;大写
2294;大将
2295;大专
2296;大厂
2297;大悟
2298;大指
2299;大败
2300;大数
2301;大料
2302;大新
2303;大旗
2304;大暑
2305;大月
2306;大有
2307;大村
2308;大东
2309;大林
2310;大校
2311;大条
2312;大棒
2313;大样
2314;大正
2315;大武
2316;大河
2317;大浪
2318;大清
2319;大港
2320;大湖
2321;大潮
2322;大灾
2323;大烟
2324;大热
2325;大班
2326;大球
2327;大环
2328;大用
2329;大甲
2330;大略
2331;大社
2332;大祥
2333;大竹
2334;大肚
2335;大能
2336;大举
2337;大英
2338;大虫
2339;大要
2340;大观
2341;大解
2342;大言
2343;大调
2344;大丰
2345;大足
2346;大跌
2347;大路
2348;大通
2349;大部
2350;大里
2351;大钱
2352;大错
2353;大锅
2354;大开
2355;大限
2356;大只
2357;大雄
2358;大难
2359;大项
2360;大类
2361;大余
2362;大麻
2363;大鼠
2364;复大
2365;拿大
2366;措大
2367;斗大
2368;业大
2369;犹大
2370;绝大
2371;联大
2372;脸大
2373;较大
2374;医大
2375;下午
2376;下载
2377;上下
2378;下场
2379;下属
2380;下手
2381;下班
2382;下课
2383;之下
2384;以下
2385;停下
2386;地下
2387;如下
2388;底下
2389;手下
2390;拿下
2391;许下
2392;这下
2393;下世
2394;下任
2395;下修
2396;下回
2397;下家
2398;下届
2399;下情
2400;下拜
2401;下放
2402;下旋
2403;下标
2404;下款
2405;下毒
2406;下沉
2407;下注
2408;下浮
2409;下营
2410;下片
2411;下界
2412;下级
2413;下聘
2414;下落
2415;下装
2416;下辈
2417;下周
2418;下游
2419;下边
2420;下关
2421;下院
2422;下陷
2423;下陆
2424;下页
2425;下马
2426;下体
2427;作下
2428;右下
2429;名下
2430;在下
2431;容下
2432;属下
2433;布下
2434;年下
2435;心下
2436;房下
2437;拆下
2438;舍下
2439;时下
2440;历下
2441;治下
2442;活下
2443;滴下
2444;现下
2445;生下
2446;白下
2447;目下
2448;立下
2449;笔下
2450;舌下
2451;部下
2452;降下
2453;中心
2454;伤心
2455;内心
2456;小心
2457;心动
2458;心得
2459;心情
2460;心理
2461;心愿
2462;担心
2463;真心
2464;开心
2465;关心
2466;信心
2467;动心
2468;好心
2469;安心
2470;专心
2471;心中
2472;心事
2473;心地
2474;心境
2475;心寒
2476;心底
2477;心思
2478;心想
2479;心意
2480;心爱
2481;心慌
2482;心智
2483;心机
2484;心烦
2485;心痛
2486;心眼
2487;心血
2488;心软
2489;忍心
2490;爱心
2491;手心
2492;掌心
2493;操心
2494;放心
2495;会心
2496;有心
2497;死心
2498;决心
2499;满心
2500;无心
2501;热心
2502;狠心
2503;甜心
2504;当心
2505;痛心
2506;省心
2507;知心
2508;童心
2509;精心
2510;细心
2511;背心
2512;舒心
2513;诚心
2514;谈心
2515;身心
2516;野心
2517;随心
2518;雄心
2519;静心
2520;闹心
2521;点心
2522;上心
2523;二心
2524;全心
2525;公心
2526;凡心
2527;分心
2528;力心
2529;合心
2530;同心
2531;圆心
2532;外心
2533;实心
2534;对心
2535;居心
2536;张心
2537;后心
2538;心力
2539;心劲
2540;心包
2541;心土
2542;心学
2543;心室
2544;心尖
2545;心怀
2546;心折
2547;心服
2548;心材
2549;心毒
2550;心气
2551;心照
2552;心疑
2553;心硬
2554;心秀
2555;心算
2556;心许
2557;心轮
2558;心重
2559;心音
2560;心领
2561;心惊
2562;悉心
2563;成心
2564;戒心
2565;推心
2566;提心
2567;春心
2568;桃心
2569;横心
2570;欢心
2571;烧心
2572;牵心
2573;异心
2574;空心
2575;笔心
2576;亏心
2577;质心
2578;走心
2579;醉心
2580;钻心
2581;闲心
2582;离心
2583;页心
2584;愿心
2585;儿子
2586;女子
2587;妻子
2588;孩子
2589;房子
2590;日子
2591;样子
2592;王子
2593;男子
2594;老子
2595;肚子
2596;脑子
2597;辈子
2598;双子
2599;鞋子
2600;饺子
2601;鼻子
2602;份子
2603;分子
2604;位子
2605;例子
2606;个子
2607;傻子
2608;公子
2609;刀子
2610;刷子
2611;包子
2612;口子
2613;呆子
2614;单子
2615;因子
2616;圆子
2617;太子
2618;妹子
2619;娃子
2620;娘子
2621;子女
2622;子时
2623;学子
2624;家子
2625;小子
2626;弟子
2627;影子
2628;性子
2629;才子
2630;曲子
2631;月子
2632;本子
2633;村子
2634;林子
2635;果子
2636;架子
2637;柿子
2638;格子
2639;桃子
2640;梅子
2641;梨子
2642;梯子
2643;乐子
2644;柜子
2645;母子
2646;沙子
2647;浪子
2648;汉子
2649;父子
2650;片子
2651;牌子
2652;瓜子
2653;瓶子
2654;生子
2655;疯子
2656;瘦子
2657;皇子
2658;稿子
2659;窗子
2660;童子
2661;竹子
2662;筷子
2663;精子
2664;团子
2665;耗子
2666;肠子
2667;盖子
2668;袋子
2669;袖子
2670;亲子
2671;豆子
2672;身子
2673;轮子
2674;辣子
2675;游子
2676;金子
2677;院子
2678;电子
2679;面子
2680;领子
2681;馆子
2682;鬼子
2683;点子
2684;中子
2685;主子
2686;介子
2687;假子
2688;光子
2689;册子
2690;冠子
2691;划子
2692;列子
2693;势子
2694;化子
2695;卡子
2696;原子
2697;叔子
2698;合子
2699;喜子
2700;嘴子
2701;报子
2702;士子
2703;套子
2704;奶子
2705;婆子
2706;子丑
2707;子京
2708;子代
2709;子儿
2710;子句
2711;子域
2712;子夜
2713;子层
2714;子弟
2715;子房
2716;子民
2717;子产
2718;子目
2719;子精
2720;子网
2721;子群
2722;子叶
2723;子规
2724;子路
2725;子集
2726;子音
2727;子鼠
2728;季子
2729;宅子
2730;官子
2731;尾子
2732;局子
2733;层子
2734;山子
2735;帮子
2736;底子
2737;座子
2738;式子
2739;引子
2740;强子
2741;弹子
2742;弯子
2743;惠子
2744;爱子
2745;态子
2746;戒子
2747;把子
2748;拍子
2749;拐子
2750;探子
2751;推子
2752;提子
2753;折子
2754;拨子
2755;担子
2756;摆子
2757;方子
2758;旋子
2759;星子
2760;末子
2761;枝子
2762;核子
2763;枪子
2764;楼子
2765;模子
2766;次子
2767;款子
2768;歌子
2769;正子
2770;泡子
2771;泥子
2772;混子
2773;滚子
2774;独子
2775;班子
2776;码子
2777;磨子
2778;租子
2779;程子
2780;空子
2781;章子
2782;算子
2783;管子
2784;帘子
2785;结子
2786;耳子
2787;圣子
2788;胶子
2789;色子
2790;花子
2791;号子
2792;衣子
2793;要子
2794;角子
2795;诸子
2796;质子
2797;走子
2798;起子
2799;轻子
2800;转子
2801;配子
2802;重子
2803;量子
2804;销子
2805;长子
2806;关子
2807;除子
2808;集子
2809;离子
2810;头子
2811;养子
2812;须子
2813;麻子
2814;回家
2815;玩家
2816;作家
2817;到家
2818;咱家
2819;商家
2820;娘家
2821;家具
2822;家务
2823;家园
2824;家居
2825;家属
2826;家常
2827;家用
2828;家里
2829;居家
2830;想家
2831;皇家
2832;自家
2833;买家
2834;上家
2835;俗家
2836;传家
2837;倾家
2838;全家
2839;六家
2840;兵家
2841;分家
2842;史家
2843;名家
2844;周家
2845;女家
2846;婆家
2847;学家
2848;官家
2849;客家
2850;家世
2851;家事
2852;家信
2853;家俱
2854;家传
2855;家培
2856;家室
2857;家底
2858;家景
2859;家暴
2860;家业
2861;家的
2862;家童
2863;家计
2864;家丑
2865;家鸭
2866;对家
2867;巧家
2868;店家
2869;成家
2870;持家
2871;探家
2872;故家
2873;星家
2874;本家
2875;民家
2876;法家
2877;洪家
2878;炒家
2879;王家
2880;男家
2881;病家
2882;发家
2883;百家
2884;破家
2885;举家
2886;旧家
2887;船家
2888;良家
2889;起家
2890;道家
2891;医家
2892;铺家
2893;杂家
2894;首家
2895;今年
2896;拜年
2897;新年
2898;过年
2899;龙年
2900;中年
2901;来年
2902;去年
2903;少年
2904;年初
2905;年夜
2906;年少
2907;年年
2908;年底
2909;年度
2910;年糕
2911;年级
2912;年终
2913;年关
2914;往年
2915;早年
2916;明年
2917;流年
2918;丰年
2919;周年
2920;享年
2921;元年
2922;凶年
2923;全年
2924;初年
2925;半年
2926;同年
2927;增年
2928;常年
2929;平年
2930;年事
2931;年来
2932;年兄
2933;年内
2934;年前
2935;年友
2936;年均
2937;年寿
2938;年尊
2939;年幼
2940;年息
2941;年历
2942;年产
2943;年节
2944;年号
2945;年表
2946;年谊
2947;年资
2948;年载
2949;年金
2950;年鉴
2951;年间
2952;年限
2953;幼年
2954;几年
2955;延年
2956;数年
2957;晚年
2958;有年
2959;末年
2960;每年
2961;比年
2962;永年
2963;牛年
2964;狗年
2965;猴年
2966;现年
2967;百年
2968;盛年
2969;积年
2970;纪年
2971;终年
2972;羊年
2973;万年
2974;猪年
2975;财年
2976;躲年
2977;鸡年
2978;余年
2979;马年
2980;高年
2981;鼠年
2982;什么
2983;怎么
2984;这么
2985;那么
2986;甚么
2987;么么
2988;来自
2989;自己
2990;出自
2991;各自
2992;发自
2993;自主
2994;自作
2995;自助
2996;自古
2997;自在
2998;自尊
2999;自恋
3000;自我
3001;自习
3002;自行
3003;自觉
3004;自责
3005;自身
3006;亲自
3007;三自
3008;傲自
3009;尽自
3010;径自
3011;自来
3012;自保
3013;自修
3014;自个
3015;自备
3016;自创
3017;自取
3018;自各
3019;自命
3020;自问
3021;自失
3022;自如
3023;自始
3024;自专
3025;自居
3026;自幼
3027;自序
3028;自得
3029;自悔
3030;自爱
3031;自慰
3032;自找
3033;自有
3034;自欺
3035;自此
3036;自况
3037;自营
3038;自爆
3039;自发
3040;自白
3041;自尽
3042;自相
3043;自给
3044;自罪
3045;自装
3046;自要
3047;自视
3048;自诉
3049;自认
3050;自谦
3051;自费
3052;自足
3053;自转
3054;自述
3055;自选
3056;自愿
3057;自养
3058;自高
3059;译自
3060;下来
3061;来说
3062;出来
3063;原来
3064;回来
3065;带来
3066;从来
3067;拿来
3068;未来
3069;本来
3070;看来
3071;起来
3072;过来
3073;醒来
3074;上来
3075;以来
3076;来到
3077;来回
3078;来生
3079;来电
3080;传来
3081;到来
3082;前来
3083;向来
3084;如来
3085;想来
3086;打来
3087;二来
3088;来信
3089;来安
3090;来客
3091;来得
3092;来意
3093;来日
3094;来港
3095;来火
3096;来由
3097;来看
3098;来义
3099;来台
3100;来华
3101;来着
3102;来头
3103;怀来
3104;早来
3105;乌来
3106;尔来
3107;特来
3108;生来
3109;硬来
3110;素来
3111;胡来
3112;赶来
3113;阿来
3114;只有
3115;所有
3116;拥有
3117;有些
3118;有点
3119;没有
3120;唯有
3121;带有
3122;有别
3123;有利
3124;有力
3125;有助
3126;有名
3127;有害
3128;有幸
3129;有待
3130;有意
3131;有所
3132;有时
3133;有望
3134;有机
3135;有用
3136;有益
3137;有色
3138;有关
3139;特有
3140;还有
3141;享有
3142;伴有
3143;保有
3144;公有
3145;共有
3146;另有
3147;存有
3148;专有
3149;少有
3150;应有
3151;持有
3152;握有
3153;据有
3154;既有
3155;有了
3156;有事
3157;有份
3158;有偿
3159;有劳
3160;有味
3161;有喜
3162;有夏
3163;有失
3164;有如
3165;有局
3166;有志
3167;有息
3168;有情
3169;有料
3170;有方
3171;有朝
3172;有权
3173;有水
3174;有为
3175;有无
3176;有界
3177;有码
3178;有福
3179;有节
3180;有脸
3181;有着
3182;有请
3183;有轨
3184;有电
3185;未有
3186;现有
3187;私有
3188;素有
3189;万有
3190;要有
3191;负有
3192;领有
3193;先生
3194;女生
3195;学生
3196;生命
3197;生日
3198;生活
3199;发生
3200;今生
3201;再生
3202;出生
3203;新生
3204;民生
3205;生动
3206;生化
3207;生怕
3208;生意
3209;生态
3210;生成
3211;生机
3212;生理
3213;生育
3214;生菜
3215;生长
3216;男生
3217;终生
3218;考生
3219;亲生
3220;计生
3221;逃生
3222;重生
3223;互生
3224;偷生
3225;初生
3226;前生
3227;原生
3228;增生
3229;安生
3230;对生
3231;尾生
3232;差生
3233;巴生
3234;康生
3235;强生
3236;往生
3237;后生
3238;复生
3239;怎生
3240;怕生
3241;所生
3242;投生
3243;捐生
3244;接生
3245;救生
3246;更生
3247;次生
3248;欺生
3249;正生
3250;死生
3251;为生
3252;营生
3253;生光
3254;生冷
3255;生厌
3256;生员
3257;生啤
3258;生土
3259;生境
3260;生字
3261;生就
3262;生息
3263;生手
3264;生技
3265;生抽
3266;生母
3267;生水
3268;生灭
3269;生热
3270;生父
3271;生疼
3272;生发
3273;生皮
3274;生财
3275;生路
3276;生辉
3277;生造
3278;生达
3279;生还
3280;生铁
3281;生愿
3282;生养
3283;相生
3284;眼生
3285;维生
3286;聊生
3287;认生
3288;诸生
3289;贡生
3290;贴生
3291;超生
3292;轻生
3293;转生
3294;长生
3295;门生
3296;降生
3297;陆生
3298;麻生
3299;同时
3300;小时
3301;时代
3302;时候
3303;时光
3304;时尚
3305;时间
3306;随时
3307;不时
3308;何时
3309;到时
3310;即时
3311;定时
3312;实时
3313;几时
3314;按时
3315;时分
3316;时报
3317;时常
3318;时时
3319;时期
3320;时机
3321;时段
3322;时节
3323;时装
3324;时速
3325;时钟
3326;此时
3327;历时
3328;准时
3329;计时
3330;这时
3331;过时
3332;适时
3333;那时
3334;丑时
3335;入时
3336;分时
3337;加时
3338;午时
3339;合时
3340;四时
3341;好时
3342;富时
3343;常时
3344;幼时
3345;往时
3346;应时
3347;战时
3348;授时
3349;时事
3350;时俗
3351;时价
3352;时势
3353;时宜
3354;时局
3355;时序
3356;时式
3357;时态
3358;时效
3359;时日
3360;时兴
3361;时菜
3362;时蔬
3363;时讯
3364;时运
3365;时限
3366;时点
3367;未时
3368;某时
3369;岁时
3370;为时
3371;片时
3372;现时
3373;申时
3374;登时
3375;眼时
3376;立时
3377;课时
3378;贯时
3379;费时
3380;趋时
3381;值得
3382;得到
3383;获得
3384;觉得
3385;记得
3386;使得
3387;取得
3388;得以
3389;得出
3390;得分
3391;得失
3392;得意
3393;得知
3394;认得
3395;不得
3396;利得
3397;博得
3398;去得
3399;只得
3400;害得
3401;引得
3402;彼得
3403;征得
3404;得中
3405;得主
3406;得了
3407;得力
3408;得胜
3409;得名
3410;得宜
3411;得宠
3412;得悉
3413;得手
3414;得文
3415;得荣
3416;得标
3417;得益
3418;得票
3419;得色
3420;得着
3421;得亏
3422;得证
3423;得道
3424;必得
3425;慌得
3426;应得
3427;所得
3428;既得
3429;求得
3430;照得
3431;争得
3432;要得
3433;识得
3434;宾得
3435;赚得
3436;路得
3437;过得
3438;不仅
3439;不到
3440;不同
3441;不如
3442;不少
3443;不断
3444;不然
3445;不爽
3446;不管
3447;不过
3448;不错
3449;并不
3450;不一
3451;不下
3452;不久
3453;不乏
3454;不但
3455;不便
3456;不值
3457;不停
3458;不光
3459;不免
3460;不公
3461;不再
3462;不凡
3463;不利
3464;不动
3465;不厌
3466;不够
3467;不好
3468;不安
3469;不定
3470;不已
3471;不平
3472;不幸
3473;不惜
3474;不料
3475;不明
3476;不是
3477;不服
3478;不止
3479;不法
3480;不满
3481;不争
3482;不理
3483;不用
3484;不当
3485;不祥
3486;不等
3487;不育
3488;不见
3489;不觉
3490;不解
3491;不许
3492;不适
3493;不顾
3494;毫不
3495;三不
3496;不了
3497;不予
3498;不亚
3499;不休
3500;不住
3501;不佳
3502;不依
3503;不俗
3504;不备
3505;不传
3506;不克
3507;不准
3508;不分
3509;不力
3510;不加
3511;不胜
3512;不及
3513;不只
3514;不可
3515;不合
3516;不吉
3517;不周
3518;不问
3519;不善
3520;不单
3521;不均
3522;不外
3523;不妙
3524;不宜
3525;不对
3526;不巧
3527;不差
3528;不带
3529;不很
3530;不必
3531;不忍
3532;不忙
3533;不快
3534;不怕
3535;不想
3536;不意
3537;不懂
3538;不成
3539;不才
3540;不支
3541;不敬
3542;不敌
3543;不日
3544;不易
3545;不智
3546;不曾
3547;不会
3548;不期
3549;不材
3550;不比
3551;不毛
3552;不清
3553;不测
3554;不无
3555;不特
3556;不独
3557;不由
3558;不尽
3559;不知
3560;不移
3561;不稳
3562;不穷
3563;不端
3564;不符
3565;不第
3566;不绝
3567;不能
3568;不致
3569;不兴
3570;不若
3571;不着
3572;不行
3573;不要
3574;不计
3575;不该
3576;不详
3577;不谓
3578;不谢
3579;不变
3580;不赖
3581;不轨
3582;不送
3583;不通
3584;不速
3585;不灵
3586;不顺
3587;不题
3588;不愿
3589;何不
3590;再不
3591;从不
3592;才不
3593;永不
3594;决不
3595;无不
3596;绝不
3597;要不
3598;经过
3599;超过
3600;通过
3601;过去
3602;错过
3603;胜过
3604;好过
3605;度过
3606;放过
3607;透过
3608;过分
3609;过夜
3610;过客
3611;过度
3612;过往
3613;过于
3614;过期
3615;过节
3616;过错
3617;过关
3618;借过
3619;功过
3620;对过
3621;思过
3622;悔过
3623;掉过
3624;挤过
3625;横过
3626;涉过
3627;略过
3628;记过
3629;越过
3630;过世
3631;过低
3632;过剩
3633;过问
3634;过场
3635;过境
3636;过多
3637;过少
3638;过从
3639;过招
3640;过早
3641;过氧
3642;过活
3643;过激
3644;过热
3645;过犯
3646;过奖
3647;过当
3648;过目
3649;过细
3650;过誉
3651;过载
3652;过过
3653;过道
3654;过重
3655;过高
3656;分享
3657;分钟
3658;部分
3659;充分
3660;分别
3661;分成
3662;分明
3663;分为
3664;分解
3665;分配
3666;分开
3667;分离
3668;分类
3669;成分
3670;比分
3671;万分
3672;二分
3673;分之
3674;分付
3675;分光
3676;分克
3677;分内
3678;分册
3679;分包
3680;分句
3681;分宜
3682;分封
3683;分居
3684;分属
3685;分店
3686;分度
3687;分形
3688;分忧
3689;分房
3690;分所
3691;分拆
3692;分掉
3693;分支
3694;分文
3695;分晓
3696;分会
3697;分期
3698;分枝
3699;分桃
3700;分机
3701;分权
3702;分段
3703;分母
3704;分毫
3705;分治
3706;分洪
3707;分派
3708;分流
3709;分争
3710;分班
3711;分异
3712;分当
3713;分发
3714;分相
3715;分社
3716;分神
3717;分立
3718;分站
3719;分管
3720;分节
3721;分米
3722;分级
3723;分给
3724;分色
3725;分号
3726;分装
3727;分设
3728;分词
3729;分说
3730;分账
3731;分身
3732;分送
3733;分部
3734;分野
3735;分销
3736;分录
3737;分钱
3738;分队
3739;分页
3740;分项
3741;分头
3742;分频
3743;分餐
3744;分点
3745;可分
3746;名分
3747;均分
3748;报分
3749;守分
3750;定分
3751;宿分
3752;差分
3753;平分
3754;微分
3755;情分
3756;应分
3757;春分
3758;月分
3759;本分
3760;活分
3761;瓜分
3762;百分
3763;福分
3764;秋分
3765;等分
3766;约分
3767;美分
3768;考分
3769;职分
3770;计分
3771;变分
3772;负分
3773;身分
3774;辈分
3775;非分
3776;出发
3777;发布
3778;发展
3779;发现
3780;发表
3781;发起
3782;转发
3783;头发
3784;假发
3785;启发
3786;引发
3787;打发
3788;染发
3789;激发
3790;理发
3791;发作
3792;发光
3793;发冷
3794;发出
3795;发动
3796;发售
3797;发射
3798;发怒
3799;发愁
3800;发放
3801;发明
3802;发火
3803;发热
3804;发疯
3805;发票
3806;发福
3807;发笑
3808;发红
3809;发给
3810;发声
3811;发育
3812;发胖
3813;发行
3814;发觉
3815;发言
3816;发财
3817;发车
3818;发音
3819;白发
3820;研发
3821;秀发
3822;突发
3823;美发
3824;补发
3825;越发
3826;金发
3827;长发
3828;开发
3829;首发
3830;并发
3831;传发
3832;充发
3833;先发
3834;再发
3835;告发
3836;奋发
3837;寄发
3838;延发
3839;征发
3840;感发
3841;扣发
3842;拍发
3843;收发
3844;束发
3845;案发
3846;毫发
3847;照发
3848;发交
3849;发亮
3850;发令
3851;发信
3852;发兵
3853;发刊
3854;发包
3855;发问
3856;发丧
3857;发回
3858;发报
3859;发奋
3860;发急
3861;发情
3862;发愤
3863;发春
3864;发暗
3865;发案
3866;发棵
3867;发榜
3868;发气
3869;发泡
3870;发牌
3871;发狂
3872;发奖
3873;发痛
3874;发直
3875;发祥
3876;发积
3877;发端
3878;发粉
3879;发脆
3880;发落
3881;发薪
3882;发虚
3883;发运
3884;发配
3885;发难
3886;发愿
3887;发面
3888;益发
3889;直发
3890;祝发
3891;签发
3892;结发
3893;举发
3894;华发
3895;配发
3896;高发
3897;发屋
3898;发卷
3899;发网
3900;发菜
3901;须发
3902;点发
3903;起床
3904;升起
3905;拿起
3906;提起
3907;早起
3908;比起
3909;说起
3910;起点
3911;再起
3912;围起
3913;奋起
3914;挑起
3915;源起
3916;特起
3917;白起
3918;突起
3919;肩起
3920;起价
3921;起先
3922;起初
3923;起动
3924;起名
3925;起因
3926;起士
3927;起始
3928;起居
3929;起意
3930;起扑
3931;起敬
3932;起毛
3933;起爆
3934;起用
3935;起草
3936;起落
3937;起见
3938;起课
3939;起讲
3940;起跑
3941;起降
3942;钱起
3943;闭起
3944;雄起
3945;惊起
3946;高起
3947;你们
3948;我们
3949;亚们
3950;图们
3951;上海
3952;上班
3953;上网
3954;爱上
3955;早上
3956;晚上
3957;马上
3958;上午
3959;上去
3960;上台
3961;上司
3962;上场
3963;上山
3964;上市
3965;上床
3966;上手
3967;上升
3968;上演
3969;上级
3970;上行
3971;上街
3972;上衣
3973;上路
3974;上身
3975;上门
3976;世上
3977;之上
3978;以上
3979;加上
3980;地上
3981;海上
3982;献上
3983;登上
3984;皇上
3985;看上
3986;穿上
3987;考上
3988;至上
3989;台上
3990;赶上
3991;身上
3992;迷上
3993;关上
3994;附上
3995;上代
3996;上任
3997;上位
3998;上供
3999;上个
4000;上半
4001;上口
4002;上合
4003;上周
4004;上回
4005;上外
4006;上夜
4007;上将
4008;上思
4009;上房
4010;上文
4011;上月
4012;上林
4013;上校
4014;上杆
4015;上标
4016;上款
4017;上水
4018;上汽
4019;上浮
4020;上游
4021;上犹
4022;上界
4023;上等
4024;上声
4025;上船
4026;上衫
4027;上装
4028;上诉
4029;上载
4030;上辈
4031;上农
4032;上边
4033;上部
4034;上都
4035;上鞋
4036;上页
4037;上高
4038;上龙
4039;右上
4040;合上
4041;同上
4042;太上
4043;对上
4044;岸上
4045;左上
4046;形上
4047;池上
4048;犯上
4049;班上
4050;圣上
4051;街上
4052;说上
4053;陆上
4054;打开
4055;开始
4056;开门
4057;离开
4058;公开
4059;召开
4060;展开
4061;张开
4062;想开
4063;推开
4064;揭开
4065;放开
4066;煮开
4067;烧开
4068;盛开
4069;看开
4070;翻开
4071;解开
4072;走开
4073;避开
4074;开动
4075;开场
4076;开封
4077;开导
4078;开展
4079;开工
4080;开幕
4081;开店
4082;开张
4083;开往
4084;开怀
4085;开战
4086;开放
4087;开业
4088;开机
4089;开火
4090;开灯
4091;开眼
4092;开端
4093;开胃
4094;开台
4095;开花
4096;开走
4097;开间
4098;开关
4099;开饭
4100;松开
4101;伸开
4102;倒开
4103;传开
4104;八开
4105;再开
4106;化开
4107;另开
4108;封开
4109;对开
4110;挖开
4111;断开
4112;洞开
4113;破开
4114;移开
4115;脱开
4116;重开
4117;错开
4118;开交
4119;开伙
4120;开例
4121;开价
4122;开先
4123;开列
4124;开初
4125;开化
4126;开印
4127;开原
4128;开味
4129;开单
4130;开地
4131;开城
4132;开堂
4133;开壶
4134;开外
4135;开庭
4136;开吊
4137;开征
4138;开恩
4139;开戒
4140;开戏
4141;开户
4142;开拔
4143;开挖
4144;开支
4145;开败
4146;开方
4147;开明
4148;开映
4149;开春
4150;开晴
4151;开畅
4152;开本
4153;开架
4154;开杆
4155;开步
4156;开江
4157;开演
4158;开炉
4159;开球
4160;开蒙
4161;开炮
4162;开票
4163;开禁
4164;开福
4165;开立
4166;开站
4167;开笔
4168;开线
4169;开罪
4170;开脸
4171;开解
4172;开言
4173;开诚
4174;开讲
4175;开账
4176;开办
4177;开道
4178;开远
4179;开释
4180;开金
4181;开钻
4182;开除
4183;开阳
4184;开集
4185;开颜
4186;隔开
4187;双开
4188;这个
4189;这样
4190;这里
4191;这些
4192;这位
4193;这咱
4194;这种
4195;这类
4196;事情
4197;爱情
4198;感情
4199;传情
4200;友情
4201;同情
4202;多情
4203;性情
4204;情意
4205;情感
4206;情怀
4207;情景
4208;情歌
4209;情节
4210;情愿
4211;恋情
4212;温情
4213;无情
4214;留情
4215;真情
4216;知情
4217;纯情
4218;行情
4219;钟情
4220;七情
4221;任情
4222;内情
4223;前情
4224;定情
4225;实情
4226;常情
4227;忘情
4228;思情
4229;情事
4230;情儿
4231;情势
4232;情爱
4233;情态
4234;情杀
4235;情状
4236;情色
4237;情资
4238;情郎
4239;情面
4240;政情
4241;敢情
4242;敌情
4243;案情
4244;民情
4245;求情
4246;管情
4247;艳情
4248;苦情
4249;说情
4250;选情
4251;险情
4252;隐情
4253;震情
4254;领情
4255;完成
4256;成功
4257;成就
4258;成为
4259;成长
4260;变成
4261;切成
4262;合成
4263;建成
4264;成全
4265;成天
4266;成年
4267;成日
4268;成本
4269;成果
4270;成真
4271;成立
4272;成语
4273;成龙
4274;改成
4275;看成
4276;使成
4277;十成
4278;守成
4279;平成
4280;成串
4281;成了
4282;成像
4283;成千
4284;成因
4285;成圈
4286;成报
4287;成套
4288;成安
4289;成层
4290;成批
4291;成文
4292;成书
4293;成材
4294;成样
4295;成武
4296;成活
4297;成汉
4298;成组
4299;成县
4300;成色
4301;成华
4302;成药
4303;成虫
4304;成衣
4305;成见
4306;成规
4307;成亲
4308;成话
4309;成说
4310;成象
4311;成军
4312;成骨
4313;成体
4314;拼成
4315;提成
4316;收成
4317;文成
4318;未成
4319;荣成
4320;火成
4321;玉成
4322;现成
4323;留成
4324;目成
4325;结成
4326;老成
4327;落成
4328;译成
4329;责成
4330;速成
4331;金成
4332;风成
4333;如今
4334;今晨
4335;今村
4336;今译
4337;今音
4338;现今
4339;目今
4340;距今
4341;新浪
4342;更新
4343;全新
4344;新型
4345;新娘
4346;新婚
4347;新手
4348;新欢
4349;新郎
4350;最新
4351;迎新
4352;出新
4353;奉新
4354;安新
4355;尖新
4356;巴新
4357;新任
4358;新修
4359;新化
4360;新北
4361;新和
4362;新园
4363;新土
4364;新安
4365;新宿
4366;新密
4367;新宁
4368;新居
4369;新山
4370;新市
4371;新干
4372;新店
4373;新式
4374;新教
4375;新会
4376;新朝
4377;新村
4378;新林
4379;新荣
4380;新乐
4381;新民
4382;新河
4383;新港
4384;新源
4385;新营
4386;新田
4387;新界
4388;新异
4389;新社
4390;新约
4391;新庄
4392;新丰
4393;新军
4394;新近
4395;新造
4396;新选
4397;新都
4398;新青
4399;新风
4400;新马
4401;新党
4402;新龙
4403;日新
4404;款新
4405;永新
4406;纳新
4407;维新
4408;阳新
4409;好久
4410;好像
4411;好友
4412;好多
4413;好好
4414;好看
4415;美好
4416;刚好
4417;友好
4418;只好
4419;好似
4420;好喝
4421;好在
4422;好玩
4423;好用
4424;好笑
4425;好色
4426;安好
4427;幸好
4428;爱好
4429;最好
4430;正好
4431;看好
4432;讨好
4433;还好
4434;你好
4435;充好
4436;再好
4437;可好
4438;好些
4439;好去
4440;好客
4441;好康
4442;好强
4443;好手
4444;好气
4445;好氧
4446;好物
4447;好睡
4448;好记
4449;好说
4450;好道
4451;好斗
4452;完好
4453;搞好
4454;晴好
4455;极好
4456;祝好
4457;至好
4458;旧好
4459;要好
4460;较好
4461;以后
4462;可以
4463;所以
4464;以外
4465;以往
4466;以北
4467;以太
4468;以律
4469;以期
4470;以东
4471;以此
4472;以求
4473;以至
4474;以西
4475;以军
4476;以降
4477;借以
4478;冠以
4479;报以
4480;巴以
4481;是以
4482;用以
4483;给以
4484;赖以
4485;除以
4486;可爱
4487;可是
4488;可能
4489;可悲
4490;可乐
4491;可笑
4492;可靠
4493;认可
4494;即可
4495;可作
4496;可信
4497;可动
4498;可取
4499;可可
4500;可吃
4501;可否
4502;可喜
4503;可塞
4504;可导
4505;可巧
4506;可微
4507;可怪
4508;可数
4509;可欺
4510;可比
4511;可汗
4512;可决
4513;可燃
4514;可知
4515;可见
4516;可亲
4517;可解
4518;可言
4519;可调
4520;可谓
4521;可变
4522;可身
4523;可通
4524;可达
4525;可食
4526;可惊
4527;可体
4528;均可
4529;安可
4530;未可
4531;无可
4532;猛可
4533;许可
4534;麦可
4535;付出
4536;伸出
4537;出去
4538;出现
4539;出门
4540;作出
4541;做出
4542;出世
4543;出乎
4544;出事
4545;出入
4546;出动
4547;出名
4548;出品
4549;出国
4550;出场
4551;出奇
4552;出家
4553;出局
4554;出师
4555;出息
4556;出手
4557;出击
4558;出于
4559;出没
4560;出海
4561;出版
4562;出众
4563;出声
4564;出台
4565;出色
4566;出处
4567;出卖
4568;出路
4569;出身
4570;出游
4571;出道
4572;出错
4573;出院
4574;出面
4575;出头
4576;取出
4577;外出
4578;展出
4579;复出
4580;想出
4581;找出
4582;抽出
4583;拍出
4584;拿出
4585;指出
4586;掏出
4587;排出
4588;推出
4589;提出
4590;播出
4591;挤出
4592;摆出
4593;支出
4594;放出
4595;日出
4596;流出
4597;生出
4598;看出
4599;突出
4600;认出
4601;卖出
4602;超出
4603;跳出
4604;选出
4605;长出
4606;亮出
4607;使出
4608;借出
4609;出亡
4610;出任
4611;出使
4612;出借
4613;出价
4614;出具
4615;出列
4616;出力
4617;出勤
4618;出包
4619;出丧
4620;出圈
4621;出外
4622;出奔
4623;出官
4624;出尖
4625;出庭
4626;出招
4627;出操
4628;出月
4629;出榜
4630;出洋
4631;出活
4632;出港
4633;出界
4634;出神
4635;出继
4636;出缺
4637;出脱
4638;出落
4639;出号
4640;出言
4641;出访
4642;出诊
4643;出赛
4644;出超
4645;出辑
4646;出迎
4647;出逃
4648;出钱
4649;出险
4650;出露
4651;出题
4652;出饭
4653;努出
4654;汇出
4655;呼出
4656;定出
4657;射出
4658;寻出
4659;导出
4660;引出
4661;采出
4662;救出
4663;散出
4664;数出
4665;析出
4666;查出
4667;滑出
4668;特出
4669;登出
4670;算出
4671;签出
4672;约出
4673;闻出
4674;脱出
4675;装出
4676;订出
4677;赶出
4678;辈出
4679;逐出
4680;运出
4681;道出
4682;释出
4683;革出
4684;驶出
4685;收获
4686;获取
4687;截获
4688;抄获
4689;拿获
4690;捉获
4691;接获
4692;搜获
4693;查获
4694;获准
4695;获嘉
4696;获报
4697;获救
4698;获益
4699;获罪
4700;获释
4701;稳获
4702;重获
4703;己丑
4704;己未
4705;己糖
4706;己见
4707;舍己
4708;梯己
4709;异己
4710;体己
4711;到底
4712;回到
4713;想到
4714;找到
4715;收到
4716;签到
4717;遇到
4718;到位
4719;到手
4720;受到
4721;感到
4722;接到
4723;提到
4724;领到
4725;到了
4726;到案
4727;到此
4728;指到
4729;涨到
4730;烧到
4731;直到
4732;老到
4733;依然
4734;居然
4735;果然
4736;然后
4737;突然
4738;竟然
4739;自然
4740;虽然
4741;仍然
4742;已然
4743;必然
4744;悄然
4745;淡然
4746;释然
4747;显然
4748;了然
4749;信然
4750;傲然
4751;判然
4752;定然
4753;岸然
4754;废然
4755;惨然
4756;或然
4757;未然
4758;森然
4759;正然
4760;然则
4761;爽然
4762;率然
4763;端然
4764;索然
4765;绝然
4766;才然
4767;翻然
4768;肃然
4769;脱然
4770;着然
4771;融然
4772;诚然
4773;较然
4774;隐然
4775;现在
4776;现身
4777;重现
4778;惊现
4779;体现
4780;奉现
4781;复现
4782;爱现
4783;折现
4784;提现
4785;现世
4786;现任
4787;现值
4788;现存
4789;现抓
4790;现款
4791;现况
4792;现钱
4793;贴现
4794;隐现
4795;地主
4796;地址
4797;地方
4798;地铁
4799;原地
4800;地位
4801;地图
4802;地域
4803;地带
4804;地心
4805;地板
4806;地步
4807;地牢
4808;地理
4809;地瓜
4810;地处
4811;地质
4812;地道
4813;地面
4814;地点
4815;场地
4816;境地
4817;外地
4818;失地
4819;工地
4820;征地
4821;战地
4822;扫地
4823;故地
4824;本地
4825;湿地
4826;特地
4827;圣地
4828;草地
4829;质地
4830;遍地
4831;随地
4832;领地
4833;低地
4834;住地
4835;公地
4836;各地
4837;圈地
4838;园地
4839;地保
4840;地利
4841;地力
4842;地动
4843;地台
4844;地史
4845;地名
4846;地委
4847;地宫
4848;地层
4849;地底
4850;地府
4851;地支
4852;地核
4853;地滑
4854;地漏
4855;地热
4856;地炉
4857;地租
4858;地级
4859;地线
4860;地缘
4861;地藏
4862;地衣
4863;地表
4864;地貌
4865;地速
4866;地邻
4867;地钱
4868;地黄
4869;填地
4870;实地
4871;封地
4872;对地
4873;就地
4874;局地
4875;属地
4876;忽地
4877;抓地
4878;拔地
4879;接地
4880;整地
4881;敌地
4882;林地
4883;校地
4884;标地
4885;此地
4886;沙地
4887;海地
4888;熟地
4889;福地
4890;租地
4891;空地
4892;县地
4893;绕地
4894;背地
4895;台地
4896;着地
4897;薄地
4898;要地
4899;谷地
4900;农地
4901;道地
4902;边地
4903;重地
4904;门地
4905;阶地
4906;飞地
4907;养地
4908;馆地
4909;以为
4910;因为
4911;为了
4912;认为
4913;做为
4914;更为
4915;最为
4916;极为
4917;为主
4918;为何
4919;为难
4920;视为
4921;誉为
4922;身为
4923;较为
4924;即为
4925;合为
4926;名为
4927;所为
4928;敢为
4929;为例
4930;为此
4931;为准
4932;为着
4933;为重
4934;无为
4935;特为
4936;甚为
4937;略为
4938;记为
4939;分手
4940;射手
4941;手机
4942;手气
4943;二手
4944;伸手
4945;入手
4946;助手
4947;动手
4948;右手
4949;左手
4950;帮手
4951;手册
4952;手动
4953;手势
4954;手套
4955;手写
4956;手工
4957;手掌
4958;手法
4959;手稿
4960;手续
4961;手艺
4962;手表
4963;手头
4964;把手
4965;招手
4966;拿手
4967;握手
4968;挥手
4969;抢手
4970;放手
4971;歌手
4972;洗手
4973;牵手
4974;空手
4975;联手
4976;能手
4977;着手
4978;亲手
4979;选手
4980;释手
4981;随手
4982;顺手
4983;交手
4984;住手
4985;作手
4986;信手
4987;倒手
4988;假手
4989;做手
4990;利手
4991;副手
4992;反手
4993;名手
4994;外手
4995;失手
4996;写手
4997;巧手
4998;怪手
4999;应手
5000;手交
5001;手巧
5002;手巾
5003;手式
5004;手弹
5005;手影
5006;手性
5007;手打
5008;手把
5009;手控
5010;手球
5011;手用
5012;手相
5013;手举
5014;手里
5015;手边
5016;手钻
5017;手电
5018;打手
5019;投手
5020;捕手
5021;接手
5022;措手
5023;提手
5024;援手
5025;旗手
5026;明手
5027;束手
5028;乐手
5029;歇手
5030;毒手
5031;满手
5032;熟手
5033;琴手
5034;炮手
5035;素手
5036;经手
5037;绕手
5038;罢手
5039;老手
5040;脱手
5041;号手
5042;里手
5043;解手
5044;试手
5045;身手
5046;转手
5047;连手
5048;游手
5049;还手
5050;双手
5051;回忆
5052;回事
5053;回味
5054;回国
5055;回想
5056;回应
5057;找回
5058;传回
5059;汇回
5060;取回
5061;召回
5062;回交
5063;回充
5064;回口
5065;回单
5066;回回
5067;回奉
5068;回折
5069;回拜
5070;回采
5071;回描
5072;回教
5073;回敬
5074;回文
5075;回春
5076;回暖
5077;回条
5078;回冲
5079;回波
5080;回潮
5081;回火
5082;回炉
5083;回目
5084;回礼
5085;回空
5086;回绝
5087;回绕
5088;回耗
5089;回航
5090;回视
5091;回话
5092;回跌
5093;回路
5094;回车
5095;回返
5096;回还
5097;回锅
5098;回门
5099;回电
5100;回响
5101;弹回
5102;折回
5103;旋回
5104;穿回
5105;脑回
5106;角回
5107;转回
5108;追回
5109;重回
5110;头回
5111;颜回
5112;但是
5113;总是
5114;还是
5115;只是
5116;或是
5117;老是
5118;要是
5119;便是
5120;倒是
5121;却是
5122;如是
5123;就是
5124;既是
5125;是故
5126;是的
5127;横是
5128;正是
5129;求是
5130;尽是
5131;确是
5132;而是
5133;那是
5134;虽是
5135;无奈
5136;无意
5137;无敌
5138;无数
5139;无比
5140;无法
5141;无聊
5142;无语
5143;无论
5144;无关
5145;无限
5146;无上
5147;无价
5148;无偿
5149;无力
5150;无助
5151;无名
5152;无味
5153;无害
5154;无常
5155;无底
5156;无从
5157;无悔
5158;无成
5159;无故
5160;无效
5161;无望
5162;无期
5163;无物
5164;无猜
5165;无理
5166;无用
5167;无疑
5168;无益
5169;无知
5170;无碍
5171;无私
5172;无端
5173;无罪
5174;无声
5175;无能
5176;无色
5177;无处
5178;无视
5179;无言
5180;无谓
5181;无赖
5182;无趣
5183;无边
5184;无量
5185;无间
5186;无双
5187;无非
5188;无须
5189;无题
5190;虚无
5191;全无
5192;别无
5193;南无
5194;尚无
5195;毫无
5196;无似
5197;无何
5198;无利
5199;无品
5200;无局
5201;无已
5202;无干
5203;无几
5204;无度
5205;无后
5206;无性
5207;无怪
5208;无我
5209;无援
5210;无明
5211;无核
5212;无业
5213;无机
5214;无毛
5215;无水
5216;无烟
5217;无牌
5218;无牙
5219;无状
5220;无码
5221;无礼
5222;无缺
5223;无着
5224;无补
5225;无误
5226;无货
5227;无轨
5228;无道
5229;无需
5230;主动
5231;动作
5232;动力
5233;动漫
5234;动物
5235;感动
5236;活动
5237;激动
5238;移动
5239;自动
5240;行动
5241;冲动
5242;运动
5243;传动
5244;动向
5245;动容
5246;动弹
5247;动怒
5248;动情
5249;动感
5250;动态
5251;动机
5252;动用
5253;动听
5254;动脑
5255;动词
5256;动身
5257;动车
5258;动静
5259;好动
5260;带动
5261;打动
5262;振动
5263;推动
5264;拨动
5265;摆动
5266;机动
5267;波动
5268;流动
5269;浮动
5270;滚动
5271;牵动
5272;翻动
5273;举动
5274;被动
5275;调动
5276;变动
5277;走动
5278;跳动
5279;转动
5280;电动
5281;震动
5282;灵动
5283;乱动
5284;促动
5285;倾动
5286;动乱
5287;动口
5288;动问
5289;动因
5290;动工
5291;动气
5292;动能
5293;动觉
5294;动议
5295;动量
5296;动点
5297;劝动
5298;博动
5299;反动
5300;从动
5301;抽动
5302;拖动
5303;挑动
5304;挥动
5305;搬动
5306;扰动
5307;改动
5308;暴动
5309;更动
5310;气动
5311;游动
5312;眼动
5313;策动
5314;缓动
5315;踩动
5316;连动
5317;错动
5318;惊动
5319;快乐
5320;乐园
5321;音乐
5322;享乐
5323;喜乐
5324;乐事
5325;乐器
5326;乐团
5327;乐意
5328;欢乐
5329;玩乐
5330;作乐
5331;南乐
5332;博乐
5333;取乐
5334;器乐
5335;国乐
5336;奏乐
5337;宴乐
5338;将乐
5339;平乐
5340;康乐
5341;性乐
5342;意乐
5343;爱乐
5344;施乐
5345;昌乐
5346;极乐
5347;乐之
5348;乐句
5349;乐安
5350;乐师
5351;乐平
5352;乐府
5353;乐律
5354;乐东
5355;乐业
5356;乐清
5357;乐理
5358;乐章
5359;乐经
5360;乐至
5361;乐购
5362;乐迷
5363;乐透
5364;乐都
5365;乐音
5366;乐高
5367;民乐
5368;永乐
5369;胡乐
5370;般乐
5371;游乐
5372;钟乐
5373;静乐
5374;什器
5375;什菜
5376;什叶
5377;乌什
5378;班什
5379;通什
5380;司机
5381;机场
5382;机会
5383;机遇
5384;飞机
5385;主机
5386;乘机
5387;停机
5388;先机
5389;商机
5390;座机
5391;待机
5392;战机
5393;投机
5394;接机
5395;机制
5396;机房
5397;机敏
5398;机智
5399;机油
5400;机率
5401;机票
5402;机缘
5403;机能
5404;机身
5405;机车
5406;机长
5407;机关
5408;机灵
5409;机体
5410;死机
5411;班机
5412;登机
5413;良机
5414;转机
5415;关机
5416;随机
5417;事机
5418;包机
5419;呼机
5420;唱机
5421;客机
5422;寻机
5423;微机
5424;拆机
5425;敌机
5426;晕机
5427;枪机
5428;样机
5429;机宜
5430;机尾
5431;机巧
5432;机床
5433;机库
5434;机理
5435;机箱
5436;机谋
5437;机警
5438;机变
5439;机运
5440;机电
5441;机头
5442;母机
5443;火机
5444;热机
5445;当机
5446;病机
5447;磨机
5448;总机
5449;织机
5450;脱机
5451;装机
5452;货机
5453;军机
5454;轮机
5455;农机
5456;电机
5457;鸟机
5458;知道
5459;同道
5460;问道
5461;国道
5462;小道
5463;有道
5464;正道
5465;街道
5466;说道
5467;车道
5468;通道
5469;道具
5470;道别
5471;道歉
5472;频道
5473;二道
5474;布道
5475;便道
5476;信道
5477;修道
5478;假道
5479;传道
5480;入道
5481;力道
5482;原道
5483;叫道
5484;坡道
5485;墓道
5486;失道
5487;夹道
5488;宣道
5489;就道
5490;常道
5491;干道
5492;径道
5493;怪道
5494;抄道
5495;改道
5496;故道
5497;东道
5498;此道
5499;步道
5500;气道
5501;水道
5502;清道
5503;沟道
5504;滴道
5505;熟道
5506;球道
5507;产道
5508;白道
5509;盘道
5510;真道
5511;神道
5512;粮道
5513;胆道
5514;要道
5515;讲道
5516;走道
5517;踩道
5518;载道
5519;转道
5520;近道
5521;运道
5522;道光
5523;道台
5524;道喜
5525;道场
5526;道外
5527;道奇
5528;道姑
5529;道学
5530;道指
5531;道牙
5532;道白
5533;道破
5534;道统
5535;道藏
5536;道观
5537;道谢
5538;道贺
5539;道里
5540;道长
5541;道院
5542;医道
5543;门道
5544;阳道
5545;头道
5546;食道
5547;鸟道
5548;麦道
5549;力量
5550;努力
5551;压力
5552;实力
5553;引力
5554;给力
5555;能力
5556;主力
5557;全力
5558;兵力
5559;力作
5560;力度
5561;力气
5562;力争
5563;功力
5564;助力
5565;吃力
5566;奋力
5567;强力
5568;接力
5569;智力
5570;极力
5571;活力
5572;火力
5573;用力
5574;眼力
5575;精力
5576;耐力
5577;听力
5578;脑力
5579;苦力
5580;视力
5581;财力
5582;费力
5583;卖力
5584;阻力
5585;电力
5586;马力
5587;体力
5588;伟力
5589;剪力
5590;力主
5591;力促
5592;力保
5593;力偶
5594;力图
5595;力场
5596;力宝
5597;力征
5598;力戒
5599;力战
5600;力攻
5601;力波
5602;力行
5603;力阻
5604;劲力
5605;勇力
5606;吸力
5607;喜力
5608;国力
5609;坐力
5610;外力
5611;巴力
5612;帝力
5613;应力
5614;战力
5615;扭力
5616;抓力
5617;拼力
5618;握力
5619;效力
5620;格力
5621;毒力
5622;气力
5623;水力
5624;法力
5625;浮力
5626;物力
5627;猛力
5628;独力
5629;目力
5630;神力
5631;笔力
5632;耗力
5633;肥力
5634;胆力
5635;致力
5636;冲力
5637;角力
5638;识力
5639;警力
5640;趋力
5641;军力
5642;通力
5643;酒力
5644;重力
5645;量力
5646;铁力
5647;骨力
5648;麻力
5649;享名
5650;享国
5651;享福
5652;受享
5653;感冒
5654;感受
5655;感觉
5656;感谢
5657;反感
5658;口感
5659;同感
5660;好感
5661;感伤
5662;感激
5663;质感
5664;预感
5665;传感
5666;善感
5667;后感
5668;快感
5669;恶感
5670;感光
5671;感召
5672;感奋
5673;感念
5674;感想
5675;感愤
5676;感戴
5677;感知
5678;感遇
5679;毒感
5680;深感
5681;球感
5682;痛感
5683;直感
5684;统感
5685;肉感
5686;观感
5687;语感
5688;杂感
5689;电感
5690;震感
5691;之后
5692;今后
5693;后来
5694;后悔
5695;后面
5696;最后
5697;事后
5698;先后
5699;前后
5700;午后
5701;幕后
5702;往后
5703;后世
5704;后代
5705;后台
5706;后年
5707;后期
5708;后果
5709;后续
5710;后者
5711;后卫
5712;后退
5713;后边
5714;后门
5715;日后
5716;此后
5717;稍后
5718;身后
5719;过后
5720;酒后
5721;随后
5722;其后
5723;后座
5724;后里
5725;善后
5726;在后
5727;太后
5728;帝后
5729;后事
5730;后付
5731;后备
5732;后儿
5733;后加
5734;后半
5735;后周
5736;后味
5737;后坐
5738;后壁
5739;后娘
5740;后妈
5741;后学
5742;后影
5743;后怕
5744;后排
5745;后援
5746;后撤
5747;后效
5748;后方
5749;后日
5750;后段
5751;后母
5752;后凉
5753;后汉
5754;后灯
5755;后父
5756;后缘
5757;后置
5758;后脑
5759;后腰
5760;后记
5761;后诊
5762;后话
5763;后账
5764;后辈
5765;后送
5766;后进
5767;后部
5768;后金
5769;后附
5770;后龙
5771;战后
5772;押后
5773;推后
5774;朝后
5775;末后
5776;灾后
5777;王后
5778;而后
5779;须后
5780;预后
5781;正在
5782;内在
5783;在于
5784;所在
5785;何在
5786;在位
5787;在前
5788;在即
5789;在外
5790;在座
5791;在握
5792;在旁
5793;在朝
5794;在此
5795;在华
5796;在行
5797;在身
5798;在逃
5799;在途
5800;早在
5801;设在
5802;闲在
5803;任意
5804;创意
5805;在意
5806;如意
5807;意外
5808;意思
5809;意义
5810;意见
5811;注意
5812;满意
5813;愿意
5814;主意
5815;假意
5816;刻意
5817;同意
5818;善意
5819;失意
5820;好意
5821;恶意
5822;意味
5823;意境
5824;意志
5825;意愿
5826;爱意
5827;故意
5828;新意
5829;特意
5830;玩意
5831;留意
5832;真意
5833;睡意
5834;诚意
5835;随意
5836;顺意
5837;信意
5838;加意
5839;原意
5840;合意
5841;含意
5842;单意
5843;实意
5844;专意
5845;尊意
5846;属意
5847;快意
5848;悔意
5849;意中
5850;意即
5851;意念
5852;意态
5853;意指
5854;意会
5855;意符
5856;意兴
5857;意谓
5858;意译
5859;意趣
5860;授意
5861;措意
5862;春意
5863;会意
5864;歉意
5865;正意
5866;决意
5867;爽意
5868;犯意
5869;用意
5870;尽意
5871;示意
5872;称意
5873;笑意
5874;纵意
5875;致意
5876;着意
5877;表意
5878;词意
5879;谢意
5880;达意
5881;适意
5882;酒意
5883;隐意
5884;题意
5885;女孩
5886;美女
5887;女友
5888;女星
5889;女神
5890;少女
5891;男女
5892;剩女
5893;女伴
5894;女杰
5895;女功
5896;女娃
5897;女工
5898;女厕
5899;女排
5900;女书
5901;女墙
5902;女犯
5903;女真
5904;女红
5905;女色
5906;女警
5907;女阴
5908;室女
5909;实女
5910;小女
5911;幼女
5912;怨女
5913;才女
5914;扣女
5915;次女
5916;欲女
5917;港女
5918;烈女
5919;熟女
5920;石女
5921;神女
5922;童女
5923;继女
5924;长女
5925;养女
5926;差点
5927;快点
5928;早点
5929;点亮
5930;点击
5931;点滴
5932;亮点
5933;加点
5934;半点
5935;原点
5936;几点
5937;弱点
5938;指点
5939;晚点
5940;景点
5941;极点
5942;标点
5943;正点
5944;热点
5945;甜点
5946;站点
5947;终点
5948;网点
5949;装点
5950;要点
5951;卖点
5952;重点
5953;钟点
5954;零点
5955;点名
5956;点数
5957;点火
5958;点球
5959;点睛
5960;点菜
5961;点评
5962;点钟
5963;点头
5964;点点
5965;中点
5966;交点
5967;切点
5968;汇点
5969;单点
5970;圈点
5971;始点
5972;定点
5973;应点
5974;接点
5975;据点
5976;支点
5977;数点
5978;死点
5979;浮点
5980;清点
5981;源点
5982;滴点
5983;满点
5984;燃点
5985;疑点
5986;眼点
5987;端点
5988;节点
5989;糕点
5990;结点
5991;聚点
5992;评点
5993;论点
5994;质点
5995;返点
5996;银点
5997;闪点
5998;难点
5999;雨点
6000;静点
6001;驻点
6002;点交
6003;点兵
6004;点化
6005;点字
6006;点射
6007;点将
6008;点播
6009;点收
6010;点明
6011;点染
6012;点查
6013;点检
6014;点水
6015;点画
6016;点票
6017;点积
6018;点穿
6019;点号
6020;点补
6021;点见
6022;点视
6023;点军
6024;点阵
6025;点题
6026;上面
6027;下面
6028;前面
6029;外面
6030;封面
6031;方面
6032;桌面
6033;界面
6034;画面
6035;表面
6036;里面
6037;见面
6038;铁面
6039;面前
6040;面对
6041;面包
6042;一面
6043;假面
6044;全面
6045;冷面
6046;反面
6047;局面
6048;市面
6049;平面
6050;店面
6051;扑面
6052;正面
6053;水面
6054;洗面
6055;满面
6056;炒面
6057;当面
6058;背面
6059;台面
6060;负面
6061;路面
6062;迎面
6063;面值
6064;面具
6065;面向
6066;面壁
6067;面容
6068;面料
6069;面目
6070;面色
6071;面试
6072;面貌
6073;面部
6074;页面
6075;面粉
6076;面糊
6077;面团
6078;世面
6079;介面
6080;修面
6081;两面
6082;切面
6083;北面
6084;南面
6085;基面
6086;屋面
6087;左面
6088;底面
6089;曲面
6090;东面
6091;楼面
6092;死面
6093;波面
6094;洋面
6095;浮面
6096;液面
6097;照面
6098;片面
6099;版面
6100;球面
6101;环面
6102;白面
6103;皮面
6104;相面
6105;碰面
6106;端面
6107;米面
6108;舌面
6109;薄面
6110;被面
6111;西面
6112;账面
6113;锋面
6114;钟面
6115;阴面
6116;面世
6117;面交
6118;面友
6119;面型
6120;面巾
6121;面市
6122;面形
6123;面影
6124;面授
6125;面熟
6126;面相
6127;面谢
6128;面誉
6129;面镜
6130;面面
6131;面颜
6132;面首
6133;顶面
6134;头面
6135;饰面
6136;马面
6137;面档
6138;面的
6139;面类
6140;明星
6141;明白
6142;天明
6143;文明
6144;明亮
6145;明日
6146;明明
6147;明智
6148;明月
6149;明朗
6150;明知
6151;明确
6152;精明
6153;声明
6154;表明
6155;鲜明
6156;列明
6157;判明
6158;南明
6159;启明
6160;严明
6161;坚明
6162;失明
6163;宁明
6164;崇明
6165;幽明
6166;微明
6167;思明
6168;指明
6169;挑明
6170;探明
6171;明了
6172;明代
6173;明光
6174;明初
6175;明史
6176;明和
6177;明报
6178;明察
6179;明山
6180;明德
6181;明慧
6182;明教
6183;明文
6184;明末
6185;明水
6186;明净
6187;明清
6188;明火
6189;明胶
6190;明处
6191;明言
6192;明订
6193;明证
6194;明达
6195;明体
6196;明丽
6197;东明
6198;查明
6199;标明
6200;注明
6201;流明
6202;王明
6203;神明
6204;简明
6205;圣明
6206;薄明
6207;言明
6208;订明
6209;认明
6210;讲明
6211;质明
6212;通明
6213;金明
6214;阳明
6215;显明
6216;验明
6217;我国
6218;忘我
6219;我方
6220;我等
6221;我靠
6222;故我
6223;敌我
6224;本我
6225;超我
6226;事实
6227;事业
6228;同事
6229;故事
6230;世事
6231;事事
6232;事先
6233;事务
6234;事故
6235;事变
6236;事项
6237;共事
6238;凡事
6239;启事
6240;喜事
6241;执事
6242;好事
6243;实事
6244;小事
6245;从事
6246;懂事
6247;找事
6248;本事
6249;正事
6250;没事
6251;处事
6252;行事
6253;记事
6254;诸事
6255;赛事
6256;趣事
6257;办事
6258;闲事
6259;七事
6260;了事
6261;事例
6262;事假
6263;事典
6264;事前
6265;事势
6266;事奉
6267;事态
6268;事权
6269;事理
6270;事由
6271;事界
6272;事略
6273;事端
6274;事证
6275;事关
6276;事体
6277;任事
6278;凶事
6279;前事
6280;受事
6281;外事
6282;多事
6283;失事
6284;奇事
6285;婚事
6286;专事
6287;工事
6288;幸事
6289;怕事
6290;性事
6291;恶事
6292;惨事
6293;战事
6294;房事
6295;指事
6296;政事
6297;施事
6298;月事
6299;服事
6300;某事
6301;民事
6302;混事
6303;济事
6304;物事
6305;犯事
6306;理事
6307;异事
6308;当事
6309;白事
6310;盛事
6311;真事
6312;给事
6313;圣事
6314;听事
6315;能事
6316;苦事
6317;要事
6318;亲事
6319;评事
6320;议事
6321;农事
6322;丑事
6323;隐事
6324;顶事
6325;领事
6326;怎样
6327;小样
6328;榜样
6329;模样
6330;样样
6331;照样
6332;那样
6333;原样
6334;取样
6335;各样
6336;图样
6337;学样
6338;官样
6339;式样
6340;怪样
6341;态样
6342;抽样
6343;采样
6344;改样
6345;校样
6346;样例
6347;样品
6348;样单
6349;样本
6350;样板
6351;样貌
6352;纸样
6353;试样
6354;象样
6355;走样
6356;重样
6357;小品
6358;小姐
6359;小孩
6360;小学
6361;小小
6362;小说
6363;小三
6364;小伙
6365;小便
6366;小偷
6367;小儿
6368;小吃
6369;小型
6370;小妹
6371;小姑
6372;小姨
6373;小屋
6374;小巧
6375;小店
6376;小弟
6377;小于
6378;小气
6379;小看
6380;小组
6381;小声
6382;小菜
6383;小号
6384;小车
6385;小金
6386;小鸡
6387;小雨
6388;小雪
6389;小马
6390;小鬼
6391;小麦
6392;小鼠
6393;微小
6394;做小
6395;初小
6396;国小
6397;小乘
6398;小二
6399;小传
6400;小包
6401;小叔
6402;小名
6403;小城
6404;小报
6405;小娃
6406;小官
6407;小寒
6408;小写
6409;小岛
6410;小康
6411;小强
6412;小弹
6413;小技
6414;小指
6415;小数
6416;小暑
6417;小本
6418;小林
6419;小树
6420;小泉
6421;小泡
6422;小波
6423;小港
6424;小滴
6425;小满
6426;小潮
6427;小牛
6428;小产
6429;小的
6430;小睡
6431;小节
6432;小粉
6433;小结
6434;小羊
6435;小脑
6436;小肠
6437;小舌
6438;小船
6439;小袋
6440;小视
6441;小解
6442;小计
6443;小猫
6444;小贝
6445;小路
6446;小游
6447;小量
6448;小项
6449;从小
6450;极小
6451;减小
6452;细小
6453;附小
6454;中午
6455;中国
6456;中央
6457;中意
6458;中文
6459;中奖
6460;中华
6461;中间
6462;之中
6463;其中
6464;高中
6465;中介
6466;中伤
6467;中共
6468;中原
6469;中场
6470;中外
6471;中层
6472;中式
6473;中性
6474;中指
6475;中断
6476;中方
6477;中暑
6478;中期
6479;中东
6480;中环
6481;中产
6482;中秋
6483;中立
6484;中等
6485;中级
6486;中肯
6487;中兴
6488;中行
6489;中西
6490;中转
6491;中途
6492;中游
6493;中部
6494;中医
6495;中锋
6496;中风
6497;中饭
6498;中餐
6499;个中
6500;初中
6501;台中
6502;命中
6503;国中
6504;梦中
6505;家中
6506;年中
6507;从中
6508;击中
6509;暗中
6510;猜中
6511;看中
6512;空中
6513;适中
6514;选中
6515;中保
6516;中元
6517;中印
6518;中古
6519;中土
6520;中型
6521;中坚
6522;中宁
6523;中将
6524;中专
6525;中局
6526;中岛
6527;中庭
6528;中厅
6529;中彩
6530;中径
6531;中招
6532;中日
6533;中朝
6534;中村
6535;中校
6536;中止
6537;中正
6538;中段
6539;中江
6540;中油
6541;中法
6542;中波
6543;中流
6544;中港
6545;中的
6546;中看
6547;中程
6548;中空
6549;中站
6550;中签
6551;中继
6552;中美
6553;中耳
6554;中声
6555;中听
6556;中台
6557;中举
6558;中英
6559;中装
6560;中视
6561;中计
6562;中财
6563;中资
6564;中辣
6565;中农
6566;中远
6567;中选
6568;中都
6569;中银
6570;中阳
6571;中隔
6572;中青
6573;中非
6574;中饱
6575;便中
6576;备中
6577;切中
6578;刺中
6579;呼中
6580;央中
6581;射中
6582;居中
6583;巴中
6584;打中
6585;投中
6586;折中
6587;抽中
6588;扬中
6589;日中
6590;月中
6591;朝中
6592;期中
6593;正中
6594;热中
6595;片中
6596;田中
6597;眼中
6598;美中
6599;考中
6600;胸中
6601;资中
6602;郎中
6603;关中
6604;震中
6605;今日
6606;日本
6607;假日
6608;即日
6609;夏日
6610;平日
6611;往日
6612;日光
6613;日前
6614;日夜
6615;日常
6616;日式
6617;日文
6618;日日
6619;日历
6620;日月
6621;日期
6622;日渐
6623;日照
6624;日益
6625;日程
6626;日落
6627;日语
6628;早日
6629;昨日
6630;次日
6631;当日
6632;近日
6633;周日
6634;主日
6635;何日
6636;值日
6637;前日
6638;化日
6639;反日
6640;吉日
6641;同日
6642;哈日
6643;单日
6644;定日
6645;对日
6646;度日
6647;念日
6648;按日
6649;择日
6650;改日
6651;日刊
6652;日化
6653;日圆
6654;日土
6655;日增
6656;日媒
6657;日方
6658;日朝
6659;日没
6660;日用
6661;日盛
6662;日神
6663;日立
6664;日经
6665;日美
6666;日至
6667;日航
6668;日里
6669;日间
6670;日电
6671;日食
6672;春日
6673;望日
6674;本日
6675;海日
6676;乌日
6677;空日
6678;红日
6679;素日
6680;终日
6681;美日
6682;蒙日
6683;逐日
6684;达日
6685;隔日
6686;勇气
6687;帅气
6688;气息
6689;气死
6690;气氛
6691;气温
6692;气象
6693;气质
6694;生气
6695;空气
6696;节气
6697;脾气
6698;运气
6699;俗气
6700;傲气
6701;傻气
6702;元气
6703;充气
6704;冷气
6705;出气
6706;受气
6707;口气
6708;名气
6709;吸气
6710;呼气
6711;和气
6712;叹气
6713;客气
6714;寒气
6715;尾气
6716;底气
6717;志气
6718;怒气
6719;怨气
6720;打气
6721;断气
6722;景气
6723;暖气
6724;服气
6725;朝气
6726;正气
6727;杀气
6728;气人
6729;气候
6730;气味
6731;气度
6732;气愤
6733;气概
6734;气泡
6735;气派
6736;气球
6737;气色
6738;气血
6739;气体
6740;消气
6741;湿气
6742;火气
6743;热气
6744;神气
6745;福气
6746;秀气
6747;血气
6748;语气
6749;豪气
6750;赌气
6751;通气
6752;过气
6753;电气
6754;灵气
6755;风气
6756;香气
6757;骨气
6758;任气
6759;储气
6760;光气
6761;加气
6762;厌气
6763;含气
6764;喷气
6765;屏气
6766;带气
6767;怪气
6768;恶气
6769;才气
6770;抽气
6771;排气
6772;放气
6773;文气
6774;暑气
6775;歇气
6776;气功
6777;气化
6778;气口
6779;气团
6780;气塞
6781;气宇
6782;气态
6783;气旋
6784;气枪
6785;气楼
6786;气流
6787;气炸
6788;气煤
6789;气瓶
6790;气盛
6791;气管
6792;气粗
6793;气绝
6794;气胸
6795;气虚
6796;气量
6797;气钻
6798;气门
6799;气陷
6800;水气
6801;油气
6802;治气
6803;活气
6804;浮气
6805;烟气
6806;爽气
6807;理气
6808;盛气
6809;紫气
6810;绝气
6811;习气
6812;声气
6813;胆气
6814;英气
6815;负气
6816;贫气
6817;贯气
6818;送气
6819;阔气
6820;云气
6821;顺气
6822;骄气
6823;斗气
6824;老公
6825;老婆
6826;老妈
6827;老家
6828;老师
6829;老爸
6830;老板
6831;年老
6832;老化
6833;老外
6834;老太
6835;老娘
6836;老实
6837;老年
6838;老弟
6839;老早
6840;老爷
6841;养老
6842;二老
6843;孤老
6844;尊老
6845;敬老
6846;服老
6847;父老
6848;终老
6849;老丈
6850;老兄
6851;老儿
6852;老千
6853;老城
6854;老境
6855;老客
6856;老将
6857;老少
6858;老式
6859;老态
6860;老本
6861;老牌
6862;老练
6863;老美
6864;老老
6865;老舍
6866;老花
6867;老街
6868;老账
6869;老路
6870;老辣
6871;老边
6872;老酒
6873;老龄
6874;庄老
6875;遗老
6876;喜爱
6877;爱人
6878;恋爱
6879;亲爱
6880;偏爱
6881;做爱
6882;北爱
6883;恩爱
6884;爱国
6885;爱惜
6886;爱恋
6887;爱美
6888;爱护
6889;母爱
6890;深爱
6891;珍爱
6892;疼爱
6893;真爱
6894;错爱
6895;钟爱
6896;关爱
6897;令爱
6898;作爱
6899;博爱
6900;友爱
6901;爱问
6902;爱德
6903;爱怜
6904;爱民
6905;爱琴
6906;爱知
6907;爱称
6908;爱财
6909;爱辉
6910;怜爱
6911;求爱
6912;至爱
6913;见爱
6914;安全
6915;安慰
6916;安静
6917;平安
6918;早安
6919;晚安
6920;保安
6921;公安
6922;午安
6923;安分
6924;安定
6925;安家
6926;安康
6927;安息
6928;安排
6929;安放
6930;安于
6931;安乐
6932;安然
6933;安眠
6934;安神
6935;安置
6936;安详
6937;宝安
6938;治安
6939;长安
6940;任安
6941;依安
6942;偏安
6943;偷安
6944;北安
6945;台安
6946;吉安
6947;同安
6948;问安
6949;固安
6950;安份
6951;安保
6952;安倍
6953;安化
6954;安南
6955;安吉
6956;安国
6957;安图
6958;安培
6959;安塞
6960;安多
6961;安居
6962;安平
6963;安打
6964;安抵
6965;安插
6966;安次
6967;安歇
6968;安源
6969;安营
6970;安祥
6971;安福
6972;安义
6973;安华
6974;安西
6975;安设
6976;安身
6977;安达
6978;安远
6979;安适
6980;安乡
6981;安陆
6982;安顺
6983;安龙
6984;定安
6985;宁安
6986;崇安
6987;广安
6988;建安
6989;微安
6990;德安
6991;惠安
6992;庆安
6993;怀安
6994;招安
6995;振安
6996;教安
6997;文安
6998;普安
6999;会安
7000;望安
7001;李安
7002;东安
7003;欠安
7004;正安
7005;武安
7006;比安
7007;永安
7008;江安
7009;海安
7010;潮安
7011;福安
7012;红安
7013;兴安
7014;华安
7015;万安
7016;融安
7017;请安
7018;赖安
7019;农安
7020;远安
7021;金安
7022;集安
7023;云安
7024;高安
7025;龙安
7026;睡觉
7027;视觉
7028;先觉
7029;午觉
7030;味觉
7031;温觉
7032;知觉
7033;觉醒
7034;警觉
7035;贡觉
7036;震觉
7037;速度
7038;再度
7039;国度
7040;季度
7041;尺度
7042;度假
7043;强度
7044;深度
7045;虚度
7046;进度
7047;适度
7048;长度
7049;难度
7050;风度
7051;三度
7052;二度
7053;亮度
7054;光度
7055;八度
7056;刻度
7057;刚度
7058;审度
7059;平度
7060;度外
7061;度量
7062;广度
7063;推度
7064;料度
7065;斜度
7066;月度
7067;梯度
7068;标度
7069;法度
7070;活度
7071;测度
7072;灭度
7073;烈度
7074;照度
7075;猜度
7076;用度
7077;精度
7078;纯度
7079;经度
7080;色度
7081;盖度
7082;裁度
7083;识度
7084;丰度
7085;超度
7086;重度
7087;量度
7088;阔度
7089;频度
7090;首度
7091;查看
7092;看看
7093;看似
7094;看待
7095;看懂
7096;看法
7097;看清
7098;偷看
7099;参看
7100;受看
7101;察看
7102;探看
7103;照看
7104;相看
7105;看做
7106;看呆
7107;看客
7108;看惯
7109;看戏
7110;看押
7111;看涨
7112;看相
7113;看管
7114;看顾
7115;细看
7116;耐看
7117;要看
7118;误看
7119;请看
7120;踏看
7121;轻看
7122;高看
7123;加快
7124;快要
7125;快速
7126;愉快
7127;痛快
7128;外快
7129;快信
7130;快取
7131;快慢
7132;快慰
7133;快攻
7134;快板
7135;快步
7136;快活
7137;快照
7138;快班
7139;快退
7140;欢快
7141;磨快
7142;灵快
7143;松快
7144;国内
7145;国外
7146;国家
7147;国际
7148;德国
7149;法国
7150;美国
7151;英国
7152;亡国
7153;北国
7154;国事
7155;国企
7156;国土
7157;国学
7158;国宝
7159;国情
7160;国庆
7161;国旗
7162;国会
7163;国有
7164;国标
7165;国歌
7166;国民
7167;国界
7168;国画
7169;国立
7170;国籍
7171;国美
7172;国航
7173;国语
7174;国防
7175;外国
7176;岛国
7177;帝国
7178;建国
7179;强国
7180;战国
7181;民国
7182;治国
7183;王国
7184;异国
7185;米国
7186;兴国
7187;举国
7188;万国
7189;跨国
7190;开国
7191;三国
7192;他国
7193;两国
7194;公国
7195;列国
7196;古国
7197;各国
7198;四国
7199;国共
7200;国务
7201;国势
7202;国史
7203;国名
7204;国境
7205;国姓
7206;国威
7207;国字
7208;国宴
7209;国师
7210;国技
7211;国政
7212;国教
7213;国书
7214;国法
7215;国父
7216;国策
7217;国联
7218;国菜
7219;国号
7220;国术
7221;国运
7222;国都
7223;国队
7224;国音
7225;国体
7226;多国
7227;富国
7228;宁国
7229;属国
7230;故国
7231;救国
7232;敌国
7233;本国
7234;楚国
7235;汗国
7236;盟国
7237;相国
7238;穷国
7239;立国
7240;索国
7241;旧国
7242;卫国
7243;贡国
7244;贵国
7245;卖国
7246;越国
7247;返国
7248;邻国
7249;锁国
7250;马国
7251;没收
7252;没错
7253;从没
7254;没了
7255;没口
7256;没命
7257;没影
7258;没戏
7259;没救
7260;没药
7261;没趣
7262;没电
7263;潜没
7264;隐没
7265;上学
7266;中学
7267;化学
7268;同学
7269;学妹
7270;学会
7271;学期
7272;学校
7273;学习
7274;学院
7275;数学
7276;科学
7277;开学
7278;佛学
7279;光学
7280;入学
7281;力学
7282;博学
7283;好学
7284;学位
7285;学分
7286;学名
7287;学员
7288;学问
7289;学园
7290;学堂
7291;学坏
7292;学好
7293;学姐
7294;学年
7295;学弟
7296;学徒
7297;学时
7298;学业
7299;学历
7300;学科
7301;学者
7302;学术
7303;学说
7304;学识
7305;学费
7306;学长
7307;放学
7308;教学
7309;散学
7310;文学
7311;求学
7312;法学
7313;留学
7314;美学
7315;自学
7316;转学
7317;退学
7318;医学
7319;休学
7320;升学
7321;史学
7322;名学
7323;品学
7324;商学
7325;太学
7326;失学
7327;学制
7328;学报
7329;学士
7330;学摸
7331;学海
7332;学甲
7333;学究
7334;学童
7335;学籍
7336;学级
7337;学艺
7338;学风
7339;学龄
7340;官学
7341;工学
7342;复学
7343;才学
7344;易学
7345;林学
7346;洋学
7347;浅学
7348;汉学
7349;理学
7350;督学
7351;社学
7352;神学
7353;红学
7354;义学
7355;声学
7356;兴学
7357;旧学
7358;药学
7359;西学
7360;讲学
7361;办学
7362;农学
7363;逃学
7364;进学
7365;游学
7366;电学
7367;显学
7368;饱学
7369;身体
7370;体验
7371;主体
7372;个体
7373;全体
7374;具体
7375;团体
7376;大体
7377;字体
7378;实体
7379;得体
7380;抗体
7381;整体
7382;液体
7383;物体
7384;立体
7385;总体
7386;载体
7387;连体
7388;遗体
7389;体内
7390;体制
7391;体味
7392;体型
7393;体操
7394;体温
7395;体积
7396;体系
7397;体能
7398;体肤
7399;体谅
7400;体质
7401;体重
7402;体面
7403;三体
7404;前体
7405;刚体
7406;受体
7407;单体
7408;四体
7409;基体
7410;块体
7411;客体
7412;导体
7413;幼体
7414;政体
7415;散体
7416;文体
7417;斜体
7418;星体
7419;书体
7420;本体
7421;柱体
7422;正体
7423;母体
7424;水体
7425;活体
7426;流体
7427;独体
7428;球体
7429;异体
7430;白体
7431;硬体
7432;矿体
7433;神体
7434;简体
7435;粗体
7436;圣体
7437;肌体
7438;胶体
7439;旧体
7440;船体
7441;补体
7442;解体
7443;变体
7444;军体
7445;转体
7446;通体
7447;遍体
7448;配体
7449;露体
7450;灵体
7451;颜体
7452;体位
7453;体例
7454;体侧
7455;体势
7456;体团
7457;体外
7458;体式
7459;体弱
7460;体念
7461;体性
7462;体悟
7463;体惜
7464;体态
7465;体书
7466;体校
7467;体模
7468;体毛
7469;体统
7470;体罚
7471;体表
7472;体裁
7473;体认
7474;体貌
7475;体量
7476;体长
7477;黄体
7478;黑体
7479;单身
7480;起身
7481;身份
7482;身价
7483;身边
7484;下身
7485;健身
7486;全身
7487;替身
7488;满身
7489;终身
7490;置身
7491;亲身
7492;身亡
7493;身影
7494;身处
7495;随身
7496;凶身
7497;净身
7498;刀身
7499;切身
7500;前身
7501;剑身
7502;反身
7503;失身
7504;守身
7505;平身
7506;抄身
7507;投身
7508;挺身
7509;舍身
7510;探身
7511;文身
7512;束身
7513;真身
7514;破身
7515;空身
7516;船身
7517;藏身
7518;身世
7519;身型
7520;身态
7521;身才
7522;身故
7523;身法
7524;身量
7525;遍身
7526;量身
7527;闪身
7528;只身
7529;飞身
7530;朋友
7531;男友
7532;住友
7533;友军
7534;工友
7535;师友
7536;故友
7537;教友
7538;晒友
7539;票友
7540;笔友
7541;聚友
7542;色友
7543;已经
7544;曾经
7545;经典
7546;经常
7547;经历
7548;经济
7549;经验
7550;心经
7551;必经
7552;月经
7553;正经
7554;历经
7555;痛经
7556;经受
7557;经理
7558;圣经
7559;财经
7560;途经
7561;五经
7562;信经
7563;传经
7564;内经
7565;六经
7566;取经
7567;季经
7568;宅经
7569;居经
7570;几经
7571;念经
7572;易经
7573;暗经
7574;书经
7575;未经
7576;本经
7577;东经
7578;业经
7579;次经
7580;真经
7581;礼经
7582;绝经
7583;经世
7584;经久
7585;经传
7586;经卷
7587;经合
7588;经圈
7589;经撞
7590;经文
7591;经查
7592;经由
7593;经痛
7594;经管
7595;经籍
7596;经线
7597;经销
7598;茶经
7599;行经
7600;西经
7601;读经
7602;通经
7603;释经
7604;闭经
7605;难经
7606;马经
7607;低头
7608;回头
7609;年头
7610;心头
7611;念头
7612;抬头
7613;洗头
7614;尽头
7615;石头
7616;码头
7617;老头
7618;舌头
7619;街头
7620;过头
7621;镜头
7622;开头
7623;头像
7624;头晕
7625;头疼
7626;头痛
7627;头脑
7628;骨头
7629;上头
7630;乳头
7631;仰头
7632;个头
7633;光头
7634;前头
7635;劲头
7636;势头
7637;包头
7638;口头
7639;埋头
7640;外头
7641;多头
7642;对头
7643;山头
7644;巨头
7645;带头
7646;平头
7647;床头
7648;后头
7649;从头
7650;扭头
7651;指头
7652;掉头
7653;探头
7654;接头
7655;插头
7656;日头
7657;源头
7658;烟头
7659;片头
7660;牛头
7661;白头
7662;盼头
7663;看头
7664;矛头
7665;碰头
7666;空头
7667;箭头
7668;临头
7669;行头
7670;里头
7671;调头
7672;起头
7673;跟头
7674;转头
7675;钟头
7676;关头
7677;头一
7678;头上
7679;头儿
7680;头大
7681;头条
7682;头版
7683;头皮
7684;头等
7685;头绪
7686;头部
7687;头顶
7688;头头
7689;头饰
7690;风头
7691;龙头
7692;先头
7693;两头
7694;刊头
7695;叉头
7696;唱头
7697;坡头
7698;报头
7699;奔头
7700;奶头
7701;工头
7702;户头
7703;找头
7704;承头
7705;把头
7706;折头
7707;挑头
7708;捕头
7709;推头
7710;教头
7711;料头
7712;方头
7713;晕头
7714;案头
7715;杀头
7716;洞头
7717;浪头
7718;牵头
7719;理头
7720;由头
7721;社头
7722;羊头
7723;聚头
7724;听头
7725;兴头
7726;船头
7727;花头
7728;苦头
7729;虚头
7730;号头
7731;角头
7732;词头
7733;话头
7734;认头
7735;读头
7736;赚头
7737;迎头
7738;边头
7739;钻头
7740;云头
7741;零头
7742;露头
7743;响头
7744;领头
7745;头份
7746;头冠
7747;头功
7748;头名
7749;头城
7750;头套
7751;头寸
7752;头屋
7753;头巾
7754;头座
7755;头彩
7756;头挡
7757;头款
7758;头牌
7759;头奖
7760;头目
7761;头脸
7762;头盖
7763;头号
7764;头角
7765;头路
7766;头里
7767;头重
7768;头领
7769;头风
7770;头骨
7771;马头
7772;高头
7773;齐头
7774;只要
7775;想要
7776;重要
7777;需要
7778;紧要
7779;要命
7780;要么
7781;非要
7782;偏要
7783;切要
7784;势要
7785;将要
7786;就要
7787;待要
7788;急要
7789;提要
7790;会要
7791;概要
7792;正要
7793;硬要
7794;简要
7795;纪要
7796;要之
7797;要件
7798;要价
7799;要务
7800;要图
7801;要塞
7802;要害
7803;要强
7804;要径
7805;要击
7806;要晕
7807;要犯
7808;要略
7809;要目
7810;要端
7811;要约
7812;要职
7813;要脸
7814;要冲
7815;要角
7816;要说
7817;要路
7818;要钱
7819;要领
7820;要饭
7821;险要
7822;须要
7823;显要
7824;高要
7825;喜欢
7826;惊喜
7827;喜好
7828;报喜
7829;欢喜
7830;七喜
7831;同喜
7832;喜报
7833;喜寿
7834;喜娘
7835;喜德
7836;喜恶
7837;喜兴
7838;喜色
7839;喜蛋
7840;喜跃
7841;喜车
7842;喜钱
7843;喜阳
7844;喜雨
7845;害喜
7846;幸喜
7847;暗喜
7848;闻喜
7849;随喜
7850;双喜
7851;完美
7852;精美
7853;美食
7854;美丽
7855;优美
7856;北美
7857;唯美
7858;甜美
7859;美容
7860;美德
7861;美感
7862;美景
7863;美白
7864;美术
7865;美貌
7866;美军
7867;美金
7868;鲜美
7869;七美
7870;佳美
7871;健美
7872;全美
7873;八美
7874;反美
7875;和美
7876;对美
7877;幽美
7878;措美
7879;荣美
7880;美加
7881;美名
7882;美善
7883;美圆
7884;美姑
7885;美工
7886;美差
7887;美朝
7888;美浓
7889;美的
7890;美石
7891;美神
7892;美籍
7893;美色
7894;美英
7895;美蓝
7896;美苏
7897;美制
7898;美语
7899;肥美
7900;亲美
7901;访美
7902;谐美
7903;丰美
7904;选美
7905;城市
7906;市区
7907;市场
7908;市民
7909;超市
7910;利市
7911;夜市
7912;市内
7913;市委
7914;市政
7915;市长
7916;早市
7917;楼市
7918;熊市
7919;牛市
7920;开市
7921;集市
7922;闹市
7923;全市
7924;升市
7925;市价
7926;市两
7927;市制
7928;市容
7929;市引
7930;市立
7931;市县
7932;市集
7933;应市
7934;救市
7935;本市
7936;弃市
7937;荣市
7938;海市
7939;罢市
7940;行市
7941;跌市
7942;门市
7943;黑市
7944;超值
7945;超标
7946;超越
7947;彩超
7948;极超
7949;班超
7950;超前
7951;超升
7952;超商
7953;超导
7954;超支
7955;超模
7956;超渡
7957;超产
7958;超界
7959;超等
7960;超绝
7961;超联
7962;超声
7963;超载
7964;超速
7965;超迁
7966;超频
7967;超龄
7968;赶超
7969;如何
7970;如果
7971;如此
7972;假如
7973;如同
7974;如愿
7975;九如
7976;仿如
7977;何如
7978;即如
7979;如实
7980;如厕
7981;如东
7982;如火
7983;如草
7984;如题
7985;恰如
7986;正如
7987;真如
7988;一会
7989;年会
7990;晚会
7991;会员
7992;会议
7993;社会
7994;聚会
7995;开会
7996;体会
7997;全会
7998;公会
7999;商会
8000;宴会
8001;峰会
8002;工会
8003;帮会
8004;教会
8005;会友
8006;会同
8007;会否
8008;会场
8009;会展
8010;会师
8011;会死
8012;会考
8013;会见
8014;会计
8015;会谈
8016;会变
8017;会长
8018;会面
8019;会馆
8020;理会
8021;盛会
8022;相会
8023;省会
8024;舞会
8025;议会
8026;转会
8027;都会
8028;酒会
8029;集会
8030;领会
8031;交会
8032;休会
8033;例会
8034;修会
8035;入会
8036;两会
8037;再会
8038;周会
8039;和会
8040;嘉会
8041;季会
8042;密会
8043;将会
8044;幸会
8045;幽会
8046;延会
8047;复会
8048;拜会
8049;书会
8050;会厌
8051;会合
8052;会商
8053;会堂
8054;会士
8055;会客
8056;会宁
8057;会审
8058;会幕
8059;会战
8060;会攻
8061;会昌
8062;会期
8063;会东
8064;会漏
8065;会理
8066;会盟
8067;会众
8068;会社
8069;会籍
8070;会试
8071;会话
8072;会费
8073;会门
8074;会阴
8075;会首
8076;会党
8077;法会
8078;照会
8079;班会
8080;球会
8081;笔会
8082;听会
8083;与会
8084;兴会
8085;花会
8086;茶会
8087;融会
8088;财会
8089;赛会
8090;农会
8091;闭会
8092;附会
8093;香会
8094;对于
8095;属于
8096;于是
8097;终于
8098;关于
8099;低于
8100;利于
8101;勇于
8102;基于
8103;忙于
8104;敢于
8105;等于
8106;至于
8107;高于
8108;于洪
8109;优于
8110;免于
8111;合于
8112;单于
8113;定于
8114;于田
8115;于都
8116;易于
8117;流于
8118;用于
8119;精于
8120;长于
8121;陷于
8122;电信
8123;电影
8124;电脑
8125;电视
8126;电话
8127;供电
8128;充电
8129;家电
8130;广电
8131;放电
8132;断电
8133;水电
8134;发电
8135;省电
8136;致电
8137;触电
8138;贺电
8139;闪电
8140;电器
8141;电报
8142;电压
8143;电工
8144;电波
8145;电流
8146;电源
8147;电灯
8148;电眼
8149;电网
8150;电线
8151;电路
8152;电车
8153;电量
8154;电音
8155;静电
8156;光电
8157;压电
8158;外电
8159;密电
8160;射电
8161;导电
8162;带电
8163;彩电
8164;拍电
8165;正电
8166;火电
8167;烤电
8168;热电
8169;笔电
8170;节电
8171;补电
8172;变电
8173;跑电
8174;通电
8175;邮电
8176;电位
8177;电传
8178;电价
8179;电光
8180;电汇
8181;电唱
8182;电场
8183;电塔
8184;电容
8185;电导
8186;电打
8187;电抗
8188;电控
8189;电击
8190;电教
8191;电木
8192;电极
8193;电泳
8194;电炉
8195;电珠
8196;电瓶
8197;电白
8198;电站
8199;电箱
8200;电能
8201;电表
8202;电解
8203;电讯
8204;电邮
8205;电铃
8206;电键
8207;电钻
8208;电门
8209;电闪
8210;电阻
8211;电离
8212;电震
8213;复活
8214;忙活
8215;活活
8216;活该
8217;激活
8218;灵活
8219;做活
8220;全活
8221;搞活
8222;救活
8223;活便
8224;活像
8225;活化
8226;活命
8227;活套
8228;活字
8229;活宝
8230;活期
8231;活板
8232;活泛
8233;活火
8234;活版
8235;活物
8236;活结
8237;活罪
8238;活脱
8239;活计
8240;活门
8241;活鱼
8242;票活
8243;绝活
8244;苦活
8245;变活
8246;农活
8247;重活
8248;个个
8249;个股
8250;那个
8251;个位
8252;个展
8253;个案
8254;则个
8255;半个
8256;各个
8257;哪个
8258;单个
8259;多个
8260;几个
8261;挨个
8262;真个
8263;其实
8264;实在
8265;实现
8266;现实
8267;真实
8268;确实
8269;务实
8270;厚实
8271;实拍
8272;实况
8273;实物
8274;实用
8275;实习
8276;实行
8277;实话
8278;实质
8279;实验
8280;果实
8281;结实
8282;落实
8283;着实
8284;证实
8285;信实
8286;切实
8287;口实
8288;名实
8289;坚实
8290;密实
8291;实付
8292;实值
8293;实利
8294;实务
8295;实收
8296;实数
8297;实景
8298;实根
8299;实岁
8300;实测
8301;实相
8302;实线
8303;实职
8304;实词
8305;实证
8306;实变
8307;实足
8308;平实
8309;征实
8310;据实
8311;欢实
8312;硬实
8313;稳实
8314;肥实
8315;详实
8316;丽实
8317;今晚
8318;夜晚
8319;昨晚
8320;晚世
8321;晚期
8322;晚清
8323;晚育
8324;晚车
8325;晚辈
8326;告知
8327;未知
8328;知名
8329;知己
8330;全知
8331;受知
8332;同知
8333;周知
8334;哪知
8335;已知
8336;所知
8337;推知
8338;故知
8339;早知
8340;求知
8341;测知
8342;熟知
8343;真知
8344;知了
8345;知交
8346;知府
8347;知悉
8348;知礼
8349;知趣
8350;知青
8351;旧知
8352;那知
8353;须知
8354;结果
8355;果真
8356;刚果
8357;坐果
8358;平果
8359;挂果
8360;采果
8361;松果
8362;果品
8363;果园
8364;果报
8365;果播
8366;果敢
8367;果期
8368;果木
8369;果决
8370;果若
8371;果蔬
8372;果农
8373;果酒
8374;梨果
8375;瓜果
8376;百果
8377;禁果
8378;红果
8379;苦果
8380;蔬果
8381;雨果
8382;决定
8383;肯定
8384;注定
8385;保定
8386;制定
8387;协定
8388;否定
8389;坚定
8390;定位
8391;定期
8392;定格
8393;定制
8394;定量
8395;必定
8396;指定
8397;法定
8398;特定
8399;设定
8400;认定
8401;选定
8402;铁定
8403;限定
8404;预定
8405;估定
8406;假定
8407;划定
8408;南定
8409;原定
8410;命定
8411;商定
8412;定作
8413;定例
8414;定做
8415;定势
8416;定南
8417;定员
8418;定单
8419;定夺
8420;定婚
8421;定居
8422;定式
8423;定影
8424;定案
8425;定标
8426;定洋
8427;定海
8428;定理
8429;定界
8430;定当
8431;定睛
8432;定神
8433;定票
8434;定礼
8435;定约
8436;定结
8437;定编
8438;定罪
8439;定能
8440;定兴
8441;定西
8442;定语
8443;定调
8444;定货
8445;定购
8446;定远
8447;定边
8448;定金
8449;定银
8450;定钱
8451;定阅
8452;定额
8453;平定
8454;康定
8455;待定
8456;抱定
8457;推定
8458;择定
8459;料定
8460;普定
8461;暂定
8462;未定
8463;标定
8464;检定
8465;正定
8466;武定
8467;永定
8468;派定
8469;测定
8470;滴定
8471;界定
8472;研定
8473;签定
8474;给定
8475;订定
8476;评定
8477;说定
8478;议定
8479;贵定
8480;验定
8481;出行
8482;同行
8483;建行
8484;排行
8485;旅行
8486;横行
8487;流行
8488;举行
8489;行李
8490;行业
8491;行为
8492;行走
8493;进行
8494;银行
8495;一行
8496;下行
8497;例行
8498;修行
8499;先行
8500;分行
8501;可行
8502;夜行
8503;央行
8504;工行
8505;平行
8506;强行
8507;德行
8508;成行
8509;推行
8510;支行
8511;改行
8512;放行
8513;步行
8514;滑行
8515;潜行
8516;爬行
8517;独行
8518;现行
8519;盛行
8520;穿行
8521;绕行
8522;航行
8523;行使
8524;行列
8525;行善
8526;行好
8527;行家
8528;行政
8529;行星
8530;行者
8531;行装
8532;行货
8533;行路
8534;行车
8535;行进
8536;行长
8537;言行
8538;车行
8539;转行
8540;送行
8541;通行
8542;游行
8543;运行
8544;远行
8545;随行
8546;风行
8547;飞行
8548;世行
8549;并行
8550;串行
8551;五行
8552;代行
8553;仿行
8554;健行
8555;内行
8556;刊行
8557;印行
8558;品行
8559;商行
8560;善行
8561;单行
8562;外行
8563;山行
8564;性行
8565;慢行
8566;懂行
8567;戒行
8568;操行
8569;断行
8570;暂行
8571;暴行
8572;本行
8573;混行
8574;牙行
8575;直行
8576;私行
8577;粮行
8578;义行
8579;苦行
8580;行令
8581;行刺
8582;行商
8583;行客
8584;行将
8585;行房
8586;行文
8587;行旅
8588;行书
8589;行期
8590;行状
8591;行当
8592;行省
8593;行礼
8594;行脚
8595;行船
8596;行草
8597;行话
8598;行语
8599;行距
8600;行军
8601;行辈
8602;行医
8603;行销
8604;行间
8605;行骗
8606;试行
8607;辞行
8608;退行
8609;逐行
8610;速行
8611;遵行
8612;丑行
8613;销行
8614;隔行
8615;难行
8616;顺行
8617;加入
8618;加油
8619;参加
8620;增加
8621;更加
8622;加以
8623;加工
8624;加深
8625;加热
8626;加班
8627;加薪
8628;加号
8629;加速
8630;加重
8631;外加
8632;加冠
8633;加冰
8634;加劲
8635;加压
8636;加央
8637;加委
8638;加官
8639;加害
8640;加宽
8641;加封
8642;加急
8643;加查
8644;加沙
8645;加注
8646;加派
8647;加添
8648;加温
8649;加演
8650;加甜
8651;加码
8652;加紧
8653;加总
8654;加航
8655;加试
8656;加护
8657;加赛
8658;加车
8659;加载
8660;加农
8661;加进
8662;加里
8663;另加
8664;严加
8665;横加
8666;益加
8667;路加
8668;递加
8669;里加
8670;麦加
8671;之间
8672;夜间
8673;房间
8674;空间
8675;世间
8676;晚间
8677;民间
8678;间断
8679;其间
8680;凡间
8681;包间
8682;反间
8683;名间
8684;外间
8685;套间
8686;少间
8687;居间
8688;幕间
8689;晨间
8690;标间
8691;此间
8692;用间
8693;相间
8694;节间
8695;适间
8696;间作
8697;间充
8698;间壁
8699;间或
8700;间脑
8701;阳间
8702;欢迎
8703;欢笑
8704;狂欢
8705;交欢
8706;失欢
8707;承欢
8708;欢势
8709;欢娱
8710;欢宴
8711;欢愉
8712;欢欣
8713;欢送
8714;结欢
8715;的话
8716;笑话
8717;话费
8718;说话
8719;假话
8720;坏话
8721;梦话
8722;好话
8723;情话
8724;神话
8725;话剧
8726;话语
8727;话题
8728;通话
8729;脏话
8730;二话
8731;传话
8732;傻话
8733;像话
8734;共话
8735;冷话
8736;反话
8737;问话
8738;土话
8739;套话
8740;官话
8741;平话
8742;怪话
8743;拉话
8744;插话
8745;搭话
8746;放话
8747;散话
8748;玩话
8749;留话
8750;直话
8751;答话
8752;算话
8753;评话
8754;词话
8755;话别
8756;话卡
8757;话本
8758;话旧
8759;话锋
8760;话音
8761;象话
8762;丑话
8763;重话
8764;黑话
8765;反正
8766;正品
8767;正常
8768;正式
8769;真正
8770;修正
8771;公正
8772;改正
8773;正午
8774;正太
8775;正版
8776;正直
8777;正规
8778;正视
8779;纠正
8780;令正
8781;刚正
8782;严正
8783;宗正
8784;居正
8785;指正
8786;拨正
8787;方正
8788;更正
8789;校正
8790;正交
8791;正值
8792;正切
8793;正则
8794;正化
8795;正反
8796;正史
8797;正名
8798;正妹
8799;正室
8800;正宁
8801;正对
8802;正巧
8803;正德
8804;正念
8805;正房
8806;正教
8807;正数
8808;正文
8809;正旦
8810;正业
8811;正极
8812;正正
8813;正步
8814;正法
8815;正港
8816;正用
8817;正眼
8818;正祖
8819;正色
8820;正着
8821;正号
8822;正装
8823;正误
8824;正象
8825;正负
8826;正路
8827;正锋
8828;正门
8829;正阳
8830;正音
8831;正骨
8832;清正
8833;立正
8834;规正
8835;订正
8836;名单
8837;名字
8838;成名
8839;排名
8840;功名
8841;取名
8842;名利
8843;名叫
8844;名将
8845;名片
8846;名牌
8847;名状
8848;名著
8849;名号
8850;名言
8851;名誉
8852;命名
8853;姓名
8854;提名
8855;改名
8856;更名
8857;著名
8858;令名
8859;俗名
8860;假名
8861;传名
8862;具名
8863;冒名
8864;别名
8865;化名
8866;原名
8867;又名
8868;名位
8869;名作
8870;名优
8871;名册
8872;名刺
8873;名城
8874;名堂
8875;名士
8876;名师
8877;名数
8878;名望
8879;名模
8880;名流
8881;名源
8882;名产
8883;名画
8884;名目
8885;名相
8886;名节
8887;名篇
8888;名签
8889;名闻
8890;名菜
8891;名角
8892;名酒
8893;名医
8894;名录
8895;名表
8896;品名
8897;唱名
8898;问名
8899;埋名
8900;奶名
8901;威名
8902;官名
8903;寄名
8904;专名
8905;恶名
8906;指名
8907;星名
8908;未名
8909;法名
8910;混名
8911;片名
8912;盛名
8913;科名
8914;空名
8915;县名
8916;声名
8917;旧名
8918;英名
8919;万名
8920;艺名
8921;释名
8922;重名
8923;除名
8924;音名
8925;题名
8926;高名
8927;公主
8928;公交
8929;公司
8930;公园
8931;公民
8932;公路
8933;公里
8934;公事
8935;公仔
8936;公元
8937;公公
8938;公分
8939;公告
8940;公婆
8941;公家
8942;公厕
8943;公式
8944;公敌
8945;公款
8946;公然
8947;公牛
8948;公认
8949;公猪
8950;公费
8951;公道
8952;公关
8953;公馆
8954;外公
8955;天公
8956;相公
8957;办公
8958;阿公
8959;主公
8960;充公
8961;先公
8962;公丈
8963;公休
8964;公使
8965;公假
8966;公伤
8967;公允
8968;公克
8969;公判
8970;公制
8971;公勺
8972;公升
8973;公堂
8974;公报
8975;公室
8976;公害
8977;公审
8978;公寸
8979;公差
8980;公干
8981;公府
8982;公引
8983;公愤
8984;公房
8985;公投
8986;公推
8987;公担
8988;公文
8989;公斗
8990;公断
8991;公历
8992;公案
8993;公决
8994;公法
8995;公海
8996;公演
8997;公营
8998;公物
8999;公理
9000;公用
9001;公石
9002;公称
9003;公立
9004;公章
9005;公筷
9006;公粮
9007;公网
9008;公羊
9009;公股
9010;公举
9011;公设
9012;公诉
9013;公论
9014;公议
9015;公猫
9016;公转
9017;公厘
9018;公马
9019;包公
9020;叔公
9021;塔公
9022;奉公
9023;尊公
9024;恩公
9025;归公
9026;满公
9027;王公
9028;诸公
9029;马公
9030;上车
9031;下车
9032;停车
9033;公车
9034;列车
9035;坐车
9036;堵车
9037;塞车
9038;打车
9039;汽车
9040;火车
9041;赛车
9042;车子
9043;车展
9044;车票
9045;车站
9046;车辆
9047;开车
9048;乘车
9049;修车
9050;倒车
9051;出车
9052;包车
9053;卡车
9054;单车
9055;客车
9056;专车
9057;快车
9058;战车
9059;房车
9060;拖车
9061;拼车
9062;推车
9063;搭车
9064;撞车
9065;校车
9066;班车
9067;花车
9068;警车
9069;货车
9070;超车
9071;赶车
9072;跑车
9073;车主
9074;车位
9075;车夫
9076;车模
9077;车流
9078;车牌
9079;车程
9080;车窗
9081;车费
9082;车身
9083;车速
9084;车门
9085;车间
9086;车队
9087;车顶
9088;转车
9089;通车
9090;错车
9091;风车
9092;餐车
9093;马车
9094;骑车
9095;黑车
9096;余车
9097;便车
9098;充车
9099;压车
9100;套车
9101;守车
9102;座车
9103;引车
9104;彩车
9105;慢车
9106;押车
9107;早车
9108;板车
9109;洋车
9110;滑车
9111;白车
9112;矿车
9113;节车
9114;卧车
9115;试车
9116;误车
9117;踏车
9118;车份
9119;车城
9120;车带
9121;车床
9122;车房
9123;车把
9124;车斗
9125;车架
9126;车条
9127;车照
9128;车皮
9129;车籍
9130;车裂
9131;车铃
9132;车钱
9133;车驾
9134;灵车
9135;惊车
9136;龙车
9137;互相
9138;相信
9139;相册
9140;相爱
9141;相机
9142;相当
9143;相亲
9144;真相
9145;亮相
9146;照相
9147;相交
9148;相伴
9149;相似
9150;相依
9151;相传
9152;相助
9153;相反
9154;相同
9155;相对
9156;相差
9157;相干
9158;相待
9159;相应
9160;相恋
9161;相投
9162;相撞
9163;相望
9164;相片
9165;相称
9166;相继
9167;相见
9168;相识
9169;相貌
9170;相通
9171;相连
9172;相遇
9173;相邻
9174;相关
9175;相隔
9176;卖相
9177;倒相
9178;凶相
9179;两相
9180;副相
9181;命相
9182;单相
9183;外相
9184;季相
9185;怪相
9186;恶相
9187;扮相
9188;掌相
9189;星相
9190;月相
9191;本相
9192;水相
9193;洋相
9194;海相
9195;相乘
9196;相仿
9197;相位
9198;相保
9199;相像
9200;相合
9201;相向
9202;相吸
9203;相图
9204;相城
9205;相士
9206;相容
9207;相山
9208;相左
9209;相帮
9210;相恶
9211;相承
9212;相抵
9213;相持
9214;相接
9215;相扑
9216;相架
9217;相等
9218;相纸
9219;相联
9220;相若
9221;相术
9222;相衬
9223;相角
9224;相认
9225;相距
9226;相较
9227;相近
9228;相违
9229;相类
9230;福相
9231;脸相
9232;色相
9233;诸相
9234;识相
9235;貌相
9236;财相
9237;贫相
9238;走相
9239;丑相
9240;露相
9241;领取
9242;取代
9243;取暖
9244;取消
9245;换取
9246;进取
9247;借取
9248;偷取
9249;备取
9250;博取
9251;去取
9252;取巧
9253;取材
9254;取水
9255;取决
9256;取用
9257;取笑
9258;取走
9259;取银
9260;取闹
9261;受取
9262;合取
9263;套取
9264;存取
9265;抓取
9266;拔取
9267;捉取
9268;提取
9269;支取
9270;攻取
9271;智取
9272;求取
9273;管取
9274;考取
9275;轻取
9276;选取
9277;主人
9278;主要
9279;主角
9280;主题
9281;主任
9282;主场
9283;主妇
9284;主导
9285;主张
9286;主持
9287;主播
9288;主料
9289;主板
9290;主流
9291;主演
9292;主管
9293;主线
9294;主编
9295;主见
9296;主观
9297;主办
9298;主页
9299;主食
9300;做主
9301;失主
9302;店主
9303;教主
9304;施主
9305;业主
9306;主修
9307;主因
9308;主委
9309;主嫌
9310;主干
9311;主厨
9312;主厅
9313;主从
9314;主掌
9315;主攻
9316;主教
9317;主族
9318;主材
9319;主格
9320;主业
9321;主球
9322;主环
9323;主科
9324;主罚
9325;主计
9326;主词
9327;主语
9328;主调
9329;主讲
9330;主队
9331;主音
9332;主顾
9333;作主
9334;墓主
9335;宫主
9336;宿主
9337;寄主
9338;厂主
9339;户主
9340;房主
9341;救主
9342;东主
9343;版主
9344;物主
9345;真主
9346;矿主
9347;船主
9348;苦主
9349;财主
9350;买主
9351;宾主
9352;卖主
9353;梦想
9354;想想
9355;想起
9356;想像
9357;想睡
9358;休想
9359;假想
9360;很想
9361;所想
9362;推想
9363;料想
9364;断想
9365;暗想
9366;涉想
9367;狂想
9368;胡想
9369;试想
9370;追想
9371;默想
9372;代表
9373;表情
9374;表态
9375;表演
9376;表现
9377;表示
9378;表达
9379;外表
9380;表哥
9381;表妹
9382;表姐
9383;表弟
9384;表皮
9385;图表
9386;对表
9387;师表
9388;怀表
9389;戴表
9390;星表
9391;水表
9392;爆表
9393;码表
9394;秒表
9395;华表
9396;表位
9397;表兄
9398;表册
9399;表叔
9400;表单
9401;表土
9402;表报
9403;表姑
9404;表字
9405;表尺
9406;表征
9407;表决
9408;表温
9409;表率
9410;表章
9411;表里
9412;表亲
9413;表观
9414;表记
9415;表语
9416;表证
9417;表音
9418;制表
9419;试表
9420;跑表
9421;表针
9422;官方
9423;对方
9424;方便
9425;方向
9426;方式
9427;方法
9428;东方
9429;下方
9430;何方
9431;偏方
9432;前方
9433;北方
9434;女方
9435;方圆
9436;方糖
9437;方言
9438;秘方
9439;立方
9440;西方
9441;警方
9442;远方
9443;配方
9444;七方
9445;乘方
9446;五方
9447;付方
9448;借方
9449;两方
9450;六方
9451;卡方
9452;右方
9453;各方
9454;单方
9455;均方
9456;多方
9457;收方
9458;敌方
9459;方位
9460;方册
9461;方命
9462;方城
9463;方山
9464;方差
9465;方志
9466;方根
9467;方格
9468;方物
9469;方程
9470;方能
9471;方腿
9472;方庄
9473;方术
9474;方阵
9475;方顶
9476;检方
9477;端方
9478;船方
9479;复方
9480;见方
9481;负方
9482;买方
9483;贷方
9484;卖方
9485;验方
9486;幸福
9487;祝福
9488;福建
9489;惜福
9490;永福
9491;眼福
9492;福克
9493;福娃
9494;福林
9495;福泉
9496;福海
9497;福清
9498;福兴
9499;福贡
9500;造福
9501;降福
9502;图片
9503;照片
9504;切片
9505;卡片
9506;唱片
9507;影片
9508;片刻
9509;短片
9510;肉片
9511;像片
9512;冰片
9513;含片
9514;弹片
9515;木片
9516;毛片
9517;洋片
9518;片语
9519;片长
9520;玻片
9521;石片
9522;耳片
9523;脆片
9524;裂片
9525;制片
9526;负片
9527;退片
9528;连片
9529;阿片
9530;香片
9531;骨片
9532;默片
9533;口水
9534;水分
9535;水平
9536;水果
9537;水饺
9538;汗水
9539;泪水
9540;清水
9541;热水
9542;开水
9543;香水
9544;下水
9545;冰水
9546;冷水
9547;出水
9548;墨水
9549;大水
9550;天水
9551;奶水
9552;排水
9553;放水
9554;水上
9555;水下
9556;水利
9557;水印
9558;水土
9559;水城
9560;水域
9561;水墨
9562;水彩
9563;水手
9564;水星
9565;水母
9566;水池
9567;水汽
9568;水泡
9569;水流
9570;水深
9571;水源
9572;水准
9573;水沟
9574;水温
9575;水滴
9576;水珠
9577;水产
9578;水疗
9579;水管
9580;水系
9581;水花
9582;水草
9583;水货
9584;水质
9585;水路
9586;水军
9587;水边
9588;水里
9589;水量
9590;水灵
9591;江水
9592;污水
9593;汽水
9594;河水
9595;泉水
9596;泡水
9597;注水
9598;流水
9599;海水
9600;淡水
9601;浅水
9602;滴水
9603;滚水
9604;漏水
9605;潜水
9606;潮水
9607;烧水
9608;白水
9609;秀水
9610;秋水
9611;糖水
9612;绿水
9613;羊水
9614;脱水
9615;苦水
9616;落水
9617;薪水
9618;药水
9619;血水
9620;衡水
9621;跳水
9622;进水
9623;酒水
9624;降水
9625;雨水
9626;露水
9627;顺水
9628;风水
9629;饮水
9630;丽水
9631;鼻水
9632;三水
9633;二水
9634;供水
9635;修水
9636;储水
9637;汇水
9638;反水
9639;合水
9640;吉水
9641;含水
9642;吸水
9643;商水
9644;坏水
9645;尾水
9646;废水
9647;广水
9648;建水
9649;引水
9650;惠水
9651;恶水
9652;抗水
9653;散水
9654;文水
9655;曲水
9656;武水
9657;死水
9658;水亮
9659;水位
9660;水兵
9661;水冰
9662;水原
9663;水合
9664;水圈
9665;水压
9666;水客
9667;水害
9668;水富
9669;水师
9670;水底
9671;水患
9672;水文
9673;水林
9674;水烟
9675;水牛
9676;水玉
9677;水球
9678;水田
9679;水神
9680;水箱
9681;水绿
9682;水肺
9683;水能
9684;水解
9685;水费
9686;水轮
9687;水运
9688;水陆
9689;水鸡
9690;水雷
9691;水龙
9692;净水
9693;深水
9694;滑水
9695;汉水
9696;涨水
9697;洒水
9698;王水
9699;硬水
9700;矿水
9701;节水
9702;缺水
9703;习水
9704;耐水
9705;圣水
9706;育水
9707;临水
9708;丰水
9709;贴水
9710;走水
9711;跌水
9712;轻水
9713;退水
9714;透水
9715;逐水
9716;通水
9717;邻水
9718;重水
9719;金水
9720;铁水
9721;响水
9722;脏水
9723;黄水
9724;黑水
9725;作品
9726;作业
9727;作为
9728;工作
9729;作怪
9730;作息
9731;作文
9732;作案
9733;作痛
9734;作风
9735;做作
9736;创作
9737;化作
9738;写作
9739;故作
9740;留作
9741;当作
9742;看作
9743;称作
9744;装作
9745;运作
9746;作乱
9747;作伴
9748;作假
9749;作古
9750;作合
9751;作客
9752;作数
9753;作料
9754;作准
9755;作物
9756;作答
9757;作兴
9758;作色
9759;作马
9760;假作
9761;原作
9762;叫作
9763;套作
9764;混作
9765;用作
9766;略作
9767;石作
9768;细作
9769;翻作
9770;著作
9771;视作
9772;记作
9773;试作
9774;认作
9775;误作
9776;变作
9777;轮作
9778;哪里
9779;心里
9780;那里
9781;夜里
9782;怀里
9783;故里
9784;海里
9785;英里
9786;万里
9787;里边
9788;里程
9789;阿里
9790;九里
9791;佳里
9792;八里
9793;千里
9794;哈里
9795;富里
9796;就里
9797;居里
9798;巴里
9799;德里
9800;托里
9801;拉里
9802;旋里
9803;湖里
9804;湾里
9805;玉里
9806;华里
9807;里外
9808;里带
9809;衬里
9810;里根
9811;里海
9812;里港
9813;马里
9814;龙里
9815;彩色
9816;本色
9817;白色
9818;红色
9819;角色
9820;颜色
9821;黑色
9822;三色
9823;夜色
9824;天色
9825;春色
9826;景色
9827;月色
9828;深色
9829;粉色
9830;肤色
9831;色彩
9832;色情
9833;色素
9834;色调
9835;变色
9836;金色
9837;银色
9838;五色
9839;全色
9840;原色
9841;品色
9842;单色
9843;失色
9844;套色
9845;怒色
9846;掉色
9847;暖色
9848;桃色
9849;殊色
9850;毛色
9851;润色
9852;男色
9853;眼色
9854;神色
9855;脱色
9856;脚色
9857;色光
9858;色当
9859;色域
9860;色欲
9861;色目
9862;色迷
9863;色达
9864;色键
9865;色钟
9866;色长
9867;艳色
9868;菜色
9869;落色
9870;着色
9871;补色
9872;设色
9873;诸色
9874;走色
9875;退色
9876;酒色
9877;隐色
9878;杂色
9879;食色
9880;增长
9881;家长
9882;漫长
9883;长久
9884;长春
9885;长期
9886;长沙
9887;长相
9888;长辈
9889;修长
9890;兄长
9891;全长
9892;加长
9893;助长
9894;团长
9895;天长
9896;子长
9897;师长
9898;年长
9899;厂长
9900;厅长
9901;所长
9902;拉长
9903;村长
9904;校长
9905;深长
9906;特长
9907;班长
9908;省长
9909;社长
9910;科长
9911;站长
9912;细长
9913;组长
9914;船长
9915;处长
9916;见长
9917;财长
9918;身长
9919;连长
9920;部长
9921;长假
9922;长叹
9923;长城
9924;长夜
9925;长存
9926;长官
9927;长宁
9928;长岛
9929;长年
9930;长征
9931;长得
9932;长成
9933;长条
9934;长椅
9935;长乐
9936;长治
9937;长满
9938;长牙
9939;长眠
9940;长短
9941;长老
9942;长者
9943;长兴
9944;长处
9945;长裙
9946;长裤
9947;长谈
9948;长跑
9949;长进
9950;长远
9951;长队
9952;长龙
9953;院长
9954;首长
9955;久长
9956;伸长
9957;保长
9958;元长
9959;南长
9960;司长
9961;周长
9962;外长
9963;专长
9964;尊长
9965;庭长
9966;慢长
9967;拖长
9968;排长
9969;探长
9970;教长
9971;次长
9972;波长
9973;消长
9974;营长
9975;瘦长
9976;总长
9977;舰长
9978;议长
9979;较长
9980;边长
9981;长兄
9982;长孙
9983;长尾
9984;长平
9985;长幼
9986;长德
9987;长效
9988;长荣
9989;长武
9990;长海
9991;长清
9992;长漂
9993;长烟
9994;长物
9995;长班
9996;长男
9997;长白
9998;长矛
9999;长石
10000;长至
10001;长号
10002;长衫
10003;长袜
10004;长诗
10005;长丰
10006;长达
10007;长顺
10008;防长
10009;雄长
10010;灵长
10011;音长
10012;下去
10013;回去
10014;失去
10015;去世
10016;去掉
10017;去死
10018;去除
10019;送去
10020;离去
10021;偷去
10022;去势
10023;去根
10024;去声
10025;去职
10026;去台
10027;扣去
10028;抓去
10029;故去
10030;消去
10031;略去
10032;移去
10033;转去
10034;多久
10035;多多
10036;多少
10037;多变
10038;多云
10039;多么
10040;许多
10041;增多
10042;多利
10043;多半
10044;多彩
10045;多心
10046;多于
10047;多样
10048;多疑
10049;多亏
10050;多谢
10051;多重
10052;居多
10053;诸多
10054;基多
10055;多佛
10056;多值
10057;多助
10058;多咱
10059;多哈
10060;多哥
10061;多嘴
10062;多报
10063;多士
10064;多山
10065;多工
10066;多才
10067;多放
10068;多星
10069;多束
10070;多模
10071;多次
10072;多尔
10073;多产
10074;多用
10075;多礼
10076;多种
10077;多站
10078;多端
10079;多糖
10080;多累
10081;多义
10082;多育
10083;多叶
10084;多言
10085;多轮
10086;多达
10087;多边
10088;多采
10089;多音
10090;多党
10091;所多
10092;提多
10093;治多
10094;称多
10095;至多
10096;贝多
10097;杂多
10098;严重
10099;重新
10100;保重
10101;厚重
10102;注重
10103;珍重
10104;看重
10105;自重
10106;贵重
10107;超重
10108;重伤
10109;重启
10110;重围
10111;重建
10112;重心
10113;重案
10114;重温
10115;重演
10116;重组
10117;重视
10118;重返
10119;重重
10120;重量
10121;重金
10122;三重
10123;并重
10124;二重
10125;任重
10126;借重
10127;危重
10128;失重
10129;威重
10130;承重
10131;持重
10132;推重
10133;毛重
10134;净重
10135;深重
10136;皮重
10137;笨重
10138;总重
10139;举重
10140;载重
10141;轻重
10142;重九
10143;重五
10144;重任
10145;重估
10146;重价
10147;重兵
10148;重典
10149;重判
10150;重利
10151;重创
10152;重剑
10153;重午
10154;重印
10155;重又
10156;重器
10157;重型
10158;重奏
10159;重婚
10160;重孙
10161;重屋
10162;重工
10163;重弹
10164;重影
10165;重托
10166;重拾
10167;重提
10168;重插
10169;重击
10170;重担
10171;重文
10172;重映
10173;重望
10174;重查
10175;重核
10176;重楼
10177;重油
10178;重洋
10179;重灾
10180;重犯
10181;重用
10182;重炮
10183;重码
10184;重算
10185;重编
10186;重罪
10187;重罚
10188;重者
10189;重听
10190;重制
10191;重访
10192;重设
10193;重评
10194;重译
10195;重负
10196;重责
10197;重蹈
10198;重载
10199;重辣
10200;重办
10201;重农
10202;重述
10203;重造
10204;重阳
10205;重音
10206;首重
10207;迅速
10208;全速
10209;周速
10210;末速
10211;波速
10212;流速
10213;尽速
10214;航速
10215;调速
10216;变速
10217;转速
10218;速胜
10219;速射
10220;速效
10221;速决
10222;速记
10223;速食
10224;等候
10225;候任
10226;候审
10227;候缺
10228;候诊
10229;候选
10230;候驾
10231;季候
10232;征候
10233;物候
10234;症候
10235;节候
10236;听候
10237;谢候
10238;那些
10239;那边
10240;支那
10241;那世
10242;那咱
10243;那坡
10244;那曲
10245;那末
10246;那种
10247;错那
10248;世界
10249;乱世
10250;世家
10251;世故
10252;今世
10253;在世
10254;盛世
10255;绝世
10256;处世
10257;三世
10258;世世
10259;世交
10260;世博
10261;世宗
10262;世尊
10263;世局
10264;世系
10265;世职
10266;世卫
10267;世运
10268;世银
10269;二世
10270;五世
10271;传世
10272;入世
10273;创世
10274;厌世
10275;问世
10276;季世
10277;属世
10278;故世
10279;救世
10280;末世
10281;弃世
10282;永世
10283;当世
10284;举世
10285;万世
10286;谢世
10287;避世
10288;阅世
10289;降世
10290;阳世
10291;关系
10292;关注
10293;关键
10294;海关
10295;通关
10296;关切
10297;关卡
10298;关山
10299;关掉
10300;关东
10301;关照
10302;关节
10303;关联
10304;难关
10305;偏关
10306;入关
10307;北关
10308;南关
10309;城关
10310;报关
10311;壶关
10312;扣关
10313;把关
10314;攻关
10315;清关
10316;破关
10317;税关
10318;网关
10319;退关
10320;进关
10321;边关
10322;关乎
10323;关城
10324;关塞
10325;关境
10326;关厂
10327;关征
10328;关文
10329;关格
10330;关白
10331;关紧
10332;关西
10333;关连
10334;关金
10335;关防
10336;阳关
10337;双关
10338;马关
10339;验关
10340;共同
10341;同样
10342;合同
10343;同人
10344;同伴
10345;同在
10346;同居
10347;同性
10348;同班
10349;同路
10350;同龄
10351;认同
10352;赞同
10353;陪同
10354;伙同
10355;伴同
10356;全同
10357;同伙
10358;同位
10359;同工
10360;同德
10361;同态
10362;同房
10363;同期
10364;同业
10365;同构
10366;同江
10367;同源
10368;同理
10369;同等
10370;同级
10371;同义
10372;同调
10373;同谋
10374;同质
10375;同辈
10376;同量
10377;同队
10378;同音
10379;同类
10380;同余
10381;恐同
10382;求同
10383;混同
10384;等同
10385;约同
10386;视同
10387;趋同
10388;通同
10389;随同
10390;事儿
10391;人儿
10392;儿女
10393;儿童
10394;劲儿
10395;味儿
10396;哪儿
10397;女儿
10398;明儿
10399;玩儿
10400;男儿
10401;花儿
10402;那儿
10403;鸟儿
10404;点儿
10405;份儿
10406;个儿
10407;倍儿
10408;儿孙
10409;儿歌
10410;儿科
10411;名儿
10412;哥儿
10413;天儿
10414;妻儿
10415;娃儿
10416;孤儿
10417;孩儿
10418;宠儿
10419;少儿
10420;幼儿
10421;患儿
10422;托儿
10423;歌儿
10424;活儿
10425;片儿
10426;猴儿
10427;皮儿
10428;猫儿
10429;边儿
10430;面儿
10431;干儿
10432;健儿
10433;儿化
10434;刺儿
10435;前儿
10436;套儿
10437;带儿
10438;座儿
10439;影儿
10440;把儿
10441;末儿
10442;核儿
10443;款儿
10444;沿儿
10445;泳儿
10446;火儿
10447;产儿
10448;画儿
10449;当儿
10450;空儿
10451;童儿
10452;肚儿
10453;脑儿
10454;盖儿
10455;鼻儿
10456;信息
10457;短信
10458;自信
10459;信任
10460;信封
10461;信念
10462;信用
10463;回信
10464;坚信
10465;写信
10466;彩信
10467;迷信
10468;通信
10469;互信
10470;他信
10471;信令
10472;信使
10473;信口
10474;信报
10475;信宿
10476;信差
10477;信从
10478;信教
10479;信服
10480;信标
10481;信步
10482;信众
10483;信笔
10484;信管
10485;信丰
10486;信靠
10487;信风
10488;凶信
10489;印信
10490;报信
10491;失信
10492;宠信
10493;崇信
10494;平信
10495;引信
10496;复信
10497;忠信
10498;凭信
10499;授信
10500;据信
10501;改信
10502;死信
10503;确信
10504;听信
10505;背信
10506;亲信
10507;送信
10508;阳信
10509;随信
10510;音信
10511;黄信
10512;黑信
10513;整理
10514;理想
10515;理由
10516;理解
10517;管理
10518;处理
10519;护理
10520;道理
10521;代理
10522;修理
10523;助理
10524;原理
10525;情理
10526;打理
10527;推理
10528;搭理
10529;明理
10530;条理
10531;治理
10532;清理
10533;理工
10534;理念
10535;理智
10536;理科
10537;理财
10538;真理
10539;总理
10540;自理
10541;调理
10542;讲理
10543;办理
10544;别理
10545;协理
10546;受理
10547;层理
10548;常理
10549;按理
10550;据理
10551;政理
10552;数理
10553;文理
10554;法理
10555;照理
10556;理光
10557;理则
10558;理化
10559;理应
10560;理查
10561;理当
10562;理亏
10563;理路
10564;申理
10565;答理
10566;义理
10567;解理
10568;评理
10569;说理
10570;论理
10571;输理
10572;连理
10573;医理
10574;之外
10575;另外
10576;外套
10577;外婆
10578;内外
10579;分外
10580;境外
10581;外交
10582;外来
10583;外传
10584;外包
10585;外向
10586;外在
10587;外媒
10588;外带
10589;外形
10590;外援
10591;外界
10592;外科
10593;外衣
10594;外观
10595;外语
10596;外貌
10597;外遇
10598;外边
10599;外部
10600;外露
10601;室外
10602;对外
10603;屋外
10604;往外
10605;户外
10606;此外
10607;海外
10608;号外
10609;郊外
10610;门外
10611;除外
10612;其外
10613;向外
10614;员外
10615;城外
10616;域外
10617;外伤
10618;外务
10619;外劳
10620;外勤
10621;外商
10622;外围
10623;外场
10624;外币
10625;外延
10626;外径
10627;外患
10628;外推
10629;外文
10630;外流
10631;外海
10632;外源
10633;外用
10634;外积
10635;外耳
10636;外设
10637;外办
10638;外送
10639;外逃
10640;外乡
10641;外销
10642;外院
10643;委外
10644;婚外
10645;局外
10646;庭外
10647;排外
10648;校外
10649;法外
10650;涉外
10651;红外
10652;紫外
10653;见外
10654;东西
10655;西安
10656;广西
10657;河西
10658;西北
10659;西区
10660;西单
10661;西域
10662;西天
10663;西宁
10664;西式
10665;西施
10666;西昌
10667;西服
10668;西江
10669;西洋
10670;西湖
10671;西汉
10672;西皮
10673;西米
10674;西西
10675;西边
10676;西部
10677;西医
10678;西门
10679;西餐
10680;西点
10681;偏西
10682;杰西
10683;克西
10684;台西
10685;向西
10686;彻西
10687;揭西
10688;摩西
10689;普西
10690;林西
10691;极西
10692;归西
10693;海西
10694;湖西
10695;线西
10696;耀西
10697;肥西
10698;临西
10699;西元
10700;西充
10701;西吉
10702;西周
10703;西和
10704;西固
10705;西夏
10706;西奇
10707;西奈
10708;西峰
10709;西平
10710;西康
10711;西征
10712;西德
10713;西打
10714;西敏
10715;西文
10716;西松
10717;西林
10718;西池
10719;西沙
10720;西海
10721;西凉
10722;西港
10723;西墙
10724;西秀
10725;西端
10726;西华
10727;西艺
10728;西丰
10729;西青
10730;西非
10731;西顿
10732;越西
10733;迁西
10734;铁西
10735;阳西
10736;露西
10737;将就
10738;就任
10739;就伴
10740;就便
10741;就木
10742;就此
10743;就范
10744;就绪
10745;就职
10746;就着
10747;就近
10748;就餐
10749;早就
10750;牵就
10751;高就
10752;早晚
10753;早饭
10754;迟早
10755;即早
10756;及早
10757;古早
10758;早些
10759;早亡
10760;早先
10761;早前
10762;早场
10763;早婚
10764;早已
10765;早恋
10766;早播
10767;早操
10768;早春
10769;早岁
10770;早秋
10771;早课
10772;稍早
10773;赶早
10774;玩笑
10775;展玩
10776;玩味
10777;玩器
10778;玩忽
10779;玩火
10780;玩索
10781;玩者
10782;玩兴
10783;玩艺
10784;玩赏
10785;大海
10786;海南
10787;海洋
10788;海量
10789;海鲜
10790;下海
10791;北海
10792;南海
10793;威海
10794;宁海
10795;东海
10796;沿海
10797;法海
10798;海信
10799;海参
10800;海域
10801;海宁
10802;海底
10803;海星
10804;海景
10805;海浪
10806;海港
10807;海湾
10808;海尔
10809;海珠
10810;海盗
10811;海米
10812;海胆
10813;海航
10814;海角
10815;海丰
10816;海军
10817;海选
10818;海边
10819;海门
10820;海陆
10821;海面
10822;海风
10823;海马
10824;深海
10825;脑海
10826;航海
10827;苦海
10828;青海
10829;填海
10830;拔海
10831;月海
10832;业海
10833;欲海
10834;死海
10835;江海
10836;海兔
10837;海内
10838;海北
10839;海原
10840;海员
10841;海城
10842;海宝
10843;海床
10844;海康
10845;海德
10846;海战
10847;海损
10848;海东
10849;海林
10850;海法
10851;海波
10852;海沟
10853;海潮
10854;海牙
10855;海牛
10856;海狗
10857;海产
10858;海登
10859;海神
10860;海禁
10861;海端
10862;海兴
10863;海船
10864;海草
10865;海象
10866;海运
10867;海错
10868;海防
10869;海阳
10870;海难
10871;海顿
10872;浅海
10873;烟海
10874;留海
10875;白海
10876;红海
10877;台海
10878;兴海
10879;薄海
10880;近海
10881;通海
10882;银海
10883;静海
10884;领海
10885;咸海
10886;黑海
10887;龙海
10888;提高
10889;身高
10890;高度
10891;高手
10892;高清
10893;高级
10894;高考
10895;高兴
10896;高速
10897;增高
10898;崇高
10899;抬高
10900;升高
10901;清高
10902;至高
10903;高下
10904;高位
10905;高低
10906;高傲
10907;高价
10908;高分
10909;高升
10910;高原
10911;高呼
10912;高地
10913;高压
10914;高官
10915;高尚
10916;高山
10917;高招
10918;高效
10919;高明
10920;高架
10921;高校
10922;高楼
10923;高歌
10924;高深
10925;高汤
10926;高温
10927;高涨
10928;高潮
10929;高烧
10930;高空
10931;高端
10932;高等
10933;高管
10934;高薪
10935;高处
10936;高超
10937;高达
10938;高雄
10939;高音
10940;高飞
10941;高龄
10942;凡高
10943;孤高
10944;标高
10945;临高
10946;跳高
10947;阳高
10948;音高
10949;高仿
10950;高利
10951;高参
10952;高台
10953;高唱
10954;高喊
10955;高堂
10956;高妙
10957;高宗
10958;高密
10959;高寒
10960;高居
10961;高岸
10962;高平
10963;高干
10964;高强
10965;高慢
10966;高才
10967;高抬
10968;高扬
10969;高教
10970;高朗
10971;高材
10972;高棉
10973;高树
10974;高栏
10975;高次
10976;高港
10977;高洁
10978;高热
10979;高炉
10980;高球
10981;高盛
10982;高程
10983;高维
10984;高声
10985;高职
10986;高能
10987;高举
10988;高见
10989;高论
10990;高足
10991;高蹈
10992;高远
10993;高迁
10994;高邮
10995;高邻
10996;高院
10997;高阳
10998;高阶
10999;高难
11000;高云
11001;高青
11002;高频
11003;高丽
11004;之前
11005;以前
11006;前世
11007;提前
11008;目前
11009;上前
11010;前任
11011;前夕
11012;前夜
11013;前奏
11014;前妻
11015;前年
11016;前往
11017;前提
11018;前景
11019;前期
11020;前段
11021;前程
11022;前者
11023;前台
11024;前卫
11025;前辈
11026;前锋
11027;前门
11028;史前
11029;婚前
11030;往前
11031;此前
11032;生前
11033;前些
11034;前件
11035;前例
11036;前传
11037;前冠
11038;前因
11039;前嫌
11040;前导
11041;前庭
11042;前厅
11043;前戏
11044;前揭
11045;前摆
11046;前敌
11047;前朝
11048;前桥
11049;前此
11050;前凉
11051;前汉
11052;前灯
11053;前科
11054;前端
11055;前胸
11056;前腿
11057;前述
11058;前边
11059;前部
11060;前金
11061;前镇
11062;午前
11063;台前
11064;旧前
11065;近前
11066;希望
11067;指望
11068;期望
11069;盼望
11070;看望
11071;声望
11072;企望
11073;切望
11074;对望
11075;巴望
11076;承望
11077;拜望
11078;望京
11079;望城
11080;望江
11081;望花
11082;望见
11083;望都
11084;热望
11085;众望
11086;若望
11087;资望
11088;远望
11089;门望
11090;烟花
11091;花园
11092;花心
11093;花生
11094;雪花
11095;鲜花
11096;冰花
11097;印花
11098;如花
11099;提花
11100;插花
11101;校花
11102;棉花
11103;浪花
11104;泪花
11105;火花
11106;盆花
11107;眼花
11108;礼花
11109;种花
11110;红花
11111;繁花
11112;花光
11113;花名
11114;花季
11115;花掉
11116;花旦
11117;花期
11118;花木
11119;花朵
11120;花束
11121;花枝
11122;花样
11123;花火
11124;花炮
11125;花灯
11126;花瓶
11127;花盆
11128;花粉
11129;花色
11130;花茶
11131;花草
11132;花菜
11133;花街
11134;花费
11135;花边
11136;花都
11137;花销
11138;花钱
11139;花香
11140;花鸟
11141;茶花
11142;菜花
11143;豆花
11144;野花
11145;青花
11146;麻花
11147;黄花
11148;乱花
11149;供花
11150;划花
11151;压花
11152;寻花
11153;弹花
11154;挑花
11155;探花
11156;挤花
11157;爆花
11158;献花
11159;纸花
11160;织花
11161;群花
11162;胡花
11163;花冠
11164;花剑
11165;花呢
11166;花商
11167;花展
11168;花山
11169;花巧
11170;花布
11171;花床
11172;花序
11173;花店
11174;花厅
11175;花彩
11176;花户
11177;花房
11178;花托
11179;花押
11180;花招
11181;花柱
11182;花枪
11183;花洒
11184;花环
11185;花白
11186;花石
11187;花童
11188;花红
11189;花结
11190;花药
11191;花被
11192;花农
11193;花酒
11194;花鸡
11195;花饰
11196;花黄
11197;花鼓
11198;着花
11199;补花
11200;酒花
11201;钢花
11202;镜花
11203;闲花
11204;雨花
11205;题花
11206;养花
11207;香花
11208;客户
11209;做客
11210;博客
11211;客场
11212;客服
11213;客观
11214;客运
11215;常客
11216;旅客
11217;游客
11218;黑客
11219;住客
11220;台客
11221;咨客
11222;品客
11223;墨客
11224;威客
11225;官客
11226;客堂
11227;客室
11228;客居
11229;客店
11230;客房
11231;客死
11232;客满
11233;客船
11234;客语
11235;客队
11236;吊客
11237;房客
11238;排客
11239;接客
11240;播客
11241;晒客
11242;熟客
11243;留客
11244;羽客
11245;庄客
11246;观客
11247;试客
11248;说客
11249;谢客
11250;载客
11251;追客
11252;逐客
11253;远客
11254;门客
11255;香客
11256;打工
11257;打扮
11258;打扫
11259;打击
11260;打扰
11261;打架
11262;打死
11263;打牌
11264;打算
11265;打造
11266;打下
11267;打倒
11268;打分
11269;打包
11270;打印
11271;打呼
11272;打字
11273;打底
11274;打折
11275;打拼
11276;打断
11277;打法
11278;打消
11279;打滚
11280;打爆
11281;打碎
11282;打磨
11283;打结
11284;打翻
11285;打听
11286;打赌
11287;打转
11288;打通
11289;打进
11290;打量
11291;打错
11292;打雷
11293;打响
11294;打斗
11295;打点
11296;打鼓
11297;拍打
11298;敲打
11299;开打
11300;半打
11301;吉打
11302;吊打
11303;严打
11304;强打
11305;打伤
11306;打嘴
11307;打场
11308;打奶
11309;打尖
11310;打从
11311;打拍
11312;打探
11313;打旋
11314;打更
11315;打杀
11316;打混
11317;打炮
11318;打的
11319;打眼
11320;打谷
11321;打网
11322;打紧
11323;打虫
11324;打制
11325;打赖
11326;打趣
11327;打跑
11328;打退
11329;打酒
11330;打门
11331;打顿
11332;打食
11333;打黑
11334;扭打
11335;抽打
11336;摔打
11337;击打
11338;攻打
11339;激打
11340;猛打
11341;盲打
11342;冲打
11343;责打
11344;轻打
11345;近打
11346;追打
11347;铁打
11348;博文
11349;原文
11350;文化
11351;文字
11352;文章
11353;文艺
11354;英文
11355;全文
11356;天文
11357;散文
11358;文具
11359;文摘
11360;文昌
11361;文本
11362;文物
11363;文献
11364;文盲
11365;文科
11366;文笔
11367;文采
11368;文静
11369;文革
11370;本文
11371;课文
11372;论文
11373;互文
11374;修文
11375;克文
11376;奇文
11377;宇文
11378;密文
11379;属文
11380;序文
11381;建文
11382;吊文
11383;引文
11384;德文
11385;批文
11386;文史
11387;文告
11388;文墨
11389;文宗
11390;文康
11391;文思
11392;文教
11393;文旦
11394;文殊
11395;文法
11396;文登
11397;文石
11398;文秘
11399;文种
11400;文稿
11401;文童
11402;文竹
11403;文联
11404;文职
11405;文言
11406;文豪
11407;文辞
11408;文选
11409;文部
11410;文饰
11411;朗文
11412;案文
11413;条文
11414;法文
11415;满文
11416;田文
11417;异文
11418;白文
11419;盲文
11420;繁文
11421;兴文
11422;华文
11423;蒙文
11424;藏文
11425;虚文
11426;说文
11427;变文
11428;越文
11429;转文
11430;释文
11431;金文
11432;阳文
11433;龙文
11434;基金
11435;现金
11436;资金
11437;金刚
11438;金币
11439;金牛
11440;金融
11441;金钱
11442;黄金
11443;千金
11444;合金
11445;吸金
11446;奖金
11447;白金
11448;租金
11449;紫金
11450;足金
11451;金属
11452;金山
11453;金星
11454;金榜
11455;金沙
11456;金牌
11457;金奖
11458;金矿
11459;金华
11460;金针
11461;金银
11462;金门
11463;金鸡
11464;金黄
11465;五金
11466;亚金
11467;包金
11468;厘金
11469;吞金
11470;含金
11471;夺金
11472;巴金
11473;描金
11474;本金
11475;标金
11476;泥金
11477;消金
11478;纯金
11479;织金
11480;罚金
11481;聘金
11482;薪金
11483;订金
11484;试金
11485;金代
11486;金印
11487;金史
11488;金堂
11489;金威
11490;金字
11491;金宁
11492;金峰
11493;金平
11494;金昌
11495;金东
11496;金柜
11497;金泉
11498;金湖
11499;金湾
11500;金乌
11501;金台
11502;金边
11503;金乡
11504;金酒
11505;金钟
11506;金领
11507;金饰
11508;奔放
11509;放下
11510;放假
11511;放弃
11512;存放
11513;怒放
11514;播放
11515;放低
11516;放射
11517;放置
11518;放羊
11519;放送
11520;放进
11521;放飞
11522;解放
11523;倒放
11524;停放
11525;寄放
11526;少放
11527;投放
11528;拖放
11529;排放
11530;放任
11531;放债
11532;放告
11533;放平
11534;放枪
11535;放款
11536;放毒
11537;放浪
11538;放胆
11539;放诞
11540;放还
11541;放音
11542;放养
11543;施放
11544;流放
11545;码放
11546;粗放
11547;缩放
11548;铺放
11549;古龙
11550;小龙
11551;恐龙
11552;沙龙
11553;火龙
11554;舞龙
11555;青龙
11556;飞龙
11557;龙城
11558;龙岗
11559;龙江
11560;龙湾
11561;龙王
11562;龙眼
11563;龙猫
11564;龙飞
11565;乘龙
11566;元龙
11567;剑龙
11568;合龙
11569;和龙
11570;暴龙
11571;梁龙
11572;业龙
11573;港龙
11574;独龙
11575;异龙
11576;盗龙
11577;华龙
11578;角龙
11579;贺龙
11580;跃龙
11581;云龙
11582;雷龙
11583;马龙
11584;龙利
11585;龙南
11586;龙口
11587;龙巾
11588;龙卷
11589;龙树
11590;龙沙
11591;龙港
11592;龙羊
11593;龙胆
11594;龙船
11595;龙豆
11596;龙游
11597;龙钟
11598;龙阳
11599;公平
11600;和平
11601;平凡
11602;平均
11603;平时
11604;平淡
11605;平台
11606;平衡
11607;平静
11608;北平
11609;南平
11610;天平
11611;太平
11612;平价
11613;平原
11614;平地
11615;平常
11616;平平
11617;平底
11618;平复
11619;平息
11620;平方
11621;平民
11622;平生
11623;平稳
11624;平等
11625;生平
11626;开平
11627;原平
11628;富平
11629;展平
11630;平利
11631;平南
11632;平反
11633;平城
11634;平房
11635;平整
11636;平易
11637;平月
11638;平桥
11639;平武
11640;平毁
11641;平泉
11642;平凉
11643;平减
11644;平白
11645;平直
11646;平移
11647;平素
11648;平声
11649;平装
11650;平辈
11651;平远
11652;平乡
11653;平锅
11654;平镇
11655;平陆
11656;平顶
11657;平顺
11658;康平
11659;广平
11660;延平
11661;建平
11662;弄平
11663;找平
11664;拉平
11665;持平
11666;东平
11667;武平
11668;永平
11669;江平
11670;王平
11671;兴平
11672;衡平
11673;讨平
11674;连平
11675;郎平
11676;阴平
11677;阳平
11678;顺平
11679;黄平
11680;半夜
11681;夜店
11682;今夜
11683;午夜
11684;夜夜
11685;夜幕
11686;夜景
11687;夜班
11688;夜空
11689;彻夜
11690;昨夜
11691;值夜
11692;元夜
11693;入夜
11694;夜校
11695;夜郎
11696;夜鸟
11697;宿夜
11698;月夜
11699;查夜
11700;每夜
11701;当夜
11702;白夜
11703;禁夜
11704;通夜
11705;做法
11706;想法
11707;没法
11708;法律
11709;说法
11710;办法
11711;佛法
11712;作法
11713;依法
11714;兵法
11715;加法
11716;司法
11717;吃法
11718;合法
11719;执法
11720;戏法
11721;政法
11722;书法
11723;枪法
11724;法人
11725;法制
11726;法子
11727;法官
11728;法宝
11729;法师
11730;法庭
11731;法式
11732;法案
11733;法治
11734;法网
11735;法老
11736;法规
11737;法语
11738;犯法
11739;用法
11740;疗法
11741;立法
11742;算法
11743;设法
11744;语法
11745;非法
11746;传法
11747;八法
11748;句法
11749;唱法
11750;土法
11751;守法
11752;写法
11753;律法
11754;战法
11755;招法
11756;拼法
11757;指法
11758;提法
11759;操法
11760;效法
11761;教法
11762;数法
11763;施法
11764;普法
11765;历法
11766;服法
11767;步法
11768;民法
11769;法典
11770;法商
11771;法场
11772;法币
11773;法服
11774;法源
11775;法王
11776;法纪
11777;法线
11778;法航
11779;法术
11780;法衣
11781;法警
11782;法军
11783;法轮
11784;法办
11785;法郎
11786;法医
11787;减法
11788;煮法
11789;王法
11790;环法
11791;画法
11792;盲法
11793;礼法
11794;私法
11795;约法
11796;英法
11797;着法
11798;补法
11799;解法
11800;记法
11801;词法
11802;论法
11803;读法
11804;变法
11805;跑法
11806;军法
11807;针法
11808;铁法
11809;除法
11810;食法
11811;骨法
11812;纠结
11813;结婚
11814;结局
11815;结束
11816;总结
11817;了结
11818;冻结
11819;完结
11820;巴结
11821;心结
11822;情结
11823;终结
11824;结交
11825;结伴
11826;结出
11827;结石
11828;结算
11829;结论
11830;结识
11831;结账
11832;集结
11833;五结
11834;交结
11835;具结
11836;套结
11837;审结
11838;扭结
11839;板结
11840;死结
11841;烧结
11842;秘结
11843;穷结
11844;结伙
11845;结汇
11846;结单
11847;结存
11848;结幕
11849;结彩
11850;结怨
11851;结末
11852;结案
11853;结业
11854;结节
11855;结纳
11856;结肠
11857;结膜
11858;结舌
11859;结草
11860;结亲
11861;结记
11862;结语
11863;结连
11864;结队
11865;编结
11866;联结
11867;胶结
11868;连结
11869;领结
11870;传说
11871;据说
11872;说出
11873;说好
11874;说明
11875;再说
11876;演说
11877;胡说
11878;解说
11879;诉说
11880;话说
11881;说唱
11882;说教
11883;说服
11884;说亲
11885;说说
11886;述说
11887;且说
11888;乱说
11889;假说
11890;傅说
11891;慢说
11892;戏说
11893;按说
11894;推说
11895;浅说
11896;漫说
11897;照说
11898;申说
11899;异说
11900;众说
11901;细说
11902;声说
11903;见说
11904;评说
11905;说合
11906;说嘴
11907;说媒
11908;说书
11909;说笑
11910;说通
11911;辩说
11912;游说
11913;虽说
11914;杂说
11915;眼神
11916;神功
11917;神奇
11918;神秘
11919;神经
11920;精神
11921;财神
11922;天神
11923;心神
11924;爱神
11925;提神
11926;死神
11927;留神
11928;神伤
11929;神往
11930;神情
11931;神曲
11932;神游
11933;神父
11934;神童
11935;神笔
11936;神速
11937;神采
11938;走神
11939;门神
11940;传神
11941;元神
11942;入神
11943;六神
11944;劳神
11945;土神
11946;失神
11947;山神
11948;希神
11949;形神
11950;恶神
11951;慌神
11952;操神
11953;敬神
11954;河神
11955;真神
11956;神交
11957;神佛
11958;神像
11959;神化
11960;神妙
11961;神志
11962;神性
11963;神怪
11964;神态
11965;神慰
11966;神户
11967;神探
11968;神智
11969;神木
11970;神格
11971;神权
11972;神池
11973;神汉
11974;神社
11975;神祖
11976;神职
11977;神通
11978;谷神
11979;圣神
11980;费神
11981;运神
11982;酒神
11983;青神
11984;场所
11985;亚所
11986;任所
11987;何所
11988;其所
11989;居所
11990;所及
11991;所居
11992;所属
11993;所幸
11994;所思
11995;所指
11996;所料
11997;所能
11998;所致
11999;所见
12000;所需
12001;所愿
12002;处所
12003;假期
12004;星期
12005;期待
12006;期间
12007;佳期
12008;初期
12009;到期
12010;如期
12011;早期
12012;期货
12013;期限
12014;为期
12015;短期
12016;近期
12017;周期
12018;预期
12019;任期
12020;先期
12021;冰期
12022;失期
12023;婚期
12024;尾期
12025;展期
12026;工期
12027;按期
12028;掉期
12029;改期
12030;期满
12031;期票
12032;期终
12033;期考
12034;期许
12035;末期
12036;死期
12037;满期
12038;班期
12039;产期
12040;节期
12041;终期
12042;缓期
12043;考期
12044;脱期
12045;远期
12046;限期
12047;怎的
12048;怎能
12049;投票
12050;彩票
12051;票房
12052;票选
12053;门票
12054;传票
12055;全票
12056;包票
12057;北票
12058;汇票
12059;半票
12060;南票
12061;唱票
12062;息票
12063;支票
12064;月票
12065;本票
12066;白票
12067;监票
12068;票券
12069;票汇
12070;票根
12071;票站
12072;票箱
12073;票庄
12074;票证
12075;肉票
12076;角票
12077;计票
12078;走票
12079;跑票
12080;跳票
12081;通票
12082;银票
12083;验票
12084;党票
12085;微风
12086;顺风
12087;风光
12088;风向
12089;风尚
12090;风情
12091;风景
12092;风暴
12093;风格
12094;风流
12095;风声
12096;风采
12097;风险
12098;风雨
12099;风云
12100;上风
12101;下风
12102;世风
12103;乘风
12104;伤风
12105;古风
12106;和风
12107;威风
12108;屏风
12109;抽风
12110;采风
12111;接风
12112;放风
12113;文风
12114;旋风
12115;暖风
12116;暴风
12117;有风
12118;民风
12119;清风
12120;狂风
12121;疾风
12122;痛风
12123;台风
12124;迎风
12125;通风
12126;避风
12127;阵风
12128;随风
12129;风干
12130;风力
12131;风化
12132;风口
12133;风味
12134;风土
12135;风寒
12136;风月
12137;风沙
12138;风波
12139;风浪
12140;风潮
12141;风湿
12142;风华
12143;风衣
12144;风貌
12145;风趣
12146;风速
12147;风骨
12148;八风
12149;劲风
12150;口风
12151;善风
12152;团风
12153;失风
12154;季风
12155;强风
12156;扶风
12157;把风
12158;招风
12159;探风
12160;抢风
12161;整风
12162;书风
12163;涨风
12164;眼风
12165;观风
12166;走风
12167;跌风
12168;躲风
12169;轻风
12170;门风
12171;雄风
12172;露风
12173;风传
12174;风圈
12175;风城
12176;风标
12177;风洞
12178;风泼
12179;风灾
12180;风物
12181;风窗
12182;风箱
12183;风闻
12184;风能
12185;风调
12186;风镜
12187;风钻
12188;惊风
12189;麻风
12190;鼓风
12191;中山
12192;佛山
12193;冰山
12194;山村
12195;山东
12196;山水
12197;山药
12198;山西
12199;山顶
12200;江山
12201;爬山
12202;乳山
12203;保山
12204;仓山
12205;出山
12206;北山
12207;南山
12208;台山
12209;名山
12210;天山
12211;宝山
12212;山上
12213;山势
12214;山口
12215;山地
12216;山坡
12217;山城
12218;山峰
12219;山歌
12220;山河
12221;山洞
12222;山洪
12223;山火
12224;山竹
12225;山羊
12226;山脚
12227;山谷
12228;山路
12229;山野
12230;山门
12231;山体
12232;常山
12233;平山
12234;房山
12235;文山
12236;景山
12237;东山
12238;松山
12239;乐山
12240;深山
12241;火山
12242;玉山
12243;登山
12244;盘山
12245;矿山
12246;神山
12247;福山
12248;秀山
12249;群山
12250;华山
12251;蓝山
12252;衡山
12253;象山
12254;开山
12255;阳山
12256;隔山
12257;青山
12258;靠山
12259;香山
12260;黄山
12261;黑山
12262;龙山
12263;三山
12264;京山
12265;假山
12266;元山
12267;光山
12268;克山
12269;冬山
12270;博山
12271;合山
12272;含山
12273;员山
12274;嘉山
12275;宜山
12276;密山
12277;尖山
12278;屏山
12279;山南
12280;山奈
12281;山形
12282;山本
12283;山梨
12284;山沟
12285;山腰
12286;山茶
12287;山猫
12288;山乡
12289;山阴
12290;山阳
12291;山斗
12292;巴山
12293;微山
12294;惠山
12295;旗山
12296;桃山
12297;梅山
12298;横山
12299;武山
12300;泉山
12301;浮山
12302;潜山
12303;烈山
12304;营山
12305;独山
12306;珠山
12307;白山
12308;皮山
12309;确山
12310;竹山
12311;红山
12312;背山
12313;兴山
12314;船山
12315;英山
12316;草山
12317;贡山
12318;走山
12319;通山
12320;造山
12321;连山
12322;铅山
12323;铜山
12324;钟山
12325;铁山
12326;阴山
12327;雨山
12328;雷山
12329;灵山
12330;静山
12331;马山
12332;盐山
12333;麻山
12334;鼓山
12335;三星
12336;星座
12337;星星
12338;五星
12339;克星
12340;巨星
12341;新星
12342;星级
12343;星际
12344;木星
12345;歌星
12346;球星
12347;男星
12348;福星
12349;红星
12350;繁星
12351;卫星
12352;零星
12353;亮星
12354;伴星
12355;值星
12356;列星
12357;影星
12358;微星
12359;救星
12360;星图
12361;星官
12362;星宿
12363;星斗
12364;星历
12365;星月
12366;星汉
12367;星等
12368;星系
12369;星群
12370;星号
12371;星象
12372;晨星
12373;准星
12374;皮星
12375;矮星
12376;童星
12377;纳星
12378;联星
12379;虚星
12380;谈星
12381;变星
12382;游星
12383;作用
12384;使用
12385;利用
12386;应用
12387;没用
12388;用来
12389;用心
12390;用户
12391;享用
12392;占用
12393;借用
12394;备用
12395;受用
12396;启用
12397;善用
12398;套用
12399;专用
12400;常用
12401;引用
12402;改用
12403;服用
12404;用人
12405;用光
12406;用功
12407;用品
12408;用场
12409;用完
12410;用尽
12411;用处
12412;用途
12413;用餐
12414;管用
12415;耐用
12416;试用
12417;费用
12418;通用
12419;运用
12420;适用
12421;选用
12422;食用
12423;饮用
12424;任用
12425;停用
12426;两用
12427;功用
12428;另用
12429;合用
12430;单用
12431;惯用
12432;抵用
12433;拆用
12434;援用
12435;搬用
12436;拨用
12437;效用
12438;施用
12439;弃用
12440;民用
12441;沿用
12442;用具
12443;用字
12444;用量
12445;用钱
12446;用项
12447;留用
12448;租用
12449;移用
12450;习用
12451;举用
12452;误用
12453;调用
12454;资用
12455;转用
12456;连用
12457;配用
12458;录用
12459;错用
12460;零用
12461;幸免
12462;幸存
12463;幸甚
12464;幸而
12465;幸进
12466;薄幸
12467;春节
12468;节日
12469;节目
12470;环节
12471;章节
12472;节制
12473;节操
12474;节节
12475;节能
12476;节食
12477;令节
12478;使节
12479;仪节
12480;品节
12481;失节
12482;奉节
12483;字节
12484;守节
12485;拔节
12486;拜节
12487;末节
12488;枝节
12489;灯节
12490;毕节
12491;礼节
12492;节庆
12493;节拍
12494;节支
12495;节本
12496;节油
12497;节流
12498;节烈
12499;节略
12500;节育
12501;节选
12502;节录
12503;节余
12504;变节
12505;音节
12506;驻节
12507;骨节
12508;大门
12509;家门
12510;专门
12511;敲门
12512;热门
12513;临门
12514;部门
12515;门口
12516;关门
12517;龙门
12518;也门
12519;入门
12520;冷门
12521;北门
12522;卡门
12523;名门
12524;城门
12525;天门
12526;对门
12527;快门
12528;房门
12529;把门
12530;江门
12531;油门
12532;满门
12533;球门
12534;登门
12535;石门
12536;破门
12537;脑门
12538;虎门
12539;豪门
12540;进门
12541;过门
12542;远门
12543;锁门
12544;门前
12545;门子
12546;门将
12547;门店
12548;门户
12549;门派
12550;门牙
12551;门卫
12552;门铃
12553;门锁
12554;门面
12555;闭门
12556;三门
12557;亚门
12558;便门
12559;偏门
12560;内门
12561;吊门
12562;吸门
12563;土门
12564;守门
12565;寒门
12566;屏门
12567;应门
12568;挨门
12569;摩门
12570;斗门
12571;旁门
12572;易门
12573;朝门
12574;柴门
12575;沙门
12576;灭门
12577;玉门
12578;留门
12579;监门
12580;声门
12581;盖门
12582;角门
12583;调门
12584;转门
12585;边门
12586;门岗
12587;门厅
12588;门扇
12589;门挡
12590;门源
12591;门牌
12592;门球
12593;门环
12594;门禁
12595;门童
12596;门第
12597;门脸
12598;门路
12599;门扣
12600;门限
12601;门阶
12602;门额
12603;门类
12604;门首
12605;防门
12606;阴门
12607;功能
12608;能够
12609;佳能
12610;性能
12611;智能
12612;本能
12613;能否
12614;能源
12615;低能
12616;光能
12617;内能
12618;势能
12619;只能
12620;善能
12621;奇能
12622;官能
12623;悟能
12624;效能
12625;未能
12626;权能
12627;热能
12628;耗能
12629;能级
12630;品牌
12631;奖品
12632;产品
12633;食品
12634;品位
12635;品味
12636;品尝
12637;品德
12638;品格
12639;成品
12640;毒品
12641;甜品
12642;精品
12643;药品
12644;制品
12645;饮品
12646;供品
12647;备品
12648;冰品
12649;品族
12650;品月
12651;品服
12652;品目
12653;品第
12654;品等
12655;品管
12656;品红
12657;品级
12658;品绿
12659;品系
12660;品脱
12661;品蓝
12662;品评
12663;品议
12664;品貌
12665;品达
12666;品酒
12667;品题
12668;奶品
12669;妙品
12670;展品
12671;次品
12672;珍品
12673;禁品
12674;纯品
12675;纸品
12676;绝品
12677;织品
12678;藏品
12679;蛋品
12680;事物
12681;人物
12682;宠物
12683;植物
12684;物品
12685;物理
12686;物质
12687;生物
12688;礼物
12689;购物
12690;食物
12691;宝物
12692;尤物
12693;怪物
12694;景物
12695;物件
12696;物价
12697;物业
12698;物欲
12699;物流
12700;物种
12701;物色
12702;物资
12703;产物
12704;谷物
12705;旧物
12706;衣物
12707;读物
12708;财物
12709;遗物
12710;重物
12711;杂物
12712;饰物
12713;供物
12714;储物
12715;博物
12716;及物
12717;古物
12718;器物
12719;恋物
12720;拾物
12721;捐物
12722;某物
12723;格物
12724;泼物
12725;物化
12726;物料
12727;物产
12728;物证
12729;物镜
12730;状物
12731;百物
12732;积物
12733;证物
12734;贡物
12735;惠东
12736;房东
12737;东亚
12738;东京
12739;东北
12740;东区
12741;东南
12742;东城
12743;东家
12744;东东
12745;东湖
12746;东营
12747;东边
12748;东部
12749;东阳
12750;江东
12751;股东
12752;华东
12753;远东
12754;亚东
12755;做东
12756;克东
12757;台东
12758;向东
12759;启东
12760;屏东
12761;巴东
12762;揭东
12763;景东
12764;东光
12765;东胜
12766;东势
12767;东台
12768;东周
12769;东土
12770;东宁
12771;东宝
12772;东引
12773;东征
12774;东德
12775;东昌
12776;东条
12777;东归
12778;东河
12779;东洋
12780;东港
12781;东源
12782;东沟
12783;东石
12784;东突
12785;东胡
12786;东至
12787;东兴
12788;东丰
12789;东乡
12790;东非
12791;东丽
12792;极东
12793;桥东
12794;田东
12795;竹东
12796;肥东
12797;船东
12798;卫东
12799;衡东
12800;财东
12801;近东
12802;铁东
12803;阳东
12804;鸡东
12805;白天
12806;表白
12807;告白
12808;坦白
12809;太白
12810;对白
12811;旁白
12812;李白
12813;清白
12814;洁白
12815;独白
12816;发白
12817;白人
12818;白吃
12819;白宫
12820;白搭
12821;白日
12822;白果
12823;白净
12824;白白
12825;白眼
12826;白粉
12827;白话
12828;白费
12829;白酒
12830;白醋
12831;白银
12832;白雪
12833;白领
12834;白饭
12835;直白
12836;空白
12837;纯白
12838;蛋白
12839;雪白
12840;黑白
12841;乳白
12842;半白
12843;博白
12844;反白
12845;口白
12846;建白
12847;惨白
12848;搭白
12849;抢白
12850;浅白
12851;漂白
12852;灰白
12853;牙白
12854;留白
12855;白佛
12856;白区
12857;白城
12858;白字
12859;白布
12860;白带
12861;白厅
12862;白托
12863;白描
12864;白撞
12865;白旗
12866;白朗
12867;白术
12868;白毛
12869;白河
12870;白汤
12871;白煤
12872;白熊
12873;白热
12874;白目
12875;白种
12876;白简
12877;白线
12878;白羊
12879;白肉
12880;白薯
12881;白苏
12882;白军
12883;白铜
12884;白钢
12885;白铁
12886;白附
12887;白鬼
12888;白鱼
12889;眼白
12890;答白
12891;补白
12892;辩白
12893;露白
12894;青白
12895;认真
12896;当真
12897;真切
12898;真皮
12899;真真
12900;童真
12901;纯真
12902;逼真
12903;乱真
12904;失真
12905;归真
12906;清真
12907;真亮
12908;真假
12909;真传
12910;真命
12911;真容
12912;真性
12913;真怪
12914;真数
12915;真书
12916;真核
12917;真格
12918;真武
12919;真版
12920;真牛
12921;真率
12922;真珠
12923;真确
12924;真纳
12925;真声
12926;真象
12927;真释
12928;真际
12929;较真
12930;鉴真
12931;员工
12932;工资
12933;做工
12934;分工
12935;化工
12936;完工
12937;工伤
12938;工商
12939;工夫
12940;工时
12941;工业
12942;工艺
12943;收工
12944;放工
12945;民工
12946;义工
12947;职工
12948;苦工
12949;代工
12950;停工
12951;偷工
12952;共工
12953;包工
12954;对工
12955;工件
12956;工兵
12957;工委
12958;工整
12959;工校
12960;工农
12961;工部
12962;工龄
12963;帮工
12964;厂工
12965;徒工
12966;复工
12967;志工
12968;技工
12969;换工
12970;政工
12971;散工
12972;替工
12973;月工
12974;监工
12975;短工
12976;童工
12977;管工
12978;精工
12979;船工
12980;试工
12981;误工
12982;变工
12983;轻工
12984;农工
12985;旋工
12986;杂工
12987;零工
12988;青工
12989;利器
12990;利益
12991;胜利
12992;权利
12993;福利
12994;顺利
12995;便利
12996;利事
12997;利害
12998;利己
12999;利息
13000;利是
13001;利索
13002;利落
13003;利马
13004;功利
13005;势利
13006;吉利
13007;哈利
13008;失利
13009;安利
13010;专利
13011;智利
13012;暴利
13013;比利
13014;流利
13015;获利
13016;复利
13017;返利
13018;锋利
13019;麻利
13020;互利
13021;低利
13022;利他
13023;利基
13024;利欲
13025;利权
13026;利辛
13027;利钱
13028;创利
13029;夏利
13030;套利
13031;威利
13032;尖利
13033;巴利
13034;月利
13035;殖利
13036;毛利
13037;浮利
13038;营利
13039;爽利
13040;特利
13041;监利
13042;私利
13043;红利
13044;纯利
13045;舍利
13046;薄利
13047;财利
13048;赢利
13049;足利
13050;灵利
13051;作战
13052;大战
13053;战争
13054;战斗
13055;挑战
13056;二战
13057;备战
13058;冷战
13059;奋战
13060;好战
13061;实战
13062;战功
13063;战友
13064;战况
13065;战线
13066;战术
13067;战马
13068;决战
13069;激战
13070;空战
13071;血战
13072;论战
13073;转战
13074;迎战
13075;连战
13076;交战
13077;休战
13078;停战
13079;参战
13080;反战
13081;商战
13082;寒战
13083;应战
13084;战乱
13085;战备
13086;战团
13087;战败
13088;战旗
13089;战书
13090;战犯
13091;战船
13092;败战
13093;核战
13094;死战
13095;争战
13096;终战
13097;统战
13098;圣战
13099;胆战
13100;临战
13101;苦战
13102;越战
13103;选战
13104;京城
13105;全城
13106;南城
13107;围城
13108;城府
13109;城管
13110;城乡
13111;增城
13112;新城
13113;满城
13114;省城
13115;费城
13116;进城
13117;双城
13118;云城
13119;交城
13120;任城
13121;占城
13122;内城
13123;土城
13124;城口
13125;城固
13126;城步
13127;城郊
13128;城铁
13129;城防
13130;城阳
13131;宜城
13132;宫城
13133;容城
13134;宿城
13135;宁城
13136;宽城
13137;布城
13138;府城
13139;德城
13140;惠城
13141;庆城
13142;应城
13143;拜城
13144;摩城
13145;故城
13146;月城
13147;枝城
13148;桃城
13149;武城
13150;历城
13151;永城
13152;凉城
13153;清城
13154;源城
13155;牙城
13156;石城
13157;筑城
13158;聊城
13159;圣城
13160;肥城
13161;临城
13162;兴城
13163;舒城
13164;叶城
13165;蒙城
13166;蕉城
13167;卫城
13168;诸城
13169;谷城
13170;丰城
13171;越城
13172;通城
13173;运城
13174;边城
13175;都城
13176;乡城
13177;防城
13178;阿城
13179;阳城
13180;雨城
13181;雪城
13182;项城
13183;顺城
13184;麻城
13185;人性
13186;任性
13187;个性
13188;女性
13189;弹性
13190;性感
13191;性格
13192;感性
13193;理性
13194;男性
13195;异性
13196;佛性
13197;共性
13198;品性
13199;天性
13200;定性
13201;属性
13202;德性
13203;心性
13204;急性
13205;性交
13206;性别
13207;性命
13208;性地
13209;性爱
13210;性欲
13211;性状
13212;性病
13213;性质
13214;悟性
13215;恶性
13216;慢性
13217;惯性
13218;成性
13219;本性
13220;毒性
13221;活性
13222;特性
13223;生性
13224;索性
13225;线性
13226;习性
13227;耐性
13228;良性
13229;记性
13230;变性
13231;酸性
13232;野性
13233;阳性
13234;隐性
13235;雄性
13236;灵性
13237;显性
13238;养性
13239;假性
13240;两性
13241;刚性
13242;危性
13243;原性
13244;受性
13245;向性
13246;塑性
13247;延性
13248;性伴
13249;性善
13250;性器
13251;性征
13252;性急
13253;抗性
13254;极性
13255;派性
13256;炎性
13257;烈性
13258;尽性
13259;示性
13260;罪性
13261;词性
13262;齐性
13263;对待
13264;对手
13265;对话
13266;对象
13267;对面
13268;绝对
13269;作对
13270;反对
13271;对付
13272;对劲
13273;对唱
13274;对子
13275;对岸
13276;对应
13277;对接
13278;对比
13279;对决
13280;对准
13281;对焦
13282;对照
13283;对眼
13284;对称
13285;对立
13286;对等
13287;对策
13288;对视
13289;应对
13290;敌对
13291;比对
13292;答对
13293;配对
13294;对了
13295;对位
13296;对偶
13297;对价
13298;对内
13299;对刺
13300;对半
13301;对口
13302;对句
13303;对局
13304;对岛
13305;对换
13306;对折
13307;对撞
13308;对攻
13309;对敌
13310;对数
13311;对映
13312;对本
13313;对杯
13314;对案
13315;对歌
13316;对流
13317;对消
13318;对火
13319;对答
13320;对华
13321;对衬
13322;对亲
13323;对角
13324;对词
13325;对课
13326;对调
13327;对谈
13328;对证
13329;对质
13330;对账
13331;对路
13332;挤对
13333;斜对
13334;校对
13335;特别
13336;个别
13337;别有
13338;别的
13339;别致
13340;别处
13341;别离
13342;差别
13343;惜别
13344;级别
13345;识别
13346;离别
13347;久别
13348;伤别
13349;判别
13350;别传
13351;别字
13352;别称
13353;别绪
13354;别号
13355;各别
13356;币别
13357;引别
13358;别嘴
13359;拜别
13360;握别
13361;死别
13362;派别
13363;流别
13364;界别
13365;留别
13366;违别
13367;商场
13368;场景
13369;场面
13370;广场
13371;战场
13372;现场
13373;登场
13374;立场
13375;职场
13376;入场
13377;全场
13378;冷场
13379;到场
13380;剧场
13381;包场
13382;半场
13383;在场
13384;场合
13385;官场
13386;专场
13387;情场
13388;排场
13389;操场
13390;收场
13391;散场
13392;球场
13393;当场
13394;考场
13395;赌场
13396;赛场
13397;退场
13398;进场
13399;内场
13400;冰场
13401;围场
13402;圆场
13403;场论
13404;场院
13405;采场
13406;搬场
13407;救场
13408;晕场
13409;林场
13410;校场
13411;火场
13412;灾场
13413;红场
13414;终场
13415;草场
13416;试场
13417;较场
13418;闹场
13419;盐场
13420;光明
13421;光荣
13422;光临
13423;星光
13424;灯光
13425;目光
13426;眼光
13427;阳光
13428;亮光
13429;光亮
13430;光光
13431;光圈
13432;光大
13433;光年
13434;光彩
13435;光影
13436;光是
13437;光景
13438;光波
13439;光洁
13440;光照
13441;光环
13442;光盘
13443;光辉
13444;光速
13445;光顾
13446;光鲜
13447;凶光
13448;反光
13449;夜光
13450;微光
13451;春光
13452;月光
13453;极光
13454;油光
13455;泪光
13456;激光
13457;火光
13458;耳光
13459;蓝光
13460;观光
13461;走光
13462;闪光
13463;开光
13464;灵光
13465;三光
13466;仰光
13467;借光
13468;偏光
13469;光刻
13470;光合
13471;光复
13472;光敏
13473;光束
13474;光柱
13475;光标
13476;光爆
13477;光笔
13478;光绪
13479;光耀
13480;光量
13481;喝光
13482;圆光
13483;增光
13484;强光
13485;折光
13486;摇光
13487;支光
13488;败光
13489;散光
13490;旋光
13491;暴光
13492;淡光
13493;爆光
13494;争光
13495;磨光
13496;祥光
13497;精光
13498;聚光
13499;背光
13500;赏光
13501;透光
13502;银光
13503;验光
13504;收拾
13505;收藏
13506;回收
13507;接收
13508;收取
13509;收回
13510;收尾
13511;收复
13512;收心
13513;收留
13514;收益
13515;收看
13516;收礼
13517;收紧
13518;收费
13519;收购
13520;收录
13521;丰收
13522;创收
13523;应收
13524;拒收
13525;招收
13526;收假
13527;收兵
13528;收冬
13529;收汇
13530;收口
13531;收存
13532;收容
13533;收房
13534;收押
13535;收据
13536;收支
13537;收效
13538;收服
13539;收条
13540;收监
13541;收线
13542;收编
13543;收讯
13544;收词
13545;歉收
13546;秋收
13547;领收
13548;验收
13549;原本
13550;基本
13551;本人
13552;本身
13553;根本
13554;版本
13555;剧本
13556;书本
13557;本土
13558;本意
13559;本期
13560;本本
13561;本科
13562;本草
13563;本钱
13564;本领
13565;标本
13566;亏本
13567;课本
13568;保本
13569;传本
13570;全本
13571;刻本
13572;印本
13573;唱本
13574;善本
13575;够本
13576;抄本
13577;折本
13578;本份
13579;本位
13580;本报
13581;本字
13582;本届
13583;本币
13584;本底
13585;本影
13586;本息
13587;本应
13588;本月
13589;本朝
13590;本末
13591;本源
13592;本纪
13593;本罪
13594;本义
13595;本台
13596;本处
13597;本部
13598;本乡
13599;本题
13600;桥本
13601;残本
13602;熊本
13603;秘本
13604;稿本
13605;繁本
13606;股本
13607;复本
13608;足本
13609;还本
13610;院本
13611;选择
13612;选项
13613;入选
13614;挑选
13615;当选
13616;竞选
13617;选票
13618;选秀
13619;初选
13620;捐选
13621;推选
13622;改选
13623;普选
13624;民选
13625;浮选
13626;王选
13627;直选
13628;编选
13629;落选
13630;补选
13631;选入
13632;选召
13633;选单
13634;选派
13635;选编
13636;选听
13637;选育
13638;选送
13639;选录
13640;选集
13641;预选
13642;新春
13643;春天
13644;春运
13645;青春
13646;春季
13647;春雨
13648;三春
13649;季春
13650;宜春
13651;春令
13652;春假
13653;春化
13654;春梦
13655;春妇
13656;春宫
13657;春播
13658;春景
13659;春茶
13660;春药
13661;春游
13662;永春
13663;绿春
13664;买春
13665;卖春
13666;踏春
13667;游春
13668;始终
13669;最终
13670;终了
13671;终傅
13672;终南
13673;终局
13674;终声
13675;送终
13676;失败
13677;失望
13678;失眠
13679;消失
13680;失态
13681;失恋
13682;失控
13683;失业
13684;失调
13685;流失
13686;缺失
13687;走失
13688;过失
13689;遗失
13690;错失
13691;冒失
13692;坐失
13693;报失
13694;失修
13695;失传
13696;失仪
13697;失口
13698;失单
13699;失宜
13700;失察
13701;失常
13702;失悔
13703;失格
13704;失当
13705;失盗
13706;失笑
13707;失算
13708;失纵
13709;失聪
13710;失着
13711;失血
13712;失语
13713;失责
13714;失迎
13715;失迷
13716;失错
13717;失陪
13718;差失
13719;挂失
13720;灭失
13721;语失
13722;违失
13723;闪失
13724;忘记
13725;日记
13726;记住
13727;记忆
13728;记者
13729;记录
13730;切记
13731;印记
13732;史记
13733;登记
13734;记起
13735;记载
13736;游记
13737;借记
13738;摘记
13739;散记
13740;死记
13741;熟记
13742;牵记
13743;礼记
13744;符记
13745;记传
13746;记念
13747;记述
13748;贷记
13749;追记
13750;杂记
13751;难记
13752;题记
13753;默记
13754;人口
13755;借口
13756;伤口
13757;入口
13758;出口
13759;口味
13760;口渴
13761;口袋
13762;海口
13763;窗口
13764;胃口
13765;路口
13766;进口
13767;开口
13768;口吃
13769;口岸
13770;口才
13771;口服
13772;口福
13773;口红
13774;口臭
13775;口舌
13776;口号
13777;口角
13778;口语
13779;口述
13780;口音
13781;可口
13782;张口
13783;心口
13784;户口
13785;接口
13786;改口
13787;档口
13788;河口
13789;渡口
13790;港口
13791;满口
13792;汉口
13793;爽口
13794;牲口
13795;粗口
13796;糊口
13797;缺口
13798;苦口
13799;虎口
13800;袖口
13801;亲口
13802;随口
13803;顺口
13804;领口
13805;并口
13806;串口
13807;交口
13808;京口
13809;住口
13810;切口
13811;创口
13812;反口
13813;口交
13814;口供
13815;口传
13816;口北
13817;口器
13818;口彩
13819;口技
13820;口湖
13821;口称
13822;口络
13823;口试
13824;口锋
13825;口鼻
13826;吸口
13827;周口
13828;害口
13829;宽口
13830;寸口
13831;恶口
13832;插口
13833;搬口
13834;林口
13835;毛口
13836;江口
13837;决口
13838;湖口
13839;破口
13840;碍口
13841;空口
13842;端口
13843;血口
13844;裂口
13845;裤口
13846;角口
13847;转口
13848;还口
13849;闲口
13850;合作
13851;合家
13852;合影
13853;合照
13854;合理
13855;合适
13856;回合
13857;混合
13858;符合
13859;组合
13860;结合
13861;综合
13862;适合
13863;配合
13864;切合
13865;合一
13866;合并
13867;合伙
13868;合力
13869;合唱
13870;合奏
13871;合拍
13872;合格
13873;合眼
13874;合租
13875;合群
13876;合肥
13877;合脚
13878;合计
13879;合资
13880;合身
13881;合辑
13882;巧合
13883;复合
13884;折合
13885;整合
13886;百合
13887;磨合
13888;贴合
13889;迎合
13890;重合
13891;离合
13892;交合
13893;偶合
13894;六合
13895;化合
13896;合乎
13897;合共
13898;合围
13899;合婚
13900;合宜
13901;合式
13902;合抱
13903;合掌
13904;合击
13905;合数
13906;合江
13907;合流
13908;合演
13909;合营
13910;合众
13911;合称
13912;合算
13913;合编
13914;合纵
13915;合股
13916;合叶
13917;合著
13918;合规
13919;合该
13920;合谋
13921;合议
13922;合办
13923;合阳
13924;合页
13925;密合
13926;投合
13927;拼合
13928;接合
13929;暗合
13930;纠合
13931;约合
13932;总合
13933;聚合
13934;胶合
13935;连合
13936;野合
13937;原因
13938;原谅
13939;原位
13940;原先
13941;原型
13942;原始
13943;原有
13944;原油
13945;太原
13946;草原
13947;还原
13948;三原
13949;五原
13950;价原
13951;原告
13952;原址
13953;原委
13954;原居
13955;原核
13956;原爆
13957;原产
13958;原籍
13959;原义
13960;原著
13961;原处
13962;原貌
13963;原阳
13964;固原
13965;抗原
13966;昌原
13967;松原
13968;清原
13969;汤原
13970;病原
13971;糖原
13972;红原
13973;丰原
13974;阳原
13975;青原
13976;朋党
13977;宾朋
13978;眼前
13979;眼泪
13980;眼睛
13981;眼镜
13982;一眼
13983;傻眼
13984;冷眼
13985;刺眼
13986;字眼
13987;放眼
13988;满眼
13989;眼下
13990;眼影
13991;眼熟
13992;眼珠
13993;眼球
13994;眼界
13995;眼皮
13996;眼看
13997;眼科
13998;眼帘
13999;眼红
14000;眼见
14001;眼角
14002;耀眼
14003;着眼
14004;亲眼
14005;猫眼
14006;双眼
14007;顺眼
14008;显眼
14009;做眼
14010;偷眼
14011;单眼
14012;害眼
14013;慧眼
14014;挤眼
14015;斗眼
14016;板眼
14017;榜眼
14018;枪眼
14019;横眼
14020;沙眼
14021;泉眼
14022;照眼
14023;眼压
14024;眼尖
14025;眼底
14026;眼房
14027;眼晕
14028;眼格
14029;眼热
14030;眼病
14031;眼目
14032;眼药
14033;眼虫
14034;眼跳
14035;网眼
14036;复眼
14037;走眼
14038;扣眼
14039;钻眼
14040;闪眼
14041;障眼
14042;鸡眼
14043;青眼
14044;养眼
14045;鸟眼
14046;大红
14047;红包
14048;分红
14049;火红
14050;当红
14051;红娘
14052;红心
14053;红旗
14054;红润
14055;红火
14056;红灯
14057;红烧
14058;红牌
14059;红线
14060;红肿
14061;红茶
14062;红军
14063;红运
14064;红颜
14065;走红
14066;通红
14067;鲜红
14068;套红
14069;披红
14070;描红
14071;桃红
14072;涨红
14073;潮红
14074;烧红
14075;红古
14076;红土
14077;红塔
14078;红岗
14079;红晕
14080;红曲
14081;红桃
14082;红树
14083;红桥
14084;红牛
14085;红移
14086;红笔
14087;红粉
14088;红股
14089;红肠
14090;红脸
14091;红轮
14092;红铜
14093;透红
14094;银红
14095;飞红
14096;第二
14097;及第
14098;居第
14099;府第
14100;故第
14101;次第
14102;等第
14103;落第
14104;旅游
14105;游戏
14106;梦游
14107;导游
14108;漫游
14109;游玩
14110;游览
14111;游走
14112;交游
14113;优游
14114;周游
14115;广游
14116;桌游
14117;游标
14118;漂游
14119;旧游
14120;般游
14121;转游
14122;游伴
14123;游导
14124;游击
14125;游历
14126;游艺
14127;游街
14128;游逛
14129;远游
14130;野游
14131;倡始
14132;初始
14133;创始
14134;固始
14135;始建
14136;始末
14137;始兴
14138;建始
14139;更始
14140;未始
14141;企图
14142;图像
14143;图形
14144;图书
14145;图标
14146;图画
14147;图纸
14148;图集
14149;宏图
14150;意图
14151;试图
14152;位图
14153;修图
14154;制图
14155;圆图
14156;图例
14157;图克
14158;图恩
14159;图尔
14160;图版
14161;图章
14162;图签
14163;图谋
14164;图象
14165;图辑
14166;图录
14167;图灵
14168;字图
14169;描图
14170;昌图
14171;晒图
14172;标图
14173;浮图
14174;略图
14175;绘图
14176;航图
14177;良图
14178;草图
14179;视图
14180;饼图
14181;命运
14182;好运
14183;幸运
14184;托运
14185;搬运
14186;禁运
14187;货运
14188;走运
14189;转运
14190;运河
14191;运营
14192;运程
14193;运费
14194;运转
14195;运送
14196;交运
14197;倒运
14198;偷运
14199;吊运
14200;坏运
14201;恶运
14202;应运
14203;承运
14204;民运
14205;汽运
14206;联运
14207;航运
14208;船运
14209;装运
14210;载运
14211;输运
14212;运交
14213;运使
14214;运价
14215;运十
14216;运命
14217;运单
14218;运将
14219;运思
14220;运庆
14221;运数
14222;运球
14223;运笔
14224;运算
14225;运脚
14226;运载
14227;运量
14228;运销
14229;陆运
14230;集运
14231;因果
14232;因此
14233;因而
14234;基因
14235;因式
14236;因循
14237;因应
14238;因故
14239;因数
14240;因由
14241;苦因
14242;达因
14243;远因
14244;化解
14245;化身
14246;强化
14247;消化
14248;美化
14249;变化
14250;优化
14251;分化
14252;化疗
14253;化石
14254;化肥
14255;化验
14256;同化
14257;奉化
14258;幻化
14259;从化
14260;恶化
14261;感化
14262;怀化
14263;液化
14264;淡化
14265;净化
14266;深化
14267;演化
14268;汉化
14269;火化
14270;炼化
14271;硬化
14272;简化
14273;绿化
14274;腐化
14275;软化
14276;转化
14277;退化
14278;造化
14279;进化
14280;量化
14281;乳化
14282;内化
14283;劝化
14284;化冻
14285;化德
14286;化缘
14287;化装
14288;南化
14289;善化
14290;四化
14291;坐化
14292;宣化
14293;宁化
14294;弱化
14295;循化
14296;德化
14297;暖化
14298;极化
14299;归化
14300;毒化
14301;汽化
14302;洋化
14303;焦化
14304;熟化
14305;特化
14306;王化
14307;环化
14308;矮化
14309;羽化
14310;圣化
14311;兴化
14312;裂化
14313;通化
14314;遵化
14315;丑化
14316;顺化
14317;骨化
14318;再见
14319;梦见
14320;看见
14321;听见
14322;见到
14323;遇见
14324;回见
14325;常见
14326;接见
14327;撞见
14328;碰见
14329;见效
14330;见闻
14331;见解
14332;见谅
14333;见识
14334;见鬼
14335;详见
14336;远见
14337;预见
14338;偶见
14339;传见
14340;先见
14341;创见
14342;参见
14343;另见
14344;召见
14345;宿见
14346;少见
14347;延见
14348;拜见
14349;政见
14350;散见
14351;朝见
14352;洞见
14353;浅见
14354;异见
14355;瞧见
14356;短见
14357;禁见
14358;管见
14359;约见
14360;闻见
14361;见亮
14362;见报
14363;见怪
14364;见教
14365;见笑
14366;见习
14367;见背
14368;见访
14369;见驾
14370;识见
14371;足见
14372;显见
14373;承载
14374;连载
14375;半载
14376;报载
14377;揭载
14378;登载
14379;万载
14380;装载
14381;负载
14382;货载
14383;账载
14384;载入
14385;载波
14386;载籍
14387;载货
14388;载途
14389;载频
14390;配载
14391;投入
14392;投诉
14393;北投
14394;南投
14395;投保
14396;投奔
14397;投师
14398;投币
14399;投店
14400;投弹
14401;投影
14402;投敌
14403;投书
14404;投案
14405;投标
14406;投环
14407;投考
14408;投诚
14409;投军
14410;投靠
14411;空投
14412;交通
14413;普通
14414;沟通
14415;联通
14416;通常
14417;通知
14418;开通
14419;南通
14420;圆通
14421;想通
14422;接通
14423;扑通
14424;流通
14425;精通
14426;网通
14427;变通
14428;通俗
14429;通勤
14430;通向
14431;通告
14432;通报
14433;通往
14434;通畅
14435;通病
14436;通讯
14437;通透
14438;通通
14439;三通
14440;互通
14441;共通
14442;弄通
14443;搞通
14444;抢通
14445;直通
14446;统通
14447;融通
14448;买通
14449;通例
14450;通假
14451;通判
14452;通则
14453;通史
14454;通商
14455;通问
14456;通婚
14457;通彻
14458;通晓
14459;通书
14460;通江
14461;通盘
14462;通称
14463;通约
14464;通航
14465;通菜
14466;通融
14467;通观
14468;通许
14469;通识
14470;通译
14471;通货
14472;通路
14473;通途
14474;通邮
14475;通量
14476;通顺
14477;连通
14478;一边
14479;周边
14480;旁边
14481;天边
14482;左边
14483;床边
14484;江边
14485;湖边
14486;这边
14487;边境
14488;边度
14489;边界
14490;边际
14491;靠边
14492;傍边
14493;两边
14494;北边
14495;半边
14496;单边
14497;四边
14498;宁边
14499;底边
14500;挨边
14501;林边
14502;毛边
14503;沿边
14504;滚边
14505;炉边
14506;着边
14507;贴边
14508;边区
14509;边卡
14510;边塞
14511;边币
14512;边庭
14513;边患
14514;边材
14515;边民
14516;边沿
14517;边窗
14518;边线
14519;边声
14520;边远
14521;边锋
14522;边音
14523;页边
14524;饰边
14525;马边
14526;盐边
14527;入座
14528;座位
14529;座椅
14530;插座
14531;讲座
14532;台座
14533;基座
14534;宝座
14535;底座
14536;座席
14537;座标
14538;座落
14539;座号
14540;座钟
14541;支座
14542;散座
14543;末座
14544;楼座
14545;王座
14546;球座
14547;管座
14548;茶座
14549;落座
14550;软座
14551;央视
14552;卫视
14553;视频
14554;影视
14555;忽视
14556;注视
14557;漠视
14558;监视
14559;直视
14560;视察
14561;视角
14562;轻视
14563;近视
14564;透视
14565;傲视
14566;弱视
14567;扫视
14568;探视
14569;敌视
14570;目视
14571;省视
14572;短视
14573;临视
14574;台视
14575;华视
14576;复视
14577;视区
14578;视差
14579;视界
14580;视盲
14581;视窗
14582;视距
14583;视障
14584;迫视
14585;逼视
14586;远视
14587;错视
14588;音视
14589;交还
14590;往还
14591;讨还
14592;追还
14593;送还
14594;还俗
14595;还嘴
14596;还席
14597;还击
14598;还书
14599;还款
14600;还清
14601;还礼
14602;还账
14603;还愿
14604;上火
14605;火星
14606;火热
14607;火爆
14608;火线
14609;火锅
14610;烈火
14611;烟火
14612;去火
14613;失火
14614;战火
14615;放火
14616;文火
14617;柴火
14618;清火
14619;灭火
14620;火候
14621;火炮
14622;火烧
14623;火炉
14624;火神
14625;火腿
14626;火药
14627;火警
14628;火辣
14629;火速
14630;火鸡
14631;烤火
14632;灯火
14633;烧火
14634;生火
14635;肝火
14636;着火
14637;观火
14638;走火
14639;起火
14640;过火
14641;防火
14642;降火
14643;香火
14644;交火
14645;借火
14646;停火
14647;向火
14648;封火
14649;引火
14650;微火
14651;拼火
14652;救火
14653;败火
14654;林火
14655;洋火
14656;火伴
14657;火器
14658;火柱
14659;火湖
14660;火墙
14661;火环
14662;火舌
14663;炮火
14664;社火
14665;耐火
14666;圣火
14667;举火
14668;虚火
14669;迎火
14670;退火
14671;遇火
14672;鬼火
14673;收入
14674;进入
14675;介入
14676;入味
14677;入围
14678;入眠
14679;入睡
14680;列入
14681;引入
14682;摄入
14683;步入
14684;注入
14685;流入
14686;深入
14687;潜入
14688;登入
14689;落入
14690;装入
14691;买入
14692;走入
14693;并入
14694;代入
14695;传入
14696;入伙
14697;入微
14698;入盟
14699;入籍
14700;入圣
14701;入联
14702;入声
14703;入肉
14704;入股
14705;入迷
14706;再入
14707;准入
14708;切入
14709;存入
14710;封入
14711;导入
14712;悟入
14713;排入
14714;挤入
14715;攻入
14716;敲入
14717;岁入
14718;签入
14719;考入
14720;迁入
14721;录入
14722;键入
14723;驶入
14724;包括
14725;包邮
14726;包包
14727;包含
14728;包围
14729;包容
14730;包饭
14731;包养
14732;手包
14733;提包
14734;汤包
14735;皮包
14736;背包
14737;腰包
14738;三包
14739;包乘
14740;包干
14741;包伙
14742;包封
14743;包层
14744;包巾
14745;包房
14746;包抄
14747;包探
14748;包换
14749;包河
14750;包尔
14751;包产
14752;包租
14753;包谷
14754;包管
14755;包米
14756;包举
14757;包船
14758;包藏
14759;包衣
14760;包袋
14761;包被
14762;包赔
14763;包办
14764;包银
14765;包销
14766;套包
14767;抓包
14768;掉包
14769;掏包
14770;熊包
14771;烧包
14772;茶包
14773;蛋包
14774;众包
14775;裹包
14776;调包
14777;跟包
14778;软包
14779;邮包
14780;闭包
14781;顶包
14782;香包
14783;宝马
14784;皇马
14785;立马
14786;马路
14787;上马
14788;出马
14789;司马
14790;大马
14791;拍马
14792;木马
14793;河马
14794;牛马
14795;策马
14796;落马
14797;赛马
14798;车马
14799;铁马
14800;马夫
14801;马来
14802;马克
14803;马刺
14804;马匹
14805;马大
14806;马太
14807;马子
14808;马尾
14809;马戏
14810;马背
14811;马良
14812;马虎
14813;马赛
14814;马超
14815;马达
14816;骑马
14817;黑马
14818;兵马
14819;午马
14820;奔马
14821;套马
14822;害马
14823;幼马
14824;康马
14825;征马
14826;挂马
14827;探马
14828;祖马
14829;种马
14830;纸马
14831;义马
14832;良马
14833;走马
14834;跑马
14835;跳马
14836;跃马
14837;雄马
14838;马但
14839;马具
14840;马刀
14841;马列
14842;马勺
14843;马房
14844;马村
14845;马荣
14846;马步
14847;马球
14848;马祖
14849;马科
14850;马糊
14851;马群
14852;马术
14853;惊马
14854;男孩
14855;型男
14856;男厕
14857;男排
14858;男童
14859;童男
14860;羊男
14861;遗男
14862;你等
14863;精彩
14864;精选
14865;味精
14866;精准
14867;精英
14868;精进
14869;酒精
14870;受精
14871;授精
14872;精兵
14873;精妙
14874;精密
14875;精巧
14876;精干
14877;精微
14878;精河
14879;精深
14880;精当
14881;精研
14882;精确
14883;精矿
14884;精算
14885;精简
14886;精米
14887;精练
14888;精制
14889;精诚
14890;糊精
14891;糖精
14892;阴精
14893;香精
14894;黄精
14895;清新
14896;清早
14897;清晨
14898;清楚
14899;清洁
14900;清醒
14901;冷清
14902;分清
14903;清单
14904;清扫
14905;清明
14906;清朝
14907;清洗
14908;清淡
14909;清净
14910;清热
14911;清爽
14912;清秀
14913;清空
14914;清纯
14915;清脆
14916;清远
14917;清酒
14918;清闲
14919;清除
14920;清静
14921;清香
14922;认清
14923;付清
14924;偿清
14925;两清
14926;划清
14927;反清
14928;四清
14929;宝清
14930;德清
14931;忠清
14932;数清
14933;查清
14934;武清
14935;永清
14936;清偿
14937;清兵
14938;清册
14939;清唱
14940;清幽
14941;清拆
14942;清朗
14943;清末
14944;清查
14945;清江
14946;清油
14947;清流
14948;清瘦
14949;清盘
14950;清算
14951;清议
14952;清丰
14953;清军
14954;清队
14955;清音
14956;清丽
14957;清党
14958;满清
14959;听清
14960;肃清
14961;临清
14962;血清
14963;厘清
14964;双清
14965;当下
14966;当中
14967;当初
14968;当前
14969;当地
14970;当年
14971;当成
14972;当时
14973;当然
14974;适当
14975;上当
14976;了当
14977;便当
14978;充当
14979;家当
14980;得当
14981;恰当
14982;应当
14983;担当
14984;正当
14985;当上
14986;当今
14987;当代
14988;当做
14989;当兵
14990;当家
14991;当局
14992;当晚
14993;当归
14994;当当
14995;当众
14996;当街
14997;当道
14998;停当
14999;允当
15000;两当
15001;典当
15002;夹当
15003;每当
15004;乌当
15005;爽当
15006;当即
15007;当政
15008;当权
15009;当班
15010;当着
15011;当量
15012;当雄
15013;当驾
15014;空当
15015;至当
15016;该当
15017;顺当
15018;企业
15019;创业
15020;商业
15021;专业
15022;业务
15023;毕业
15024;职业
15025;伟业
15026;实业
15027;就业
15028;从业
15029;敬业
15030;业界
15031;业绩
15032;歇业
15033;置业
15034;兴业
15035;停业
15036;功业
15037;受业
15038;执业
15039;基业
15040;守业
15041;建业
15042;影业
15043;待业
15044;授业
15045;改业
15046;故业
15047;林业
15048;业已
15049;业师
15050;业态
15051;业根
15052;业者
15053;业障
15054;旧业
15055;课业
15056;转业
15057;转盘
15058;转眼
15059;转给
15060;转身
15061;转载
15062;反转
15063;右转
15064;回转
15065;好转
15066;左转
15067;扭转
15068;流转
15069;翻转
15070;转世
15071;转入
15072;转台
15073;转向
15074;转告
15075;转圈
15076;转型
15077;转好
15078;转念
15079;转折
15080;转换
15081;转播
15082;转正
15083;转移
15084;转而
15085;转角
15086;转变
15087;转卖
15088;转账
15089;转转
15090;偏转
15091;周转
15092;展转
15093;复转
15094;急转
15095;批转
15096;承转
15097;折转
15098;掉转
15099;暗转
15100;调转
15101;转乘
15102;转交
15103;转位
15104;转侧
15105;转剧
15106;转塔
15107;转寄
15108;转写
15109;转导
15110;转差
15111;转干
15112;转引
15113;转往
15114;转托
15115;转抵
15116;转授
15117;转接
15118;转校
15119;转椅
15120;转步
15121;转注
15122;转炉
15123;转产
15124;转磨
15125;转科
15126;转租
15127;转置
15128;转义
15129;转背
15130;转脸
15131;转船
15132;转诊
15133;转译
15134;转赠
15135;转距
15136;转轨
15137;转述
15138;转送
15139;转递
15140;转铃
15141;转录
15142;转院
15143;转鼓
15144;飞转
15145;直接
15146;直播
15147;直觉
15148;刚直
15149;劲直
15150;嘴直
15151;弄直
15152;抗直
15153;曲直
15154;横直
15155;照直
15156;爽直
15157;直奔
15158;直尺
15159;直属
15160;直截
15161;直根
15162;直爽
15163;直积
15164;直笔
15165;直系
15166;直肠
15167;直至
15168;直航
15169;直角
15170;质直
15171;模特
15172;特价
15173;特工
15174;特效
15175;特殊
15176;特色
15177;特警
15178;特点
15179;独特
15180;卡特
15181;奇特
15182;推特
15183;比特
15184;沙特
15185;波特
15186;特刊
15187;特制
15188;特务
15189;特区
15190;特写
15191;特快
15192;特惠
15193;特技
15194;特此
15195;特异
15196;特种
15197;特等
15198;特约
15199;特级
15200;特护
15201;特质
15202;特辑
15203;特邀
15204;福特
15205;南特
15206;巴特
15207;怀特
15208;托特
15209;敌特
15210;根特
15211;特任
15212;特使
15213;特例
15214;特免
15215;特勤
15216;特急
15217;特指
15218;特解
15219;特设
15220;特许
15221;特调
15222;特需
15223;特首
15224;维特
15225;网特
15226;肯特
15227;华特
15228;诺特
15229;赖特
15230;赛特
15231;非特
15232;问题
15233;专题
15234;标题
15235;试题
15236;难题
15237;题材
15238;题目
15239;例题
15240;偏题
15241;冒题
15242;切题
15243;宿题
15244;扣题
15245;母题
15246;留题
15247;破题
15248;习题
15249;考题
15250;解题
15251;论题
15252;讲题
15253;贴题
15254;走题
15255;跑题
15256;离题
15257;题字
15258;题写
15259;题签
15260;题解
15261;之一
15262;总之
15263;之内
15264;加之
15265;反之
15266;久之
15267;之至
15268;次之
15269;参与
15270;参考
15271;内参
15272;参半
15273;参孙
15274;参宿
15275;参展
15276;参差
15277;参悟
15278;参拜
15279;参政
15280;参校
15281;参照
15282;参股
15283;参薯
15284;参议
15285;参赞
15286;参量
15287;参阅
15288;参院
15289;苦参
15290;上传
15291;传奇
15292;传统
15293;传出
15294;传单
15295;传承
15296;传授
15297;传播
15298;传染
15299;传球
15300;传真
15301;传给
15302;传闻
15303;传言
15304;传记
15305;传输
15306;传达
15307;传销
15308;据传
15309;正传
15310;流传
15311;自传
15312;遗传
15313;传代
15314;传令
15315;传告
15316;传呼
15317;传唱
15318;传报
15319;传寄
15320;传写
15321;传导
15322;传布
15323;传戒
15324;传抄
15325;传扬
15326;传教
15327;传流
15328;传热
15329;传灯
15330;传略
15331;传种
15332;传粉
15333;传习
15334;传声
15335;传艺
15336;传观
15337;传讯
15338;传语
15339;传讲
15340;传译
15341;传赞
15342;传述
15343;传遍
15344;传阅
15345;列传
15346;史传
15347;左传
15348;广传
15349;征传
15350;易传
15351;留传
15352;盛传
15353;短传
15354;秘传
15355;立传
15356;影响
15357;摄影
15358;倒影
15359;影像
15360;影评
15361;影音
15362;全影
15363;射影
15364;幻影
15365;影剧
15366;影印
15367;影射
15368;暗影
15369;泡影
15370;潜影
15371;显影
15372;黑影
15373;交流
15374;流星
15375;流浪
15376;流泪
15377;流量
15378;潮流
15379;上流
15380;下流
15381;倒流
15382;回流
15383;寒流
15384;横流
15385;流干
15386;流感
15387;流汗
15388;流产
15389;流程
15390;流落
15391;流苏
15392;流血
15393;流言
15394;流连
15395;流离
15396;漂流
15397;直流
15398;血流
15399;双流
15400;九流
15401;二流
15402;内流
15403;北流
15404;汇流
15405;奔流
15406;射流
15407;尾流
15408;层流
15409;巨流
15410;干流
15411;强流
15412;径流
15413;急流
15414;支流
15415;整流
15416;断流
15417;旋流
15418;暖流
15419;暗流
15420;末流
15421;江流
15422;洋流
15423;流亡
15424;流布
15425;流居
15426;流弹
15427;流形
15428;流播
15429;流毒
15430;流民
15431;流球
15432;流网
15433;流脑
15434;流览
15435;流变
15436;流辈
15437;液流
15438;源流
15439;滴流
15440;激流
15441;珠流
15442;甲流
15443;盲流
15444;绕流
15445;羽流
15446;杂流
15447;驶流
15448;黄流
15449;促进
15450;前进
15451;走进
15452;进来
15453;进去
15454;进步
15455;上进
15456;先进
15457;增进
15458;奋进
15459;引进
15460;快进
15461;推进
15462;挤进
15463;改进
15464;激进
15465;冲进
15466;请进
15467;跟进
15468;踏进
15469;进京
15470;进修
15471;进出
15472;进展
15473;进攻
15474;进发
15475;进程
15476;进而
15477;进军
15478;进退
15479;进食
15480;钻进
15481;闯进
15482;并进
15483;二进
15484;冒进
15485;十进
15486;吸进
15487;拖进
15488;挺进
15489;武进
15490;混进
15491;演进
15492;渐进
15493;猛进
15494;累进
15495;考进
15496;买进
15497;跌进
15498;进价
15499;进士
15500;进接
15501;进击
15502;进料
15503;进犯
15504;进献
15505;进益
15506;进逼
15507;进项
15508;进餐
15509;递进
15510;考验
15511;试验
15512;先验
15513;察验
15514;查验
15515;校验
15516;案验
15517;证验
15518;验伤
15519;验算
15520;验血
15521;验核
15522;坚持
15523;支持
15524;持续
15525;住持
15526;受持
15527;夹持
15528;持刀
15529;持守
15530;操持
15531;料持
15532;争持
15533;胁持
15534;各界
15535;报界
15536;媒界
15537;底界
15538;搭界
15539;政界
15540;标界
15541;界乎
15542;界尺
15543;界标
15544;界河
15545;界首
15546;省界
15547;租界
15548;临界
15549;菌界
15550;越界
15551;灵界
15552;英语
15553;华语
15554;言语
15555;语文
15556;语言
15557;语录
15558;语音
15559;佛语
15560;俗语
15561;古语
15562;密语
15563;导语
15564;德语
15565;恶语
15566;手语
15567;批语
15568;标语
15569;母语
15570;用语
15571;短语
15572;私语
15573;笑语
15574;细语
15575;耳语
15576;术语
15577;评语
15578;语句
15579;语意
15580;语种
15581;语调
15582;论语
15583;双语
15584;低语
15585;例语
15586;保语
15587;冷语
15588;反语
15589;台语
15590;告语
15591;土语
15592;塞语
15593;壮语
15594;套语
15595;引语
15596;按语
15597;敬语
15598;断语
15599;旗语
15600;暗语
15601;案语
15602;波语
15603;满语
15604;潮语
15605;乌语
15606;熟语
15607;状语
15608;独语
15609;略语
15610;目语
15611;祖语
15612;禁语
15613;粗语
15614;网语
15615;藏语
15616;补语
15617;语云
15618;语冰
15619;语境
15620;语尾
15621;语序
15622;语态
15623;语支
15624;语族
15625;语源
15626;语画
15627;语病
15628;语系
15629;语素
15630;语义
15631;语声
15632;语词
15633;语锋
15634;谓语
15635;谦语
15636;宾语
15637;述语
15638;闪语
15639;隐语
15640;灵语
15641;丽语
15642;最近
15643;最初
15644;最优
15645;最先
15646;最善
15647;最差
15648;最牛
15649;最远
15650;一路
15651;走路
15652;路上
15653;路过
15654;路边
15655;道路
15656;半路
15657;去路
15658;问路
15659;套路
15660;带路
15661;后路
15662;心路
15663;思路
15664;指路
15665;末路
15666;死路
15667;沿路
15668;短路
15669;赶路
15670;路子
15671;路易
15672;路况
15673;路灯
15674;路程
15675;路虎
15676;路费
15677;迷路
15678;退路
15679;开路
15680;顺路
15681;修路
15682;商路
15683;坡路
15684;季路
15685;引路
15686;径路
15687;探路
15688;挡路
15689;旁路
15690;横路
15691;泉路
15692;熟路
15693;番路
15694;管路
15695;血路
15696;财路
15697;路德
15698;路旁
15699;路演
15700;路由
15701;路税
15702;路竹
15703;路缘
15704;路透
15705;路障
15706;近路
15707;销路
15708;陆路
15709;领路
15710;单位
15711;单曲
15712;单纯
15713;孤单
15714;简单
15715;下单
15716;单一
15717;单价
15718;单元
15719;单单
15720;单恋
15721;单手
15722;单打
15723;单挑
15724;单独
15725;单程
15726;单亲
15727;单调
15728;埋单
15729;床单
15730;罚单
15731;菜单
15732;订单
15733;买单
15734;保单
15735;借单
15736;单侧
15737;单句
15738;单向
15739;单套
15740;单字
15741;单射
15742;单干
15743;单击
15744;单据
15745;单月
15746;单极
15747;单模
15748;单盲
15749;单糖
15750;单衣
15751;单证
15752;单质
15753;单趟
15754;单轨
15755;单键
15756;单院
15757;单鞋
15758;单项
15759;报单
15760;凭单
15761;接单
15762;提单
15763;换单
15764;被单
15765;酒单
15766;推介
15767;推倒
15768;推广
15769;推迟
15770;推销
15771;推估
15772;推及
15773;推问
15774;推委
15775;推官
15776;推尊
15777;推寻
15778;推展
15779;推崇
15780;推延
15781;推恩
15782;推戴
15783;推拿
15784;推故
15785;推服
15786;推求
15787;推演
15788;推究
15789;推算
15790;推索
15791;推举
15792;推计
15793;推许
15794;推详
15795;推论
15796;硬推
15797;递推
15798;首推
15799;改变
15800;变得
15801;变态
15802;善变
15803;大变
15804;应变
15805;演变
15806;病变
15807;突变
15808;变坏
15809;变天
15810;变幻
15811;变心
15812;变换
15813;变故
15814;变数
15815;变暖
15816;变更
15817;变样
15818;变为
15819;变异
15820;变相
15821;变硬
15822;变红
15823;变脸
15824;变质
15825;变丑
15826;变革
15827;变黑
15828;交变
15829;兵变
15830;切变
15831;剧变
15832;巨变
15833;形变
15834;惨变
15835;折变
15836;政变
15837;易变
15838;民变
15839;渐变
15840;聚变
15841;复变
15842;调变
15843;变乱
15844;变修
15845;变做
15846;变价
15847;变厚
15848;变奏
15849;变局
15850;变暗
15851;变格
15852;变产
15853;变苦
15854;变调
15855;变造
15856;变量
15857;变频
15858;量变
15859;音变
15860;其他
15861;其它
15862;其次
15863;尤其
15864;与其
15865;其三
15866;其二
15867;其先
15868;其内
15869;及其
15870;全部
15871;内部
15872;北部
15873;南部
15874;尾部
15875;局部
15876;底部
15877;总部
15878;部份
15879;部位
15880;顶部
15881;乳部
15882;兵部
15883;户部
15884;支部
15885;残部
15886;礼部
15887;旧部
15888;部属
15889;部众
15890;部类
15891;部首
15892;队部
15893;集部
15894;区别
15895;区域
15896;地区
15897;城区
15898;小区
15899;山区
15900;景区
15901;校区
15902;社区
15903;误区
15904;中区
15905;分区
15906;北区
15907;区区
15908;区块
15909;区号
15910;区长
15911;区间
15912;南区
15913;园区
15914;学区
15915;专区
15916;战区
15917;教区
15918;时区
15919;林区
15920;港区
15921;灾区
15922;产区
15923;盲区
15924;矿区
15925;禁区
15926;街区
15927;军区
15928;选区
15929;镇区
15930;住区
15931;区位
15932;区划
15933;区旗
15934;区画
15935;区码
15936;区处
15937;区隔
15938;康区
15939;扇区
15940;死区
15941;绿区
15942;考区
15943;警区
15944;农区
15945;邮区
15946;邻区
15947;震区
15948;静区
15949;闹区
15950;睡眠
15951;睡衣
15952;睡醒
15953;午睡
15954;睡房
15955;睡椅
15956;睡袋
15957;睡裙
15958;睡鼠
15959;天空
15960;星空
15961;时空
15962;有空
15963;空虚
15964;空调
15965;航空
15966;上空
15967;半空
15968;填空
15969;太空
15970;悟空
15971;抽空
15972;挖空
15973;横空
15974;真空
15975;空位
15976;空前
15977;空姐
15978;空想
15979;空空
15980;空话
15981;空军
15982;空运
15983;空闲
15984;空降
15985;空余
15986;落空
15987;虚空
15988;低空
15989;倒空
15990;悬空
15991;排空
15992;扑空
15993;升空
15994;架空
15995;深空
15996;留空
15997;空喊
15998;空幻
15999;空怒
16000;空泛
16001;空竹
16002;空缺
16003;空置
16004;空肠
16005;空防
16006;空集
16007;空难
16008;空额
16009;育空
16010;脱空
16011;亏空
16012;卖空
16013;闲空
16014;非空
16015;领空
16016;全球
16017;完全
16018;健全
16019;全景
16020;全民
16021;全然
16022;全盛
16023;全职
16024;全能
16025;保全
16026;全份
16027;全休
16028;全优
16029;全副
16030;全胜
16031;全南
16032;全向
16033;全套
16034;全复
16035;全才
16036;全数
16037;全书
16038;全港
16039;全熟
16040;全班
16041;全省
16042;全等
16043;全般
16044;全托
16045;全貌
16046;全军
16047;全轮
16048;全都
16049;全音
16050;全食
16051;全麻
16052;全党
16053;周全
16054;万全
16055;顾全
16056;住址
16057;基址
16058;寻址
16059;厂址
16060;故址
16061;做完
16062;写完
16063;完备
16064;完形
16065;完县
16066;服完
16067;卖完
16068;享受
16069;受伤
16070;承受
16071;接受
16072;难受
16073;备受
16074;受够
16075;受益
16076;受苦
16077;好受
16078;遭受
16079;免受
16080;受任
16081;受制
16082;受命
16083;受困
16084;受害
16085;受寒
16086;受惠
16087;受戒
16088;受教
16089;受暑
16090;受格
16091;受权
16092;受洗
16093;受潮
16094;受热
16095;受病
16096;受礼
16097;受穷
16098;受纳
16099;受聘
16100;受听
16101;受训
16102;受托
16103;受访
16104;受词
16105;受赏
16106;受降
16107;受难
16108;受领
16109;受惊
16110;容受
16111;弱受
16112;授受
16113;消受
16114;深受
16115;禁受
16116;蒙受
16117;领受
16118;服务
16119;舒服
16120;衣服
16121;制服
16122;微服
16123;折服
16124;服从
16125;校服
16126;礼服
16127;便服
16128;倾服
16129;吞服
16130;丧服
16131;叹服
16132;套服
16133;守服
16134;敬服
16135;服丧
16136;服服
16137;服毒
16138;服满
16139;服罪
16140;服贴
16141;服辩
16142;服食
16143;朝服
16144;款服
16145;洋服
16146;满服
16147;盛服
16148;诚服
16149;警服
16150;送服
16151;降服
16152;顺服
16153;位置
16154;各位
16155;位于
16156;价位
16157;诸位
16158;位元
16159;位居
16160;位形
16161;位次
16162;位移
16163;倒位
16164;借位
16165;列位
16166;十位
16167;千位
16168;即位
16169;官位
16170;居位
16171;展位
16172;帝位
16173;几位
16174;床位
16175;复位
16176;挡位
16177;数位
16178;权位
16179;潮位
16180;牌位
16181;王位
16182;百位
16183;皇位
16184;继位
16185;脚位
16186;卧位
16187;船位
16188;万位
16189;词位
16190;越位
16191;退位
16192;错位
16193;隐位
16194;灵位
16195;音位
16196;首位
16197;崇拜
16198;拜拜
16199;礼拜
16200;交拜
16201;再拜
16202;拜倒
16203;拜堂
16204;拜寿
16205;拜师
16206;拜泉
16207;拜登
16208;敬拜
16209;答拜
16210;顶拜
16211;困难
16212;艰难
16213;难以
16214;难得
16215;难忘
16216;难过
16217;难道
16218;危难
16219;患难
16220;磨难
16221;苦难
16222;遇难
16223;难免
16224;难吃
16225;难为
16226;难看
16227;难闻
16228;难听
16229;难处
16230;便难
16231;急难
16232;救难
16233;死难
16234;犯难
16235;留难
16236;疑难
16237;碍难
16238;临难
16239;万难
16240;落难
16241;蒙难
16242;责难
16243;质难
16244;躲难
16245;辩难
16246;逃难
16247;遭难
16248;避难
16249;阻难
16250;难保
16251;难喝
16252;难弹
16253;难懂
16254;难易
16255;难民
16256;难混
16257;难测
16258;难解
16259;难走
16260;非难
16261;更换
16262;三更
16263;二更
16264;五更
16265;初更
16266;四更
16267;守更
16268;更代
16269;更夫
16270;更张
16271;更楼
16272;更次
16273;更深
16274;更漏
16275;更番
16276;更衣
16277;更递
16278;更鼓
16279;炒更
16280;问候
16281;问好
16282;问答
16283;慰问
16284;疑问
16285;请问
16286;质问
16287;追问
16288;顾问
16289;借问
16290;问住
16291;问倒
16292;问罪
16293;问讯
16294;问责
16295;套问
16296;寻问
16297;探问
16298;查问
16299;答问
16300;策问
16301;聘问
16302;临问
16303;讯问
16304;逼问
16305;母亲
16306;父亲
16307;亲人
16308;亲密
16309;亲情
16310;思亲
16311;探亲
16312;亲切
16313;亲友
16314;亲家
16315;亲热
16316;亲亲
16317;亲近
16318;乡亲
16319;双亲
16320;令亲
16321;做亲
16322;六亲
16323;丧亲
16324;尊亲
16325;招亲
16326;提亲
16327;抢亲
16328;省亲
16329;血亲
16330;亲代
16331;亲善
16332;亲妈
16333;亲征
16334;亲族
16335;亲历
16336;亲爸
16337;亲王
16338;亲缘
16339;亲耳
16340;亲旧
16341;许亲
16342;认亲
16343;迎亲
16344;近亲
16345;远亲
16346;彩排
16347;排球
16348;排练
16349;排除
16350;牛排
16351;并排
16352;冰排
16353;密排
16354;排他
16355;排偶
16356;排印
16357;排射
16358;排屋
16359;排律
16360;排查
16361;排检
16362;排比
16363;排污
16364;排洪
16365;排演
16366;排炮
16367;排版
16368;排犹
16369;排舞
16370;排华
16371;排解
16372;排量
16373;排错
16374;排雷
16375;摸排
16376;减排
16377;竹排
16378;铺排
16379;哈哈
16380;哈佛
16381;京哈
16382;哈吉
16383;哈密
16384;哈恩
16385;哈腰
16386;哈苏
16387;哈迷
16388;哈达
16389;尽量
16390;大量
16391;数量
16392;能量
16393;质量
16394;适量
16395;销量
16396;份量
16397;分量
16398;商量
16399;容量
16400;少量
16401;思量
16402;测量
16403;产量
16404;总量
16405;衡量
16406;计量
16407;较量
16408;过量
16409;酒量
16410;音量
16411;食量
16412;丈量
16413;估量
16414;向量
16415;器量
16416;增量
16417;存量
16418;张量
16419;惯量
16420;旋量
16421;标量
16422;比量
16423;考量
16424;足量
16425;量具
16426;量器
16427;量杯
16428;量瓶
16429;量程
16430;量纲
16431;量规
16432;量计
16433;量词
16434;雨量
16435;了解
16436;解决
16437;解释
16438;和解
16439;求解
16440;破解
16441;解冻
16442;解压
16443;解密
16444;解救
16445;解散
16446;解析
16447;解毒
16448;解码
16449;解禁
16450;解答
16451;解药
16452;解读
16453;解酒
16454;解除
16455;详解
16456;调解
16457;谅解
16458;讲解
16459;费解
16460;告解
16461;奇解
16462;宽解
16463;巴解
16464;待解
16465;潮解
16466;热解
16467;融解
16468;解乏
16469;解元
16470;解免
16471;解劝
16472;解吸
16473;解和
16474;解严
16475;解围
16476;解寒
16477;解封
16478;解悟
16479;解愁
16480;解数
16481;解构
16482;解渴
16483;解热
16484;解甲
16485;解疑
16486;解痛
16487;解约
16488;解纷
16489;解聘
16490;解职
16491;解调
16492;解扣
16493;解离
16494;解饿
16495;注解
16496;递解
16497;错解
16498;降解
16499;内容
16500;容易
16501;笑容
16502;容器
16503;容忍
16504;容貌
16505;容颜
16506;从容
16507;整容
16508;仪容
16509;冻容
16510;句容
16511;威容
16512;容克
16513;容或
16514;容止
16515;容积
16516;容许
16517;容让
16518;尊容
16519;怒容
16520;比容
16521;热容
16522;病容
16523;华容
16524;遗容
16525;只怕
16526;只管
16527;只读
16528;舰只
16529;心态
16530;态度
16531;状态
16532;形态
16533;病态
16534;偏态
16535;势态
16536;固态
16537;富态
16538;常态
16539;态射
16540;暂态
16541;模态
16542;步态
16543;狂态
16544;稳态
16545;旧态
16546;醉态
16547;静态
16548;反应
16549;反倒
16550;反问
16551;反射
16552;反差
16553;反常
16554;反复
16555;反思
16556;反悔
16557;反击
16558;反胃
16559;反腐
16560;反锁
16561;造反
16562;违反
16563;三反
16564;倒反
16565;反例
16566;反共
16567;反切
16568;反剪
16569;反右
16570;反向
16571;反嘴
16572;反坐
16573;反导
16574;反帝
16575;反式
16576;反恐
16577;反掌
16578;反接
16579;反撞
16580;反扑
16581;反核
16582;反演
16583;反潜
16584;反照
16585;反目
16586;反义
16587;反聘
16588;反英
16589;反华
16590;反冲
16591;反观
16592;反诉
16593;反诗
16594;反证
16595;反响
16596;反顾
16597;反党
16598;策反
16599;肃反
16600;谋反
16601;应该
16602;答应
16603;适应
16604;供应
16605;呼应
16606;感应
16607;应付
16608;应急
16609;应景
16610;应聘
16611;应试
16612;应验
16613;效应
16614;响应
16615;顺应
16616;宝应
16617;必应
16618;应制
16619;应召
16620;应和
16621;应报
16622;应从
16623;应征
16624;应接
16625;应敌
16626;应答
16627;应举
16628;应计
16629;应许
16630;应诊
16631;应诺
16632;应邀
16633;扣应
16634;承应
16635;接应
16636;漫应
16637;照应
16638;策应
16639;该应
16640;师傅
16641;导师
16642;师兄
16643;师妹
16644;师姐
16645;师弟
16646;师徒
16647;师父
16648;师生
16649;师范
16650;厨师
16651;教师
16652;医师
16653;京师
16654;偏师
16655;北师
16656;太师
16657;尊师
16658;师古
16659;师宗
16660;师母
16661;师资
16662;技师
16663;挥师
16664;满师
16665;班师
16666;琴师
16667;移师
16668;兴师
16669;蒙师
16670;血师
16671;暗恋
16672;初恋
16673;留恋
16674;迷恋
16675;婚恋
16676;思恋
16677;专注
16678;偏注
16679;汇注
16680;批注
16681;注塑
16682;注资
16683;注释
16684;注音
16685;滴注
16686;脚注
16687;评注
16688;贯注
16689;跟注
16690;附注
16691;集注
16692;作者
16693;患者
16694;或者
16695;使者
16696;伤者
16697;忍者
16698;智者
16699;死者
16700;笔者
16701;老者
16702;听者
16703;舞者
16704;读者
16705;二者
16706;亡者
16707;两者
16708;再者
16709;墨者
16710;尊者
16711;从者
16712;病者
16713;轻者
16714;余者
16715;微博
16716;微笑
16717;微妙
16718;微微
16719;微波
16720;轻微
16721;寒微
16722;几微
16723;式微
16724;微克
16725;微升
16726;微商
16727;微径
16728;微扰
16729;微末
16730;微漠
16731;微秒
16732;微管
16733;微米
16734;微细
16735;微菌
16736;微辣
16737;忽微
16738;初级
16739;升级
16740;等级
16741;超级
16742;低级
16743;班级
16744;评级
16745;阶级
16746;三级
16747;二级
16748;各级
16749;吨级
16750;四级
16751;审级
16752;拾级
16753;提级
16754;次级
16755;甲级
16756;留级
16757;级差
16758;级强
16759;级联
16760;级距
16761;职级
16762;越级
16763;跳级
16764;震级
16765;音级
16766;首级
16767;任何
16768;任务
16769;责任
16770;任选
16771;担任
16772;连任
16773;任便
16774;任免
16775;任内
16776;任命
16777;任从
16778;任教
16779;任听
16780;任诞
16781;任课
16782;任随
16783;充任
16784;升任
16785;委任
16786;专任
16787;常任
16788;授任
16789;提任
16790;荣任
16791;历任
16792;派任
16793;留任
16794;继任
16795;聘任
16796;听任
16797;调任
16798;轮任
16799;辞任
16800;退任
16801;离任
16802;首任
16803;周围
16804;周末
16805;周易
16806;周岁
16807;周身
16808;周遭
16809;四周
16810;周二
16811;周到
16812;北周
16813;千周
16814;周代
16815;周宁
16816;周延
16817;周折
16818;周书
16819;周朝
16820;周村
16821;周济
16822;周狗
16823;周礼
16824;周章
16825;周至
16826;周处
16827;周详
16828;圆周
16829;数周
16830;曲周
16831;林周
16832;每周
16833;等周
16834;庄周
16835;周径
16836;接着
16837;迎接
16838;拼接
16839;接下
16840;接待
16841;接听
16842;接近
16843;接送
16844;接连
16845;连接
16846;间接
16847;剪接
16848;密接
16849;延接
16850;接戏
16851;接替
16852;接枝
16853;接济
16854;接班
16855;接球
16856;接管
16857;接续
16858;搭接
16859;桥接
16860;紧接
16861;联接
16862;胶接
16863;邻接
16864;非常
16865;寻常
16866;常常
16867;常规
16868;常识
16869;往常
16870;照常
16871;五常
16872;太常
16873;常住
16874;常宁
16875;常数
16876;常温
16877;常熟
16878;常绿
16879;常言
16880;常设
16881;常轨
16882;常青
16883;常项
16884;惯常
16885;每常
16886;素常
16887;继续
16888;连续
16889;续集
16890;陆续
16891;存续
16892;待续
16893;断续
16894;续保
16895;续借
16896;续假
16897;续增
16898;续书
16899;续杯
16900;续篇
16901;续签
16902;续编
16903;续续
16904;续航
16905;续订
16906;续跌
16907;模式
16908;格式
16909;样式
16910;美式
16911;卡式
16912;型式
16913;把式
16914;根式
16915;版式
16916;程式
16917;等式
16918;范式
16919;卧式
16920;旧式
16921;复式
16922;调式
16923;顺式
16924;亮彩
16925;倒彩
16926;博彩
16927;奇彩
16928;彩卷
16929;彩塑
16930;彩带
16931;彩弹
16932;彩扩
16933;彩画
16934;彩衣
16935;摸彩
16936;异彩
16937;迷彩
16938;民主
16939;民族
16940;回民
16941;居民
16942;村民
16943;民居
16944;民心
16945;民意
16946;民歌
16947;民营
16948;民航
16949;民警
16950;移民
16951;网民
16952;亲民
16953;游民
16954;选民
16955;三民
16956;乱民
16957;商民
16958;富民
16959;教民
16960;暴民
16961;植民
16962;民兵
16963;民勤
16964;民和
16965;民团
16966;民宅
16967;民宿
16968;民庭
16969;民怨
16970;民房
16971;民盟
16972;民调
16973;民丰
16974;民办
16975;民雄
16976;烟民
16977;益民
16978;船民
16979;良民
16980;万民
16981;警民
16982;军民
16983;乡民
16984;顺民
16985;顽民
16986;太阳
16987;阳台
16988;信阳
16989;南阳
16990;向阳
16991;夕阳
16992;安阳
16993;富阳
16994;平阳
16995;德阳
16996;揭阳
16997;曲阳
16998;汉阳
16999;潮阳
17000;当阳
17001;益阳
17002;紫阳
17003;衡阳
17004;资阳
17005;金阳
17006;阴阳
17007;阳刚
17008;阳春
17009;阳历
17010;阳江
17011;阳泉
17012;骄阳
17013;元阳
17014;千阳
17015;寿阳
17016;宜阳
17017;宁阳
17018;射阳
17019;崇阳
17020;广阳
17021;建阳
17022;惠阳
17023;庆阳
17024;松阳
17025;波阳
17026;济阳
17027;田阳
17028;略阳
17029;简阳
17030;舞阳
17031;阳具
17032;阳寿
17033;阳宗
17034;阳曲
17035;阳极
17036;阳炎
17037;阳谋
17038;阳谷
17039;双阳
17040;云阳
17041;青阳
17042;麻阳
17043;保持
17044;保暖
17045;保证
17046;保护
17047;保住
17048;保健
17049;保存
17050;保守
17051;保密
17052;保温
17053;保留
17054;保管
17055;担保
17056;确保
17057;社保
17058;交保
17059;低保
17060;保修
17061;保准
17062;保命
17063;保媒
17064;保底
17065;保康
17066;保德
17067;保户
17068;保尔
17069;保育
17070;保藏
17071;保角
17072;保费
17073;保送
17074;保释
17075;健保
17076;具保
17077;太保
17078;康保
17079;准保
17080;管保
17081;讨保
17082;酒保
17083;铺保
17084;少爷
17085;少许
17086;少刻
17087;少将
17088;少府
17089;少校
17090;恶少
17091;较少
17092;南京
17093;南宁
17094;南方
17095;南昌
17096;南瓜
17097;江南
17098;河南
17099;湖南
17100;济南
17101;西南
17102;越南
17103;云南
17104;中南
17105;以南
17106;南下
17107;南充
17108;南北
17109;南大
17110;南安
17111;南岸
17112;南岛
17113;南朝
17114;南极
17115;南沙
17116;南洋
17117;南湖
17118;南美
17119;南航
17120;南华
17121;南边
17122;南开
17123;南雄
17124;南非
17125;台南
17126;指南
17127;华南
17128;南乳
17129;南召
17130;南史
17131;南和
17132;南坡
17133;南岗
17134;南希
17135;南康
17136;南征
17137;南江
17138;南凉
17139;南港
17140;南汉
17141;南皮
17142;南盟
17143;南端
17144;南丰
17145;南越
17146;南齐
17147;向南
17148;商南
17149;宁南
17150;屏南
17151;巴南
17152;广南
17153;思南
17154;斗南
17155;极南
17156;港南
17157;汉南
17158;潮南
17159;竹南
17160;衡南
17161;丰南
17162;贵南
17163;辉南
17164;黄南
17165;切换
17166;切切
17167;切碎
17168;密切
17169;急切
17170;深切
17171;迫切
17172;切向
17173;切杆
17174;切激
17175;切牙
17176;切痛
17177;切盼
17178;切线
17179;切触
17180;切诊
17181;切责
17182;切近
17183;切迫
17184;切达
17185;切除
17186;切音
17187;悲切
17188;操切
17189;裁切
17190;适切
17191;余切
17192;声音
17193;低音
17194;回音
17195;定音
17196;拼音
17197;播音
17198;波音
17199;知音
17200;福音
17201;谐音
17202;走音
17203;乡音
17204;配音
17205;录音
17206;隔音
17207;静音
17208;音效
17209;音符
17210;音箱
17211;音色
17212;音讯
17213;音译
17214;音质
17215;音速
17216;音响
17217;音频
17218;三音
17219;串音
17220;五音
17221;修音
17222;假音
17223;元音
17224;八音
17225;半音
17226;吸音
17227;基音
17228;塞音
17229;字音
17230;尾音
17231;擦音
17232;扩音
17233;根音
17234;母音
17235;泛音
17236;消音
17237;滑音
17238;爆音
17239;纯音
17240;胸音
17241;号音
17242;调音
17243;译音
17244;辅音
17245;震音
17246;非音
17247;音值
17248;音像
17249;音叉
17250;音带
17251;音律
17252;音标
17253;音步
17254;音波
17255;音爆
17256;音程
17257;音管
17258;音素
17259;音义
17260;音耗
17261;音读
17262;音轨
17263;音阶
17264;响音
17265;首音
17266;鼻音
17267;抽奖
17268;奖励
17269;得奖
17270;奖项
17271;获奖
17272;授奖
17273;奖牌
17274;奖章
17275;奖赏
17276;诺奖
17277;功效
17278;功课
17279;做功
17280;功令
17281;功底
17282;功烈
17283;功绩
17284;功罪
17285;功耗
17286;报功
17287;居功
17288;庆功
17289;归功
17290;苦功
17291;请功
17292;论功
17293;邀功
17294;博友
17295;博古
17296;博德
17297;博格
17298;博湖
17299;博兴
17300;博讯
17301;博识
17302;博野
17303;博斗
17304;广博
17305;繁博
17306;该博
17307;久已
17308;已久
17309;已往
17310;已故
17311;已灭
17312;希奇
17313;几希
17314;人数
17315;倒数
17316;分数
17317;多数
17318;少数
17319;指数
17320;数字
17321;数据
17322;数码
17323;次数
17324;代数
17325;系数
17326;倍数
17327;充数
17328;半数
17329;参数
17330;单数
17331;基数
17332;报数
17333;字数
17334;定数
17335;尾数
17336;度数
17337;悉数
17338;招数
17339;整数
17340;数值
17341;数数
17342;数月
17343;数百
17344;数目
17345;数万
17346;数落
17347;数额
17348;岁数
17349;票数
17350;算数
17351;细数
17352;总数
17353;着数
17354;补数
17355;计数
17356;负数
17357;乘数
17358;件数
17359;偶数
17360;十数
17361;句数
17362;商数
17363;圈数
17364;寿数
17365;奇数
17366;套数
17367;导数
17368;差数
17369;序数
17370;数九
17371;数列
17372;数域
17373;数念
17374;数独
17375;数珠
17376;数种
17377;数组
17378;数词
17379;数论
17380;概数
17381;历数
17382;段数
17383;波数
17384;尽数
17385;众数
17386;礼数
17387;答数
17388;约数
17389;素数
17390;维数
17391;虚数
17392;号数
17393;复数
17394;读数
17395;质数
17396;除数
17397;零数
17398;频数
17399;余数
17400;商户
17401;住户
17402;存户
17403;富户
17404;户内
17405;户均
17406;户限
17407;挨户
17408;租户
17409;脚户
17410;船户
17411;万户
17412;订户
17413;铺户
17414;阴户
17415;黑户
17416;古代
17417;年代
17418;现代
17419;世代
17420;交代
17421;代沟
17422;代码
17423;代考
17424;代言
17425;代谢
17426;代购
17427;朝代
17428;清代
17429;三代
17430;二代
17431;五代
17432;代代
17433;代偿
17434;代劳
17435;代填
17436;代宗
17437;代写
17438;代币
17439;代扣
17440;代书
17441;代步
17442;代管
17443;代糖
17444;代罪
17445;代课
17446;代办
17447;代销
17448;代顿
17449;借代
17450;商代
17451;夏代
17452;指代
17453;断代
17454;末代
17455;历代
17456;瓜代
17457;绝代
17458;万代
17459;近代
17460;值班
17461;早班
17462;交班
17463;倒班
17464;坐班
17465;德班
17466;慢班
17467;捐班
17468;替班
17469;牙班
17470;班吉
17471;班固
17472;班底
17473;班房
17474;班台
17475;班组
17476;班线
17477;班辈
17478;班轮
17479;留班
17480;编班
17481;脱班
17482;领班
17483;交友
17484;交往
17485;交易
17486;交给
17487;交警
17488;成交
17489;社交
17490;上交
17491;交付
17492;交出
17493;交加
17494;交汇
17495;交卷
17496;交大
17497;交待
17498;交情
17499;交接
17500;交换
17501;交替
17502;交界
17503;交织
17504;交融
17505;交配
17506;交钱
17507;交错
17508;交际
17509;交集
17510;交响
17511;提交
17512;绝交
17513;至交
17514;杂交
17515;交九
17516;交互
17517;交并
17518;交兵
17519;交困
17520;交尾
17521;交恶
17522;交与
17523;交角
17524;交谊
17525;交办
17526;古交
17527;建交
17528;复交
17529;援交
17530;摔交
17531;故交
17532;斜交
17533;断交
17534;混交
17535;移交
17536;立交
17537;旧交
17538;跌交
17539;送交
17540;递交
17541;迟交
17542;思念
17543;思想
17544;思考
17545;思索
17546;思绪
17547;沉思
17548;深思
17549;善思
17550;左思
17551;思潮
17552;思谋
17553;忧思
17554;才思
17555;熟思
17556;苦思
17557;迷思
17558;追思
17559;内地
17560;以内
17561;内向
17562;内存
17563;内定
17564;内幕
17565;内战
17566;内江
17567;内科
17568;内置
17569;内脏
17570;内蒙
17571;内衣
17572;内需
17573;内饰
17574;在内
17575;境内
17576;室内
17577;校内
17578;河内
17579;内乱
17580;内兄
17581;内务
17582;内建
17583;内弟
17584;内径
17585;内政
17586;内湖
17587;内源
17588;内燃
17589;内爆
17590;内皮
17591;内码
17592;内积
17593;内耗
17594;内耳
17595;内膜
17596;内袋
17597;内装
17598;内衬
17599;内宾
17600;内乡
17601;内陆
17602;内斗
17603;内鬼
17604;内黄
17605;林内
17606;湖内
17607;卧内
17608;党内
17609;写照
17610;按照
17611;普照
17612;照亮
17613;照明
17614;照耀
17615;护照
17616;仿照
17617;依照
17618;夕照
17619;凭照
17620;映照
17621;朗照
17622;比照
17623;照像
17624;照壁
17625;照抄
17626;照映
17627;照准
17628;照登
17629;照章
17630;照管
17631;照护
17632;照办
17633;证照
17634;近照
17635;寒假
17636;休假
17637;假冒
17638;假唱
17639;假设
17640;假证
17641;假象
17642;假令
17643;假使
17644;假充
17645;假扮
17646;假案
17647;假死
17648;假的
17649;假而
17650;假声
17651;假腿
17652;假药
17653;假托
17654;假造
17655;假释
17656;丧假
17657;宽假
17658;批假
17659;制假
17660;销假
17661;冻死
17662;害死
17663;死亡
17664;死人
17665;死去
17666;死因
17667;生死
17668;饿死
17669;作死
17670;半死
17671;堵死
17672;弄死
17673;找死
17674;拼死
17675;摔死
17676;早死
17677;死命
17678;死后
17679;死板
17680;死死
17681;死角
17682;死鬼
17683;炸死
17684;疼死
17685;病死
17686;临死
17687;致死
17688;要死
17689;逼死
17690;凶死
17691;冒死
17692;刺死
17693;卡死
17694;将死
17695;寻死
17696;横死
17697;死伤
17698;死产
17699;死症
17700;死硬
17701;死绝
17702;死罪
17703;死讯
17704;死账
17705;殊死
17706;治死
17707;烧死
17708;处死
17709;该死
17710;泥孩
17711;热情
17712;热爱
17713;热恋
17714;热烈
17715;热卖
17716;热量
17717;热销
17718;热闹
17719;散热
17720;温热
17721;炎热
17722;热切
17723;热力
17724;热带
17725;热度
17726;热潮
17727;热狗
17728;热裤
17729;热诚
17730;热议
17731;热身
17732;热饮
17733;狂热
17734;退热
17735;电热
17736;伴热
17737;低热
17738;供热
17739;吸热
17740;均热
17741;暑热
17742;核热
17743;比热
17744;潜热
17745;炒热
17746;热值
17747;热土
17748;热导
17749;热岛
17750;热敏
17751;热昏
17752;热河
17753;热浪
17754;热泪
17755;热源
17756;热炒
17757;热病
17758;热肠
17759;热茶
17760;热补
17761;热钱
17762;热食
17763;犹热
17764;耐热
17765;酷热
17766;隔热
17767;心目
17768;目标
17769;目的
17770;项目
17771;夺目
17772;曲目
17773;注目
17774;目测
17775;目送
17776;目录
17777;科目
17778;醒目
17779;亚目
17780;价目
17781;张目
17782;怒目
17783;书目
17784;条目
17785;满目
17786;爽目
17787;目击
17788;目珠
17789;目盲
17790;目镜
17791;篇目
17792;细目
17793;编目
17794;纵目
17795;总目
17796;耳目
17797;举目
17798;触目
17799;词目
17800;账目
17801;顶目
17802;显目
17803;修复
17804;回复
17805;复古
17806;复习
17807;恢复
17808;复杂
17809;重复
17810;康复
17811;复原
17812;复旦
17813;复查
17814;复苏
17815;复发
17816;复兴
17817;复读
17818;答复
17819;复印
17820;复制
17821;严复
17822;往复
17823;待复
17824;复修
17825;复健
17826;复元
17827;复吸
17828;复命
17829;复员
17830;复婚
17831;复归
17832;复职
17833;复旧
17834;复试
17835;复课
17836;复议
17837;复赛
17838;批复
17839;盼复
17840;示复
17841;复句
17842;复姓
17843;复写
17844;复比
17845;复社
17846;复线
17847;复听
17848;复叶
17849;规复
17850;戏剧
17851;拍戏
17852;演戏
17853;京戏
17854;做戏
17855;唱戏
17856;戏仿
17857;戏台
17858;戏言
17859;戏词
17860;把戏
17861;散戏
17862;牌戏
17863;猴戏
17864;社戏
17865;听戏
17866;谐戏
17867;杂戏
17868;错误
17869;做错
17870;搞错
17871;看错
17872;认错
17873;走错
17874;错乱
17875;错觉
17876;拼错
17877;改错
17878;盘错
17879;纠错
17880;听错
17881;错案
17882;错漏
17883;错综
17884;错落
17885;错处
17886;错角
17887;错读
17888;错杂
17889;惊错
17890;带领
17891;申领
17892;领导
17893;引领
17894;率领
17895;认领
17896;领先
17897;领土
17898;领带
17899;领悟
17900;领奖
17901;领养
17902;首领
17903;冒领
17904;将领
17905;招领
17906;提领
17907;灰领
17908;瓶领
17909;硬领
17910;衣领
17911;领命
17912;领唱
17913;领巾
17914;领料
17915;领洗
17916;领罪
17917;领诺
17918;领扣
17919;领馆
17920;下酒
17921;啤酒
17922;酒吧
17923;酒店
17924;喜酒
17925;料酒
17926;烟酒
17927;酒味
17928;酒家
17929;酒席
17930;酒杯
17931;酒楼
17932;酒庄
17933;酒醉
17934;酒醒
17935;酒驾
17936;酒鬼
17937;醉酒
17938;黄酒
17939;宿酒
17940;把酒
17941;汽酒
17942;烈酒
17943;甜酒
17944;祝酒
17945;禁酒
17946;罚酒
17947;薄酒
17948;蛋酒
17949;酒令
17950;酒具
17951;酒刺
17952;酒器
17953;酒宴
17954;酒巴
17955;酒帘
17956;酒徒
17957;酒德
17958;酒曲
17959;酒柜
17960;酒泉
17961;酒糟
17962;酒兴
17963;酒菜
17964;酒药
17965;酒资
17966;酒钱
17967;酒饭
17968;酒龄
17969;陪酒
17970;麦酒
17971;网友
17972;网易
17973;网球
17974;网站
17975;网络
17976;网购
17977;网游
17978;网上
17979;网卡
17980;网吧
17981;网址
17982;网恋
17983;网管
17984;网路
17985;网页
17986;联网
17987;落网
17988;围网
17989;基网
17990;封网
17991;抄网
17992;拖网
17993;格网
17994;温网
17995;球网
17996;网店
17997;网景
17998;网架
17999;网格
18000;网桥
18001;网段
18002;网禁
18003;网膜
18004;网袋
18005;网志
18006;网际
18007;留言
18008;前言
18009;失言
18010;宣言
18011;怨言
18012;恶言
18013;扬言
18014;格言
18015;甜言
18016;直言
18017;真言
18018;言传
18019;言论
18020;遗言
18021;预言
18022;食言
18023;例言
18024;倡言
18025;善言
18026;导言
18027;序言
18028;建言
18029;引言
18030;断言
18031;狂言
18032;犹言
18033;申言
18034;异言
18035;尽言
18036;约言
18037;绪言
18038;纵言
18039;而言
18040;闻言
18041;声言
18042;虚言
18043;言官
18044;违言
18045;加强
18046;坚强
18047;增强
18048;强大
18049;强烈
18050;强盗
18051;强调
18052;强健
18053;强制
18054;强加
18055;强忍
18056;强暴
18057;强求
18058;强硬
18059;牵强
18060;自强
18061;列强
18062;刚强
18063;四强
18064;压强
18065;富强
18066;宁强
18067;康强
18068;强令
18069;强似
18070;强占
18071;强使
18072;强兵
18073;强嘴
18074;强干
18075;强弱
18076;强拉
18077;强攻
18078;强敌
18079;强梁
18080;强盛
18081;强逼
18082;强队
18083;强震
18084;武强
18085;百强
18086;豪强
18087;休息
18088;消息
18089;低息
18090;停息
18091;升息
18092;姑息
18093;屏息
18094;息怒
18095;息率
18096;拆息
18097;暂息
18098;月息
18099;减息
18100;稍息
18101;股息
18102;贴息
18103;降息
18104;鼻息
18105;三十
18106;二十
18107;十二
18108;十分
18109;十几
18110;七十
18111;九十
18112;五十
18113;十字
18114;十月
18115;十倍
18116;十克
18117;十干
18118;十戒
18119;十项
18120;百十
18121;估计
18122;心计
18123;统计
18124;计划
18125;计算
18126;计较
18127;设计
18128;预计
18129;伙计
18130;共计
18131;大计
18132;生计
18133;算计
18134;总计
18135;计策
18136;商计
18137;妙计
18138;巧计
18139;授计
18140;减计
18141;献计
18142;约计
18143;综计
18144;计价
18145;计提
18146;计画
18147;计议
18148;计都
18149;谋计
18150;回报
18151;报名
18152;报告
18153;报复
18154;报应
18155;报纸
18156;报警
18157;报道
18158;报销
18159;播报
18160;日报
18161;海报
18162;画报
18163;预报
18164;上报
18165;周报
18166;商报
18167;报上
18168;报价
18169;报国
18170;报导
18171;报废
18172;报怨
18173;报恩
18174;报时
18175;报案
18176;报社
18177;报答
18178;报考
18179;报表
18180;年报
18181;快报
18182;情报
18183;收报
18184;早报
18185;晚报
18186;晨报
18187;申报
18188;福报
18189;举报
18190;警报
18191;读报
18192;邮报
18193;京报
18194;剪报
18195;厚报
18196;报偿
18197;报丧
18198;报官
18199;报审
18200;报幕
18201;报德
18202;报忧
18203;报批
18204;报摘
18205;报效
18206;报晓
18207;报条
18208;报检
18209;报禁
18210;报章
18211;报童
18212;报端
18213;报系
18214;报请
18215;报谦
18216;报账
18217;报录
18218;报馆
18219;壁报
18220;季报
18221;密报
18222;导报
18223;层报
18224;恶报
18225;据报
18226;书报
18227;月报
18228;未报
18229;墙报
18230;登报
18231;简报
18232;虚报
18233;卫报
18234;补报
18235;办报
18236;搞笑
18237;傻笑
18238;冷笑
18239;笑声
18240;干笑
18241;惨笑
18242;暗笑
18243;狂笑
18244;笑林
18245;调笑
18246;革命
18247;使命
18248;偿命
18249;命题
18250;天命
18251;算命
18252;苦命
18253;认命
18254;丢命
18255;借命
18256;命危
18257;命案
18258;命盘
18259;命途
18260;奔命
18261;害命
18262;尊命
18263;从命
18264;怨命
18265;戒命
18266;批命
18267;抗命
18268;捐命
18269;舍命
18270;授命
18271;狠命
18272;索命
18273;听命
18274;薄命
18275;逃命
18276;违命
18277;遵命
18278;灵命
18279;非命
18280;提供
18281;提问
18282;提升
18283;提示
18284;提醒
18285;手提
18286;提倡
18287;提及
18288;提拔
18289;提早
18290;提案
18291;提议
18292;提速
18293;提防
18294;免提
18295;提价
18296;提列
18297;提告
18298;提味
18299;提壶
18300;提婚
18301;提审
18302;提干
18303;提梁
18304;提款
18305;提灯
18306;提尔
18307;提留
18308;提盒
18309;提督
18310;提箱
18311;提篮
18312;提纯
18313;提薪
18314;提制
18315;提讯
18316;提词
18317;提调
18318;提请
18319;提赔
18320;提述
18321;挤提
18322;汽提
18323;预提
18324;伤害
18325;伤感
18326;悲伤
18327;忧伤
18328;伤亡
18329;伤人
18330;伤悲
18331;伤痛
18332;刺伤
18333;创伤
18334;扭伤
18335;拉伤
18336;疗伤
18337;伤员
18338;伤寒
18339;伤怀
18340;伤耗
18341;伤号
18342;抓伤
18343;探伤
18344;暗伤
18345;枪伤
18346;杀伤
18347;毁伤
18348;轻伤
18349;充满
18350;圆满
18351;满怀
18352;满满
18353;满足
18354;美满
18355;加满
18356;塞满
18357;完满
18358;布满
18359;挤满
18360;摆满
18361;满分
18362;满堂
18363;满座
18364;满月
18365;满载
18366;洒满
18367;爆满
18368;自满
18369;装满
18370;丰满
18371;开满
18372;占满
18373;届满
18374;扑满
18375;满射
18376;满潮
18377;满处
18378;涨满
18379;补满
18380;克服
18381;扑克
18382;休克
18383;杰克
18384;克制
18385;克拉
18386;别克
18387;克己
18388;克扣
18389;坦克
18390;攻克
18391;朋克
18392;毫克
18393;耐克
18394;贝克
18395;麦克
18396;克朗
18397;克架
18398;千克
18399;厘克
18400;挨克
18401;科克
18402;胡克
18403;茄克
18404;何以
18405;何尝
18406;何况
18407;何等
18408;何苦
18409;奈何
18410;何故
18411;何曾
18412;何谓
18413;缘何
18414;宝宝
18415;宝贝
18416;宝典
18417;宝玉
18418;宝藏
18419;宝鸡
18420;寻宝
18421;珍宝
18422;珠宝
18423;三宝
18424;二宝
18425;八宝
18426;宝书
18427;宝林
18428;宝洁
18429;宝瓶
18430;宝兴
18431;宝盖
18432;宝丰
18433;宝货
18434;张宝
18435;献宝
18436;至宝
18437;贝宝
18438;财宝
18439;走宝
18440;灵宝
18441;代价
18442;价值
18443;价格
18444;售价
18445;评价
18446;低价
18447;加价
18448;半价
18449;天价
18450;定价
18451;差价
18452;房价
18453;标价
18454;比价
18455;油价
18456;涨价
18457;票价
18458;股价
18459;还价
18460;降价
18461;三价
18462;二价
18463;估价
18464;价层
18465;价款
18466;价码
18467;价键
18468;划价
18469;压价
18470;官价
18471;批价
18472;掉价
18473;效价
18474;减价
18475;牌价
18476;租价
18477;竞价
18478;等价
18479;索价
18480;总价
18481;声价
18482;落价
18483;调价
18484;谈价
18485;议价
18486;买价
18487;跌价
18488;跳价
18489;造价
18490;配价
18491;鉴价
18492;限价
18493;大声
18494;心声
18495;掌声
18496;歌声
18497;相声
18498;低声
18499;叫声
18500;名声
18501;呼声
18502;和声
18503;哭声
18504;回声
18505;尾声
18506;应声
18507;放声
18508;枪声
18509;声势
18510;声带
18511;声息
18512;声乐
18513;声称
18514;声讨
18515;声调
18516;声誉
18517;声道
18518;声响
18519;轻声
18520;响声
18521;齐声
18522;七声
18523;二声
18524;促声
18525;做声
18526;先声
18527;初声
18528;厉声
18529;吞声
18530;吸声
18531;喊声
18532;吓声
18533;四声
18534;形声
18535;怨声
18536;悄声
18537;恶声
18538;整声
18539;消声
18540;爆声
18541;纵声
18542;声卡
18543;声押
18544;声援
18545;声旁
18546;声母
18547;声波
18548;声浪
18549;声纳
18550;声请
18551;声频
18552;连声
18553;采声
18554;鼓声
18555;别管
18556;吸管
18557;管制
18558;管家
18559;管教
18560;管道
18561;试管
18562;钢管
18563;共管
18564;协管
18565;吹管
18566;套管
18567;专管
18568;导管
18569;拉管
18570;掌管
18571;枪管
18572;滴管
18573;爆管
18574;盘管
18575;竹管
18576;管井
18577;管套
18578;管待
18579;管控
18580;管束
18581;管治
18582;管灯
18583;统管
18584;肠管
18585;胆管
18586;袖管
18587;裤管
18588;规管
18589;软管
18590;铜管
18591;集管
18592;双管
18593;食管
18594;黑管
18595;吃饭
18596;晚饭
18597;做饭
18598;午饭
18599;盒饭
18600;饭堂
18601;饭店
18602;饭桌
18603;饭碗
18604;饭团
18605;饭菜
18606;饭馆
18607;干饭
18608;便饭
18609;剩饭
18610;抓饭
18611;留饭
18612;粗饭
18613;讨饭
18614;饭厅
18615;饭盆
18616;饭类
18617;住房
18618;套房
18619;心房
18620;房屋
18621;房产
18622;房租
18623;新房
18624;书房
18625;楼房
18626;病房
18627;私房
18628;租房
18629;二房
18630;供房
18631;偏房
18632;冷房
18633;圆房
18634;堂房
18635;填房
18636;房卡
18637;房室
18638;房牙
18639;房费
18640;房钱
18641;暖房
18642;朝房
18643;板房
18644;查房
18645;烤房
18646;营房
18647;听房
18648;卧房
18649;茶房
18650;订房
18651;买房
18652;账房
18653;农房
18654;远房
18655;闹房
18656;何处
18657;到处
18658;四处
18659;好处
18660;深处
18661;相处
18662;处女
18663;处于
18664;处处
18665;住处
18666;共处
18667;判处
18668;去处
18669;坏处
18670;害处
18671;患处
18672;某处
18673;查处
18674;此处
18675;独处
18676;痛处
18677;益处
18678;短处
18679;私处
18680;处分
18681;处境
18682;处方
18683;处男
18684;处置
18685;处罚
18686;远处
18687;随处
18688;并处
18689;各处
18690;妙处
18691;宿处
18692;审处
18693;暗处
18694;每处
18695;苦处
18696;着处
18697;处暑
18698;处决
18699;处治
18700;裁处
18701;近处
18702;一月
18703;元月
18704;月亮
18705;月份
18706;正月
18707;岁月
18708;七月
18709;三月
18710;下月
18711;九月
18712;二月
18713;五月
18714;包月
18715;年月
18716;新月
18717;月月
18718;月牙
18719;月球
18720;月老
18721;月薪
18722;月饼
18723;望月
18724;当月
18725;余月
18726;半月
18727;坐月
18728;奔月
18729;按月
18730;探月
18731;旺月
18732;月令
18733;月供
18734;月初
18735;月半
18736;月夕
18737;月季
18738;月尾
18739;月底
18740;月径
18741;月支
18742;月晕
18743;月历
18744;月末
18745;月湖
18746;月琴
18747;月台
18748;月华
18749;月蓝
18750;月亏
18751;月轮
18752;月钱
18753;月食
18754;月黑
18755;步月
18756;每月
18757;登月
18758;赏月
18759;足月
18760;踏月
18761;逐月
18762;等待
18763;善待
18764;待遇
18765;招待
18766;偏待
18767;优待
18768;厚待
18769;待考
18770;急待
18771;慢待
18772;担待
18773;留待
18774;苦待
18775;薄待
18776;永远
18777;久远
18778;偏远
18779;深远
18780;老远
18781;远虑
18782;远程
18783;远远
18784;威远
18785;宁远
18786;怀远
18787;招远
18788;跳远
18789;远劳
18790;远志
18791;远扬
18792;远景
18793;远涉
18794;远略
18795;远祖
18796;远端
18797;远缘
18798;远谋
18799;远识
18800;远足
18801;远近
18802;远途
18803;远避
18804;远郊
18805;远销
18806;北京
18807;北斗
18808;北极
18809;北非
18810;江北
18811;湖北
18812;华北
18813;北亚
18814;北史
18815;北坡
18816;北塔
18817;北征
18818;北朝
18819;北林
18820;北江
18821;北汽
18822;北洋
18823;北凉
18824;北港
18825;北汉
18826;北端
18827;北县
18828;北角
18829;北越
18830;北齐
18831;向北
18832;张北
18833;败北
18834;松北
18835;极北
18836;港北
18837;竹北
18838;二哥
18839;二奶
18840;初二
18841;老二
18842;二侧
18843;二元
18844;二副
18845;二婚
18846;二林
18847;二次
18848;二等
18849;二糖
18850;二轮
18851;二连
18852;二郎
18853;二阶
18854;二黄
18855;奶油
18856;汽油
18857;油炸
18858;油田
18859;油画
18860;油菜
18861;油锅
18862;油饼
18863;牛油
18864;猪油
18865;香油
18866;麻油
18867;黄油
18868;含油
18869;采油
18870;擦油
18871;板油
18872;江油
18873;油井
18874;油亮
18875;油印
18876;油嘴
18877;油塔
18878;油墨
18879;油尺
18880;油布
18881;油料
18882;油旋
18883;油松
18884;油桃
18885;油污
18886;油油
18887;油烟
18888;油灯
18889;油箱
18890;油鸡
18891;油鞋
18892;油黑
18893;洋油
18894;漏油
18895;焦油
18896;炼油
18897;缺油
18898;羊油
18899;菜油
18900;豆油
18901;豪油
18902;贫油
18903;鞋油
18904;食油
18905;制度
18906;控制
18907;自制
18908;制作
18909;制造
18910;录制
18911;限制
18912;制动
18913;制式
18914;制止
18915;制约
18916;制药
18917;制衡
18918;制裁
18919;制订
18920;压制
18921;专制
18922;抵制
18923;木制
18924;炮制
18925;牵制
18926;监制
18927;研制
18928;编制
18929;绘制
18930;制成
18931;订制
18932;调制
18933;仿制
18934;兵制
18935;再制
18936;制冷
18937;制导
18938;制衣
18939;制钱
18940;创制
18941;印制
18942;土制
18943;守制
18944;官制
18945;帝制
18946;币制
18947;建制
18948;拉制
18949;采制
18950;摄制
18951;泡制
18952;烧制
18953;产制
18954;禁制
18955;礼制
18956;税制
18957;竹制
18958;米制
18959;约制
18960;统制
18961;旧制
18962;裁制
18963;制备
18964;制售
18965;制程
18966;规制
18967;试制
18968;配制
18969;银制
18970;钢制
18971;预制
18972;大衣
18973;洗衣
18974;穿衣
18975;衣架
18976;衣着
18977;衬衣
18978;干衣
18979;估衣
18980;便衣
18981;寿衣
18982;宽衣
18983;征衣
18984;束衣
18985;枪衣
18986;湿衣
18987;短衣
18988;糖衣
18989;胞衣
18990;着衣
18991;血衣
18992;衣夹
18993;衣料
18994;衣甲
18995;衣袋
18996;衣装
18997;衣食
18998;衣饰
18999;试衣
19000;雨衣
19001;青衣
19002;麻衣
19003;台北
19004;台湾
19005;台词
19006;天台
19007;舞台
19008;电台
19009;下台
19010;台下
19011;台商
19012;台大
19013;台币
19014;台式
19015;台球
19016;吧台
19017;展台
19018;拆台
19019;楼台
19020;台灯
19021;柜台
19022;烟台
19023;看台
19024;炮台
19025;窗台
19026;站台
19027;台子
19028;台独
19029;台阶
19030;丰台
19031;露台
19032;三台
19033;九台
19034;五台
19035;倒台
19036;印台
19037;台妹
19038;台江
19039;台盟
19040;台端
19041;台股
19042;台资
19043;坐台
19044;塔台
19045;奇台
19046;敌台
19047;港台
19048;汉台
19049;灯台
19050;球台
19051;石台
19052;章台
19053;总台
19054;台基
19055;台媒
19056;台盆
19057;访台
19058;跳台
19059;轮台
19060;返台
19061;镇台
19062;灵台
19063;鱼台
19064;地球
19065;打球
19066;星球
19067;球员
19068;篮球
19069;足球
19070;进球
19071;小球
19072;桌球
19073;棒球
19074;球拍
19075;球赛
19076;球迷
19077;球鞋
19078;发球
19079;皮球
19080;看球
19081;罚球
19082;血球
19083;雪球
19084;冰球
19085;半球
19086;吊球
19087;圆球
19088;壁球
19089;弹球
19090;扣球
19091;掉球
19092;撞球
19093;击球
19094;板球
19095;核球
19096;母球
19097;混球
19098;球季
19099;球差
19100;球弹
19101;球棒
19102;球状
19103;球童
19104;球虫
19105;球类
19106;角球
19107;让球
19108;铁球
19109;险球
19110;温度
19111;温暖
19112;温泉
19113;低温
19114;升温
19115;室温
19116;温存
19117;温室
19118;温差
19119;温润
19120;温习
19121;温顺
19122;温饱
19123;降温
19124;土温
19125;暑温
19126;测温
19127;温乎
19128;温厚
19129;温压
19130;温宿
19131;温居
19132;温带
19133;温床
19134;温标
19135;温江
19136;温温
19137;温良
19138;温血
19139;温静
19140;湿温
19141;等温
19142;适温
19143;像章
19144;典章
19145;宜章
19146;章则
19147;章程
19148;章贡
19149;简章
19150;签章
19151;约章
19152;胸章
19153;袖章
19154;评章
19155;证章
19156;麻章
19157;党章
19158;他们
19159;吉他
19160;他迁
19161;犹他
19162;告别
19163;告诉
19164;广告
19165;告终
19166;宣告
19167;警告
19168;预告
19169;布告
19170;告便
19171;告密
19172;告求
19173;告示
19174;告退
19175;央告
19176;奉告
19177;密告
19178;控告
19179;敬告
19180;求告
19181;状告
19182;豫告
19183;假装
19184;包装
19185;套装
19186;女装
19187;安装
19188;服装
19189;男装
19190;装修
19191;装备
19192;装扮
19193;装饰
19194;西装
19195;改装
19196;武装
19197;泳装
19198;洋装
19199;瓶装
19200;盛装
19201;童装
19202;组装
19203;着装
19204;装傻
19205;装成
19206;装有
19207;装束
19208;装置
19209;军装
19210;便装
19211;倒装
19212;吊装
19213;封装
19214;扮装
19215;拼装
19216;整装
19217;束装
19218;治装
19219;置装
19220;装弹
19221;装料
19222;装病
19223;装船
19224;装袋
19225;装订
19226;装设
19227;装货
19228;装逼
19229;装配
19230;预装
19231;干净
19232;干脆
19233;干嘛
19234;干活
19235;干部
19236;能干
19237;饼干
19238;干妈
19239;干杯
19240;干果
19241;干洗
19242;干渴
19243;干爽
19244;干粮
19245;干贝
19246;何干
19247;实干
19248;干扰
19249;干涉
19250;干预
19251;干事
19252;干劲
19253;干掉
19254;干练
19255;干警
19256;干么
19257;晒干
19258;树干
19259;苦干
19260;香干
19261;干冰
19262;干娘
19263;干潮
19264;干瘦
19265;干等
19266;干粉
19267;干草
19268;干菜
19269;干号
19270;干透
19271;审干
19272;射干
19273;巧干
19274;干休
19275;干系
19276;干支
19277;干与
19278;干证
19279;干将
19280;干才
19281;干材
19282;干校
19283;干渠
19284;干群
19285;德干
19286;才干
19287;比干
19288;江干
19289;猛干
19290;硬干
19291;脑干
19292;词干
19293;调干
19294;余干
19295;消停
19296;消毒
19297;消磨
19298;消防
19299;消除
19300;洗消
19301;消元
19302;消夏
19303;消损
19304;消渴
19305;消释
19306;消闲
19307;消隐
19308;居住
19309;居室
19310;故居
19311;住居
19312;宜居
19313;居奇
19314;居宅
19315;居官
19316;居留
19317;居礼
19318;居首
19319;散居
19320;旅居
19321;祖居
19322;移居
19323;聚居
19324;旧居
19325;跃居
19326;迁居
19327;集居
19328;杂居
19329;免费
19330;浪费
19331;消费
19332;付费
19333;小费
19334;破费
19335;经费
19336;耗费
19337;费事
19338;费心
19339;邮费
19340;汇费
19341;官费
19342;旅费
19343;盘费
19344;订费
19345;诊费
19346;费率
19347;费米
19348;军费
19349;杂费
19350;青年
19351;刺青
19352;年青
19353;愤青
19354;杀青
19355;青色
19356;青藏
19357;青豆
19358;元青
19359;冬青
19360;巴青
19361;石青
19362;藏青
19363;铁青
19364;雪青
19365;青史
19366;青松
19367;青森
19368;青河
19369;青瓜
19370;青石
19371;青秀
19372;青紫
19373;青羊
19374;青肿
19375;青黄
19376;比如
19377;比赛
19378;比较
19379;相比
19380;反比
19381;好比
19382;正比
19383;比划
19384;比方
19385;比试
19386;比邻
19387;比重
19388;评比
19389;比亚
19390;比值
19391;比才
19392;比捕
19393;比武
19394;比湿
19395;比画
19396;比索
19397;比绍
19398;比肩
19399;牛比
19400;较比
19401;追比
19402;连比
19403;公务
19404;务必
19405;常务
19406;职务
19407;财务
19408;务虚
19409;务请
19410;勤务
19411;宿务
19412;急务
19413;洋务
19414;总务
19415;军务
19416;防务
19417;杂务
19418;党务
19419;不论
19420;理论
19421;讨论
19422;评论
19423;定论
19424;争论
19425;论证
19426;议论
19427;导论
19428;政论
19429;概论
19430;社论
19431;立论
19432;策论
19433;纵论
19434;罢论
19435;群论
19436;诉论
19437;论及
19438;论据
19439;论断
19440;论争
19441;论调
19442;讲论
19443;午餐
19444;傍午
19445;午宴
19446;甲午
19447;端午
19448;到达
19449;抵达
19450;发达
19451;直达
19452;转达
19453;达到
19454;达成
19455;下达
19456;送达
19457;通达
19458;达令
19459;达标
19460;达观
19461;雷达
19462;休达
19463;先达
19464;卡达
19465;吉达
19466;寄达
19467;敢达
19468;江达
19469;乌达
19470;犹达
19471;维达
19472;练达
19473;闻达
19474;达卡
19475;达味
19476;达官
19477;达摩
19478;达赖
19479;达阵
19480;显达
19481;除了
19482;了了
19483;了却
19484;了局
19485;吹了
19486;未了
19487;末了
19488;极了
19489;私了
19490;算了
19491;迟了
19492;与否
19493;授与
19494;施与
19495;给与
19496;与格
19497;赠与
19498;总算
19499;总值
19500;总共
19501;总分
19502;总和
19503;总局
19504;总得
19505;总有
19506;总归
19507;总站
19508;总能
19509;总要
19510;总额
19511;把总
19512;百总
19513;总则
19514;总括
19515;总督
19516;总社
19517;总称
19518;总线
19519;总览
19520;总集
19521;妈妈
19522;姨妈
19523;奶妈
19524;谢谢
19525;申谢
19526;祝谢
19527;称谢
19528;答谢
19529;致谢
19530;谢仪
19531;谢却
19532;谢媒
19533;谢恩
19534;谢拉
19535;谢病
19536;谢礼
19537;谢词
19538;谢辛
19539;谢顶
19540;辞谢
19541;顶谢
19542;承认
19543;认识
19544;否认
19545;确认
19546;认知
19547;认证
19548;默认
19549;供认
19550;宣认
19551;招认
19552;指认
19553;认字
19554;认罪
19555;认罚
19556;认脚
19557;认赔
19558;认账
19559;认购
19560;辩认
19561;追认
19562;等到
19563;等等
19564;久等
19565;低等
19566;优等
19567;初等
19568;均等
19569;次等
19570;甲等
19571;稍等
19572;等值
19573;等压
19574;等差
19575;等距
19576;彻底
19577;底片
19578;粉底
19579;基底
19580;封底
19581;底汁
19582;底版
19583;底细
19584;底薪
19585;底限
19586;标底
19587;洋底
19588;盘底
19589;讨底
19590;铺底
19591;露底
19592;鞋底
19593;页底
19594;浪漫
19595;古浪
19596;恶浪
19597;浪船
19598;激浪
19599;破浪
19600;庄浪
19601;彼此
19602;据此
19603;故此
19604;此次
19605;此致
19606;此际
19607;此类
19608;由此
19609;至此
19610;借此
19611;味道
19612;美味
19613;乏味
19614;趣味
19615;香味
19616;够味
19617;寻味
19618;况味
19619;洋味
19620;烧味
19621;甜味
19622;兴味
19623;苦味
19624;走味
19625;跑味
19626;鲜味
19627;支援
19628;支配
19629;透支
19630;借支
19631;支差
19632;支店
19633;支恐
19634;支承
19635;支族
19636;支根
19637;支系
19638;支线
19639;支走
19640;支离
19641;肠支
19642;预支
19643;咖啡
19644;连连
19645;一连
19646;牵连
19647;连串
19648;连同
19649;连城
19650;连夜
19651;连天
19652;连带
19653;连年
19654;连忙
19655;连击
19656;连败
19657;连日
19658;连环
19659;连累
19660;连线
19661;互连
19662;搭连
19663;留连
19664;连写
19665;连书
19666;连横
19667;连歌
19668;连珠
19669;连番
19670;连络
19671;连县
19672;连系
19673;连词
19674;连读
19675;连队
19676;连云
19677;吃完
19678;好吃
19679;偷吃
19680;吃喝
19681;吃奶
19682;吃素
19683;吃苦
19684;吃惊
19685;乱吃
19686;吃刀
19687;吃坏
19688;吃布
19689;吃穿
19690;吃紧
19691;吃肉
19692;吃食
19693;吞吃
19694;讨吃
19695;痛苦
19696;辛苦
19697;刻苦
19698;劳苦
19699;艰苦
19700;苦心
19701;苦瓜
19702;苦痛
19703;苦笑
19704;苦苦
19705;诉苦
19706;八苦
19707;勤苦
19708;叫苦
19709;愁苦
19710;苦劳
19711;苦境
19712;苦寒
19713;苦差
19714;苦根
19715;苦楚
19716;苦况
19717;苦竹
19718;苦胆
19719;苦趣
19720;零食
19721;饮食
19722;伙食
19723;厌食
19724;挑食
19725;消食
19726;甜食
19727;素食
19728;肉食
19729;食堂
19730;食客
19731;食指
19732;食疗
19733;食肉
19734;饭食
19735;喂食
19736;面食
19737;即食
19738;吸食
19739;和食
19740;寒食
19741;扁食
19742;捕食
19743;采食
19744;摄食
19745;断食
19746;洁食
19747;熟食
19748;蔬食
19749;谋食
19750;轻食
19751;杂食
19752;食季
19753;食料
19754;皮肤
19755;上皮
19756;包皮
19757;去皮
19758;地皮
19759;外皮
19760;果皮
19761;毛皮
19762;凉皮
19763;牛皮
19764;画皮
19765;皮下
19766;皮夹
19767;皮子
19768;皮带
19769;皮毛
19770;皮炎
19771;皮蛋
19772;皮质
19773;皮革
19774;皮鞋
19775;羊皮
19776;肚皮
19777;脱皮
19778;豆皮
19779;赖皮
19780;顽皮
19781;仿皮
19782;封皮
19783;书皮
19784;板皮
19785;皮具
19786;皮条
19787;皮秒
19788;皮箱
19789;皮肉
19790;皮袋
19791;皮货
19792;皮黄
19793;草皮
19794;蒙皮
19795;钱皮
19796;黄皮
19797;距离
19798;远离
19799;离婚
19800;偏离
19801;撤离
19802;迷离
19803;逃离
19804;游离
19805;隔离
19806;离奇
19807;离弃
19808;离线
19809;离职
19810;离间
19811;迁离
19812;离乳
19813;离休
19814;离宫
19815;离岸
19816;离歌
19817;离港
19818;离独
19819;离石
19820;离索
19821;离队
19822;低落
19823;失落
19824;落下
19825;落地
19826;落后
19827;角落
19828;部落
19829;冷落
19830;回落
19831;坐落
19832;掉落
19833;散落
19834;村落
19835;段落
19836;没落
19837;滑落
19838;脱落
19839;落伍
19840;落差
19841;落幕
19842;落得
19843;落户
19844;落日
19845;落泪
19846;落脚
19847;着落
19848;跌落
19849;遗落
19850;降落
19851;击落
19852;挤落
19853;败落
19854;沉落
19855;滚落
19856;涨落
19857;群落
19858;聚落
19859;落俗
19860;落坐
19861;落托
19862;落榜
19863;落款
19864;落潮
19865;落石
19866;退落
19867;院落
19868;陷落
19869;零落
19870;随便
19871;随着
19872;伴随
19873;跟随
19874;追随
19875;随即
19876;随和
19877;听随
19878;随俗
19879;随员
19880;随带
19881;随从
19882;随波
19883;随县
19884;刺痛
19885;牙痛
19886;疼痛
19887;病痛
19888;痛哭
19889;痛楚
19890;创痛
19891;抽痛
19892;沉痛
19893;痛惜
19894;痛批
19895;耳痛
19896;肚痛
19897;闪痛
19898;隐痛
19899;道德
19900;公德
19901;功德
19902;宁德
19903;常德
19904;康德
19905;德保
19906;德庆
19907;承德
19908;歌德
19909;积德
19910;缺德
19911;英德
19912;顺德
19913;两德
19914;八德
19915;丧德
19916;四德
19917;威德
19918;宣德
19919;尤德
19920;广德
19921;建德
19922;德宏
19923;德惠
19924;德才
19925;德政
19926;德昌
19927;德格
19928;德江
19929;德治
19930;德育
19931;德兴
19932;德航
19933;德都
19934;恩德
19935;恶德
19936;才德
19937;拉德
19938;败德
19939;李德
19940;永德
19941;波德
19942;尔德
19943;盛德
19944;耀德
19945;至德
19946;贵德
19947;阴德
19948;雷德
19949;江湖
19950;江苏
19951;江西
19952;长江
19953;丽江
19954;九江
19955;平江
19956;怒江
19957;曲江
19958;东江
19959;松江
19960;江宁
19961;江户
19962;江河
19963;江汉
19964;江阴
19965;江青
19966;江面
19967;沿江
19968;珠江
19969;临江
19970;连江
19971;印江
19972;右江
19973;夹江
19974;宁江
19975;从江
19976;昌江
19977;枝江
19978;桃江
19979;梅江
19980;武江
19981;江夏
19982;江岸
19983;江永
19984;江源
19985;江米
19986;江猪
19987;江轮
19988;江迅
19989;江都
19990;潜江
19991;环江
19992;迎江
19993;余江
19994;麻江
19995;情书
19996;书包
19997;书写
19998;书店
19999;书记
20000;看书
20001;秘书
20002;读书
20003;上书
20004;出书
20005;史书
20006;天书
20007;念书
20008;教书
20009;文书
20010;书信
20011;书名
20012;书架
20013;书桌
20014;书柜
20015;书画
20016;书签
20017;书籍
20018;书评
20019;书院
20020;书面
20021;书页
20022;书香
20023;疾书
20024;经书
20025;背书
20026;旧书
20027;证书
20028;遗书
20029;闲书
20030;但书
20031;佛书
20032;六书
20033;兵书
20034;古书
20035;四书
20036;字书
20037;尚书
20038;书卷
20039;书局
20040;书板
20041;书社
20042;书稿
20043;书约
20044;书圣
20045;书角
20046;书证
20047;书馆
20048;板书
20049;梁书
20050;标书
20051;汉书
20052;琴书
20053;禁书
20054;听书
20055;脸书
20056;草书
20057;著书
20058;藏书
20059;血书
20060;评书
20061;诗书
20062;辞书
20063;类书
20064;默书
20065;齐书
20066;人格
20067;格外
20068;格格
20069;资格
20070;出格
20071;及格
20072;严格
20073;格局
20074;格林
20075;格调
20076;格斗
20077;空格
20078;表格
20079;规格
20080;体格
20081;优格
20082;升格
20083;够格
20084;属格
20085;普格
20086;格律
20087;格拉
20088;格致
20089;荣格
20090;标格
20091;润格
20092;破格
20093;米格
20094;亏格
20095;诺格
20096;辛格
20097;适格
20098;降格
20099;吗啡
20100;帮助
20101;援助
20102;互助
20103;借助
20104;捐助
20105;救助
20106;求助
20107;助产
20108;助益
20109;助词
20110;壁助
20111;济助
20112;反而
20113;然而
20114;而且
20115;而已
20116;从而
20117;时而
20118;继而
20119;而今
20120;故而
20121;甚而
20122;上线
20123;光线
20124;在线
20125;底线
20126;曲线
20127;毛线
20128;无线
20129;热线
20130;直线
20131;眼线
20132;米线
20133;线人
20134;线条
20135;线索
20136;线路
20137;视线
20138;路线
20139;下线
20140;中线
20141;占线
20142;全线
20143;出线
20144;前线
20145;天线
20146;射线
20147;专线
20148;干线
20149;引线
20150;拆线
20151;掉线
20152;接线
20153;斜线
20154;断线
20155;有线
20156;棉线
20157;沿线
20158;牙线
20159;牵线
20160;环线
20161;界线
20162;短线
20163;绒线
20164;线上
20165;线下
20166;线图
20167;航线
20168;针线
20169;长线
20170;防线
20171;阵线
20172;串线
20173;划线
20174;吊线
20175;均线
20176;埋线
20177;基线
20178;墨线
20179;压线
20180;导线
20181;峰线
20182;布线
20183;截线
20184;折线
20185;括线
20186;挂线
20187;摆线
20188;标线
20189;母线
20190;准线
20191;码线
20192;端线
20193;细线
20194;线圈
20195;线团
20196;线杆
20197;线段
20198;线状
20199;线虫
20200;纵线
20201;脱线
20202;虚线
20203;衬线
20204;触线
20205;雪线
20206;漂亮
20207;亮堂
20208;亮菌
20209;亮饰
20210;傍亮
20211;宽亮
20212;爽亮
20213;银亮
20214;雪亮
20215;送给
20216;还给
20217;付给
20218;塞给
20219;配给
20220;准备
20221;备份
20222;备考
20223;备注
20224;储备
20225;具备
20226;必备
20227;戒备
20228;责备
20229;配备
20230;防备
20231;预备
20232;备件
20233;备悉
20234;备抵
20235;备料
20236;备查
20237;备至
20238;备课
20239;备办
20240;守备
20241;敬备
20242;详备
20243;警备
20244;军备
20245;低调
20246;情调
20247;蓝调
20248;调味
20249;调戏
20250;调整
20251;调料
20252;调查
20253;调皮
20254;调节
20255;高调
20256;上调
20257;下调
20258;基调
20259;小调
20260;搭调
20261;曲调
20262;步调
20263;调入
20264;调和
20265;调子
20266;调度
20267;调情
20268;调控
20269;调换
20270;调教
20271;调研
20272;调色
20273;调试
20274;调配
20275;调频
20276;调养
20277;跑调
20278;音调
20279;借调
20280;商调
20281;字调
20282;宫调
20283;带调
20284;抽调
20285;升调
20286;暖调
20287;查调
20288;笔调
20289;细调
20290;调值
20291;调停
20292;调协
20293;调嘴
20294;调弄
20295;调律
20296;调拨
20297;调挡
20298;调摄
20299;调升
20300;调档
20301;调派
20302;调准
20303;调焦
20304;调职
20305;调号
20306;调训
20307;调谐
20308;调资
20309;调适
20310;调迁
20311;调阅
20312;调防
20313;请调
20314;人员
20315;动员
20316;委员
20317;官员
20318;成员
20319;演员
20320;全员
20321;团员
20322;专员
20323;店员
20324;文员
20325;满员
20326;职员
20327;船员
20328;裁员
20329;要员
20330;议员
20331;队员
20332;兵员
20333;员林
20334;员警
20335;幅员
20336;教员
20337;洋员
20338;病员
20339;盟员
20340;社员
20341;站员
20342;访员
20343;译员
20344;英雄
20345;英勇
20346;英寸
20347;英明
20348;英超
20349;汉英
20350;王英
20351;秀英
20352;英吨
20353;英宗
20354;英汉
20355;英石
20356;英华
20357;英译
20358;英军
20359;云英
20360;项英
20361;三亚
20362;三角
20363;初三
20364;十三
20365;周三
20366;三八
20367;三明
20368;三维
20369;三军
20370;三鲜
20371;再三
20372;张三
20373;三井
20374;三倍
20375;三废
20376;三教
20377;三次
20378;三河
20379;三洋
20380;三湾
20381;三焦
20382;三田
20383;三略
20384;三皇
20385;三义
20386;三藏
20387;三苏
20388;三农
20389;三键
20390;三项
20391;带走
20392;走出
20393;走向
20394;出走
20395;奔走
20396;夺走
20397;好走
20398;抓走
20399;拖走
20400;拿走
20401;搬走
20402;放走
20403;临走
20404;走去
20405;走掉
20406;走散
20407;走秀
20408;走访
20409;走过
20410;赶走
20411;送走
20412;逃走
20413;慢走
20414;败走
20415;疾走
20416;竞走
20417;走嘴
20418;走形
20419;走扇
20420;走步
20421;走漏
20422;走索
20423;走险
20424;走鬼
20425;跑走
20426;逐走
20427;财富
20428;财源
20429;破财
20430;财政
20431;财迷
20432;钱财
20433;善财
20434;央财
20435;浮财
20436;财势
20437;财团
20438;财权
20439;财贸
20440;资财
20441;也许
20442;或许
20443;些许
20444;许久
20445;许愿
20446;嘉许
20447;稍许
20448;称许
20449;许和
20450;许婚
20451;许字
20452;许配
20453;默许
20454;猛击
20455;回击
20456;射击
20457;撞击
20458;击倒
20459;敲击
20460;突击
20461;冲击
20462;追击
20463;围击
20464;堵击
20465;尾击
20466;截击
20467;扣击
20468;拍击
20469;掌击
20470;击刺
20471;击掌
20472;击毁
20473;击沉
20474;击碎
20475;炮击
20476;碰击
20477;迎击
20478;邀击
20479;闪击
20480;鸟击
20481;卡拉
20482;拉手
20483;拉拉
20484;拉开
20485;拉面
20486;沙拉
20487;划拉
20488;安拉
20489;左拉
20490;拉伸
20491;拉倒
20492;拉入
20493;拉力
20494;拉杆
20495;拉比
20496;拉环
20497;拉登
20498;拉皮
20499;拉票
20500;拉紧
20501;拉美
20502;拉高
20503;拖拉
20504;法拉
20505;米拉
20506;维拉
20507;色拉
20508;贝拉
20509;阿拉
20510;马拉
20511;杰拉
20512;半拉
20513;拉圾
20514;拉夫
20515;拉架
20516;拉茶
20517;拉辛
20518;拉锁
20519;拉杂
20520;拉顿
20521;搭拉
20522;普拉
20523;毛拉
20524;考完
20525;考虑
20526;考试
20527;考卷
20528;考古
20529;考官
20530;考察
20531;考研
20532;考核
20533;考证
20534;联考
20535;寿考
20536;招考
20537;普考
20538;研考
20539;考据
20540;考查
20541;考究
20542;考绩
20543;考订
20544;考评
20545;赶考
20546;显考
20547;宽带
20548;带回
20549;带给
20550;海带
20551;腰带
20552;一带
20553;卡带
20554;带到
20555;带刺
20556;带劲
20557;带去
20558;带子
20559;带宽
20560;带病
20561;带薪
20562;带鱼
20563;略带
20564;肩带
20565;背带
20566;自带
20567;衣带
20568;表带
20569;裤带
20570;附带
20571;面带
20572;鞋带
20573;顺带
20574;发带
20575;倒带
20576;寒带
20577;带兵
20578;带累
20579;带扣
20580;带露
20581;拖带
20582;卷带
20583;束带
20584;盒带
20585;穿带
20586;纸带
20587;袜带
20588;铅带
20589;频带
20590;饰带
20591;将近
20592;贴近
20593;近乎
20594;近来
20595;近年
20596;傍近
20597;凡近
20598;四近
20599;左近
20600;几近
20601;抄近
20602;挨近
20603;浅近
20604;渐近
20605;趋近
20606;近似
20607;近古
20608;近况
20609;近邻
20610;近零
20611;迫近
20612;惊心
20613;惊醒
20614;大惊
20615;惊呆
20616;惊呼
20617;惊叹
20618;惊奇
20619;惊恐
20620;惊慌
20621;惊觉
20622;惊险
20623;惊叫
20624;惊梦
20625;惊怕
20626;惊急
20627;惊怪
20628;惊悉
20629;惊悟
20630;惊扰
20631;惊疑
20632;惊赏
20633;惊跳
20634;惊逃
20635;惊飞
20636;惊鸟
20637;尝试
20638;测试
20639;笔试
20640;试探
20641;试听
20642;试点
20643;核试
20644;秋试
20645;策试
20646;试乘
20647;试射
20648;试播
20649;试映
20650;试杯
20651;试液
20652;试演
20653;试炼
20654;试爆
20655;试种
20656;试穿
20657;试航
20658;试着
20659;试读
20660;试办
20661;试销
20662;试饮
20663;乡试
20664;院试
20665;预试
20666;亚军
20667;冠军
20668;季军
20669;将军
20670;军事
20671;军团
20672;参军
20673;从军
20674;敌军
20675;日军
20676;督军
20677;军刀
20678;军官
20679;军情
20680;军方
20681;军旅
20682;军校
20683;军演
20684;军火
20685;军营
20686;军用
20687;军舰
20688;军训
20689;军车
20690;军医
20691;军队
20692;陆军
20693;元军
20694;充军
20695;守军
20696;官军
20697;撤军
20698;扩军
20699;治军
20700;皇军
20701;盟军
20702;禁军
20703;童军
20704;义军
20705;联军
20706;裁军
20707;军势
20708;军售
20709;军士
20710;军委
20711;军政
20712;军港
20713;军粮
20714;军绿
20715;军号
20716;军阵
20717;军需
20718;铁军
20719;想念
20720;怀念
20721;纪念
20722;悬念
20723;概念
20724;留念
20725;默念
20726;念珠
20727;欲念
20728;疑念
20729;追念
20730;释念
20731;闪念
20732;顾念
20733;十万
20734;千万
20735;百万
20736;万一
20737;万事
20738;万物
20739;上万
20740;万丈
20741;万千
20742;万宁
20743;万恶
20744;万历
20745;万岁
20746;万能
20747;万般
20748;万万
20749;万象
20750;万贯
20751;万荣
20752;万源
20753;万盛
20754;万县
20755;万华
20756;万豪
20757;商店
20758;旅店
20759;店伙
20760;店堂
20761;店钱
20762;张店
20763;盘店
20764;粮店
20765;杂店
20766;黑店
20767;香港
20768;香蕉
20769;吃香
20770;浓香
20771;烧香
20772;香料
20773;香烟
20774;香炉
20775;香甜
20776;香草
20777;香菜
20778;乳香
20779;五香
20780;土香
20781;木香
20782;松香
20783;残香
20784;沉香
20785;燃香
20786;异香
20787;百香
20788;香几
20789;香木
20790;香案
20791;香液
20792;香瓜
20793;香粉
20794;香附
20795;创造
20796;建造
20797;营造
20798;造型
20799;造成
20800;改造
20801;造假
20802;造句
20803;造就
20804;仿造
20805;修造
20806;两造
20807;再造
20808;末造
20809;深造
20810;织造
20811;翻造
20812;造字
20813;造林
20814;造桥
20815;造次
20816;造船
20817;锻造
20818;升华
20819;年华
20820;才华
20821;新华
20822;清华
20823;精华
20824;繁华
20825;华人
20826;华为
20827;华丽
20828;豪华
20829;光华
20830;荣华
20831;浮华
20832;华中
20833;华夏
20834;华彩
20835;华灯
20836;华美
20837;华盖
20838;华贵
20839;驻华
20840;龙华
20841;五华
20842;侵华
20843;建华
20844;张华
20845;庆华
20846;抵华
20847;泉华
20848;研华
20849;华威
20850;华宁
20851;华屋
20852;华府
20853;华族
20854;华林
20855;华沙
20856;华航
20857;华诞
20858;华阴
20859;云华
20860;教室
20861;教授
20862;教育
20863;助教
20864;外教
20865;宗教
20866;家教
20867;指教
20868;支教
20869;教务
20870;教堂
20871;教子
20872;教官
20873;教导
20874;教材
20875;教条
20876;教父
20877;教程
20878;教养
20879;求教
20880;请教
20881;道教
20882;领教
20883;劳教
20884;劝教
20885;宣教
20886;密教
20887;帮教
20888;政教
20889;教仪
20890;教具
20891;教士
20892;教宗
20893;教案
20894;教权
20895;教母
20896;教派
20897;教皇
20898;教规
20899;施教
20900;景教
20901;洋教
20902;异教
20903;社教
20904;礼教
20905;罢教
20906;旧教
20907;讨教
20908;遗教
20909;释教
20910;黄教
20911;字幕
20912;一字
20913;字典
20914;字型
20915;字形
20916;字条
20917;字样
20918;字母
20919;字符
20920;字号
20921;字面
20922;写字
20923;汉字
20924;码字
20925;签字
20926;识字
20927;错字
20928;脏字
20929;俗字
20930;借字
20931;八字
20932;冷字
20933;刺字
20934;古字
20935;字串
20936;字元
20937;字尾
20938;字汇
20939;字据
20940;字根
20941;字段
20942;字画
20943;字码
20944;字素
20945;字组
20946;字义
20947;字脚
20948;字集
20949;字首
20950;拆字
20951;拼字
20952;炼字
20953;熟字
20954;略字
20955;盲字
20956;组字
20957;背字
20958;铅字
20959;默字
20960;年轻
20961;轻易
20962;轻轻
20963;轻松
20964;减轻
20965;轻便
20966;轻信
20967;轻度
20968;轻快
20969;轻狂
20970;轻薄
20971;轻灵
20972;从轻
20973;轻咬
20974;轻型
20975;轻巧
20976;轻慢
20977;轻敌
20978;轻染
20979;轻省
20980;轻罪
20981;轻脆
20982;轻骑
20983;祝愿
20984;愿望
20985;但愿
20986;宿愿
20987;末愿
20988;诉愿
20989;请愿
20990;刚刚
20991;刚才
20992;刚健
20993;刚劲
20994;刚察
20995;刚巧
20996;刚架
20997;刚毛
20998;刚玉
20999;倾听
21000;好听
21001;收听
21002;听到
21003;听话
21004;听说
21005;听来
21006;听取
21007;听懂
21008;听众
21009;听闻
21010;听觉
21011;听课
21012;听讲
21013;偷听
21014;探听
21015;旁听
21016;监听
21017;细听
21018;听审
21019;听从
21020;听凭
21021;听断
21022;听窗
21023;听骨
21024;下雪
21025;冰雪
21026;积雪
21027;雪梨
21028;雪糕
21029;飞雪
21030;似雪
21031;洗雪
21032;申雪
21033;融雪
21034;雪松
21035;雪板
21036;雪柜
21037;雪泥
21038;雪鞋
21039;雪顿
21040;奇遇
21041;礼遇
21042;遭遇
21043;值遇
21044;冷遇
21045;遇刺
21046;遇害
21047;遇险
21048;广播
21049;广东
21050;广元
21051;京广
21052;两广
21053;增广
21054;广九
21055;广昌
21056;广漠
21057;广角
21058;广丰
21059;广灵
21060;李广
21061;湖广
21062;深刻
21063;深夜
21064;深情
21065;深深
21066;深信
21067;深厚
21068;深沉
21069;深知
21070;资深
21071;幽深
21072;景深
21073;深密
21074;深挖
21075;深港
21076;深究
21077;深县
21078;深谈
21079;浅深
21080;测深
21081;纵深
21082;艰深
21083;偶尔
21084;摩尔
21085;首尔
21086;卡尔
21087;基尔
21088;希尔
21089;戴尔
21090;比尔
21091;尔后
21092;福尔
21093;科尔
21094;索尔
21095;贝尔
21096;里尔
21097;具尔
21098;巴尔
21099;库尔
21100;乌尔
21101;盖尔
21102;苏尔
21103;参观
21104;围观
21105;乐观
21106;观察
21107;观念
21108;观看
21109;观众
21110;观音
21111;观点
21112;可观
21113;奇观
21114;宏观
21115;微观
21116;悲观
21117;改观
21118;旁观
21119;景观
21120;直观
21121;美观
21122;观摩
21123;观望
21124;观止
21125;观赏
21126;伟观
21127;史观
21128;宫观
21129;综观
21130;旧观
21131;观测
21132;观礼
21133;观览
21134;建立
21135;独立
21136;立刻
21137;立即
21138;倒立
21139;创立
21140;孤立
21141;直立
21142;确立
21143;立志
21144;立春
21145;立案
21146;立足
21147;站立
21148;自立
21149;设立
21150;起立
21151;并立
21152;傲立
21153;册立
21154;壁立
21155;按立
21156;挺立
21157;私立
21158;立像
21159;立冬
21160;立夏
21161;立约
21162;立鱼
21163;肃立
21164;订立
21165;骨立
21166;奇怪
21167;好奇
21168;奇幻
21169;奇才
21170;奇异
21171;奇闻
21172;探奇
21173;新奇
21174;曲奇
21175;奇伟
21176;奇偶
21177;奇士
21178;奇志
21179;奇技
21180;奇景
21181;奇珍
21182;奇绝
21183;奇缺
21184;奇览
21185;奇谈
21186;奇丑
21187;奇丽
21188;珍奇
21189;维奇
21190;起飞
21191;飞天
21192;飞涨
21193;张飞
21194;直飞
21195;纷飞
21196;阿飞
21197;双飞
21198;飞出
21199;飞奔
21200;飞快
21201;飞舞
21202;飞船
21203;飞越
21204;飞轮
21205;飞速
21206;飞过
21207;飞鱼
21208;奋飞
21209;群飞
21210;越飞
21211;迁飞
21212;飞升
21213;飞弹
21214;飞征
21215;飞盘
21216;飞秒
21217;飞腿
21218;标准
21219;标签
21220;标志
21221;标识
21222;鼠标
21223;中标
21224;商标
21225;地标
21226;坐标
21227;招标
21228;指标
21229;标普
21230;标杆
21231;标榜
21232;标注
21233;标示
21234;标致
21235;标记
21236;路标
21237;夺标
21238;岸标
21239;标兵
21240;标售
21241;标尺
21242;标架
21243;标柱
21244;标枪
21245;标灯
21246;标牌
21247;标的
21248;标称
21249;标绘
21250;标号
21251;标卖
21252;横标
21253;浮标
21254;督标
21255;航标
21256;袖标
21257;角标
21258;警标
21259;违标
21260;端正
21261;端庄
21262;终端
21263;云端
21264;借端
21265;末端
21266;异端
21267;盲端
21268;端木
21269;端的
21270;端站
21271;端绪
21272;端菜
21273;端详
21274;端赖
21275;戒指
21276;手指
21277;指甲
21278;弹指
21279;指令
21280;指向
21281;指导
21282;指尖
21283;指引
21284;指控
21285;指示
21286;指责
21287;指针
21288;股指
21289;借指
21290;尤指
21291;指使
21292;指印
21293;指征
21294;指授
21295;指摘
21296;指模
21297;指证
21298;搬指
21299;暗指
21300;染指
21301;短指
21302;纳指
21303;脚指
21304;轮指
21305;国王
21306;女王
21307;王道
21308;帝王
21309;猴王
21310;王八
21311;王冠
21312;王府
21313;王朝
21314;王牌
21315;先王
21316;勤王
21317;王五
21318;王储
21319;王充
21320;王室
21321;王导
21322;王权
21323;王母
21324;王猛
21325;王益
21326;王码
21327;王维
21328;王肃
21329;王著
21330;王震
21331;圣王
21332;猫王
21333;闯王
21334;牛奶
21335;牛肉
21336;奶牛
21337;斗牛
21338;牛仔
21339;牛角
21340;牛郎
21341;牛顿
21342;丑牛
21343;乳牛
21344;土牛
21345;牛桥
21346;牛羊
21347;牛至
21348;牛饮
21349;牛黄
21350;牵牛
21351;菜牛
21352;野牛
21353;习惯
21354;修习
21355;演习
21356;熟习
21357;研习
21358;积习
21359;习习
21360;旧习
21361;梅县
21362;沙县
21363;县城
21364;县长
21365;代县
21366;任县
21367;佳县
21368;冠县
21369;南县
21370;古县
21371;吉县
21372;单县
21373;寿县
21374;夏县
21375;威县
21376;安县
21377;容县
21378;宁县
21379;康县
21380;息县
21381;应县
21382;户县
21383;房县
21384;文县
21385;新县
21386;易县
21387;景县
21388;朗县
21389;荣县
21390;横县
21391;洋县
21392;涉县
21393;渠县
21394;滑县
21395;献县
21396;理县
21397;环县
21398;盘县
21399;范县
21400;县令
21401;县府
21402;县志
21403;县界
21404;义县
21405;耀县
21406;临县
21407;兴县
21408;华县
21409;叶县
21410;费县
21411;宾县
21412;辉县
21413;通县
21414;道县
21415;达县
21416;金县
21417;雄县
21418;云县
21419;青县
21420;高县
21421;和县
21422;宿县
21423;密县
21424;富县
21425;巴县
21426;林县
21427;礼县
21428;索县
21429;盖县
21430;贺县
21431;巩县
21432;首县
21433;永久
21434;永别
21435;永和
21436;永存
21437;永生
21438;永修
21439;永胜
21440;永吉
21441;永善
21442;永寿
21443;永宁
21444;永康
21445;永昌
21446;永济
21447;永珍
21448;永登
21449;永眠
21450;永兴
21451;永丰
21452;永顺
21453;一半
21454;半生
21455;夜半
21456;过半
21457;半圆
21458;半坡
21459;半夏
21460;半托
21461;半旗
21462;半职
21463;半腰
21464;半途
21465;半响
21466;太半
21467;折半
21468;减半
21469;下雨
21470;冒雨
21471;暴雨
21472;烟雨
21473;细雨
21474;雨季
21475;雨林
21476;雨滴
21477;晴雨
21478;朝雨
21479;旧雨
21480;血雨
21481;豪雨
21482;酸雨
21483;阻雨
21484;雨刮
21485;雨刷
21486;雨布
21487;雨湖
21488;做事
21489;做人
21490;做到
21491;叫做
21492;做梦
21493;做菜
21494;做伴
21495;做寿
21496;做操
21497;做绝
21498;做脸
21499;做鸡
21500;做鬼
21501;承做
21502;称做
21503;毛病
21504;生病
21505;疾病
21506;病人
21507;病毒
21508;小病
21509;得病
21510;心病
21511;患病
21512;抗病
21513;治病
21514;犯病
21515;病例
21516;病倒
21517;病假
21518;病危
21519;病友
21520;病史
21521;病因
21522;病床
21523;病患
21524;病情
21525;病历
21526;病理
21527;病症
21528;病号
21529;病重
21530;病院
21531;发病
21532;肝病
21533;胃病
21534;致病
21535;重病
21536;养病
21537;久病
21538;却病
21539;害病
21540;抱病
21541;探病
21542;暴病
21543;染病
21544;病势
21545;病夫
21546;病媒
21547;病害
21548;病征
21549;病故
21550;病根
21551;病况
21552;病源
21553;病状
21554;病程
21555;病虫
21556;病象
21557;百病
21558;肺病
21559;脑病
21560;卧病
21561;旧病
21562;骨病
21563;脏病
21564;吉祥
21565;吉列
21566;吉它
21567;吉恩
21568;吉米
21569;吉贝
21570;吉野
21571;吉首
21572;良吉
21573;革吉
21574;额吉
21575;欠项
21576;款项
21577;杂项
21578;余项
21579;党项
21580;改为
21581;修改
21582;改天
21583;改掉
21584;改版
21585;改良
21586;改过
21587;更改
21588;再改
21589;劳改
21590;土改
21591;审改
21592;悔改
21593;批改
21594;改元
21595;改判
21596;改则
21597;改嘴
21598;改建
21599;改悔
21600;改朝
21601;改称
21602;改稿
21603;改组
21604;改订
21605;改译
21606;整改
21607;布置
21608;公布
21609;宣布
21610;布局
21611;布景
21612;分布
21613;密布
21614;布什
21615;布料
21616;布施
21617;布朗
21618;布袋
21619;布鞋
21620;摆布
21621;散布
21622;桌布
21623;棉布
21624;画布
21625;织布
21626;胶布
21627;遍布
21628;布伍
21629;布雷
21630;土布
21631;展布
21632;布依
21633;布匹
21634;布幕
21635;布建
21636;布托
21637;布拖
21638;布谷
21639;布防
21640;幕布
21641;忽布
21642;拖布
21643;染布
21644;洒布
21645;破布
21646;帘布
21647;绒布
21648;麻布
21649;全程
21650;启程
21651;工程
21652;旅程
21653;程度
21654;行程
21655;过程
21656;回程
21657;专程
21658;历程
21659;编程
21660;课程
21661;起程
21662;射程
21663;往程
21664;产程
21665;盘程
21666;短程
21667;程控
21668;规程
21669;议程
21670;即将
21671;将来
21672;武将
21673;麻将
21674;偏将
21675;副将
21676;宿将
21677;将士
21678;将官
21679;将帅
21680;将才
21681;将牌
21682;必将
21683;敌将
21684;准将
21685;猛将
21686;诸将
21687;逼将
21688;降将
21689;导演
21690;导致
21691;导航
21692;倡导
21693;执导
21694;导向
21695;导弹
21696;导读
21697;导购
21698;引导
21699;推导
21700;编导
21701;自导
21702;误导
21703;先导
21704;向导
21705;导引
21706;导轮
21707;波导
21708;顺导
21709;围攻
21710;氛围
21711;胸围
21712;四围
21713;围困
21714;围堵
21715;围捕
21716;围产
21717;围裙
21718;围护
21719;壮围
21720;环围
21721;突围
21722;园林
21723;园艺
21724;庭园
21725;故园
21726;林园
21727;梁园
21728;留园
21729;竹园
21730;绿园
21731;农园
21732;需求
21733;供需
21734;急需
21735;按需
21736;要求
21737;追求
21738;力求
21739;寻求
21740;征求
21741;求人
21742;求婚
21743;求救
21744;求生
21745;求职
21746;求证
21747;渴求
21748;请求
21749;企求
21750;供求
21751;促求
21752;央求
21753;探求
21754;搜求
21755;求和
21756;求存
21757;求援
21758;研求
21759;蒙求
21760;访求
21761;诉求
21762;角度
21763;八角
21764;豆角
21765;号角
21766;角膜
21767;角质
21768;角逐
21769;配角
21770;五角
21771;偏角
21772;倾角
21773;六角
21774;四角
21775;张角
21776;弯角
21777;挖角
21778;摔角
21779;斜角
21780;旦角
21781;替角
21782;极角
21783;补角
21784;角尺
21785;角抵
21786;角椅
21787;角楼
21788;角规
21789;角铁
21790;角斗
21791;触角
21792;丑角
21793;顶角
21794;额角
21795;余角
21796;麦角
21797;婚礼
21798;礼品
21799;典礼
21800;失礼
21801;敬礼
21802;洗礼
21803;礼堂
21804;礼炮
21805;礼貌
21806;贺礼
21807;非礼
21808;仪礼
21809;厚礼
21810;寿礼
21811;崇礼
21812;抗礼
21813;施礼
21814;礼俗
21815;礼器
21816;礼帽
21817;礼泉
21818;礼义
21819;礼赞
21820;礼宾
21821;答礼
21822;圣礼
21823;聘礼
21824;薄礼
21825;诗礼
21826;越礼
21827;顺便
21828;顺心
21829;顺势
21830;顺境
21831;顺从
21832;顺着
21833;顺道
21834;依顺
21835;富顺
21836;承顺
21837;拿顺
21838;旅顺
21839;归顺
21840;笔顺
21841;丰顺
21842;顺和
21843;顺嘴
21844;顺坦
21845;顺差
21846;顺延
21847;顺庆
21848;顺次
21849;顺潮
21850;顺耳
21851;顺访
21852;顺适
21853;人士
21854;博士
21855;士兵
21856;女士
21857;战士
21858;男士
21859;的士
21860;护士
21861;力士
21862;勇士
21863;士气
21864;壮士
21865;富士
21866;巴士
21867;武士
21868;烈士
21869;卫士
21870;道士
21871;院士
21872;隐士
21873;斗士
21874;便士
21875;修士
21876;兵士
21877;士族
21878;士林
21879;威士
21880;征士
21881;策士
21882;义士
21883;谋士
21884;贡士
21885;辩士
21886;婚宴
21887;婚庆
21888;已婚
21889;征婚
21890;未婚
21891;订婚
21892;再婚
21893;婚典
21894;婚配
21895;婚龄
21896;悔婚
21897;抢婚
21898;证婚
21899;赖婚
21900;适婚
21901;杂婚
21902;彩蛋
21903;蛋糕
21904;鸡蛋
21905;完蛋
21906;滚蛋
21907;炒蛋
21908;蛋黄
21909;倒蛋
21910;傻蛋
21911;冰蛋
21912;巨蛋
21913;种蛋
21914;唱歌
21915;歌女
21916;歌曲
21917;歌唱
21918;歌舞
21919;歌迷
21920;和歌
21921;悲歌
21922;晨歌
21923;朝歌
21924;校歌
21925;歌厅
21926;短歌
21927;踏歌
21928;兴奋
21929;兴趣
21930;助兴
21931;即兴
21932;大兴
21933;宜兴
21934;振兴
21935;扫兴
21936;新兴
21937;尽兴
21938;绍兴
21939;兴宁
21940;兴旺
21941;兴致
21942;兴许
21943;兴起
21944;乘兴
21945;咸兴
21946;败兴
21947;兴亡
21948;兴兵
21949;兴和
21950;兴建
21951;兴荣
21952;兴盛
21953;兴尽
21954;兴宾
21955;兴办
21956;资兴
21957;黄兴
21958;冲突
21959;乳突
21960;树突
21961;突突
21962;突触
21963;缘故
21964;亡故
21965;典故
21966;掌故
21967;故云
21968;故典
21969;故墓
21970;故宅
21971;故杀
21972;故旧
21973;故训
21974;故都
21975;旧故
21976;宝石
21977;石化
21978;石油
21979;钻石
21980;基石
21981;巨石
21982;沙石
21983;火石
21984;玉石
21985;盘石
21986;石像
21987;石刻
21988;石器
21989;石块
21990;石墨
21991;石板
21992;石林
21993;石柱
21994;石灰
21995;石英
21996;石阶
21997;石龙
21998;碎石
21999;金石
22000;铁石
22001;黄石
22002;乱石
22003;墓石
22004;尖石
22005;松石
22006;柱石
22007;滑石
22008;滴石
22009;石印
22010;石屏
22011;石岗
22012;石庭
22013;石棉
22014;石楼
22015;石泉
22016;石洞
22017;石渠
22018;石状
22019;石磨
22020;石竹
22021;石粉
22022;石虎
22023;石质
22024;石首
22025;石松
22026;石盐
22027;石鼓
22028;磨石
22029;辉石
22030;闪石
22031;灵石
22032;黑夜
22033;黑暗
22034;摸黑
22035;黑幕
22036;黑帮
22037;黑心
22038;黑板
22039;黑洞
22040;黑道
22041;黑发
22042;傍黑
22043;揭黑
22044;波黑
22045;浅黑
22046;黑嘴
22047;黑桃
22048;黑河
22049;黑潮
22050;黑煤
22051;黑盒
22052;黑箱
22053;黑糖
22054;黑背
22055;黑贝
22056;黑鬼
22057;黑麦
22058;优质
22059;品质
22060;本质
22061;素质
22062;质疑
22063;人质
22064;木质
22065;材质
22066;潜质
22067;肉质
22068;资质
22069;质检
22070;质变
22071;杂质
22072;介质
22073;典质
22074;均质
22075;基质
22076;媒质
22077;形质
22078;母质
22079;沙质
22080;泥质
22081;浮质
22082;异质
22083;质库
22084;质料
22085;质素
22086;质询
22087;质铺
22088;意识
22089;知识
22090;共识
22091;胆识
22092;识破
22093;赏识
22094;才识
22095;熟识
22096;旧识
22097;识才
22098;识趣
22099;鉴识
22100;小资
22101;投资
22102;资料
22103;资本
22104;资源
22105;资讯
22106;出资
22107;外资
22108;耗资
22109;融资
22110;资助
22111;资历
22112;集资
22113;巨资
22114;捐资
22115;润资
22116;独资
22117;资浅
22118;农资
22119;何必
22120;必要
22121;必须
22122;必需
22123;想必
22124;未必
22125;白菜
22126;菜刀
22127;蔬菜
22128;青菜
22129;上菜
22130;主菜
22131;剩菜
22132;炒菜
22133;素菜
22134;紫菜
22135;菜园
22136;菜地
22137;酸菜
22138;冷菜
22139;扬菜
22140;择菜
22141;歇菜
22142;洋菜
22143;熟菜
22144;瓜菜
22145;甜菜
22146;番菜
22147;秋菜
22148;菜瓜
22149;菜蔬
22150;菜豆
22151;菜农
22152;盖菜
22153;苏菜
22154;鲜菜
22155;专家
22156;专属
22157;专辑
22158;专营
22159;专科
22160;专职
22161;专访
22162;专卖
22163;专项
22164;专列
22165;专司
22166;专征
22167;专控
22168;专攻
22169;专政
22170;专断
22171;专案
22172;专权
22173;专款
22174;专著
22175;专责
22176;穿越
22177;越野
22178;横越
22179;激越
22180;百越
22181;越共
22182;越冬
22183;越境
22184;越席
22185;越权
22186;越秀
22187;越职
22188;越轨
22189;越障
22190;久久
22191;持久
22192;久仰
22193;久治
22194;久留
22195;久阔
22196;久陪
22197;耐久
22198;国产
22199;地产
22200;特产
22201;生产
22202;产业
22203;产生
22204;破产
22205;财产
22206;资产
22207;遗产
22208;停产
22209;出产
22210;家产
22211;投产
22212;日产
22213;早产
22214;产下
22215;产值
22216;产假
22217;产前
22218;产地
22219;产妇
22220;产后
22221;产房
22222;产检
22223;产能
22224;盛产
22225;矿产
22226;临产
22227;难产
22228;高产
22229;估产
22230;低产
22231;共产
22232;土产
22233;增产
22234;引产
22235;减产
22236;产仔
22237;产婆
22238;产粮
22239;产销
22240;产院
22241;田产
22242;绝产
22243;联产
22244;脱产
22245;薄产
22246;亏产
22247;丰产
22248;农产
22249;陪产
22250;修身
22251;修剪
22252;修女
22253;修好
22254;修建
22255;修补
22256;修饰
22257;必修
22258;选修
22259;重修
22260;修整
22261;修武
22262;修筑
22263;修编
22264;修练
22265;修规
22266;修院
22267;修齐
22268;培修
22269;整修
22270;岁修
22271;编修
22272;翻修
22273;隐修
22274;大脑
22275;脑袋
22276;洗脑
22277;脑后
22278;乙脑
22279;脑勺
22280;脑室
22281;脑岛
22282;脑桥
22283;脑残
22284;脑汁
22285;脑沟
22286;脑涨
22287;脑炎
22288;脑瓜
22289;脑膜
22290;脑际
22291;首脑
22292;紧张
22293;赶紧
22294;抓紧
22295;紧密
22296;紧握
22297;紧紧
22298;紧跟
22299;紧迫
22300;要紧
22301;严紧
22302;压紧
22303;挤紧
22304;束紧
22305;紧巴
22306;紧抱
22307;紧挤
22308;紧裹
22309;紧追
22310;紧逼
22311;紧集
22312;紧靠
22313;着紧
22314;互联
22315;对联
22316;春联
22317;联系
22318;联合
22319;联想
22320;联欢
22321;联盟
22322;串联
22323;妇联
22324;联保
22325;联名
22326;联播
22327;联络
22328;苏联
22329;银联
22330;并联
22331;联宗
22332;联营
22333;联航
22334;联队
22335;建筑
22336;建设
22337;建议
22338;扩建
22339;创建
22340;封建
22341;搭建
22342;新建
22343;构建
22344;组建
22345;再建
22346;土建
22347;基建
22348;建基
22349;建宁
22350;建康
22351;建政
22352;建昌
22353;建湖
22354;建都
22355;承建
22356;督建
22357;统建
22358;商务
22359;商品
22360;商城
22361;情商
22362;智商
22363;券商
22364;协商
22365;商女
22366;商界
22367;商铺
22368;商贸
22369;招商
22370;经商
22371;共商
22372;商域
22373;商展
22374;商旅
22375;商朝
22376;商检
22377;商河
22378;商港
22379;商汤
22380;商科
22381;商税
22382;商约
22383;商船
22384;商号
22385;商讨
22386;商谈
22387;商誉
22388;商办
22389;商都
22390;商队
22391;坐商
22392;密商
22393;富商
22394;差商
22395;肉商
22396;药商
22397;除夕
22398;除去
22399;除非
22400;乘除
22401;免除
22402;剪除
22403;屏除
22404;庭除
22405;戒除
22406;摘除
22407;撤除
22408;整除
22409;根除
22410;归除
22411;毁除
22412;破除
22413;脱除
22414;释除
22415;除冰
22416;除掉
22417;除暴
22418;除根
22419;除草
22420;除号
22421;革除
22422;叫床
22423;基床
22424;床侧
22425;床沿
22426;炉床
22427;牙床
22428;磨床
22429;矿床
22430;着床
22431;旋床
22432;陪床
22433;灵床
22434;从前
22435;从此
22436;自从
22437;从何
22438;从未
22439;遵从
22440;依从
22441;尊从
22442;从优
22443;从句
22444;从严
22445;从属
22446;从犯
22447;从缓
22448;跟从
22449;演出
22450;扮演
22451;演唱
22452;演技
22453;演示
22454;演义
22455;演艺
22456;饰演
22457;操演
22458;演剧
22459;演播
22460;演替
22461;演武
22462;演算
22463;禁演
22464;义演
22465;讲演
22466;预演
22467;首演
22468;冷血
22469;出血
22470;热血
22471;血压
22472;血液
22473;血管
22474;血色
22475;充血
22476;吸血
22477;抽血
22478;放血
22479;止血
22480;活血
22481;混血
22482;狗血
22483;献血
22484;血型
22485;血拼
22486;血本
22487;血案
22488;血汗
22489;血泪
22490;血统
22491;血缘
22492;血肉
22493;输血
22494;造血
22495;鲜血
22496;供血
22497;便血
22498;捐血
22499;缺血
22500;血史
22501;血塞
22502;血族
22503;血晕
22504;血污
22505;血洗
22506;血田
22507;血胸
22508;血肿
22509;血肠
22510;血亏
22511;血衫
22512;血证
22513;血象
22514;血账
22515;血钻
22516;隐血
22517;充值
22518;估值
22519;增值
22520;升值
22521;值勤
22522;值域
22523;值宿
22524;均值
22525;币值
22526;插值
22527;极值
22528;净值
22529;负值
22530;货值
22531;适值
22532;阻值
22533;麻烦
22534;亚麻
22535;发麻
22536;肉麻
22537;麻袋
22538;麻醉
22539;乱麻
22540;剑麻
22541;种麻
22542;蕉麻
22543;麻瓜
22544;麻疯
22545;麻脸
22546;麻类
22547;麻黄
22548;黄麻
22549;模型
22550;共模
22551;模似
22552;模压
22553;模形
22554;模组
22555;模胡
22556;航模
22557;酸模
22558;吵醒
22559;猛醒
22560;就算
22561;算是
22562;划算
22563;测算
22564;预算
22565;估算
22566;胜算
22567;折算
22568;决算
22569;珠算
22570;笔算
22571;默算
22572;不足
22573;十足
22574;知足
22575;足以
22576;足够
22577;充足
22578;失足
22579;富足
22580;手足
22581;涉足
22582;足下
22583;足疗
22584;足足
22585;禁足
22586;丰足
22587;足印
22588;足岁
22589;足轮
22590;足额
22591;跌足
22592;踏足
22593;简易
22594;易弯
22595;易懂
22596;易碎
22597;易读
22598;易趣
22599;浅易
22600;米易
22601;准许
22602;批准
22603;准则
22604;准确
22605;认准
22606;允准
22607;准予
22608;恩准
22609;凭准
22610;校准
22611;准的
22612;评选
22613;好评
22614;评估
22615;评分
22616;评委
22617;评为
22618;展评
22619;差评
22620;环评
22621;社评
22622;置评
22623;评介
22624;评断
22625;评述
22626;评阅
22627;同步
22628;散步
22629;步步
22630;脚步
22631;跑步
22632;初步
22633;大步
22634;止步
22635;步子
22636;漫步
22637;稳步
22638;舞步
22639;起步
22640;踏步
22641;退步
22642;逐步
22643;停步
22644;八步
22645;慢步
22646;横步
22647;款步
22648;步兵
22649;步摇
22650;步操
22651;步武
22652;步测
22653;独步
22654;留步
22655;异步
22656;疾步
22657;缓步
22658;纵步
22659;跨步
22660;阔步
22661;黄昏
22662;黄牛
22663;黄瓜
22664;黄色
22665;大黄
22666;扫黄
22667;淡黄
22668;焦黄
22669;黄土
22670;黄巾
22671;黄帝
22672;黄泉
22673;黄海
22674;黄片
22675;黄牌
22676;黄绿
22677;黄豆
22678;黄连
22679;黄道
22680;黄鱼
22681;黄龙
22682;仓黄
22683;宜黄
22684;米黄
22685;雄黄
22686;黄忠
22687;黄梅
22688;黄漂
22689;黄玉
22690;黄种
22691;黄简
22692;黄羊
22693;黄胶
22694;黄脸
22695;黄页
22696;黄饼
22697;黄鸭
22698;坚果
22699;坚决
22700;坚执
22701;坚壁
22702;坚忍
22703;坚振
22704;坚牢
22705;坚称
22706;坚致
22707;孙坚
22708;敬祝
22709;李祝
22710;梁祝
22711;祝融
22712;初一
22713;初冬
22714;初创
22715;初升
22716;初次
22717;初潮
22718;初犯
22719;初叶
22720;初设
22721;初赛
22722;太初
22723;兵器
22724;机器
22725;武器
22726;便器
22727;仪器
22728;凶器
22729;器具
22730;器官
22731;器材
22732;器械
22733;器重
22734;暗器
22735;玉器
22736;脏器
22737;伟器
22738;器件
22739;料器
22740;木器
22741;银器
22742;铁器
22743;响器
22744;骨器
22745;是非
22746;非凡
22747;并非
22748;官非
22749;绝非
22750;若非
22751;非份
22752;非但
22753;非典
22754;非核
22755;非独
22756;非零
22757;非党
22758;时刻
22759;此刻
22760;刻薄
22761;刻骨
22762;即刻
22763;刻印
22764;刻写
22765;刻毒
22766;刻版
22767;刻录
22768;木刻
22769;版刻
22770;骨刻
22771;钟表
22772;套钟
22773;摆钟
22774;编钟
22775;警钟
22776;钟室
22777;钟祥
22778;即使
22779;天使
22780;使馆
22781;促使
22782;好使
22783;使团
22784;使怒
22785;使尽
22786;使醉
22787;密使
22788;差使
22789;系列
22790;系统
22791;日系
22792;维系
22793;系上
22794;奉系
22795;根系
22796;械系
22797;母系
22798;派系
22799;父系
22800;祖系
22801;科系
22802;种系
22803;厉害
22804;害怕
22805;毒害
22806;敌害
22807;暗害
22808;虫害
22809;谋害
22810;寻找
22811;找着
22812;找钱
22813;找齐
22814;信号
22815;型号
22816;外号
22817;对号
22818;称号
22819;号令
22820;号码
22821;号称
22822;账号
22823;二号
22824;代号
22825;问号
22826;封号
22827;括号
22828;挂号
22829;摇号
22830;拨号
22831;旗号
22832;暗号
22833;法号
22834;牌号
22835;番号
22836;号召
22837;讯号
22838;记号
22839;串号
22840;乘号
22841;五号
22842;井号
22843;佛号
22844;六号
22845;冒号
22846;刊号
22847;吹号
22848;呼号
22849;尊号
22850;引号
22851;批号
22852;拍号
22853;叹号
22854;混号
22855;减号
22856;腿号
22857;号兵
22858;号哭
22859;号丧
22860;号旗
22861;号牌
22862;号炮
22863;警号
22864;负号
22865;顿号
22866;几百
22867;百姓
22868;百度
22869;百威
22870;百般
22871;百色
22872;百货
22873;百余
22874;凡百
22875;百倍
22876;百胜
22877;百忙
22878;百渡
22879;百济
22880;百谷
22881;百脚
22882;百草
22883;百灵
22884;名义
22885;含义
22886;定义
22887;正义
22888;义务
22889;义气
22890;不义
22891;主义
22892;信义
22893;公义
22894;嘉义
22895;大义
22896;就义
22897;广义
22898;忠义
22899;情义
22900;教义
22901;武义
22902;无义
22903;结义
22904;义人
22905;义卖
22906;兴义
22907;要义
22908;讲义
22909;起义
22910;道义
22911;遵义
22912;释义
22913;顺义
22914;古义
22915;尚义
22916;崇义
22917;异义
22918;疑义
22919;义勇
22920;义怒
22921;义愤
22922;义母
22923;义父
22924;义竹
22925;义警
22926;聚义
22927;词义
22928;判决
22929;决策
22930;决斗
22931;先决
22932;勇决
22933;否决
22934;引决
22935;未决
22936;冲决
22937;议决
22938;登录
22939;登陆
22940;刊登
22941;摩登
22942;荣登
22943;丰登
22944;巴登
22945;登基
22946;登封
22947;登岸
22948;登极
22949;登临
22950;登轮
22951;补登
22952;乱扔
22953;忙乱
22954;慌乱
22955;扰乱
22956;纷乱
22957;胡乱
22958;杂乱
22959;乱叫
22960;乱写
22961;乱抓
22962;乱掉
22963;乱搞
22964;乱政
22965;乱画
22966;乱纪
22967;乱象
22968;乱跑
22969;乱跳
22970;乱党
22971;兵乱
22972;丧乱
22973;搞乱
22974;散乱
22975;昏乱
22976;暴乱
22977;烦乱
22978;狂乱
22979;迷乱
22980;零乱
22981;脏乱
22982;聊且
22983;赶快
22984;赶到
22985;赶往
22986;赶忙
22987;威武
22988;武林
22989;武汉
22990;武艺
22991;武术
22992;尚武
22993;文武
22994;武力
22995;武功
22996;武宁
22997;武打
22998;武断
22999;武松
23000;武生
23001;武警
23002;勇武
23003;寒武
23004;宁武
23005;武胜
23006;武官
23007;武宣
23008;武库
23009;武旦
23010;武略
23011;武职
23012;武举
23013;武都
23014;武乡
23015;临武
23016;灵武
23017;梦境
23018;梦幻
23019;梦乡
23020;梦景
23021;梦遗
23022;旧梦
23023;详梦
23024;迷梦
23025;云梦
23026;早餐
23027;晚餐
23028;餐厅
23029;快餐
23030;餐具
23031;餐桌
23032;冷餐
23033;忘餐
23034;盘餐
23035;圣餐
23036;送餐
23037;配餐
23038;野餐
23039;集餐
23040;餐室
23041;餐巾
23042;餐牌
23043;健康
23044;太康
23045;康佳
23046;康健
23047;康巴
23048;镇康
23049;查找
23050;彻查
23051;扣查
23052;抄查
23053;抽查
23054;探查
23055;搜查
23056;查封
23057;查抄
23058;查探
23059;查核
23060;查禁
23061;查究
23062;查访
23063;查证
23064;查办
23065;查阅
23066;监查
23067;盘查
23068;访查
23069;踏查
23070;追查
23071;冷漠
23072;冷静
23073;寒冷
23074;冷冷
23075;冷冻
23076;冷暖
23077;冷淡
23078;冷艳
23079;冷藏
23080;冷酷
23081;天冷
23082;冷湖
23083;冷盆
23084;爆冷
23085;趋冷
23086;亚当
23087;诺亚
23088;中亚
23089;亚太
23090;亚运
23091;南亚
23092;西亚
23093;起亚
23094;亚父
23095;亚科
23096;亚种
23097;亚纲
23098;亚圣
23099;亚铁
23100;亚类
23101;亚齐
23102;肯亚
23103;该亚
23104;像样
23105;像素
23106;录像
23107;镜像
23108;倒像
23109;像银
23110;哪像
23111;坐像
23112;塑像
23113;形像
23114;异像
23115;圣像
23116;虚像
23117;遗像
23118;显像
23119;约但
23120;向上
23121;向前
23122;偏向
23123;去向
23124;取向
23125;向下
23126;向右
23127;向左
23128;向后
23129;向往
23130;定向
23131;志向
23132;意向
23133;双向
23134;向例
23135;向斜
23136;向盘
23137;向背
23138;引向
23139;径向
23140;掉向
23141;换向
23142;归向
23143;航向
23144;下巴
23145;嘴巴
23146;大巴
23147;尾巴
23148;巴掌
23149;巴西
23150;中巴
23151;古巴
23152;沙巴
23153;泥巴
23154;结巴
23155;锅巴
23156;鸡巴
23157;九巴
23158;印巴
23159;卷巴
23160;巴厘
23161;岗巴
23162;巴楚
23163;巴豆
23164;巴录
23165;巴闭
23166;巴阿
23167;巴斗
23168;毫巴
23169;阿巴
23170;拒绝
23171;绝望
23172;断绝
23173;灭绝
23174;绝唱
23175;绝地
23176;绝境
23177;绝妙
23178;绝密
23179;绝情
23180;绝技
23181;绝招
23182;绝版
23183;绝症
23184;绝食
23185;谢绝
23186;隔绝
23187;戒绝
23188;根绝
23189;弃绝
23190;欲绝
23191;杀绝
23192;绝倒
23193;绝域
23194;绝壁
23195;绝灭
23196;绝笔
23197;绝粮
23198;绝缘
23199;绝罚
23200;绝育
23201;阻绝
23202;浮云
23203;白云
23204;云云
23205;密云
23206;彩云
23207;星云
23208;祥云
23209;阴云
23210;云吞
23211;云彩
23212;云朵
23213;云浮
23214;云烟
23215;云集
23216;云雨
23217;青云
23218;卷云
23219;左云
23220;庆云
23221;疑云
23222;积云
23223;紫云
23224;云和
23225;云室
23226;云林
23227;云梯
23228;云母
23229;云沙
23230;云液
23231;云珠
23232;云豆
23233;驾云
23234;录取
23235;抄录
23236;采录
23237;摘录
23238;检录
23239;烧录
23240;编录
23241;著录
23242;录供
23243;录共
23244;附录
23245;杂录
23246;执着
23247;睡着
23248;着急
23249;冒着
23250;急着
23251;本着
23252;沉着
23253;活着
23254;穿着
23255;着力
23256;着想
23257;着凉
23258;着迷
23259;着重
23260;着陆
23261;跟着
23262;附着
23263;依着
23264;吊着
23265;吸着
23266;引着
23267;循着
23268;忙着
23269;挨着
23270;浮着
23271;由着
23272;着呢
23273;着墨
23274;着忙
23275;着慌
23276;着笔
23277;护着
23278;闭着
23279;保养
23280;修养
23281;培养
23282;收养
23283;营养
23284;养成
23285;养父
23286;养生
23287;休养
23288;供养
23289;家养
23290;寄养
23291;疗养
23292;素养
23293;静养
23294;养分
23295;养家
23296;养殖
23297;养活
23298;养神
23299;养育
23300;养护
23301;喂养
23302;奉养
23303;惯养
23304;扶养
23305;抱养
23306;散养
23307;补养
23308;送养
23309;养兵
23310;养料
23311;养母
23312;养汉
23313;养羊
23314;密码
23315;秘密
23316;加密
23317;周密
23318;密友
23319;密密
23320;密封
23321;密度
23322;密探
23323;密闭
23324;密集
23325;机密
23326;浓密
23327;私密
23328;勤密
23329;严密
23330;填密
23331;密令
23332;密件
23333;密宗
23334;密林
23335;密植
23336;密约
23337;密致
23338;密织
23339;密谈
23340;密送
23341;波密
23342;详密
23343;医密
23344;隐密
23345;烤肉
23346;羊肉
23347;肉体
23348;肌肉
23349;猪肉
23350;鸡肉
23351;果肉
23352;狗肉
23353;生肉
23354;瘦肉
23355;肉末
23356;肉汤
23357;肉眼
23358;肉身
23359;肉酱
23360;肉类
23361;肉饼
23362;肉松
23363;肥肉
23364;骨肉
23365;冻肉
23366;横肉
23367;烟肉
23368;碎肉
23369;肉冠
23370;肉欲
23371;肉条
23372;肉汁
23373;肉鸡
23374;胸肉
23375;腐肉
23376;腰肉
23377;卖肉
23378;毛毛
23379;毛衣
23380;羊毛
23381;毛笔
23382;毛豆
23383;毛发
23384;发毛
23385;羽毛
23386;鸡毛
23387;五毛
23388;寒毛
23389;换毛
23390;棉毛
23391;毛刷
23392;毛刺
23393;毛料
23394;毛根
23395;毛条
23396;毛派
23397;毛细
23398;毛肚
23399;毛象
23400;毫毛
23401;汗毛
23402;烧毛
23403;绒毛
23404;被毛
23405;触毛
23406;软毛
23407;阴毛
23408;须毛
23409;入住
23410;抓住
23411;住宅
23412;住家
23413;住宿
23414;住所
23415;住院
23416;停住
23417;包住
23418;卡住
23419;围住
23420;堵住
23421;守住
23422;挺住
23423;捉住
23424;握住
23425;留住
23426;站住
23427;住校
23428;住舍
23429;借住
23430;吸住
23431;呆住
23432;扎住
23433;扣住
23434;抵住
23435;迷住
23436;便宜
23437;以便
23438;便便
23439;便于
23440;便秘
23441;即便
23442;乘便
23443;便壶
23444;便宴
23445;便帽
23446;便条
23447;便桥
23448;便盆
23449;便签
23450;便览
23451;便鞋
23452;搭便
23453;未便
23454;省便
23455;稳便
23456;简便
23457;请便
23458;灵便
23459;迷人
23460;迷失
23461;迷幻
23462;低迷
23463;影迷
23464;昏迷
23465;沉迷
23466;迷你
23467;迷宫
23468;迷糊
23469;迷途
23470;迷漫
23471;迷航
23472;迷误
23473;迷阵
23474;迷鸟
23475;太太
23476;太过
23477;太仓
23478;太公
23479;太婆
23480;太守
23481;太极
23482;太岁
23483;太湖
23484;乙太
23485;太古
23486;太和
23487;太妹
23488;太宗
23489;太忙
23490;太爷
23491;太祖
23492;太虚
23493;太谷
23494;太阴
23495;犹太
23496;吸烟
23497;戒烟
23498;抽烟
23499;人烟
23500;冒烟
23501;浓烟
23502;烟波
23503;烟灰
23504;烟草
23505;卷烟
23506;敬烟
23507;板烟
23508;烤烟
23509;烟幕
23510;烟厂
23511;烟径
23512;烟卷
23513;烟斗
23514;烟叶
23515;烟袋
23516;烟酸
23517;烟鬼
23518;禁烟
23519;纸烟
23520;让烟
23521;鼻烟
23522;停留
23523;留下
23524;留给
23525;去留
23526;残留
23527;留存
23528;留守
23529;留影
23530;留心
23531;遗留
23532;吸留
23533;存留
23534;留宿
23535;留校
23536;留洋
23537;留种
23538;留置
23539;留职
23540;留遗
23541;留都
23542;留医
23543;留针
23544;留饮
23545;留鸟
23546;阻留
23547;巩留
23548;余留
23549;挑刺
23550;挑嘴
23551;挑夫
23552;挑弄
23553;挑拔
23554;挑染
23555;细挑
23556;果断
23557;切断
23558;剪断
23559;折断
23560;挂断
23561;推断
23562;断奶
23563;断定
23564;断桥
23565;断然
23566;断肠
23567;断裂
23568;断送
23569;决断
23570;片断
23571;阻断
23572;隔断
23573;夹断
23574;审断
23575;截断
23576;摔断
23577;断乎
23578;断句
23579;断案
23580;断档
23581;断灭
23582;断背
23583;断腿
23584;断袖
23585;独断
23586;裁断
23587;买断
23588;跌断
23589;形容
23590;形式
23591;形成
23592;形状
23593;形象
23594;无形
23595;变形
23596;隐形
23597;人形
23598;原形
23599;圆形
23600;地形
23601;形体
23602;情形
23603;整形
23604;方形
23605;有形
23606;现形
23607;球形
23608;异形
23609;身形
23610;体形
23611;五形
23612;伞形
23613;共形
23614;叉形
23615;形旁
23616;形貌
23617;扇形
23618;条形
23619;梯形
23620;概形
23621;波形
23622;脸形
23623;词形
23624;象形
23625;队形
23626;显形
23627;短袖
23628;短裤
23629;简短
23630;弄短
23631;暂短
23632;浅短
23633;短促
23634;短债
23635;短剑
23636;短欠
23637;短波
23638;短简
23639;短粗
23640;短缺
23641;短至
23642;短袜
23643;短跑
23644;护短
23645;帮忙
23646;帮厨
23647;帮办
23648;帮闲
23649;搭帮
23650;穿帮
23651;船帮
23652;鞋帮
23653;健旺
23654;健诊
23655;爽健
23656;雄健
23657;原料
23658;意料
23659;料理
23660;材料
23661;爆料
23662;饮料
23663;加料
23664;塑料
23665;料到
23666;料子
23667;照料
23668;燃料
23669;猛料
23670;笑料
23671;配料
23672;预料
23673;颜料
23674;填料
23675;废料
23676;据料
23677;料仓
23678;料及
23679;料堆
23680;料斗
23681;未料
23682;染料
23683;熟料
23684;磨料
23685;肥料
23686;草料
23687;集料
23688;骨料
23689;往事
23690;往往
23691;来往
23692;往来
23693;往返
23694;往古
23695;往岁
23696;派往
23697;逃往
23698;驶往
23699;充实
23700;补充
23701;冒充
23702;扩充
23703;充塞
23704;充填
23705;充抵
23706;充畅
23707;充氧
23708;抵充
23709;权充
23710;混充
23711;印象
23712;想象
23713;现象
23714;好象
23715;抽象
23716;景象
23717;表象
23718;四象
23719;属象
23720;幻象
23721;征象
23722;摸象
23723;症象
23724;藏象
23725;象限
23726;和尚
23727;和谐
23728;平和
23729;暖和
23730;温和
23731;不和
23732;中和
23733;共和
23734;协和
23735;和善
23736;和好
23737;和服
23738;和乐
23739;和顺
23740;和面
23741;失和
23742;维和
23743;缓和
23744;谦和
23745;违和
23746;附和
23747;劝和
23748;和局
23749;和政
23750;和暖
23751;和牌
23752;和田
23753;和约
23754;和缓
23755;和谈
23756;和静
23757;唱和
23758;政和
23759;混和
23760;融和
23761;详和
23762;谐和
23763;讲和
23764;议和
23765;零和
23766;京剧
23767;回京
23768;京族
23769;京胡
23770;盛京
23771;签证
23772;见证
23773;证券
23774;证据
23775;证明
23776;验证
23777;作证
23778;公证
23779;印证
23780;取证
23781;凭证
23782;证人
23783;证件
23784;证言
23785;辩证
23786;例证
23787;引证
23788;采证
23789;换证
23790;搜证
23791;旁证
23792;检证
23793;权证
23794;确证
23795;举证
23796;证卷
23797;证词
23798;铁证
23799;司令
23800;官司
23801;司炉
23802;厨司
23803;贝司
23804;阴司
23805;预测
23806;预防
23807;预先
23808;预售
23809;预想
23810;预知
23811;预示
23812;预祝
23813;预习
23814;预订
23815;预警
23816;预付
23817;预估
23818;预扣
23819;预案
23820;预购
23821;预赛
23822;预配
23823;刺激
23824;激情
23825;偏激
23826;激励
23827;激怒
23828;激素
23829;激起
23830;并激
23831;愤激
23832;激增
23833;激波
23834;激赏
23835;激赞
23836;激灵
23837;奶奶
23838;喂奶
23839;奶瓶
23840;奶粉
23841;奶汤
23842;奶站
23843;奶农
23844;毒奶
23845;炼奶
23846;珍奶
23847;羊奶
23848;倒下
23849;跌倒
23850;倒映
23851;倒置
23852;倒贴
23853;倒转
23854;倒退
23855;倒闭
23856;倾倒
23857;吓倒
23858;压倒
23859;撞倒
23860;扑倒
23861;滑倒
23862;卧倒
23863;难倒
23864;倒休
23865;倒仓
23866;倒刺
23867;倒写
23868;倒序
23869;倒弄
23870;倒悬
23871;倒扁
23872;倒把
23873;倒挂
23874;倒换
23875;倒败
23876;倒替
23877;倒爷
23878;倒卧
23879;倒赔
23880;倒卖
23881;倒账
23882;倒采
23883;倒锁
23884;却倒
23885;官倒
23886;盘倒
23887;碰倒
23888;翻倒
23889;跪倒
23890;孤独
23891;独家
23892;独自
23893;唯独
23894;独具
23895;独到
23896;独创
23897;独唱
23898;独奏
23899;独尊
23900;独居
23901;独有
23902;独生
23903;独裁
23904;独身
23905;独吞
23906;独夫
23907;独属
23908;独岛
23909;独独
23910;独秀
23911;独胆
23912;独舞
23913;独院
23914;统独
23915;藏独
23916;双独
23917;丈夫
23918;功夫
23919;大夫
23920;夫人
23921;夫妻
23922;夫妇
23923;姐夫
23924;前夫
23925;夫子
23926;妹夫
23927;姨夫
23928;农夫
23929;杰夫
23930;凡夫
23931;千夫
23932;卡夫
23933;夫权
23934;夫余
23935;姑夫
23936;征夫
23937;米夫
23938;胡夫
23939;脚夫
23940;船夫
23941;鱼夫
23942;五彩
23943;十五
23944;第五
23945;周五
23946;五一
23947;五味
23948;五四
23949;五官
23950;五度
23951;五脏
23952;五七
23953;五五
23954;五峰
23955;五帝
23956;五河
23957;五凉
23958;五营
23959;五谷
23960;五笔
23961;五股
23962;五胡
23963;五院
23964;五鬼
23965;平板
23966;模板
23967;刻板
23968;叫板
23969;呆板
23970;木板
23971;板子
23972;板鸭
23973;滑板
23974;甲板
23975;白板
23976;篮板
23977;纸板
23978;脚板
23979;菜板
23980;踏板
23981;身板
23982;钢板
23983;铁板
23984;面板
23985;型板
23986;基板
23987;压板
23988;拍板
23989;拼板
23990;散板
23991;板刷
23992;板壁
23993;板擦
23994;板板
23995;板条
23996;板楼
23997;板牙
23998;板状
23999;板纸
24000;板胡
24001;板脸
24002;板规
24003;板鼓
24004;案板
24005;梯板
24006;楼板
24007;母板
24008;竹板
24009;符板
24010;粉板
24011;背板
24012;腰板
24013;薄板
24014;跳板
24015;铺板
24016;响板
24017;顶板
24018;鼓板
24019;简直
24020;简历
24021;汉简
24022;竹简
24023;简则
24024;简写
24025;简慢
24026;简括
24027;简略
24028;简练
24029;简缩
24030;简繁
24031;简谐
24032;简述
24033;繁简
24034;升官
24035;回升
24036;升幅
24037;升序
24038;升斗
24039;厘升
24040;升降
24041;爬升
24042;毕升
24043;递升
24044;增添
24045;增速
24046;剧增
24047;增兵
24048;增刊
24049;增援
24050;增减
24051;增益
24052;增补
24053;增订
24054;增设
24055;增防
24056;扩增
24057;猛增
24058;递增
24059;粉红
24060;散粉
24061;河粉
24062;凉粉
24063;生粉
24064;粉刺
24065;粉末
24066;粉碎
24067;粉笔
24068;粉饰
24069;粉饼
24070;授粉
24071;洋粉
24072;牙粉
24073;粉刷
24074;粉土
24075;粉扑
24076;糖粉
24077;细粉
24078;钻粉
24079;骨粉
24080;鱼粉
24081;暖暖
24082;采暖
24083;暖瓶
24084;汽暖
24085;卡通
24086;打卡
24087;摩卡
24088;贺卡
24089;刷卡
24090;卡农
24091;大卡
24092;发卡
24093;绿卡
24094;显卡
24095;千卡
24096;卡尺
24097;卡弹
24098;卡恩
24099;卡纸
24100;林卡
24101;补卡
24102;钻卡
24103;闪卡
24104;阿卡
24105;置于
24106;置信
24107;置办
24108;购置
24109;配置
24110;闲置
24111;偏置
24112;废置
24113;措置
24114;换置
24115;弃置
24116;置换
24117;置疑
24118;置买
24119;置辩
24120;置顶
24121;妹妹
24122;姐妹
24123;姨妹
24124;幼妹
24125;弟妹
24126;奋斗
24127;批斗
24128;拼斗
24129;漏斗
24130;争斗
24131;阿斗
24132;斗嘴
24133;斗志
24134;斗智
24135;斗争
24136;吊斗
24137;墨斗
24138;恶斗
24139;抽斗
24140;拖斗
24141;挨斗
24142;斗六
24143;斤斗
24144;械斗
24145;科斗
24146;赌斗
24147;斗舰
24148;剧情
24149;喜剧
24150;悲剧
24151;剧烈
24152;剧照
24153;剧痛
24154;剧组
24155;剧透
24156;剧院
24157;加剧
24158;急剧
24159;歌剧
24160;越剧
24161;闹剧
24162;剧社
24163;惨剧
24164;舞剧
24165;谐剧
24166;豫剧
24167;趣剧
24168;丑剧
24169;杂剧
24170;哥哥
24171;大哥
24172;帅哥
24173;伟哥
24174;堂哥
24175;完整
24176;整个
24177;整夜
24178;整整
24179;整洁
24180;休整
24181;汇整
24182;挨整
24183;整并
24184;整套
24185;整条
24186;整环
24187;整肃
24188;整训
24189;整队
24190;规整
24191;历史
24192;农历
24193;来历
24194;挂历
24195;历年
24196;历来
24197;历尽
24198;旧历
24199;阅历
24200;阴历
24201;册历
24202;夏历
24203;历届
24204;历次
24205;涉历
24206;皇历
24207;遍历
24208;基地
24209;基础
24210;地基
24211;基准
24212;基站
24213;基点
24214;根基
24215;维基
24216;乙基
24217;基团
24218;基极
24219;基波
24220;基测
24221;基脚
24222;基频
24223;氧基
24224;洋基
24225;甲基
24226;陆基
24227;厌恶
24228;可恶
24229;恶心
24230;恶梦
24231;作恶
24232;善恶
24233;好恶
24234;恶人
24235;恶俗
24236;恶战
24237;恶搞
24238;恶果
24239;恶毒
24240;恶习
24241;恶臭
24242;恶行
24243;恶补
24244;丑恶
24245;险恶
24246;元恶
24247;嫌恶
24248;恨恶
24249;恶创
24250;恶妇
24251;恶徒
24252;恶恨
24253;恶损
24254;恶岁
24255;恶汉
24256;恶狠
24257;恶疾
24258;恶骂
24259;恶舌
24260;恶辣
24261;恶鬼
24262;积恶
24263;旧恶
24264;避恶
24265;怀疑
24266;关怀
24267;忘怀
24268;感怀
24269;怀抱
24270;释怀
24271;介怀
24272;寄怀
24273;怀古
24274;怀宁
24275;怀恨
24276;怀乡
24277;挂怀
24278;追怀
24279;显怀
24280;动画
24281;漫画
24282;绘画
24283;作画
24284;刻画
24285;壁画
24286;如画
24287;插画
24288;沙画
24289;画像
24290;画册
24291;画卷
24292;画图
24293;画室
24294;画家
24295;画展
24296;画笔
24297;笔画
24298;描画
24299;版画
24300;画圆
24301;画幅
24302;画押
24303;画架
24304;策画
24305;诗画
24306;贴画
24307;承继
24308;继母
24309;继父
24310;即付
24311;即令
24312;即墨
24313;即或
24314;即由
24315;旋即
24316;仔细
24317;细节
24318;细胞
24319;详细
24320;心细
24321;明细
24322;粗细
24323;精细
24324;细分
24325;细密
24326;细微
24327;细致
24328;尖细
24329;巨细
24330;细则
24331;细察
24332;细河
24333;细润
24334;细碎
24335;细究
24336;细腰
24337;细软
24338;细辛
24339;舒适
24340;适宜
24341;李适
24342;适配
24343;适销
24344;适龄
24345;姐姐
24346;姨姐
24347;厘米
24348;小米
24349;平米
24350;玉米
24351;米粉
24352;米饭
24353;毫米
24354;生米
24355;白米
24356;纳米
24357;杰米
24358;千米
24359;几米
24360;炒米
24361;米林
24362;米泉
24363;讨米
24364;有的
24365;的确
24366;似的
24367;妈的
24368;的哥
24369;寻的
24370;摩的
24371;的款
24372;破的
24373;零的
24374;影院
24375;法院
24376;医院
24377;入院
24378;寺院
24379;庭院
24380;后院
24381;戏院
24382;院校
24383;两院
24384;宅院
24385;议院
24386;跨院
24387;手术
24388;技术
24389;艺术
24390;心术
24391;算术
24392;骗术
24393;枪术
24394;医术
24395;骑术
24396;富有
24397;富贵
24398;丰富
24399;富于
24400;富婆
24401;暴富
24402;致富
24403;首富
24404;富宁
24405;富源
24406;富矿
24407;富农
24408;巨富
24409;愤富
24410;豪富
24411;露富
24412;背景
24413;景致
24414;愿景
24415;胜景
24416;幻景
24417;惨景
24418;采景
24419;景仰
24420;景宁
24421;景况
24422;景谷
24423;荣景
24424;盛景
24425;秋景
24426;首先
24427;先前
24428;先天
24429;先知
24430;率先
24431;祖先
24432;占先
24433;尽先
24434;先令
24435;先例
24436;先汉
24437;先烈
24438;先父
24439;先皇
24440;先辈
24441;争先
24442;父母
24443;丈母
24444;母女
24445;母校
24446;母鸡
24447;祖母
24448;圣母
24449;航母
24450;乳母
24451;亡母
24452;叔母
24453;姑母
24454;姨母
24455;寄母
24456;母弹
24457;母港
24458;母船
24459;珠母
24460;益母
24461;贝母
24462;宁静
24463;幽静
24464;心静
24465;沉静
24466;静候
24467;静坐
24468;静止
24469;静默
24470;稳静
24471;静宁
24472;依旧
24473;依依
24474;依恋
24475;依据
24476;依次
24477;依傍
24478;依存
24479;依属
24480;依循
24481;凭依
24482;归依
24483;铁杆
24484;铁路
24485;高铁
24486;打铁
24487;拿铁
24488;铁人
24489;铁甲
24490;铁轨
24491;铁道
24492;铁锅
24493;废铁
24494;李铁
24495;炼铁
24496;熟铁
24497;苏铁
24498;锻铁
24499;铁峰
24500;铁幕
24501;铁托
24502;铁棒
24503;铁环
24504;铁箱
24505;铁饼
24506;存储
24507;存在
24508;生存
24509;并存
24510;储存
24511;存心
24512;存折
24513;存款
24514;存活
24515;存货
24516;存钱
24517;封存
24518;善存
24519;存亡
24520;存根
24521;存贷
24522;积存
24523;闪存
24524;余存
24525;守护
24526;维护
24527;护肤
24528;拥护
24529;看护
24530;护航
24531;护卫
24532;护送
24533;防护
24534;偏护
24535;救护
24536;卫护
24537;护封
24538;医护
24539;洗净
24540;洗澡
24541;擦洗
24542;冲洗
24543;洗刷
24544;洗牌
24545;拆洗
24546;施洗
24547;洗练
24548;洗胃
24549;洗脱
24550;洗钱
24551;漂洗
24552;耐洗
24553;圣洗
24554;怪秘
24555;秘藏
24556;私秘
24557;秘技
24558;全集
24559;合集
24560;征集
24561;收集
24562;集中
24563;集合
24564;集团
24565;集体
24566;汇集
24567;召集
24568;影集
24569;怀集
24570;采集
24571;搜集
24572;文集
24573;聚集
24574;诗集
24575;赶集
24576;集成
24577;集美
24578;集聚
24579;集训
24580;集集
24581;巨集
24582;招集
24583;浓集
24584;纠集
24585;约集
24586;补集
24587;辑集
24588;辛集
24589;集刊
24590;集宁
24591;集散
24592;集材
24593;集束
24594;集约
24595;集纳
24596;集邮
24597;杂集
24598;余集
24599;齐集
24600;亮丽
24601;佳丽
24602;壮丽
24603;秀丽
24604;艳丽
24605;伟丽
24606;硕丽
24607;丽致
24608;丽词
24609;丽辞
24610;丽丽
24611;婆婆
24612;占婆
24613;叔婆
24614;姑婆
24615;婆娘
24616;湿婆
24617;稳婆
24618;鬼婆
24619;土豆
24620;红豆
24621;豆腐
24622;豆奶
24623;豆沙
24624;豆类
24625;麻豆
24626;甜豆
24627;胡豆
24628;豆汁
24629;豆科
24630;豆薯
24631;酸豆
24632;尽快
24633;尽管
24634;尽力
24635;尽情
24636;倾尽
24637;尽早
24638;受尽
24639;散尽
24640;尽心
24641;尽职
24642;穷尽
24643;耗尽
24644;吸尽
24645;丧尽
24646;净尽
24647;尽忠
24648;尽致
24649;尽责
24650;尽饱
24651;详尽
24652;来源
24653;源于
24654;光源
24655;根源
24656;桃源
24657;源泉
24658;源自
24659;生源
24660;发源
24661;货源
24662;起源
24663;开源
24664;兵源
24665;泉源
24666;源汇
24667;源码
24668;汉源
24669;词源
24670;震源
24671;汗漫
24672;呼吸
24673;呼呼
24674;招呼
24675;呼叫
24676;呼喊
24677;欢呼
24678;呼召
24679;呼喝
24680;呼救
24681;爸爸
24682;兔爸
24683;促销
24684;营销
24685;销售
24686;撤销
24687;直销
24688;注销
24689;销毁
24690;开销
24691;供销
24692;倾销
24693;寄销
24694;展销
24695;承销
24696;抵销
24697;插销
24698;核销
24699;统销
24700;脱销
24701;配销
24702;销势
24703;销案
24704;销账
24705;作曲
24706;名曲
24707;夜曲
24708;委曲
24709;序曲
24710;戏曲
24711;卷曲
24712;曲折
24713;曲艺
24714;曲解
24715;乐曲
24716;编曲
24717;舞曲
24718;元曲
24719;唱曲
24720;套曲
24721;散曲
24722;曲尺
24723;曲松
24724;曲率
24725;曲笔
24726;河曲
24727;申曲
24728;盘曲
24729;组曲
24730;乡曲
24731;酸曲
24732;双曲
24733;一举
24734;举手
24735;举办
24736;选举
24737;创举
24738;壮举
24739;举例
24740;举措
24741;举杯
24742;举止
24743;举起
24744;并举
24745;伟举
24746;抓举
24747;挺举
24748;措举
24749;抬举
24750;检举
24751;略举
24752;盛举
24753;科举
24754;举债
24755;元素
24756;因素
24757;素材
24758;毒素
24759;素描
24760;素颜
24761;要素
24762;黑素
24763;互素
24764;核素
24765;纯素
24766;词素
24767;父女
24768;父爱
24769;叔父
24770;丧父
24771;严父
24772;姑父
24773;姨父
24774;季父
24775;父兄
24776;父辈
24777;异父
24778;圣父
24779;幽灵
24780;心灵
24781;精灵
24782;灵感
24783;亡灵
24784;失灵
24785;生灵
24786;神灵
24787;圣灵
24788;灵巧
24789;灵敏
24790;灵机
24791;灵异
24792;灵药
24793;灵验
24794;哭灵
24795;四灵
24796;威灵
24797;守灵
24798;属灵
24799;都灵
24800;灵堂
24801;灵塔
24802;灵寿
24803;灵妙
24804;灵怪
24805;灵恩
24806;灵泛
24807;灵渠
24808;灵符
24809;灵猫
24810;列宁
24811;安宁
24812;宁可
24813;宁波
24814;宁愿
24815;咸宁
24816;大宁
24817;宁夏
24818;宁肯
24819;宁乡
24820;广宁
24821;普宁
24822;李宁
24823;济宁
24824;贝宁
24825;休宁
24826;寿宁
24827;宁宗
24828;宁河
24829;宁都
24830;张宁
24831;昌宁
24832;肃宁
24833;丰宁
24834;乡宁
24835;回首
24836;首都
24837;首页
24838;元首
24839;榜首
24840;为首
24841;聚首
24842;自首
24843;首席
24844;首映
24845;首次
24846;首相
24847;首要
24848;首选
24849;首饰
24850;句首
24851;岁首
24852;疾首
24853;船首
24854;舰首
24855;铺首
24856;页首
24857;顿首
24858;首付
24859;首例
24860;首倡
24861;首创
24862;首季
24863;首尾
24864;首届
24865;首层
24866;首款
24867;首轮
24868;首办
24869;可惜
24870;珍惜
24871;休惜
24872;叹惜
24873;怜惜
24874;疼惜
24875;顾惜
24876;捕鱼
24877;章鱼
24878;金鱼
24879;鱼头
24880;墨鱼
24881;打鱼
24882;摸鱼
24883;木鱼
24884;草鱼
24885;青鱼
24886;鱼子
24887;鱼尾
24888;鱼排
24889;鱼水
24890;鱼池
24891;鱼种
24892;鱼网
24893;鱼肚
24894;鱼雷
24895;鱼类
24896;鱼骨
24897;鱼龙
24898;嘉鱼
24899;尊鱼
24900;炸鱼
24901;甲鱼
24902;箭鱼
24903;纸鱼
24904;针鱼
24905;银鱼
24906;双鱼
24907;鱼叉
24908;鱼峰
24909;鱼群
24910;鱼船
24911;鱼贯
24912;鱼饼
24913;鱼松
24914;鱼鼓
24915;夏河
24916;天河
24917;河北
24918;河东
24919;河流
24920;河源
24921;河谷
24922;河边
24923;银河
24924;黄河
24925;先河
24926;冰河
24927;小河
24928;广河
24929;爱河
24930;拔河
24931;沙河
24932;河岸
24933;河床
24934;河池
24935;河道
24936;海河
24937;清河
24938;漠河
24939;红河
24940;临河
24941;跳河
24942;通河
24943;开河
24944;陆河
24945;香河
24946;两河
24947;塔河
24948;引河
24949;暗河
24950;根河
24951;梁河
24952;河叉
24953;河套
24954;河村
24955;河港
24956;渡河
24957;庄河
24958;顿河
24959;齐河
24960;阿哥
24961;阿姨
24962;阿门
24963;东阿
24964;阿们
24965;阿奶
24966;阿妹
24967;阿婆
24968;阿弟
24969;阿明
24970;阿森
24971;阿比
24972;阿爸
24973;阿盟
24974;阿诺
24975;阿难
24976;阿兄
24977;阿土
24978;阿堵
24979;阿昌
24980;阿蒙
24981;阿苏
24982;阿乡
24983;阿附
24984;阿鼻
24985;吸引
24986;引起
24987;引爆
24988;引嫌
24989;引征
24990;引柴
24991;引渡
24992;引申
24993;引述
24994;引退
24995;招引
24996;援引
24997;摘引
24998;索引
24999;争取
25000;争吵
25001;争夺
25002;争气
25003;竞争
25004;抗争
25005;争宠
25006;争抢
25007;争相
25008;争端
25009;争议
25010;争锋
25011;相争
25012;纷争
25013;拼争
25014;争衡
25015;争购
25016;争雄
25017;辩争
25018;招牌
25019;牌局
25020;牌照
25021;玩牌
25022;盾牌
25023;银牌
25024;冒牌
25025;叫牌
25026;摘牌
25027;摸牌
25028;旗牌
25029;牌楼
25030;符牌
25031;虎牌
25032;双牌
25033;杂牌
25034;显示
25035;出示
25036;启示
25037;暗示
25038;示范
25039;例示
25040;宣示
25041;晓示
25042;示例
25043;示恩
25044;示众
25045;示警
25046;训示
25047;请示
25048;默示
25049;古城
25050;古老
25051;上古
25052;仿古
25053;千古
25054;古今
25055;古来
25056;古典
25057;古宅
25058;古怪
25059;古文
25060;古时
25061;古板
25062;古玩
25063;古琴
25064;古田
25065;古诗
25066;古道
25067;古都
25068;盘古
25069;远古
25070;古丈
25071;古史
25072;古墓
25073;古币
25074;古波
25075;古籍
25076;古旧
25077;古诺
25078;吊古
25079;泥古
25080;皇古
25081;览古
25082;访古
25083;创新
25084;原创
25085;创下
25086;创办
25087;开创
25088;创优
25089;创汇
25090;创设
25091;创议
25092;公社
25093;社团
25094;旅社
25095;社旗
25096;社科
25097;社群
25098;吉林
25099;森林
25100;少林
25101;巴林
25102;林木
25103;林冲
25104;林立
25105;林肯
25106;梅林
25107;玉林
25108;田林
25109;竹林
25110;林奈
25111;林村
25112;林森
25113;沙林
25114;矮林
25115;秀林
25116;科林
25117;绿林
25118;羽林
25119;虎林
25120;放松
25121;松下
25122;松露
25123;松鼠
25124;松动
25125;松手
25126;松散
25127;松糕
25128;松软
25129;嘴松
25130;宿松
25131;松岛
25132;松木
25133;松田
25134;松科
25135;松菌
25136;松鸡
25137;松土
25138;松泛
25139;松缓
25140;松脱
25141;鸟松
25142;打破
25143;破坏
25144;突破
25145;划破
25146;摔破
25147;爆破
25148;看破
25149;破例
25150;破戒
25151;破损
25152;破晓
25153;破案
25154;破洞
25155;破烂
25156;破获
25157;破相
25158;破旧
25159;破裂
25160;破译
25161;冲破
25162;点破
25163;刺破
25164;揭破
25165;撑破
25166;攻破
25167;残破
25168;破亡
25169;破冰
25170;破壁
25171;破局
25172;破败
25173;破约
25174;破缺
25175;破胆
25176;破读
25177;破镜
25178;破鞋
25179;破颜
25180;胆破
25181;读破
25182;展现
25183;展示
25184;伸展
25185;展望
25186;展露
25187;招展
25188;扩展
25189;舒展
25190;宽展
25191;展列
25192;展室
25193;展宽
25194;展播
25195;展缓
25196;延展
25197;铺展
25198;局长
25199;饭局
25200;骗局
25201;一局
25202;局限
25203;全局
25204;分局
25205;定局
25206;局势
25207;平局
25208;残局
25209;邮局
25210;开局
25211;局促
25212;危局
25213;困局
25214;懂局
25215;败局
25216;设局
25217;警局
25218;团队
25219;排队
25220;乐队
25221;球队
25222;部队
25223;队伍
25224;队长
25225;插队
25226;支队
25227;归队
25228;舰队
25229;队列
25230;队友
25231;队服
25232;领队
25233;兵队
25234;列队
25235;掉队
25236;梯队
25237;横队
25238;纵队
25239;船队
25240;卫队
25241;队尾
25242;队旗
25243;按摩
25244;摩擦
25245;摩根
25246;毕摩
25247;扬雄
25248;楚雄
25249;镇雄
25250;雄猫
25251;甚至
25252;至少
25253;至今
25254;至极
25255;冬至
25256;及至
25257;夏至
25258;几至
25259;至若
25260;至诚
25261;跌至
25262;冰冷
25263;冰箱
25264;冰糖
25265;结冰
25266;冰冻
25267;冰封
25268;冰心
25269;冰灯
25270;冰点
25271;滑冰
25272;冰刀
25273;冰塔
25274;冰塞
25275;冰帽
25276;冰桥
25277;冰柜
25278;冰毒
25279;冰洞
25280;冰沟
25281;冰硬
25282;冰糕
25283;冰船
25284;冰袋
25285;冰轮
25286;冰释
25287;冰鞋
25288;李冰
25289;棒冰
25290;浮冰
25291;疑冰
25292;积冰
25293;融冰
25294;退冰
25295;健忘
25296;淡忘
25297;善忘
25298;似乎
25299;在乎
25300;几乎
25301;介乎
25302;忙乎
25303;确乎
25304;天堂
25305;同堂
25306;堂妹
25307;堂姐
25308;堂弟
25309;厅堂
25310;澡堂
25311;课堂
25312;令堂
25313;堂兄
25314;堂堂
25315;堂屋
25316;堂皇
25317;寿堂
25318;尊堂
25319;庭堂
25320;拖堂
25321;跑堂
25322;兄弟
25323;弟弟
25324;令弟
25325;幼弟
25326;弟兄
25327;弟妇
25328;杆弟
25329;盟弟
25330;舍弟
25331;避免
25332;以免
25333;免得
25334;免掉
25335;免签
25336;免赔
25337;免遭
25338;宽免
25339;减免
25340;罢免
25341;效果
25342;有效
25343;失效
25344;成效
25345;效益
25346;生效
25347;疗效
25348;绩效
25349;仿效
25350;低效
25351;效尤
25352;效忠
25353;综效
25354;肥效
25355;显效
25356;皮草
25357;草根
25358;校草
25359;绿草
25360;草包
25361;草帽
25362;草木
25363;草本
25364;草案
25365;草率
25366;草稿
25367;草草
25368;草药
25369;草酸
25370;野草
25371;杂草
25372;青草
25373;劲草
25374;宿草
25375;柴草
25376;谷草
25377;纸草
25378;紫草
25379;草屋
25380;草码
25381;草纸
25382;草鞋
25383;讨厌
25384;探讨
25385;征讨
25386;申讨
25387;研讨
25388;讨嫌
25389;讨巧
25390;讨扰
25391;讨究
25392;讨账
25393;励志
25394;同志
25395;志趣
25396;日志
25397;杂志
25398;丧志
25399;壮志
25400;大志
25401;得志
25402;心志
25403;志愿
25404;尚志
25405;职志
25406;默志
25407;扩张
25408;张力
25409;张望
25410;张贴
25411;慌张
25412;纸张
25413;声张
25414;伸张
25415;张仪
25416;张湾
25417;张秋
25418;张籍
25419;张衡
25420;张震
25421;舒张
25422;铺张
25423;来临
25424;临时
25425;临近
25426;降临
25427;面临
25428;临别
25429;临到
25430;临场
25431;临安
25432;临床
25433;临海
25434;临终
25435;临行
25436;临阵
25437;亲临
25438;再临
25439;临危
25440;临夏
25441;临写
25442;临朝
25443;临泉
25444;临盆
25445;临街
25446;迫临
25447;驾临
25448;丢掉
25449;吃掉
25450;忘掉
25451;剪掉
25452;喝掉
25453;失掉
25454;扔掉
25455;拔掉
25456;掉下
25457;掉泪
25458;杀掉
25459;减掉
25460;灭掉
25461;烧掉
25462;脱掉
25463;卖掉
25464;跑掉
25465;划掉
25466;挖掉
25467;掉换
25468;冲掉
25469;泼掉
25470;锁掉
25471;各异
25472;各种
25473;各类
25474;极其
25475;极品
25476;极度
25477;极端
25478;极致
25479;极限
25480;消极
25481;无极
25482;积极
25483;终极
25484;极大
25485;极客
25486;极少
25487;偏极
25488;偶极
25489;两极
25490;极径
25491;极核
25492;极辣
25493;负极
25494;阴极
25495;双极
25496;团圆
25497;团结
25498;团聚
25499;团购
25500;一团
25501;兵团
25502;剧团
25503;团伙
25504;团年
25505;星团
25506;团扇
25507;团练
25508;疑团
25509;党团
25510;校园
25511;分校
25512;名校
25513;校友
25514;审校
25515;旗校
25516;校刊
25517;校官
25518;校庆
25519;校监
25520;校舍
25521;校规
25522;校订
25523;校训
25524;校阅
25525;校际
25526;检校
25527;艺校
25528;卫校
25529;贵校
25530;该隐
25531;推测
25532;测评
25533;测验
25534;猜测
25535;估测
25536;探测
25537;测控
25538;测绘
25539;测良
25540;未免
25541;未尝
25542;未央
25543;未解
25544;乙未
25545;尚未
25546;未冠
25547;未及
25548;未几
25549;未曾
25550;未熟
25551;未竟
25552;未羊
25553;辛未
25554;沉重
25555;沉默
25556;低沉
25557;沉沉
25558;沉没
25559;沉睡
25560;沉稳
25561;沉醉
25562;消沉
25563;阴沉
25564;沉箱
25565;沉缓
25566;沉降
25567;沉陷
25568;沉雷
25569;翻沉
25570;传送
25571;发送
25572;赠送
25573;送礼
25574;送别
25575;送货
25576;配送
25577;播送
25578;送股
25579;送返
25580;送医
25581;递送
25582;一致
25583;精致
25584;致命
25585;致敬
25586;以致
25587;致以
25588;致使
25589;殊致
25590;致歉
25591;致残
25592;致贺
25593;设备
25594;设置
25595;摆设
25596;设想
25597;设防
25598;开设
25599;架设
25600;毕设
25601;设岗
25602;设厂
25603;设或
25604;设若
25605;附设
25606;善于
25607;善良
25608;完善
25609;改善
25610;友善
25611;善事
25612;善心
25613;善款
25614;善策
25615;善缘
25616;良善
25617;丢弃
25618;废弃
25619;舍弃
25620;遗弃
25621;厌弃
25622;吐弃
25623;扔弃
25624;捐弃
25625;弃守
25626;弃核
25627;弃船
25628;办到
25629;办好
25630;协办
25631;官办
25632;批办
25633;承办
25634;拿办
25635;采办
25636;措办
25637;操办
25638;添办
25639;汉办
25640;营办
25641;申办
25642;私办
25643;究办
25644;缓办
25645;买办
25646;办案
25647;办罪
25648;遵办
25649;属实
25650;属相
25651;归属
25652;亲属
25653;附属
25654;梨属
25655;烈属
25656;纯属
25657;统属
25658;配属
25659;类型
25660;发型
25661;典型
25662;句型
25663;定型
25664;巨型
25665;微型
25666;成型
25667;有型
25668;脸型
25669;型状
25670;核型
25671;概型
25672;甲型
25673;纸型
25674;室友
25675;密室
25676;皇室
25677;科室
25678;课室
25679;侧室
25680;妻室
25681;宗室
25682;暗室
25683;鼓室
25684;年货
25685;现货
25686;发货
25687;货物
25688;交货
25689;假货
25690;出货
25691;到货
25692;提货
25693;日货
25694;炒货
25695;缺货
25696;识货
25697;货品
25698;货币
25699;货架
25700;货款
25701;退货
25702;杂货
25703;验货
25704;供货
25705;售货
25706;土货
25707;次货
25708;泡货
25709;洋货
25710;盘货
25711;笨货
25712;统货
25713;脱货
25714;旧货
25715;船货
25716;订货
25717;货仓
25718;货柜
25719;货盘
25720;货站
25721;货船
25722;购货
25723;鲜货
25724;优先
25725;优惠
25726;优秀
25727;优点
25728;优异
25729;优盘
25730;优良
25731;优越
25732;优酷
25733;占优
25734;优胜
25735;优厚
25736;相聚
25737;聚餐
25738;积聚
25739;聚散
25740;聚焦
25741;重聚
25742;聚伙
25743;聚积
25744;聚谈
25745;聚议
25746;聚饮
25747;起诉
25748;胜诉
25749;吐诉
25750;抗诉
25751;控诉
25752;败诉
25753;诉状
25754;诉诸
25755;诉述
25756;追诉
25757;中药
25758;吃药
25759;毒药
25760;良药
25761;药局
25762;药店
25763;药物
25764;农药
25765;医药
25766;入药
25767;弹药
25768;服药
25769;炸药
25770;药房
25771;药方
25772;药材
25773;药片
25774;药瓶
25775;药用
25776;补药
25777;西药
25778;配药
25779;开药
25780;麻药
25781;令药
25782;坐药
25783;抓药
25784;抗药
25785;末药
25786;汤药
25787;蒙药
25788;禁药
25789;圣药
25790;药典
25791;药棉
25792;药检
25793;药疗
25794;药签
25795;鼠药
25796;站岗
25797;站牌
25798;站稳
25799;站起
25800;罚站
25801;停站
25802;兵站
25803;粮站
25804;航站
25805;典范
25806;恩典
25807;庆典
25808;词典
25809;佛典
25810;仪典
25811;典籍
25812;典藏
25813;操典
25814;圣典
25815;释典
25816;智慧
25817;弱智
25818;智障
25819;益智
25820;急智
25821;才智
25822;智育
25823;谋智
25824;由于
25825;自由
25826;任由
25827;由来
25828;摘由
25829;案由
25830;由径
25831;事件
25832;文件
25833;条件
25834;软件
25835;邮件
25836;信件
25837;原件
25838;固件
25839;大件
25840;插件
25841;案件
25842;部件
25843;配件
25844;附件
25845;零件
25846;元件
25847;批件
25848;抄件
25849;控件
25850;散件
25851;构件
25852;群件
25853;杂件
25854;起码
25855;乱码
25856;尺码
25857;条码
25858;编码
25859;略码
25860;补码
25861;页码
25862;余码
25863;境界
25864;环境
25865;入境
25866;出境
25867;困境
25868;境况
25869;境遇
25870;家境
25871;幻境
25872;情境
25873;止境
25874;佳境
25875;危境
25876;四境
25877;惨境
25878;跨境
25879;险境
25880;木瓜
25881;木耳
25882;木头
25883;麻木
25884;原木
25885;土木
25886;木偶
25887;木工
25888;木料
25889;木材
25890;木棉
25891;积木
25892;红木
25893;铃木
25894;木剑
25895;木村
25896;木柴
25897;木杆
25898;木版
25899;木琴
25900;木糖
25901;木船
25902;木薯
25903;木鞋
25904;李木
25905;梁木
25906;横木
25907;乌木
25908;硬木
25909;竹木
25910;胶木
25911;苏木
25912;软木
25913;旋木
25914;公鸡
25915;鸡腿
25916;叫鸡
25917;炸鸡
25918;乌鸡
25919;烤鸡
25920;田鸡
25921;野鸡
25922;雄鸡
25923;鸡婆
25924;鸡排
25925;鸡脚
25926;鸡西
25927;斗鸡
25928;醉鸡
25929;鸡冠
25930;鸡珍
25931;悲壮
25932;悲惨
25933;悲愤
25934;悲凉
25935;悲痛
25936;悲叹
25937;悲愁
25938;出差
25939;差距
25940;时差
25941;偏差
25942;差事
25943;差远
25944;差错
25945;邮差
25946;汇差
25947;均差
25948;官差
25949;差派
25950;差误
25951;岁差
25952;种差
25953;肥差
25954;误差
25955;跟差
25956;较差
25957;午休
25958;且休
25959;介休
25960;休兵
25961;休妻
25962;休庭
25963;休止
25964;具有
25965;工具
25966;玩具
25967;模具
25968;茶具
25969;吊具
25970;夹具
25971;厕具
25972;厨具
25973;洁具
25974;卧具
25975;农具
25976;泪液
25977;炮灰
25978;炮兵
25979;炮炼
25980;炮耳
25981;炮舰
25982;炮响
25983;奇兵
25984;兵营
25985;出兵
25986;官兵
25987;新兵
25988;老兵
25989;兵库
25990;兵权
25991;兵种
25992;兵船
25993;兵舰
25994;列兵
25995;守兵
25996;征兵
25997;招兵
25998;援兵
25999;搬兵
26000;撤兵
26001;散兵
26002;旗兵
26003;派兵
26004;疑兵
26005;练兵
26006;卫兵
26007;裁兵
26008;逃兵
26009;阅兵
26010;合约
26011;大约
26012;婚约
26013;相约
26014;节约
26015;简约
26016;签约
26017;约定
26018;约会
26019;约束
26020;隐约
26021;预约
26022;公约
26023;北约
26024;失约
26025;条约
26026;爽约
26027;约克
26028;约旦
26029;续约
26030;违约
26031;里约
26032;协约
26033;守约
26034;毁约
26035;盟约
26036;租约
26037;约坦
26038;约塔
26039;约摸
26040;约根
26041;约柜
26042;约略
26043;约纳
26044;约请
26045;缩约
26046;圣约
26047;背约
26048;旧约
26049;规约
26050;践约
26051;医生
26052;就医
26053;求医
26054;牙医
26055;医务
26056;医改
26057;医治
26058;医科
26059;良医
26060;乡医
26061;医官
26062;医托
26063;医案
26064;增压
26065;压挤
26066;压根
26067;压碎
26068;压迫
26069;抗压
26070;指压
26071;按压
26072;挤压
26073;施压
26074;欺压
26075;气压
26076;减压
26077;积压
26078;重压
26079;低压
26080;偏压
26081;压低
26082;压埋
26083;压坏
26084;层压
26085;弹压
26086;扣压
26087;液压
26088;稳压
26089;负压
26090;钻压
26091;拥抱
26092;拥塞
26093;元宝
26094;元旦
26095;美元
26096;元代
26097;元帅
26098;元老
26099;多元
26100;日元
26101;次元
26102;港元
26103;状元
26104;纪元
26105;开元
26106;元史
26107;元朗
26108;元末
26109;元谋
26110;元配
26111;庆元
26112;混元
26113;银元
26114;淡定
26115;冲淡
26116;淡淡
26117;淡漠
26118;淡季
26119;折磨
26120;折射
26121;折纸
26122;波折
26123;骨折
26124;九折
26125;奏折
26126;折刀
26127;折扇
26128;折杀
26129;折笔
26130;折罪
26131;折耗
26132;折返
26133;折钱
26134;折奏
26135;折尺
26136;折椅
26137;折裙
26138;横折
26139;磨折
26140;亏折
26141;图案
26142;方案
26143;档案
26144;答案
26145;备案
26146;拍案
26147;案例
26148;案子
26149;涉案
26150;另案
26151;几案
26152;惨案
26153;悬案
26154;案称
26155;桌案
26156;条案
26157;犯案
26158;疑案
26159;积案
26160;罪案
26161;翻案
26162;旧案
26163;遗案
26164;地盘
26165;收盘
26166;盘子
26167;盘点
26168;盘龙
26169;硬盘
26170;键盘
26171;开盘
26172;中盘
26173;全盘
26174;冷盘
26175;出盘
26176;底盘
26177;拼盘
26178;楼盘
26179;满盘
26180;烤盘
26181;盘问
26182;盘旋
26183;盘盘
26184;盘算
26185;盘头
26186;算盘
26187;表盘
26188;轮盘
26189;停盘
26190;吸盘
26191;唱盘
26192;圆盘
26193;汤盘
26194;营盘
26195;盘察
26196;盘弄
26197;盘梯
26198;盘碗
26199;盘符
26200;盘绕
26201;盘腿
26202;磨盘
26203;圣盘
26204;询盘
26205;软盘
26206;银盘
26207;策励
26208;政府
26209;政治
26210;政策
26211;执政
26212;家政
26213;政务
26214;政委
26215;政客
26216;政局
26217;政权
26218;政绩
26219;政要
26220;新政
26221;邮政
26222;党政
26223;摄政
26224;政令
26225;政圈
26226;政敌
26227;政派
26228;政纪
26229;政纲
26230;施政
26231;暴政
26232;议政
26233;决赛
26234;赛季
26235;参赛
26236;竞赛
26237;赛程
26238;赛跑
26239;赛点
26240;开赛
26241;再赛
26242;径赛
26243;普赛
26244;田赛
26245;赛扬
26246;赛段
26247;赛船
26248;百科
26249;科技
26250;妇科
26251;工科
26252;思科
26253;产科
26254;科幻
26255;科恩
26256;科教
26257;科普
26258;科研
26259;科考
26260;猫科
26261;预科
26262;骨科
26263;偏科
26264;科甲
26265;茄科
26266;家乡
26267;故乡
26268;异乡
26269;老乡
26270;返乡
26271;乡下
26272;乡村
26273;乡里
26274;下乡
26275;同乡
26276;思乡
26277;新乡
26278;西乡
26279;还乡
26280;乡人
26281;乡土
26282;乡情
26283;乡愁
26284;乡长
26285;乡间
26286;殊乡
26287;肥乡
26288;良乡
26289;乡谈
26290;乡贯
26291;乡邻
26292;播种
26293;播弄
26294;播映
26295;条播
26296;秋播
26297;浮漂
26298;漂摇
26299;漂染
26300;漂雷
26301;降低
26302;低下
26303;低估
26304;低俗
26305;低分
26306;低潮
26307;低烧
26308;低端
26309;走低
26310;低档
26311;低栏
26312;低维
26313;低缓
26314;低耗
26315;低陷
26316;低阶
26317;偏低
26318;减低
26319;大楼
26320;楼上
26321;楼下
26322;楼梯
26323;跳楼
26324;钟楼
26325;上楼
26326;土楼
26327;城楼
26328;楼主
26329;楼道
26330;楼顶
26331;茶楼
26332;顶楼
26333;鼓楼
26334;吊楼
26335;岗楼
26336;楼宇
26337;楼船
26338;银楼
26339;鬼楼
26340;奉迎
26341;貌似
26342;疑似
26343;仿似
26344;似核
26345;丰厚
26346;丰盛
26347;汇丰
26348;丰功
26349;丰都
26350;陆丰
26351;丰采
26352;寿丰
26353;宜丰
26354;丰润
26355;或称
26356;甚或
26357;沙场
26358;沙漠
26359;沙发
26360;冰沙
26361;沙市
26362;沙律
26363;沙沙
26364;沙湾
26365;沙田
26366;沙皇
26367;沙袋
26368;沙锅
26369;泥沙
26370;白沙
26371;细沙
26372;散沙
26373;沙井
26374;沙土
26375;沙暴
26376;沙朗
26377;沙洋
26378;沙茶
26379;沙鼠
26380;滑沙
26381;猫沙
26382;竟敢
26383;冲出
26384;对冲
26385;冲刷
26386;冲服
26387;冲冲
26388;冲走
26389;缓冲
26390;冲入
26391;冲刺
26392;冲劲
26393;冲向
26394;冲浪
26395;冲锋
26396;八冲
26397;冲澡
26398;冲积
26399;冲龄
26400;猛冲
26401;冲杀
26402;营业
26403;经营
26404;国营
26405;营口
26406;营地
26407;营收
26408;营救
26409;营运
26410;私营
26411;扎营
26412;绿营
26413;阵营
26414;露营
26415;宿营
26416;屏营
26417;左营
26418;拔营
26419;撤营
26420;敌营
26421;营私
26422;营谋
26423;田营
26424;船营
26425;野营
26426;钻营
26427;分贝
26428;扇贝
26429;贝九
26430;贝叶
26431;值钱
26432;价钱
26433;挣钱
26434;有钱
26435;钱包
26436;付钱
26437;取钱
26438;工钱
26439;缺钱
26440;钱夹
26441;钱币
26442;钱袋
26443;借钱
26444;剩钱
26445;换钱
26446;搞钱
26447;散钱
26448;洋钱
26449;涨钱
26450;省钱
26451;租钱
26452;纸钱
26453;臭钱
26454;茶钱
26455;赏钱
26456;赔钱
26457;退钱
26458;银钱
26459;钱串
26460;钱树
26461;钱粮
26462;钱庄
26463;零钱
26464;余钱
26465;写下
26466;写真
26467;写意
26468;写生
26469;描写
26470;改写
26471;编写
26472;缩写
26473;听写
26474;速写
26475;拼写
26476;擦写
26477;误写
26478;译写
26479;读写
26480;默写
26481;份额
26482;年份
26483;成份
26484;缘份
26485;股份
26486;过份
26487;跌份
26488;频频
26489;宽频
26490;射频
26491;振频
26492;词频
26493;跳频
26494;频仍
26495;频宽
26496;频段
26497;杀人
26498;杀手
26499;杀死
26500;秒杀
26501;自杀
26502;谋杀
26503;他杀
26504;凶杀
26505;刺杀
26506;封杀
26507;射杀
26508;拼杀
26509;暗杀
26510;枪杀
26511;残杀
26512;杀价
26513;杀害
26514;杀敌
26515;杀生
26516;误杀
26517;追杀
26518;惨杀
26519;扣杀
26520;捕杀
26521;扑杀
26522;棒杀
26523;杀熟
26524;杀虫
26525;杀软
26526;毒杀
26527;肃杀
26528;千亿
26529;千年
26530;千秋
26531;几千
26532;秋千
26533;千吨
26534;壁灯
26535;射灯
26536;挑灯
26537;灯塔
26538;灯泡
26539;灯管
26540;绿灯
26541;街灯
26542;龙灯
26543;幻灯
26544;掌灯
26545;桌灯
26546;汽灯
26547;矿灯
26548;航班
26549;出航
26550;启航
26551;航天
26552;航拍
26553;航程
26554;航道
26555;起航
26556;返航
26557;远航
26558;偏航
26559;停航
26560;印航
26561;宇航
26562;操航
26563;航权
26564;航次
26565;航段
26566;航船
26567;航邮
26568;爆炸
26569;爆发
26570;爆竹
26571;爆笑
26572;爆出
26573;刷爆
26574;燃爆
26575;爆弹
26576;爆燃
26577;爆肚
26578;爆震
26579;敲响
26580;响亮
26581;凡响
26582;叫响
26583;巨响
26584;震响
26585;响雷
26586;正确
26587;确定
26588;确切
26589;做官
26590;判官
26591;官府
26592;官渡
26593;客官
26594;感官
26595;收官
26596;清官
26597;看官
26598;警官
26599;史官
26600;官印
26601;官田
26602;官称
26603;官职
26604;官阶
26605;旗官
26606;次官
26607;税官
26608;罢官
26609;买官
26610;辞官
26611;差异
26612;异地
26613;异常
26614;怪异
26615;无异
26616;异化
26617;异同
26618;异域
26619;异样
26620;异母
26621;异物
26622;异能
26623;异议
26624;离异
26625;惊异
26626;互异
26627;殊异
26628;珍异
26629;异才
26630;异族
26631;异构
26632;异状
26633;异种
26634;异读
26635;稍异
26636;优势
26637;势力
26638;强势
26639;形势
26640;气势
26641;走势
26642;趋势
26643;运势
26644;作势
26645;伤势
26646;势必
26647;地势
26648;弱势
26649;得势
26650;态势
26651;攻势
26652;架势
26653;火势
26654;阵势
26655;乘势
26656;借势
26657;势族
26658;势降
26659;均势
26660;威势
26661;守势
26662;核势
26663;派势
26664;涨势
26665;抓狂
26666;疯狂
26667;狂喜
26668;狂暴
26669;狂潮
26670;狂野
26671;倡狂
26672;凶狂
26673;狂傲
26674;狂怒
26675;狂跌
26676;狂顶
26677;狂饮
26678;尊崇
26679;崇尚
26680;崇左
26681;崇庆
26682;崇敬
26683;崇洋
26684;哪些
26685;哪怕
26686;吗哪
26687;根据
26688;培根
26689;扎根
26690;吐根
26691;呆根
26692;块根
26693;宿根
26694;拔根
26695;植根
26696;归根
26697;墙根
26698;牙根
26699;申根
26700;箱根
26701;词根
26702;辣根
26703;追根
26704;酸根
26705;银根
26706;雷根
26707;须根
26708;齐根
26709;套餐
26710;俗套
26711;套套
26712;客套
26713;牙套
26714;老套
26715;配套
26716;套汇
26717;套印
26718;套换
26719;套种
26720;套索
26721;套衫
26722;套袖
26723;套裙
26724;套裤
26725;套购
26726;套鞋
26727;戴套
26728;笔套
26729;袖套
26730;被套
26731;双套
26732;警察
26733;警醒
26734;乘警
26735;虚警
26736;警悟
26737;警戒
26738;警探
26739;警种
26740;警讯
26741;警铃
26742;刷牙
26743;乳牙
26744;假牙
26745;拔牙
26746;牙刷
26747;牙签
26748;牙关
26749;磨牙
26750;蓝牙
26751;虎牙
26752;补牙
26753;象牙
26754;佛牙
26755;尖牙
26756;换牙
26757;暂牙
26758;牙冠
26759;牙慧
26760;牙桥
26761;下列
26762;并列
26763;位列
26764;列出
26765;列为
26766;列举
26767;列表
26768;前列
26769;名列
26770;排列
26771;列印
26772;列席
26773;列缺
26774;序列
26775;散列
26776;梅列
26777;昏暗
26778;暗地
26779;暗暗
26780;暗淡
26781;暗算
26782;暗自
26783;暗藏
26784;灰暗
26785;幽暗
26786;暗井
26787;暗探
26788;暗潮
26789;暗疾
26790;暗盒
26791;暗箱
26792;暗亏
26793;暗袋
26794;暗访
26795;暗锁
26796;薄暗
26797;劲旅
26798;旅检
26799;旅舍
26800;积分
26801;积累
26802;面积
26803;沉积
26804;乘积
26805;叉积
26806;吸积
26807;材积
26808;积弱
26809;积怨
26810;积愤
26811;积渐
26812;积祖
26813;积肥
26814;麦积
26815;虽则
26816;厌烦
26817;厌恨
26818;厌氧
26819;厌薄
26820;嫌厌
26821;奋勇
26822;保卫
26823;卫生
26824;中卫
26825;守卫
26826;精卫
26827;自卫
26828;警卫
26829;防卫
26830;仪卫
26831;厨卫
26832;卫舰
26833;卫辉
26834;成熟
26835;熟悉
26836;早熟
26837;熟睡
26838;熟练
26839;混熟
26840;熟虑
26841;熟读
26842;烂熟
26843;秋熟
26844;纯熟
26845;耳熟
26846;战胜
26847;胜任
26848;胜似
26849;胜地
26850;胜败
26851;胜负
26852;胜选
26853;取胜
26854;名胜
26855;大胜
26856;好胜
26857;获胜
26858;乘胜
26859;戴胜
26860;稳胜
26861;览胜
26862;思维
26863;维修
26864;维持
26865;二维
26866;四维
26867;维度
26868;维族
26869;维港
26870;李维
26871;维扬
26872;维珍
26873;采择
26874;择偶
26875;择刺
26876;找寻
26877;追寻
26878;寻乌
26879;寻租
26880;访寻
26881;签名
26882;签收
26883;签订
26884;抽签
26885;拒签
26886;棉签
26887;签条
26888;附签
26889;统一
26890;统统
26891;总统
26892;一统
26893;正统
26894;统治
26895;统称
26896;统考
26897;统领
26898;宣统
26899;废统
26900;统共
26901;统帅
26902;统摄
26903;统率
26904;统购
26905;统配
26906;统铺
26907;职位
26908;辞职
26909;任职
26910;免职
26911;公职
26912;在职
26913;天职
26914;失职
26915;本职
26916;正职
26917;称职
26918;职权
26919;职称
26920;职能
26921;职责
26922;供职
26923;奉职
26924;守职
26925;挂职
26926;散职
26927;圣职
26928;职掌
26929;谋职
26930;闲职
26931;降职
26932;革职
26933;显职
26934;功劳
26935;劳动
26936;劳资
26937;勤劳
26938;劳作
26939;劳力
26940;劳工
26941;劳心
26942;劳模
26943;劳顿
26944;慰劳
26945;操劳
26946;效劳
26947;耐劳
26948;辛劳
26949;过劳
26950;偏劳
26951;劳烦
26952;劳驾
26953;平湖
26954;龙湖
26955;两湖
26956;四湖
26957;镜湖
26958;双湖
26959;再次
26960;次方
26961;上次
26962;下次
26963;名次
26964;次于
26965;次要
26966;班次
26967;印次
26968;四次
26969;几次
26970;挨次
26971;架次
26972;次贫
26973;每次
26974;渐次
26975;版次
26976;编次
26977;轮次
26978;逐次
26979;齐次
26980;嘴甜
26981;甜圈
26982;酸甜
26983;扩散
26984;散户
26985;散发
26986;分散
26987;吹散
26988;失散
26989;懒散
26990;散伙
26991;散失
26992;散心
26993;散打
26994;散播
26995;散会
26996;散架
26997;散漫
26998;散装
26999;散开
27000;消散
27001;发散
27002;闲散
27003;离散
27004;四散
27005;散亡
27006;散射
27007;散席
27008;散束
27009;散碎
27010;散诞
27011;耗散
27012;零散
27013;唱功
27014;弹唱
27015;伴唱
27016;唱段
27017;唱针
27018;轮唱
27019;舞蹈
27020;跳舞
27021;挥舞
27022;鼓舞
27023;圆舞
27024;旋舞
27025;舞伴
27026;舞厅
27027;舞弄
27028;舞技
27029;舞钢
27030;吞拿
27031;拿捕
27032;拿权
27033;拿顶
27034;捉拿
27035;捕拿
27036;稳拿
27037;艰辛
27038;辛辣
27039;帝辛
27040;酸辛
27041;努嘴
27042;承担
27043;承诺
27044;奉承
27045;承包
27046;承接
27047;继承
27048;坦承
27049;承乏
27050;承付
27051;承籍
27052;承让
27053;可贵
27054;宝贵
27055;珍贵
27056;贵人
27057;贵妇
27058;贵阳
27059;高贵
27060;名贵
27061;尊贵
27062;新贵
27063;权贵
27064;贵族
27065;贵宾
27066;贵姓
27067;贵府
27068;贵池
27069;贵港
27070;显贵
27071;姑娘
27072;伴娘
27073;娘娘
27074;姨娘
27075;购买
27076;订购
27077;并购
27078;派购
27079;申购
27080;竞购
27081;追购
27082;邮购
27083;明显
27084;显得
27085;突显
27086;显出
27087;显现
27088;显老
27089;显著
27090;显露
27091;威显
27092;隐显
27093;显扬
27094;显祖
27095;显耀
27096;显镜
27097;打败
27098;击败
27099;腐败
27100;惨败
27101;成败
27102;败坏
27103;败笔
27104;败类
27105;败绩
27106;败胃
27107;败退
27108;败阵
27109;败露
27110;残败
27111;酸败
27112;俗称
27113;名称
27114;称呼
27115;称为
27116;称赞
27117;简称
27118;自称
27119;并称
27120;全称
27121;宣称
27122;尊称
27123;据称
27124;称心
27125;称谓
27126;称道
27127;称重
27128;美称
27129;著称
27130;供称
27131;又称
27132;敬称
27133;泛称
27134;略称
27135;盛称
27136;省称
27137;称扬
27138;称誉
27139;旧称
27140;谐称
27141;谦称
27142;辩称
27143;配称
27144;十四
27145;四十
27146;四射
27147;四月
27148;周四
27149;四下
27150;四季
27151;四平
27152;四方
27153;四会
27154;四起
27155;四面
27156;再四
27157;四库
27158;四旁
27159;四旧
27160;四郊
27161;四邻
27162;四顾
27163;李四
27164;西藏
27165;隐藏
27166;埋藏
27167;珍藏
27168;私藏
27169;藏族
27170;躲藏
27171;库藏
27172;援藏
27173;藏躲
27174;艺人
27175;才艺
27176;技艺
27177;六艺
27178;末艺
27179;茶艺
27180;农艺
27181;搭配
27182;相配
27183;般配
27184;配偶
27185;配饰
27186;宅配
27187;汽配
27188;配售
27189;配补
27190;杂配
27191;背影
27192;背后
27193;手背
27194;背负
27195;背弃
27196;背离
27197;违背
27198;刀背
27199;捐背
27200;背债
27201;搭背
27202;敲背
27203;椅背
27204;背侧
27205;背斜
27206;背榜
27207;背阴
27208;背骨
27209;喷射
27210;射精
27211;投射
27212;扫射
27213;映射
27214;注射
27215;照射
27216;仿射
27217;劲射
27218;幅射
27219;弹射
27220;绕射
27221;透射
27222;闪射
27223;隐射
27224;双射
27225;雷射
27226;骑射
27227;齐射
27228;奔波
27229;水波
27230;波光
27231;波及
27232;波段
27233;波浪
27234;眼波
27235;香波
27236;横波
27237;检波
27238;波季
27239;波峰
27240;波幅
27241;波恩
27242;波旁
27243;波束
27244;波状
27245;秋波
27246;筑波
27247;纵波
27248;谐波
27249;雷波
27250;震波
27251;余波
27252;驻波
27253;油条
27254;发条
27255;纸条
27256;薯条
27257;面条
27258;信条
27259;假条
27260;封条
27261;凭条
27262;枝条
27263;条例
27264;条子
27265;条幅
27266;条款
27267;白条
27268;粉条
27269;词条
27270;雪条
27271;并条
27272;借条
27273;屏条
27274;戒条
27275;条几
27276;条畅
27277;条规
27278;条贯
27279;棉条
27280;欠条
27281;规条
27282;训条
27283;铅条
27284;银条
27285;钢条
27286;吸收
27287;吸入
27288;吸取
27289;吸毒
27290;吸湿
27291;吸睛
27292;吸虫
27293;奔忙
27294;慌忙
27295;是否
27296;大街
27297;逛街
27298;扫街
27299;横街
27300;街段
27301;停止
27302;为止
27303;禁止
27304;防止
27305;阻止
27306;止咳
27307;止痛
27308;终止
27309;废止
27310;公众
27311;大众
27312;民众
27313;众人
27314;众多
27315;众生
27316;群众
27317;受众
27318;小众
27319;聚众
27320;纠众
27321;防守
27322;防晒
27323;防水
27324;防治
27325;严防
27326;攻防
27327;边防
27328;防冻
27329;防弹
27330;防滑
27331;防盗
27332;防空
27333;防腐
27334;换防
27335;防夹
27336;防患
27337;防控
27338;防损
27339;防核
27340;防毒
27341;防潮
27342;防避
27343;防闲
27344;防震
27345;寒冬
27346;寒心
27347;寒意
27348;孤寒
27349;寒潮
27350;寒舍
27351;寒露
27352;耐寒
27353;胃寒
27354;避寒
27355;可怕
27356;恐怕
27357;以及
27358;及时
27359;普及
27360;触及
27361;顾及
27362;企及
27363;又及
27364;央及
27365;扩及
27366;遍及
27367;双方
27368;双面
27369;双乳
27370;双峰
27371;双打
27372;双击
27373;双数
27374;双星
27375;双核
27376;双生
27377;双腿
27378;双规
27379;双足
27380;双边
27381;双重
27382;双倍
27383;双侧
27384;双塔
27385;双抽
27386;双拐
27387;双拼
27388;双摆
27389;双盲
27390;双误
27391;双赢
27392;双轨
27393;双键
27394;据悉
27395;票据
27396;借据
27397;判据
27398;据守
27399;据闻
27400;据险
27401;燃烧
27402;烧烤
27403;发烧
27404;串烧
27405;烧伤
27406;烧焦
27407;烧纸
27408;烧卖
27409;烧酒
27410;烧饼
27411;烧麦
27412;退烧
27413;烧埋
27414;烧杯
27415;烧煤
27416;烧煮
27417;烧瓶
27418;烧硬
27419;烧锅
27420;银子
27421;收银
27422;水银
27423;银婚
27424;银幕
27425;银币
27426;银座
27427;银奖
27428;银白
27429;银耳
27430;银发
27431;银圆
27432;银屏
27433;银杯
27434;银洋
27435;银汉
27436;银瓶
27437;银叶
27438;银辉
27439;银针
27440;坚守
27441;守候
27442;守岁
27443;遵守
27444;信守
27445;固守
27446;守信
27447;守则
27448;守夜
27449;守时
27450;守望
27451;操守
27452;死守
27453;看守
27454;严守
27455;困守
27456;守丧
27457;守土
27458;守宫
27459;守敌
27460;守旧
27461;把守
27462;泥守
27463;监守
27464;退守
27465;耐烦
27466;烦杂
27467;磨烦
27468;技巧
27469;技能
27470;杂技
27471;技俩
27472;薄技
27473;妇女
27474;少妇
27475;巧妇
27476;情妇
27477;泼妇
27478;农妇
27479;并且
27480;一并
27481;并肩
27482;并坐
27483;并把
27484;并吞
27485;吞并
27486;撤并
27487;归并
27488;裁并
27489;新闻
27490;忽闻
27491;所闻
27492;耳闻
27493;闻到
27494;闻名
27495;要闻
27496;趣闻
27497;珍闻
27498;闻悉
27499;闻讯
27500;旧闻
27501;奉召
27502;征召
27503;蒙召
27504;小脚
27505;手脚
27506;脚印
27507;脚尖
27508;光脚
27509;大脚
27510;歇脚
27511;脚下
27512;脚底
27513;脚掌
27514;脚本
27515;脚跟
27516;脚踏
27517;腿脚
27518;注脚
27519;赶脚
27520;跳脚
27521;双脚
27522;六脚
27523;插脚
27524;泡脚
27525;脚误
27526;裹脚
27527;跟脚
27528;轮脚
27529;回答
27530;滴答
27531;竞答
27532;答访
27533;答词
27534;裁答
27535;辩答
27536;土地
27537;入土
27538;出土
27539;土人
27540;土司
27541;土星
27542;土著
27543;土豪
27544;故土
27545;净土
27546;破土
27547;冻土
27548;土层
27549;土岗
27550;土库
27551;土族
27552;土狗
27553;土猪
27554;培土
27555;封土
27556;灰土
27557;焦土
27558;田土
27559;隐土
27560;骑土
27561;脏土
27562;人才
27563;天才
27564;才能
27565;方才
27566;秀才
27567;偏才
27568;却才
27569;才怪
27570;才略
27571;辩才
27572;汉语
27573;老汉
27574;广汉
27575;懒汉
27576;东汉
27577;满汉
27578;汉中
27579;汉人
27580;汉代
27581;汉城
27582;汉文
27583;汉族
27584;汉朝
27585;汉江
27586;硬汉
27587;醉汉
27588;两汉
27589;宣汉
27590;汉寿
27591;汉森
27592;汉阴
27593;互换
27594;换乘
27595;换代
27596;换新
27597;换气
27598;换班
27599;换算
27600;替换
27601;轮换
27602;串换
27603;换档
27604;换羽
27605;撤换
27606;脱换
27607;退换
27608;之类
27609;类似
27610;另类
27611;品类
27612;归类
27613;种类
27614;谷类
27615;糖类
27616;贝类
27617;类别
27618;类推
27619;类比
27620;鸟类
27621;刀类
27622;族类
27623;汤类
27624;虫类
27625;词类
27626;丑类
27627;幽默
27628;默默
27629;默然
27630;默叹
27631;默坐
27632;默读
27633;思议
27634;抗议
27635;商议
27636;审议
27637;决议
27638;议案
27639;议题
27640;非议
27641;面议
27642;议付
27643;议席
27644;救命
27645;得救
27646;急救
27647;搭救
27648;抢救
27649;救援
27650;救治
27651;救济
27652;补救
27653;援救
27654;搜救
27655;扑救
27656;救亡
27657;救恩
27658;回顾
27659;照顾
27660;顾客
27661;只顾
27662;顾虑
27663;惠顾
27664;冬天
27665;冬季
27666;冬瓜
27667;冬眠
27668;过冬
27669;佳冬
27670;冬夏
27671;冬宫
27672;季冬
27673;忍冬
27674;款冬
27675;傻瓜
27676;西瓜
27677;瓜农
27678;番瓜
27679;矮瓜
27680;笨瓜
27681;循环
27682;环保
27683;环球
27684;耳环
27685;五环
27686;玉环
27687;环城
27688;环形
27689;环抱
27690;环路
27691;环顾
27692;圆环
27693;滑环
27694;湾环
27695;环幕
27696;环状
27697;环肌
27698;扣环
27699;杂环
27700;有趣
27701;乐趣
27702;情趣
27703;谐趣
27704;宽舒
27705;主权
27706;人权
27707;授权
27708;权力
27709;权势
27710;权威
27711;权益
27712;权限
27713;版权
27714;特权
27715;产权
27716;维权
27717;侵权
27718;债权
27719;全权
27720;大权
27721;女权
27722;孙权
27723;强权
27724;掌权
27725;期权
27726;弃权
27727;极权
27728;权当
27729;权术
27730;权衡
27731;权重
27732;民权
27733;无权
27734;皇权
27735;股权
27736;集权
27737;夺权
27738;威权
27739;左权
27740;权宜
27741;权谋
27742;八十
27743;八戒
27744;八月
27745;十八
27746;二八
27747;八哥
27748;八婆
27749;八成
27750;八方
27751;八宿
27752;八旗
27753;八纲
27754;八股
27755;治疗
27756;不治
27757;人治
27758;同治
27759;专治
27760;整治
27761;明治
27762;根治
27763;没治
27764;治好
27765;治学
27766;治本
27767;自治
27768;诊治
27769;顺治
27770;府治
27771;李治
27772;治丧
27773;治罪
27774;省治
27775;宾治
27776;排骨
27777;骨子
27778;傲骨
27779;刺骨
27780;彻骨
27781;白骨
27782;软骨
27783;锁骨
27784;露骨
27785;骨干
27786;骨感
27787;骨朵
27788;骨架
27789;骨灰
27790;骨牌
27791;骨盆
27792;骨血
27793;龙骨
27794;坐骨
27795;尺骨
27796;尾骨
27797;扁骨
27798;掌骨
27799;横骨
27800;甲骨
27801;股骨
27802;胸骨
27803;虎骨
27804;遗骨
27805;顶骨
27806;额骨
27807;骨刺
27808;骨殖
27809;骨膜
27810;骨针
27811;鼻骨
27812;招聘
27813;招财
27814;招来
27815;招式
27816;招摇
27817;招架
27818;招生
27819;招致
27820;支招
27821;招供
27822;招怨
27823;招租
27824;招股
27825;招请
27826;招贴
27827;喜庆
27828;庆祝
27829;欢庆
27830;重庆
27831;大庆
27832;安庆
27833;延庆
27834;庆贺
27835;良庆
27836;余庆
27837;规则
27838;规划
27839;规定
27840;规律
27841;规模
27842;犯规
27843;规章
27844;规避
27845;违规
27846;圆规
27847;块规
27848;尺规
27849;厂规
27850;戒规
27851;控规
27852;规例
27853;规率
27854;状况
27855;现状
27856;症状
27857;告状
27858;块状
27859;奖状
27860;令状
27861;供状
27862;冠状
27863;层状
27864;惨状
27865;申状
27866;罪状
27867;胶状
27868;针状
27869;早晨
27870;侵晨
27871;晨昏
27872;晨露
27873;丢脸
27874;洗脸
27875;满脸
27876;笑脸
27877;翻脸
27878;脸皮
27879;脸红
27880;脸色
27881;脸蛋
27882;嘴脸
27883;没脸
27884;白脸
27885;老脸
27886;脸盆
27887;脸面
27888;赏脸
27889;露脸
27890;鬼脸
27891;刮脸
27892;哭脸
27893;脸厚
27894;脸薄
27895;赖脸
27896;巨幅
27897;巨款
27898;巨著
27899;巨野
27900;甚巨
27901;好几
27902;几何
27903;几样
27904;几率
27905;几许
27906;茶几
27907;几倍
27908;几欲
27909;几岁
27910;下降
27911;投降
27912;降级
27913;降雨
27914;伞降
27915;普降
27916;纳降
27917;缓降
27918;迫降
27919;递降
27920;降序
27921;降旗
27922;壁纸
27923;信纸
27924;剪纸
27925;宣纸
27926;废纸
27927;纸婚
27928;纸巾
27929;纸币
27930;纸杯
27931;纸片
27932;纸牌
27933;纸箱
27934;贴纸
27935;造纸
27936;仿纸
27937;墨纸
27938;硬纸
27939;稿纸
27940;纸堆
27941;纸夹
27942;纸灰
27943;纸盆
27944;薄纸
27945;鼠辈
27946;之际
27947;人际
27948;实际
27949;天际
27950;际会
27951;际遇
27952;停电
27953;停歇
27954;停靠
27955;停顿
27956;暂停
27957;追上
27958;追加
27959;追忆
27960;追捕
27961;追究
27962;追赶
27963;穷追
27964;追封
27965;追悔
27966;追索
27967;追肥
27968;追补
27969;追询
27970;追赠
27971;追述
27972;追逼
27973;耳朵
27974;耳机
27975;刺耳
27976;耳塞
27977;耳膜
27978;耳麦
27979;侧耳
27980;倾耳
27981;塞耳
27982;李耳
27983;焦耳
27984;耳鼓
27985;附耳
27986;震耳
27987;仿冒
27988;冒暑
27989;顶冒
27990;减少
27991;减肥
27992;减去
27993;减弱
27994;减缓
27995;减退
27996;减速
27997;宽减
27998;抵减
27999;减幅
28000;减慢
28001;减振
28002;减损
28003;减核
28004;减灾
28005;减薪
28006;减负
28007;减震
28008;裁减
28009;递减
28010;新版
28011;版图
28012;盗版
28013;再版
28014;印版
28015;拼版
28016;扩版
28017;版税
28018;版筑
28019;钻版
28020;毒刺
28021;刺客
28022;刺身
28023;刀刺
28024;刺史
28025;刺探
28026;刺穿
28027;刺胞
28028;拼刺
28029;拨刺
28030;枪刺
28031;穿刺
28032;翻唱
28033;翻译
28034;翻身
28035;推翻
28036;翻拍
28037;翻新
28038;翻滚
28039;翻版
28040;翻番
28041;翻盖
28042;翻越
28043;翻遍
28044;翻过
28045;翻阅
28046;翻供
28047;翻印
28048;翻卷
28049;翻嘴
28050;翻悔
28051;翻船
28052;闹翻
28053;外卖
28054;拍卖
28055;拐卖
28056;变卖
28057;买卖
28058;卖傻
28059;卖命
28060;卖弄
28061;卖身
28062;售卖
28063;寄卖
28064;摆卖
28065;盗卖
28066;新款
28067;款式
28068;付款
28069;汇款
28070;取款
28071;款待
28072;款款
28073;债款
28074;尾款
28075;扎款
28076;撤款
28077;欠款
28078;税款
28079;账款
28080;私奔
28081;奔逃
28082;逃奔
28083;摆脱
28084;洒脱
28085;脱光
28086;脱离
28087;脱发
28088;虚脱
28089;解脱
28090;墨脱
28091;挣脱
28092;推脱
28093;脱下
28094;脱俗
28095;脱去
28096;脱口
28097;脱毛
28098;脱节
28099;脱身
28100;脱轨
28101;脱逃
28102;脱险
28103;超脱
28104;逃脱
28105;开脱
28106;脱岗
28107;脱序
28108;脱敏
28109;脱档
28110;脱氧
28111;脱泥
28112;脱滑
28113;脱漏
28114;脱洒
28115;脱略
28116;脱盲
28117;脱秀
28118;脱稿
28119;脱羽
28120;脱脱
28121;脱误
28122;脱党
28123;分担
28124;担忧
28125;担架
28126;零担
28127;惯例
28128;拍摄
28129;拍照
28130;偷拍
28131;抓拍
28132;拍客
28133;拍手
28134;拍片
28135;自拍
28136;开拍
28137;拍岸
28138;不良
28139;良好
28140;良心
28141;良久
28142;良友
28143;良多
28144;良方
28145;良田
28146;良知
28147;奈良
28148;宜良
28149;良材
28150;良港
28151;良种
28152;良策
28153;良缘
28154;陆良
28155;替补
28156;补偿
28157;补习
28158;补考
28159;补血
28160;补课
28161;互补
28162;候补
28163;补助
28164;补品
28165;补益
28166;补票
28167;补给
28168;补贴
28169;补足
28170;补过
28171;进补
28172;抵补
28173;插补
28174;搭补
28175;添补
28176;织补
28177;补液
28178;补炉
28179;补税
28180;补种
28181;补缺
28182;补遗
28183;递补
28184;闹钟
28185;吵闹
28186;胡闹
28187;闹事
28188;繁闹
28189;严寒
28190;严肃
28191;尊严
28192;严冬
28193;严厉
28194;严实
28195;严查
28196;严禁
28197;威严
28198;庄严
28199;嘴严
28200;严岛
28201;严把
28202;严词
28203;严辞
28204;严酷
28205;戒严
28206;大爷
28207;爷爷
28208;爷们
28209;姑爷
28210;大洋
28211;洋气
28212;洋人
28213;洋洋
28214;漂洋
28215;远洋
28216;洋枪
28217;洋琴
28218;洋苏
28219;洋鬼
28220;珍珠
28221;炼珍
28222;何须
28223;卷须
28224;况且
28225;且慢
28226;且末
28227;姑且
28228;尚且
28229;暂且
28230;甚且
28231;仿佛
28232;佛教
28233;佛祖
28234;活佛
28235;佛像
28236;佛光
28237;佛塔
28238;佛家
28239;佛爷
28240;佛经
28241;信佛
28242;念佛
28243;拜佛
28244;佛寺
28245;洪佛
28246;胡佛
28247;卧佛
28248;一共
28249;公共
28250;共享
28251;共存
28252;共振
28253;共生
28254;共用
28255;共乘
28256;共焦
28257;共犯
28258;共谋
28259;共赢
28260;苏共
28261;孤傲
28262;孤身
28263;孤征
28264;孤拐
28265;孤拔
28266;孤胆
28267;孤负
28268;孤鸟
28269;肚孤
28270;遗孤
28271;品种
28272;种子
28273;种种
28274;人种
28275;情种
28276;接种
28277;有种
28278;种地
28279;种族
28280;种植
28281;种田
28282;绝种
28283;变种
28284;配种
28285;杂种
28286;乙种
28287;坏种
28288;采种
28289;某种
28290;混种
28291;灭种
28292;种块
28293;种姓
28294;种树
28295;种群
28296;种薯
28297;纯种
28298;育种
28299;轮种
28300;难怪
28301;怪事
28302;怪味
28303;责怪
28304;错怪
28305;鬼怪
28306;怪杰
28307;怪诞
28308;搞怪
28309;羊怪
28310;丑怪
28311;拆穿
28312;揭穿
28313;看穿
28314;穿透
28315;穿过
28316;身穿
28317;冻穿
28318;扎穿
28319;洞穿
28320;穿洞
28321;耐穿
28322;白糖
28323;糖果
28324;红糖
28325;乳糖
28326;喜糖
28327;果糖
28328;无糖
28329;焦糖
28330;糖瓜
28331;糖醋
28332;软糖
28333;核糖
28334;棒糖
28335;硬糖
28336;糖汁
28337;葡糖
28338;抱怨
28339;抱抱
28340;抱有
28341;抱歉
28342;抱恨
28343;抱摔
28344;中毒
28345;排毒
28346;剧毒
28347;戒毒
28348;有毒
28349;梅毒
28350;毒打
28351;毒气
28352;毒物
28353;无毒
28354;狠毒
28355;禁毒
28356;惨毒
28357;拔毒
28358;括毒
28359;染毒
28360;残毒
28361;毒液
28362;毒蛇
28363;毒辣
28364;毒针
28365;犯毒
28366;蛇毒
28367;阴毒
28368;世纪
28369;年纪
28370;纪录
28371;纪委
28372;纪实
28373;纪律
28374;纪检
28375;经纪
28376;违纪
28377;反省
28378;节省
28379;省事
28380;省份
28381;省力
28382;省去
28383;省委
28384;省得
28385;省略
28386;省级
28387;自省
28388;归省
28389;省劲
28390;省却
28391;省察
28392;省悟
28393;缺省
28394;吉普
28395;惠普
28396;普世
28397;普京
28398;普吉
28399;普查
28400;索普
28401;按键
28402;按下
28403;按季
28404;按察
28405;按诊
28406;激烈
28407;烈日
28408;刚烈
28409;壮烈
28410;惨烈
28411;猛烈
28412;劲烈
28413;威烈
28414;忠烈
28415;暴烈
28416;烈怒
28417;鲜烈
28418;羊排
28419;羊拐
28420;羊桃
28421;羊膜
28422;新鲜
28423;鲜亮
28424;鲜活
28425;鲜艳
28426;浅鲜
28427;肥鲜
28428;女皇
28429;皇冠
28430;皇后
28431;皇帝
28432;天皇
28433;皇城
28434;皇储
28435;皇姑
28436;皇恩
28437;皇皇
28438;皇粮
28439;赞皇
28440;余皇
28441;遗忘
28442;遗憾
28443;遗址
28444;遗漏
28445;遗照
28446;遗精
28447;遗愿
28448;拾遗
28449;派遗
28450;遗墨
28451;遗妻
28452;遗恨
28453;遗族
28454;遗珠
28455;遗稿
28456;遗缺
28457;遗训
28458;遗赠
28459;季节
28460;夏季
28461;秋季
28462;季刊
28463;季夏
28464;季诺
28465;盛季
28466;隔壁
28467;壁虎
28468;侧壁
28469;壁挂
28470;壁架
28471;碰壁
28472;肠壁
28473;上课
28474;停课
28475;授课
28476;课外
28477;课桌
28478;课表
28479;课间
28480;课题
28481;讲课
28482;逃课
28483;选课
28484;开课
28485;劝课
28486;操课
28487;罢课
28488;课余
28489;辅课
28490;盛典
28491;盛宴
28492;旺盛
28493;昌盛
28494;盛夏
28495;盛情
28496;盛况
28497;盛怒
28498;盛誉
28499;盛赞
28500;较佳
28501;较略
28502;较著
28503;奶茶
28504;茶叶
28505;茶馆
28506;饮茶
28507;品茶
28508;早茶
28509;清茶
28510;茶杯
28511;茶道
28512;茶点
28513;敬茶
28514;末茶
28515;泡茶
28516;凉茶
28517;茶树
28518;茶碗
28519;茶袋
28520;退休
28521;退出
28522;击退
28523;早退
28524;消退
28525;退下
28526;退伍
28527;退房
28528;退票
28529;退还
28530;促退
28531;退席
28532;退庭
28533;退潮
28534;退避
28535;退党
28536;逐退
28537;心酸
28538;辛酸
28539;酸奶
28540;酸痛
28541;乳酸
28542;寒酸
28543;泛酸
28544;甜酸
28545;胃酸
28546;叶酸
28547;酸乳
28548;酸梅
28549;弱酸
28550;甲酸
28551;耐酸
28552;酸软
28553;酸盐
28554;醋酸
28555;农场
28556;农村
28557;农业
28558;农民
28559;神农
28560;农家
28561;农户
28562;农田
28563;农庄
28564;劝农
28565;惠农
28566;粮农
28567;贫农
28568;农舍
28569;农贷
28570;印度
28571;印刷
28572;印子
28573;印发
28574;印章
28575;封印
28576;付印
28577;刊印
28578;印戒
28579;印染
28580;印泥
28581;印盒
28582;印鉴
28583;印鼻
28584;扩印
28585;编印
28586;胶印
28587;盖印
28588;虚假
28589;虚幻
28590;虚荣
28591;谦虚
28592;心虚
28593;脾虚
28594;虚名
28595;虚实
28596;虚弱
28597;虚心
28598;虚构
28599;虚岁
28600;虚惊
28601;阴虚
28602;乘虚
28603;虚词
28604;虚誉
28605;参杂
28606;打杂
28607;混杂
28608;繁杂
28609;杂念
28610;杂文
28611;杂碎
28612;杂谈
28613;杂音
28614;勤杂
28615;纷杂
28616;闲杂
28617;杂税
28618;杂盐
28619;零杂
28620;期末
28621;末日
28622;年末
28623;岁末
28624;末席
28625;末段
28626;末煤
28627;末篇
28628;末叶
28629;末页
28630;支付
28631;托付
28632;付托
28633;偿付
28634;拒付
28635;拨付
28636;贺岁
28637;年岁
28638;岁序
28639;幻想
28640;幻觉
28641;有限
28642;上限
28643;界限
28644;限度
28645;限于
28646;限速
28647;寿限
28648;宽限
28649;名词
28650;单词
28651;歌词
28652;词汇
28653;词语
28654;代词
28655;供词
28656;副词
28657;填词
28658;字词
28659;措词
28660;生词
28661;用词
28662;致词
28663;言词
28664;托词
28665;词人
28666;词句
28667;词组
28668;诗词
28669;谦词
28670;贺词
28671;题词
28672;介词
28673;借词
28674;冠词
28675;叹词
28676;弹词
28677;敬词
28678;构词
28679;浮词
28680;献词
28681;组词
28682;训词
28683;词令
28684;词尾
28685;词序
28686;词库
28687;词族
28688;谓词
28689;译词
28690;宾词
28691;赞词
28692;辩词
28693;键词
28694;饰词
28695;抽取
28696;抽插
28697;抽搭
28698;私人
28699;自私
28700;隐私
28701;公私
28702;私下
28703;私事
28704;私家
28705;私心
28706;私情
28707;私欲
28708;私自
28709;走私
28710;偏私
28711;私企
28712;私偏
28713;私愤
28714;暴露
28715;流露
28716;透露
28717;露出
28718;初露
28719;吐露
28720;披露
28721;揭露
28722;白露
28723;表露
28724;露天
28725;露宿
28726;露珠
28727;露背
28728;露面
28729;露点
28730;浅露
28731;闪露
28732;露丑
28733;怀旧
28734;仍旧
28735;个旧
28736;废旧
28737;念旧
28738;恋旧
28739;折旧
28740;照旧
28741;老旧
28742;旧事
28743;旧友
28744;旧地
28745;旧址
28746;旧年
28747;旧情
28748;旧日
28749;旧时
28750;旧版
28751;旧账
28752;旧例
28753;旧俗
28754;旧宅
28755;旧怨
28756;旧损
28757;旧派
28758;旧疾
28759;旧诗
28760;旧貌
28761;旧贯
28762;旧都
28763;再现
28764;再也
28765;再则
28766;再审
28767;再犯
28768;再育
28769;再读
28770;再迁
28771;情缘
28772;有缘
28773;无缘
28774;缘分
28775;边缘
28776;因缘
28777;投缘
28778;缘由
28779;缘起
28780;宿缘
28781;缘饰
28782;轮缘
28783;港币
28784;储币
28785;泉币
28786;辅币
28787;陪伴
28788;伙伴
28789;伴奏
28790;玩伴
28791;老伴
28792;搭伴
28793;利率
28794;效率
28795;概率
28796;频率
28797;功率
28798;坦率
28799;心率
28800;比率
28801;率直
28802;率真
28803;直率
28804;轻率
28805;速率
28806;斜率
28807;粗率
28808;盖率
28809;缺乏
28810;缺少
28811;缺点
28812;欠缺
28813;残缺
28814;缺席
28815;缺憾
28816;暂缺
28817;缺嘴
28818;缺漏
28819;缺粮
28820;缺额
28821;肥缺
28822;亏缺
28823;余缺
28824;交谈
28825;笑谈
28826;访谈
28827;谈话
28828;谈谈
28829;谈论
28830;健谈
28831;大谈
28832;座谈
28833;畅谈
28834;空谈
28835;言谈
28836;谈到
28837;谈天
28838;闲谈
28839;面谈
28840;倾谈
28841;笔谈
28842;纵谈
28843;谐谈
28844;圆领
28845;汤圆
28846;圆圈
28847;圆梦
28848;圆月
28849;圆桌
28850;圆滑
28851;圆润
28852;圆点
28853;圆柱
28854;圆珠
28855;圆顶
28856;扁圆
28857;滚圆
28858;申请
28859;请假
28860;请客
28861;邀请
28862;宴请
28863;促请
28864;延请
28865;搬请
28866;请援
28867;请罪
28868;现磨
28869;研磨
28870;磨损
28871;磨灭
28872;磨炼
28873;磨练
28874;拖磨
28875;磨嘴
28876;磨碎
28877;磨耗
28878;耐磨
28879;扑扇
28880;扑闪
28881;猛扑
28882;跌扑
28883;天朝
28884;朝着
28885;朝阳
28886;朝鲜
28887;元朝
28888;明朝
28889;朝前
28890;朝向
28891;朝夕
28892;朝天
28893;朝拜
28894;朝日
28895;朝圣
28896;朝野
28897;朝露
28898;皇朝
28899;六朝
28900;夏朝
28901;朝族
28902;朝珠
28903;朝纲
28904;朝贡
28905;梁朝
28906;圣朝
28907;访朝
28908;贺朝
28909;视野
28910;野外
28911;野生
28912;上野
28913;下野
28914;原野
28915;在野
28916;新野
28917;野人
28918;野兔
28919;野史
28920;野味
28921;野战
28922;野火
28923;野菜
28924;野猪
28925;野鸭
28926;长野
28927;粗野
28928;野径
28929;野狗
28930;野猫
28931;键帽
28932;成都
28933;都市
28934;京都
28935;帝都
28936;宜都
28937;昌都
28938;曾都
28939;迁都
28940;都昌
28941;都督
28942;陪都
28943;隔都
28944;盐都
28945;检束
28946;详情
28947;详略
28948;详述
28949;探索
28950;探寻
28951;探望
28952;探秘
28953;探究
28954;探访
28955;探险
28956;坐探
28957;探井
28958;探察
28959;探尺
28960;探摸
28961;探监
28962;探矿
28963;探询
28964;探针
28965;探雷
28966;敌探
28967;钻探
28968;组图
28969;组成
28970;组织
28971;分组
28972;机组
28973;组件
28974;组分
28975;党组
28976;组块
28977;组委
28978;组屋
28979;编组
28980;绕组
28981;群组
28982;体育
28983;培育
28984;繁育
28985;训育
28986;诞育
28987;旅馆
28988;宾馆
28989;餐馆
28990;场馆
28991;展馆
28992;酒馆
28993;蒙馆
28994;馆宾
28995;屋顶
28996;顶住
28997;顶多
28998;顶级
28999;封顶
29000;房顶
29001;透顶
29002;顶上
29003;顶嘴
29004;顶尖
29005;顶层
29006;顶峰
29007;顶撞
29008;顶替
29009;顶灯
29010;顶班
29011;顶用
29012;顶端
29013;顶风
29014;顶点
29015;尖顶
29016;峰顶
29017;拔顶
29018;歇顶
29019;灭顶
29020;炉顶
29021;顶岗
29022;顶戴
29023;顶挡
29024;顶架
29025;顶杆
29026;顶棒
29027;顶叶
29028;顶盖
29029;顶让
29030;顶轮
29031;顶针
29032;暴力
29033;暴徒
29034;暴怒
29035;暴晒
29036;暴涨
29037;暴发
29038;暴跌
29039;残暴
29040;粗暴
29041;暴洪
29042;童年
29043;童话
29044;女童
29045;孩童
29046;童蒙
29047;急于
29048;紧急
29049;危急
29050;告急
29051;心急
29052;急促
29053;急忙
29054;急用
29055;急眼
29056;急迫
29057;急速
29058;情急
29059;焦急
29060;猴急
29061;劲急
29062;急派
29063;急症
29064;济急
29065;缓急
29066;港湾
29067;港股
29068;伸港
29069;封港
29070;泉港
29071;港府
29072;港弯
29073;访港
29074;返港
29075;驻港
29076;助威
29077;威力
29078;威胁
29079;威信
29080;威仪
29081;威望
29082;威猛
29083;威逼
29084;荣威
29085;武威
29086;示威
29087;威厉
29088;威吓
29089;威迫
29090;宣威
29091;核威
29092;欺负
29093;负担
29094;负责
29095;抱负
29096;担负
29097;肩负
29098;自负
29099;负债
29100;负伤
29101;负心
29102;亏负
29103;负累
29104;负鼠
29105;企划
29106;划船
29107;划过
29108;划伤
29109;划分
29110;谋划
29111;划拨
29112;划归
29113;汇划
29114;笔划
29115;轻浮
29116;悬浮
29117;沉浮
29118;浮上
29119;浮出
29120;浮想
29121;浮沉
29122;浮潜
29123;浮现
29124;浮起
29125;漂浮
29126;幽浮
29127;浮梁
29128;浮滑
29129;浮薄
29130;浮贴
29131;情况
29132;惨况
29133;概况
29134;吵架
29135;下架
29136;支架
29137;架构
29138;叉架
29139;屋架
29140;托架
29141;梁架
29142;栏架
29143;烤架
29144;炉架
29145;镜架
29146;陆架
29147;搜索
29148;检索
29149;求索
29150;索取
29151;索赔
29152;索道
29153;吊索
29154;披索
29155;索索
29156;忠诚
29157;真诚
29158;诚信
29159;诚实
29160;谦诚
29161;光阴
29162;阴冷
29163;阴天
29164;阴影
29165;阴暗
29166;阴谋
29167;平阴
29168;阴功
29169;阴性
29170;阴森
29171;阴凉
29172;阴湿
29173;阴笑
29174;阴道
29175;阴部
29176;阴间
29177;阴险
29178;阴风
29179;汤阴
29180;蒙阴
29181;阴帝
29182;阴径
29183;兄妹
29184;令兄
29185;盟兄
29186;笔记
29187;亲笔
29188;铅笔
29189;下笔
29190;执笔
29191;提笔
29192;笔名
29193;笔尖
29194;笔战
29195;笔挺
29196;笔架
29197;笔法
29198;笔直
29199;笔触
29200;笔录
29201;笔头
29202;落笔
29203;钢笔
29204;随笔
29205;刀笔
29206;墨笔
29207;妙笔
29208;横笔
29209;涉笔
29210;润笔
29211;笔供
29212;笔墨
29213;笔帽
29214;笔替
29215;笔误
29216;笔译
29217;笔锋
29218;附笔
29219;忍受
29220;忍耐
29221;残忍
29222;忍痛
29223;研究
29224;究竟
29225;终究
29226;偶像
29227;偶然
29228;偶遇
29229;玩偶
29230;佳偶
29231;偶犯
29232;匹偶
29233;夺偶
29234;怨偶
29235;可疑
29236;嫌疑
29237;悬疑
29238;猜疑
29239;疑心
29240;疑虑
29241;疑犯
29242;答疑
29243;迟疑
29244;析疑
29245;犹疑
29246;疑凶
29247;疑阵
29248;释疑
29249;反弹
29250;子弹
29251;弹出
29252;弹力
29253;弹琴
29254;炸弹
29255;中弹
29256;实弹
29257;弹奏
29258;弹牙
29259;弹珠
29260;弹跳
29261;弹道
29262;弹雨
29263;弹头
29264;核弹
29265;炮弹
29266;弹夹
29267;弹拨
29268;弹纠
29269;枪弹
29270;纠弹
29271;臭弹
29272;跳弹
29273;钢弹
29274;脏弹
29275;阅读
29276;宣读
29277;就读
29278;朗读
29279;研读
29280;精读
29281;读懂
29282;读本
29283;读音
29284;重读
29285;借读
29286;判读
29287;句读
29288;唯读
29289;审读
29290;拼读
29291;攻读
29292;泛读
29293;略读
29294;误读
29295;释读
29296;陪读
29297;饱读
29298;尊尚
29299;掌控
29300;控股
29301;操控
29302;自控
29303;控罪
29304;控辩
29305;检控
29306;被控
29307;史上
29308;史册
29309;史实
29310;史料
29311;史诗
29312;简史
29313;史籍
29314;厂史
29315;讲史
29316;神圣
29317;圣诞
29318;大圣
29319;圣代
29320;圣徒
29321;圣心
29322;圣手
29323;圣杯
29324;圣歌
29325;圣洁
29326;圣者
29327;圣雄
29328;圣哲
29329;圣祖
29330;圣训
29331;圣诗
29332;醉圣
29333;恐吓
29334;恐慌
29335;唯恐
29336;恐鸟
29337;对症
29338;症结
29339;重症
29340;险症
29341;顽症
29342;保险
29343;冒险
29344;危险
29345;凶险
29346;历险
29347;艰险
29348;避险
29349;险些
29350;险阻
29351;寿险
29352;凭险
29353;抢险
29354;涉险
29355;险峰
29356;核桃
29357;桃园
29358;胡桃
29359;寿桃
29360;责骂
29361;塞责
29362;督责
29363;罪责
29364;责罚
29365;玉兔
29366;玉帝
29367;玉手
29368;玉皇
29369;白玉
29370;美玉
29371;金玉
29372;右玉
29373;墨玉
29374;玉井
29375;玉泉
29376;玉衡
29377;珠玉
29378;软玉
29379;互动
29380;相互
29381;互惠
29382;互译
29383;偷偷
29384;偷笑
29385;偷情
29386;偷闲
29387;股市
29388;股民
29389;股票
29390;炒股
29391;七股
29392;股掌
29393;股沟
29394;容纳
29395;接纳
29396;收纳
29397;纳入
29398;纳税
29399;纳豆
29400;交纳
29401;加纳
29402;吸纳
29403;采纳
29404;归纳
29405;笑纳
29406;纳什
29407;纳福
29408;纳西
29409;察纳
29410;纳凉
29411;纳秒
29412;纳粮
29413;纳聘
29414;纳贡
29415;曾孙
29416;曾祖
29417;曾巩
29418;前途
29419;旅途
29420;途中
29421;长途
29422;征途
29423;危途
29424;坦途
29425;色鬼
29426;闹鬼
29427;鬼混
29428;鬼神
29429;鬼话
29430;厉鬼
29431;懒鬼
29432;搞鬼
29433;雷鬼
29434;慢慢
29435;傲慢
29436;拖慢
29437;迟慢
29438;买到
29439;收买
29440;买回
29441;买好
29442;采买
29443;买账
29444;家族
29445;一族
29446;回族
29447;壮族
29448;族群
29449;望族
29450;水族
29451;满族
29452;白族
29453;皇族
29454;部族
29455;占族
29456;塞族
29457;宗族
29458;怒族
29459;族灭
29460;灭族
29461;闪族
29462;零族
29463;脆弱
29464;弱小
29465;微弱
29466;示弱
29467;薄弱
29468;弱侧
29469;渐弱
29470;瘦弱
29471;贫弱
29472;镜子
29473;出镜
29474;墨镜
29475;明镜
29476;胃镜
29477;镜片
29478;借镜
29479;咸镜
29480;泳镜
29481;透镜
29482;懂得
29483;不舍
29484;宿舍
29485;舍得
29486;取舍
29487;施舍
29488;宅舍
29489;村舍
29490;田舍
29491;邻舍
29492;隐忍
29493;隐身
29494;隐隐
29495;隐含
29496;隐居
29497;隐患
29498;隐忧
29499;隐秘
29500;隐退
29501;隐映
29502;隐灭
29503;隐燃
29504;隐疾
29505;隐避
29506;隐饰
29507;掌握
29508;掌柜
29509;熊掌
29510;执掌
29511;掌嘴
29512;掌厨
29513;鸭掌
29514;勇敢
29515;勇略
29516;忠勇
29517;刷新
29518;二胡
29519;胡同
29520;胡子
29521;胡话
29522;胡适
29523;胡须
29524;胡佳
29525;胡吹
29526;胡搞
29527;嘴里
29528;闭嘴
29529;住嘴
29530;动嘴
29531;名嘴
29532;嘴硬
29533;嘴角
29534;奶嘴
29535;插嘴
29536;满嘴
29537;亲嘴
29538;零嘴
29539;吵嘴
29540;嘴琴
29541;嘴稳
29542;喷嘴
29543;搭嘴
29544;糊嘴
29545;绕嘴
29546;鸟嘴
29547;戒酒
29548;钻戒
29549;劝戒
29550;戒刀
29551;戒律
29552;犯戒
29553;禁戒
29554;鉴戒
29555;上帝
29556;右边
29557;左右
29558;右倾
29559;邻右
29560;夏天
29561;初夏
29562;夏娃
29563;夏令
29564;新潮
29565;浪潮
29566;怒潮
29567;涨潮
29568;潮虫
29569;漂移
29570;推移
29571;移情
29572;移植
29573;移除
29574;迁移
29575;偏移
29576;搬移
29577;滑移
29578;潜移
29579;移殖
29580;蓝移
29581;输移
29582;泡泡
29583;泡菜
29584;泡面
29585;泡澡
29586;泡饭
29587;起泡
29588;泡吧
29589;肺泡
29590;拼命
29591;拼图
29592;拼抢
29593;拼贴
29594;定律
29595;律师
29596;旋律
29597;一律
29598;七律
29599;自律
29600;律诗
29601;吓疯
29602;回归
29603;归宿
29604;归途
29605;海归
29606;归入
29607;归国
29608;归心
29609;归于
29610;归案
29611;归程
29612;归结
29613;归还
29614;归隐
29615;荣归
29616;归档
29617;归罪
29618;归附
29619;递归
29620;微软
29621;软弱
29622;发软
29623;变软
29624;软禁
29625;软卧
29626;软体
29627;软呢
29628;软坐
29629;软尺
29630;软席
29631;软库
29632;软梯
29633;软泥
29634;软饮
29635;把握
29636;个把
29637;把妹
29638;把持
29639;把玩
29640;拖把
29641;火把
29642;把稳
29643;扫把
29644;银两
29645;两下
29646;两全
29647;两难
29648;公两
29649;斤两
29650;两倍
29651;两侧
29652;两仪
29653;两句
29654;两岸
29655;两旁
29656;得很
29657;被子
29658;棉被
29659;被告
29660;被迫
29661;植被
29662;被禁
29663;被卧
29664;被译
29665;原则
29666;否则
29667;法则
29668;实则
29669;附则
29670;冷却
29671;忘却
29672;却步
29673;退却
29674;忍让
29675;谦让
29676;让步
29677;转让
29678;出让
29679;让位
29680;让路
29681;让开
29682;避让
29683;租让
29684;让坐
29685;躲让
29686;每每
29687;每日
29688;每隔
29689;济公
29690;不济
29691;同济
29692;济源
29693;济济
29694;惠济
29695;济贫
29696;命令
29697;下令
29698;冬令
29699;口令
29700;时令
29701;法令
29702;禁令
29703;责令
29704;令尊
29705;令箭
29706;令誉
29707;令郎
29708;判令
29709;喝令
29710;申令
29711;秋令
29712;纵令
29713;训令
29714;辞令
29715;迫令
29716;违令
29717;遵令
29718;呢子
29719;呢呢
29720;叫醒
29721;叫好
29722;叫喊
29723;喊叫
29724;政党
29725;死党
29726;党员
29727;党委
29728;入党
29729;工党
29730;建党
29731;结党
29732;党参
29733;党史
29734;党性
29735;党校
29736;党派
29737;凶党
29738;绿党
29739;余党
29740;党徒
29741;党籍
29742;党羽
29743;党龄
29744;天府
29745;学府
29746;首府
29747;幕府
29748;府幕
29749;府库
29750;府谷
29751;洞府
29752;十九
29753;九成
29754;九龙
29755;九泉
29756;钻研
29757;井研
29758;研判
29759;研析
29760;企盼
29761;外企
29762;屋企
29763;干吗
29764;委托
29765;常委
29766;立委
29767;部委
29768;委派
29769;吧托
29770;摸吧
29771;田野
29772;丰田
29773;大田
29774;成田
29775;本田
29776;梯田
29777;气田
29778;玉田
29779;田地
29780;田径
29781;田汉
29782;田间
29783;田鼠
29784;秋田
29785;蓝田
29786;青田
29787;井田
29788;棉田
29789;煤田
29790;田七
29791;田尾
29792;田湾
29793;竹田
29794;羽田
29795;薄田
29796;李子
29797;李哲
29798;李旦
29799;李树
29800;李纯
29801;李群
29802;李豫
29803;李贺
29804;六十
29805;六月
29806;十六
29807;周六
29808;六安
29809;六库
29810;六甲
29811;另册
29812;另寄
29813;仅仅
29814;仅供
29815;构成
29816;机构
29817;结构
29818;建构
29819;构图
29820;构思
29821;构想
29822;构架
29823;构筑
29824;构造
29825;构陷
29826;某些
29827;某某
29828;改革
29829;革新
29830;沿革
29831;敌人
29832;天敌
29833;宿敌
29834;情敌
29835;敌意
29836;敌手
29837;死敌
29838;抗敌
29839;敌档
29840;敌阵
29841;残敌
29842;十七
29843;七七
29844;七夕
29845;七彩
29846;七星
29847;七堵
29848;派对
29849;作派
29850;做派
29851;反派
29852;右派
29853;学派
29854;左派
29855;帮派
29856;指派
29857;新派
29858;正派
29859;派克
29860;派出
29861;派生
29862;派头
29863;流派
29864;特派
29865;宗派
29866;梅派
29867;跟上
29868;跟前
29869;跟班
29870;鞋跟
29871;例外
29872;例如
29873;比例
29874;例假
29875;例句
29876;实例
29877;照例
29878;凡例
29879;沿例
29880;范例
29881;违例
29882;供奉
29883;供给
29884;串供
29885;供献
29886;逼供
29887;骗供
29888;实施
29889;措施
29890;施工
29891;设施
29892;恩施
29893;施加
29894;施展
29895;施肥
29896;施行
29897;惠施
29898;施惠
29899;演讲
29900;讲究
29901;讲话
29902;讲述
29903;来讲
29904;讲价
29905;讲到
29906;讲堂
29907;讲师
29908;讲求
29909;讲评
29910;宣讲
29911;讲授
29912;讲桌
29913;讲辞
29914;察觉
29915;检察
29916;监察
29917;觉察
29918;体察
29919;察察
29920;察访
29921;审察
29922;纠察
29923;手段
29924;段子
29925;片段
29926;阶段
29927;地段
29928;身段
29929;批发
29930;批评
29931;横批
29932;分批
29933;批判
29934;批示
29935;批量
29936;批阅
29937;挨批
29938;夹批
29939;批汇
29940;揭批
29941;人群
29942;群雄
29943;群体
29944;成群
29945;羊群
29946;群居
29947;群峰
29948;群架
29949;超群
29950;集群
29951;句群
29952;编织
29953;织女
29954;针织
29955;织物
29956;促织
29957;染织
29958;采取
29959;采用
29960;采访
29961;采购
29962;采光
29963;采摘
29964;采花
29965;开采
29966;喝采
29967;采煤
29968;采珠
29969;攻城
29970;攻击
29971;攻略
29972;反攻
29973;攻占
29974;夹攻
29975;攻灭
29976;攻陷
29977;猛攻
29978;苏醒
29979;乌苏
29980;紫苏
29981;苏打
29982;苏武
29983;乘坐
29984;坐下
29985;围坐
29986;坐好
29987;坐定
29988;坐厕
29989;坐椅
29990;坐牢
29991;打坐
29992;端坐
29993;连坐
29994;闲坐
29995;坐坡
29996;搭坐
29997;船票
29998;晕船
29999;沉船
30000;船只
30001;轮船
30002;开船
30003;乘船
30004;拖船
30005;摇船
30006;汽船
30007;租船
30008;船尾
30009;船梯
30010;船籍
30011;船舰
30012;一般
30013;这般
30014;般若
30015;诸般
30016;谁知
30017;公益
30018;益友
30019;损益
30020;益虫
30021;益趋
30022;益鸟
30023;若干
30024;假若
30025;如若
30026;自若
30027;若是
30028;若然
30029;描述
30030;上述
30031;复述
30032;综述
30033;表述
30034;论述
30035;概述
30036;申述
30037;著述
30038;大陆
30039;陆地
30040;陆游
30041;陆坡
30042;陆羽
30043;迅雷
30044;雷人
30045;雷同
30046;雷锋
30047;地雷
30048;手雷
30049;扫雷
30050;格雷
30051;雷公
30052;雷恩
30053;雷击
30054;雷暴
30055;雷管
30056;雷声
30057;雷诺
30058;雷雨
30059;雷电
30060;惊雷
30061;雷朗
30062;雷盖
30063;雷鸟
30064;树木
30065;树林
30066;树枝
30067;树立
30068;树叶
30069;玉树
30070;大树
30071;建树
30072;松树
30073;桃树
30074;梨树
30075;植树
30076;树根
30077;树皮
30078;树种
30079;树阴
30080;绿树
30081;树冠
30082;树液
30083;树胶
30084;矮树
30085;基层
30086;层层
30087;层次
30088;层面
30089;楼层
30090;深层
30091;阶层
30092;双层
30093;云层
30094;高层
30095;下层
30096;低层
30097;内层
30098;分层
30099;单层
30100;外层
30101;夹层
30102;层楼
30103;层级
30104;层云
30105;断层
30106;皮层
30107;表层
30108;煤层
30109;矿层
30110;盖层
30111;薄层
30112;忽略
30113;战略
30114;领略
30115;侵略
30116;略微
30117;策略
30118;粗略
30119;略夺
30120;略略
30121;略释
30122;缩略
30123;模范
30124;范围
30125;规范
30126;防范
30127;风范
30128;轨范
30129;句子
30130;句号
30131;句式
30132;名句
30133;字句
30134;短句
30135;绝句
30136;诗句
30137;警句
30138;炼句
30139;村庄
30140;策划
30141;失策
30142;献策
30143;孙策
30144;策谋
30145;受罪
30146;得罪
30147;犯罪
30148;罪恶
30149;罪过
30150;遭罪
30151;原罪
30152;怪罪
30153;有罪
30154;罪人
30155;罪名
30156;罪犯
30157;罪行
30158;谢罪
30159;悔罪
30160;抵罪
30161;替罪
30162;判断
30163;裁判
30164;谈判
30165;判定
30166;宣判
30167;评判
30168;误判
30169;判赔
30170;既然
30171;您好
30172;宗师
30173;正宗
30174;大宗
30175;广宗
30176;卷宗
30177;其余
30178;剩余
30179;多余
30180;业余
30181;余地
30182;余额
30183;富余
30184;新余
30185;残余
30186;结余
30187;余下
30188;余光
30189;余力
30190;余热
30191;余辉
30192;余量
30193;余震
30194;余音
30195;宽余
30196;厨余
30197;扶余
30198;余怒
30199;余绪
30200;安检
30201;检查
30202;检测
30203;检讨
30204;检验
30205;体检
30206;抽检
30207;检修
30208;检出
30209;检视
30210;检阅
30211;检点
30212;搜检
30213;检漏
30214;协助
30215;协会
30216;协调
30217;协议
30218;政协
30219;协作
30220;协力
30221;协同
30222;足协
30223;协奏
30224;占据
30225;占有
30226;占领
30227;侵占
30228;占地
30229;占星
30230;抢占
30231;独占
30232;挤占
30233;征战
30234;征服
30235;征程
30236;特征
30237;象征
30238;出征
30239;征收
30240;征用
30241;征询
30242;征税
30243;征稿
30244;远征
30245;仪征
30246;征衫
30247;征驾
30248;征聘
30249;秋征
30250;缓征
30251;指挥
30252;发挥
30253;挥泪
30254;挥洒
30255;挥发
30256;阶梯
30257;进阶
30258;阶乘
30259;审判
30260;审批
30261;审查
30262;审核
30263;审美
30264;审视
30265;审计
30266;一审
30267;初审
30268;受审
30269;审问
30270;审定
30271;审理
30272;审讯
30273;庭审
30274;复审
30275;政审
30276;终审
30277;评审
30278;重审
30279;吊审
30280;审订
30281;审阅
30282;乌审
30283;秋审
30284;编审
30285;啊呀
30286;固执
30287;执行
30288;争执
30289;执勤
30290;执意
30291;执教
30292;执照
30293;执迷
30294;执拾
30295;副本
30296;副业
30297;副食
30298;副刊
30299;反抗
30300;对抗
30301;抗战
30302;抗拒
30303;抵抗
30304;抗击
30305;抗日
30306;抗衡
30307;抗捐
30308;抗灾
30309;抗税
30310;抗震
30311;违抗
30312;阻抗
30313;犯错
30314;主犯
30315;人犯
30316;侵犯
30317;冒犯
30318;嫌犯
30319;犯傻
30320;犯愁
30321;触犯
30322;逃犯
30323;凶犯
30324;犯劲
30325;累犯
30326;违犯
30327;宣传
30328;宣城
30329;宣战
30330;宣扬
30331;宣恩
30332;税务
30333;保税
30334;偷税
30335;免税
30336;地税
30337;报税
30338;收税
30339;减税
30340;漏税
30341;税前
30342;税后
30343;税法
30344;退税
30345;逃税
30346;避税
30347;关税
30348;含税
30349;捐税
30350;损税
30351;租税
30352;左下
30353;左岸
30354;左倾
30355;左券
30356;左贡
30357;左镇
30358;邻左
30359;上阵
30360;对阵
30361;阵亡
30362;阵地
30363;阵子
30364;阵容
30365;阵雨
30366;一阵
30367;助阵
30368;阵痛
30369;大概
30370;概括
30371;冰块
30372;切块
30373;方块
30374;板块
30375;地块
30376;块头
30377;木块
30378;模块
30379;版块
30380;肿块
30381;血块
30382;块煤
30383;块菌
30384;滑块
30385;碎块
30386;顿时
30387;困顿
30388;安顿
30389;整顿
30390;立顿
30391;顿悟
30392;顿觉
30393;顿足
30394;寄顿
30395;迟顿
30396;冰岛
30397;列岛
30398;半岛
30399;孤岛
30400;海岛
30401;环岛
30402;群岛
30403;青岛
30404;北岛
30405;广岛
30406;星岛
30407;本岛
30408;港岛
30409;福岛
30410;绿岛
30411;关岛
30412;离岛
30413;黄岛
30414;竹岛
30415;蛇岛
30416;寄托
30417;拜托
30418;摩托
30419;衬托
30420;交托
30421;依托
30422;信托
30423;托福
30424;托管
30425;推托
30426;央托
30427;杯托
30428;枪托
30429;菌托
30430;依靠
30431;靠近
30432;靠岸
30433;哇靠
30434;凭靠
30435;牢靠
30436;靠窗
30437;释放
30438;释俗
30439;释卷
30440;释尊
30441;危害
30442;危机
30443;危及
30444;危房
30445;危楼
30446;安危
30447;危亡
30448;危径
30449;危迫
30450;扶危
30451;核心
30452;内核
30453;复核
30454;核准
30455;核定
30456;核实
30457;核武
30458;核算
30459;核能
30460;核酸
30461;核电
30462;结核
30463;核对
30464;核查
30465;核柱
30466;硬核
30467;介意
30468;介绍
30469;简介
30470;介于
30471;媒介
30472;坏事
30473;坏掉
30474;坏蛋
30475;使坏
30476;吓坏
30477;坏死
30478;宠坏
30479;弄坏
30480;惯坏
30481;损坏
30482;摔坏
30483;毁坏
30484;累坏
30485;坏账
30486;坏透
30487;腐坏
30488;程序
30489;顺序
30490;工序
30491;序幕
30492;排序
30493;有序
30494;次序
30495;无序
30496;叶序
30497;太监
30498;监控
30499;监测
30500;监督
30501;监管
30502;监考
30503;总监
30504;监禁
30505;监护
30506;监押
30507;监牢
30508;领域
30509;域名
30510;流域
30511;邻域
30512;闭域
30513;综括
30514;旗舰
30515;战舰
30516;舰船
30517;舰载
30518;潜舰
30519;舰桥
30520;失误
30521;误会
30522;误解
30523;误伤
30524;误机
30525;误点
30526;违误
30527;迟误
30528;湾仔
30529;墨湾
30530;猪湾
30531;改编
30532;编剧
30533;编号
30534;编辑
30535;汇编
30536;编成
30537;编排
30538;编者
30539;编舞
30540;编译
30541;编造
30542;编队
30543;总编
30544;邮编
30545;扩编
30546;混编
30547;竹编
30548;编著
30549;楚楚
30550;楚辞
30551;屋子
30552;同屋
30553;新屋
30554;仰屋
30555;狗屋
30556;鸟屋
30557;奔跑
30558;快跑
30559;慢跑
30560;落跑
30561;赶跑
30562;跑出
30563;跑腿
30564;跑道
30565;跑鞋
30566;逃跑
30567;领跑
30568;抢跑
30569;跑酷
30570;困苦
30571;剑客
30572;剑桥
30573;利剑
30574;剑河
30575;剑法
30576;剑术
30577;剑道
30578;宝剑
30579;击剑
30580;舞剑
30581;剑尖
30582;渐渐
30583;逐渐
30584;封口
30585;封锁
30586;册封
30587;塑封
30588;封冻
30589;封刀
30590;封泥
30591;封禁
30592;封裹
30593;泥封
30594;枪口
30595;枪战
30596;枪手
30597;开枪
30598;中枪
30599;冷枪
30600;刀枪
30601;打枪
30602;枪支
30603;枪械
30604;枪决
30605;枪版
30606;枪炮
30607;步枪
30608;水枪
30609;火枪
30610;烟枪
30611;长枪
30612;枪替
30613;枪枝
30614;枪杆
30615;鸟枪
30616;毫升
30617;挥毫
30618;毫秒
30619;秋毫
30620;感恩
30621;恩人
30622;恩师
30623;恩平
30624;恩怨
30625;恩情
30626;恩惠
30627;恩宠
30628;固定
30629;加固
30630;固化
30631;固有
30632;固然
30633;固体
30634;坚固
30635;牢固
30636;稳固
30637;主席
30638;出席
30639;宴席
30640;席位
30641;席卷
30642;凉席
30643;硬席
30644;逃席
30645;思虑
30646;忧虑
30647;挂虑
30648;谋虑
30649;均衡
30650;均湿
30651;诗人
30652;诗意
30653;诗歌
30654;情诗
30655;诗文
30656;诗篇
30657;诗经
30658;艳诗
30659;诗稿
30660;损伤
30661;损失
30662;损害
30663;亏损
30664;受损
30665;损人
30666;损毁
30667;损耗
30668;有损
30669;耗损
30670;损赠
30671;毁损
30672;污损
30673;碰损
30674;忽然
30675;忽忽
30676;忽闪
30677;落叶
30678;叶子
30679;中叶
30680;千叶
30681;枝叶
30682;秋叶
30683;红叶
30684;绿叶
30685;叶问
30686;叶片
30687;香叶
30688;刀叶
30689;叶挺
30690;叶轮
30691;针叶
30692;阔叶
30693;额叶
30694;附近
30695;依附
30696;吸附
30697;附加
30698;附身
30699;趋附
30700;附寄
30701;授予
30702;给予
30703;予以
30704;赠予
30705;家庭
30706;庭训
30707;径庭
30708;名额
30709;金额
30710;额外
30711;额头
30712;前额
30713;巨额
30714;差额
30715;满额
30716;超额
30717;配额
30718;面额
30719;高额
30720;扁额
30721;横额
30722;额敏
30723;含有
30724;含量
30725;含笑
30726;含糊
30727;含混
30728;认输
30729;输入
30730;输掉
30731;输液
30732;运输
30733;服输
30734;输出
30735;输送
30736;输电
30737;动摇
30738;摇摆
30739;摇滚
30740;摇头
30741;摇动
30742;摇篮
30743;摇身
30744;所谓
30745;基督
30746;督促
30747;督察
30748;督导
30749;督办
30750;医疗
30751;理疗
30752;诊疗
30753;身材
30754;建材
30755;寿材
30756;毁灭
30757;消灭
30758;破灭
30759;幻灭
30760;扑灭
30761;杀灭
30762;灭亡
30763;灭口
30764;吞灭
30765;灭菌
30766;追逐
30767;放逐
30768;逐个
30769;逐年
30770;竞逐
30771;亡命
30772;消亡
30773;逃亡
30774;丧亡
30775;工厂
30776;厂商
30777;出厂
30778;厂子
30779;厂房
30780;厂牌
30781;船厂
30782;酒厂
30783;钢厂
30784;电厂
30785;厂矿
30786;染厂
30787;授乳
30788;诺言
30789;允诺
30790;许诺
30791;宿诺
30792;彼岸
30793;海岸
30794;上岸
30795;伟岸
30796;岸边
30797;沿岸
30798;傲岸
30799;抵岸
30800;炸掉
30801;炸毁
30802;炸碎
30803;炸糕
30804;偏旁
30805;子宫
30806;后宫
30807;故宫
30808;皇宫
30809;南宫
30810;宫女
30811;宫缩
30812;月宫
30813;王宫
30814;行宫
30815;进宫
30816;龙宫
30817;逼宫
30818;喝酒
30819;喝彩
30820;喝醉
30821;借宿
30822;借故
30823;借机
30824;借款
30825;借给
30826;借贷
30827;借鉴
30828;假借
30829;租借
30830;借债
30831;借账
30832;借阅
30833;拆借
30834;摘借
30835;不禁
30836;禁用
30837;禁食
30838;幽禁
30839;禁欲
30840;违禁
30841;谋略
30842;谋面
30843;参谋
30844;密谋
30845;智谋
30846;深谋
30847;计谋
30848;谋事
30849;谋利
30850;谋取
30851;谋求
30852;谋生
30853;预谋
30854;串谋
30855;钻谋
30856;逃避
30857;回避
30858;避嫌
30859;抓获
30860;抓捕
30861;荣耀
30862;荣誉
30863;荣光
30864;荣幸
30865;荣获
30866;殊荣
30867;繁荣
30868;尊荣
30869;姑姑
30870;姑妈
30871;姑丈
30872;子孙
30873;孙子
30874;公孙
30875;外孙
30876;孙武
30877;卷逃
30878;逃债
30879;逃漏
30880;心跳
30881;跳伞
30882;跳进
30883;跳井
30884;冰镇
30885;城镇
30886;乡镇
30887;镇压
30888;镇定
30889;镇江
30890;镇长
30891;镇静
30892;北镇
30893;固镇
30894;市镇
30895;村镇
30896;清镇
30897;丰镇
30898;重镇
30899;镇住
30900;镇原
30901;镇守
30902;镇安
30903;镇巴
30904;镇平
30905;镇海
30906;镇纸
30907;镇远
30908;集镇
30909;镇咳
30910;教练
30911;练习
30912;训练
30913;晨练
30914;演练
30915;练功
30916;操练
30917;稳练
30918;陪练
30919;强迫
30920;迫使
30921;迫害
30922;迫于
30923;逼迫
30924;迫促
30925;迫胁
30926;长篇
30927;篇幅
30928;开篇
30929;普遍
30930;一遍
30931;找遍
30932;跑遍
30933;下凡
30934;凡是
30935;超凡
30936;凡俗
30937;洞察
30938;漏洞
30939;空洞
30940;耳洞
30941;地洞
30942;洞口
30943;洞天
30944;洞悉
30945;洞房
30946;龙洞
30947;挖洞
30948;洞鉴
30949;洪洞
30950;钻洞
30951;卷子
30952;卷发
30953;问卷
30954;试卷
30955;卷起
30956;手卷
30957;卷入
30958;卷饼
30959;案卷
30960;残卷
30961;白卷
30962;答卷
30963;开卷
30964;阅卷
30965;卷尺
30966;卷绕
30967;卷裹
30968;吊卷
30969;卷扬
30970;坦然
30971;坦诚
30972;平坦
30973;舒坦
30974;付诸
30975;诸如
30976;培训
30977;教训
30978;家训
30979;训话
30980;轮训
30981;山庄
30982;庄园
30983;南庄
30984;周庄
30985;老庄
30986;庄子
30987;庄家
30988;庄重
30989;祖国
30990;祖宗
30991;先祖
30992;始祖
30993;妈祖
30994;祖传
30995;祖父
30996;祖籍
30997;祖辈
30998;鼻祖
30999;叔祖
31000;祖鸟
31001;森森
31002;梅森
31003;洪森
31004;铁塔
31005;古塔
31006;塔吊
31007;塔城
31008;塔尖
31009;塔林
31010;塔楼
31011;宝塔
31012;斜塔
31013;炮塔
31014;蛋塔
31015;西塔
31016;贝塔
31017;金塔
31018;高塔
31019;倍塔
31020;吊塔
31021;塔扎
31022;墓塔
31023;尖塔
31024;截塔
31025;回访
31026;拜访
31027;访问
31028;上访
31029;互访
31030;来访
31031;信访
31032;寻访
31033;访客
31034;造访
31035;踏访
31036;蒙牛
31037;蒙古
31038;蒙蒙
31039;启蒙
31040;承蒙
31041;蒙混
31042;蒙骗
31043;蒙山
31044;蒙恩
31045;蒙自
31046;蒙面
31047;迷蒙
31048;混蒙
31049;欲望
31050;食欲
31051;情欲
31052;欲火
31053;纵欲
31054;家伙
31055;搭伙
31056;惨遭
31057;遭到
31058;遭拒
31059;锅盖
31060;冰盖
31061;加盖
31062;封盖
31063;后盖
31064;盖上
31065;盖世
31066;盖帽
31067;盖章
31068;盖头
31069;盖饭
31070;铺盖
31071;倾盖
31072;搭盖
31073;滑盖
31074;菌盖
31075;盖碗
31076;弄丢
31077;弄乱
31078;弄伤
31079;弄懂
31080;弄清
31081;弄醒
31082;弄错
31083;弄脏
31084;戏弄
31085;捉弄
31086;搬弄
31087;拨弄
31088;摆弄
31089;糊弄
31090;里弄
31091;弄混
31092;弄碎
31093;弄糟
31094;安稳
31095;稳定
31096;稳重
31097;稳健
31098;稳当
31099;稳厚
31100;稳贴
31101;亿万
31102;十亿
31103;徒劳
31104;徒弟
31105;徒步
31106;门徒
31107;使徒
31108;信徒
31109;司徒
31110;徒手
31111;徒然
31112;教徒
31113;赌徒
31114;高徒
31115;骗徒
31116;一齐
31117;整齐
31118;齐全
31119;到齐
31120;对齐
31121;聚齐
31122;齐备
31123;齐名
31124;齐国
31125;齐心
31126;齐放
31127;齐步
31128;齐肩
31129;刀具
31130;刀叉
31131;刀口
31132;刀片
31133;刀郎
31134;刀锋
31135;刺刀
31136;小刀
31137;尖刀
31138;磨刀
31139;开刀
31140;飞刀
31141;刮刀
31142;泥刀
31143;竹刀
31144;跨刀
31145;分析
31146;综析
31147;透析
31148;窗帘
31149;窗户
31150;同窗
31151;天窗
31152;吊窗
31153;窗扇
31154;窗饰
31155;钢窗
31156;丧妻
31157;看透
31158;透明
31159;参透
31160;熟透
31161;糟透
31162;透亮
31163;透彻
31164;烂透
31165;胸透
31166;代替
31167;替代
31168;更替
31169;轮替
31170;哇塞
31171;堵塞
31172;鼻塞
31173;塞外
31174;塞子
31175;活塞
31176;语塞
31177;闭塞
31178;阻塞
31179;塞尺
31180;填塞
31181;瓶塞
31182;老虎
31183;卧虎
31184;猛虎
31185;白虎
31186;虎子
31187;虎年
31188;龙虎
31189;虎尾
31190;上扬
31191;张扬
31192;表扬
31193;赞扬
31194;飞扬
31195;扬名
31196;扬起
31197;发扬
31198;扬琴
31199;扬谷
31200;入侵
31201;侵入
31202;侵害
31203;性侵
31204;侵截
31205;侵扰
31206;绿色
31207;绿豆
31208;绿地
31209;绿茶
31210;绿箭
31211;绿肥
31212;迅疾
31213;国贸
31214;外贸
31215;贸易
31216;经贸
31217;贸然
31218;集贸
31219;完毕
31220;毕竟
31221;毕生
31222;唯一
31223;低谷
31224;谷歌
31225;平谷
31226;幽谷
31227;波谷
31228;深谷
31229;谷子
31230;谷雨
31231;谷底
31232;沟谷
31233;谷仓
31234;裂谷
31235;车轮
31236;轮回
31237;轮椅
31238;轮流
31239;轮番
31240;邮轮
31241;前轮
31242;客轮
31243;巨轮
31244;年轮
31245;后轮
31246;油轮
31247;渡轮
31248;滑轮
31249;货轮
31250;轮休
31251;轮值
31252;轮渡
31253;轮滑
31254;轮班
31255;轮转
31256;转轮
31257;拖轮
31258;摆轮
31259;胶轮
31260;轮询
31261;轮距
31262;仓库
31263;宝库
31264;库克
31265;库存
31266;水库
31267;车库
31268;金库
31269;国库
31270;巴库
31271;库房
31272;库车
31273;书库
31274;油库
31275;法库
31276;粮库
31277;血库
31278;尤为
31279;竞技
31280;竞猜
31281;竞相
31282;竞渡
31283;竞秀
31284;竞艳
31285;促成
31286;暑促
31287;延伸
31288;延安
31289;延缓
31290;延续
31291;延误
31292;延长
31293;拖延
31294;延吉
31295;延后
31296;延期
31297;延迟
31298;延边
31299;延聘
31300;挨延
31301;迟延
31302;迁延
31303;地震
31304;震惊
31305;车震
31306;震怒
31307;震旦
31308;震昏
31309;震灾
31310;马甲
31311;甲子
31312;甲方
31313;甲状
31314;甲第
31315;美甲
31316;花甲
31317;装甲
31318;披甲
31319;甲申
31320;甲紫
31321;甲肝
31322;甲虫
31323;胸甲
31324;伟大
31325;伟绩
31326;宏伟
31327;雄伟
31328;申明
31329;申诉
31330;申论
31331;申辩
31332;重申
31333;申奏
31334;申扎
31335;申猴
31336;申申
31337;缓慢
31338;缓缓
31339;缓解
31340;舒缓
31341;平缓
31342;放缓
31343;死缓
31344;迟缓
31345;宽缓
31346;暂缓
31347;缓聘
31348;趋缓
31349;潜力
31350;潜能
31351;潜在
31352;潜心
31353;潜藏
31354;潜逃
31355;潜泳
31356;潜鸟
31357;闪亮
31358;闪耀
31359;闪闪
31360;躲闪
31361;闪动
31362;闪婚
31363;闪现
31364;闪躲
31365;闪过
31366;闪避
31367;闪开
31368;闪映
31369;闪辉
31370;出售
31371;售完
31372;零售
31373;寄售
31374;打针
31375;针对
31376;分针
31377;别针
31378;扎针
31379;方针
31380;时针
31381;秒针
31382;胸针
31383;针刺
31384;撞针
31385;晕针
31386;针鼻
31387;哲学
31388;哲理
31389;哲人
31390;热络
31391;经络
31392;抵挡
31393;大抵
31394;抵消
31395;抵触
31396;抵债
31397;抵偿
31398;抵扣
31399;抵拒
31400;抵账
31401;抵赖
31402;鼓励
31403;鼓掌
31404;大鼓
31405;鼓动
31406;鼓吹
31407;鼓手
31408;鼓点
31409;鼓鼓
31410;铃鼓
31411;鼓盆
31412;鼓膜
31413;鼓舌
31414;培植
31415;纯洁
31416;纯正
31417;纯净
31418;尾页
31419;杰作
31420;人杰
31421;杰出
31422;豪杰
31423;尊重
31424;尊奉
31425;尊驾
31426;作秀
31427;秀美
31428;宜秀
31429;狗秀
31430;秀峰
31431;混乱
31432;混蛋
31433;混入
31434;混战
31435;混搭
31436;混饭
31437;搞混
31438;闲混
31439;振作
31440;振奋
31441;不振
31442;偏振
31443;振幅
31444;谐振
31445;感染
31446;污染
31447;晕染
31448;有染
31449;染上
31450;染色
31451;拔染
31452;怒火
31453;愤怒
31454;怒骂
31455;怒恨
31456;触怒
31457;搞定
31458;失措
31459;措辞
31460;无措
31461;措勤
31462;残酷
31463;伤残
31464;残存
31465;残害
31466;残废
31467;残疾
31468;残障
31469;春秋
31470;秋天
31471;深秋
31472;秋色
31473;秋衣
31474;秋裤
31475;秋游
31476;秋雨
31477;立秋
31478;秋凉
31479;秋粮
31480;宽容
31481;宽广
31482;宽松
31483;宽厚
31484;宽宏
31485;宽屏
31486;宽度
31487;宽待
31488;宽心
31489;宽慰
31490;宽阔
31491;放宽
31492;宽畅
31493;宽泛
31494;宽洪
31495;宽爽
31496;宽贷
31497;胸宽
31498;勇猛
31499;猛地
31500;猛然
31501;生猛
31502;迅猛
31503;猛撞
31504;猛跌
31505;摆放
31506;显摆
31507;下摆
31508;摆平
31509;摆手
31510;摆明
31511;摆渡
31512;摆阔
31513;钟摆
31514;扭摆
31515;铺摆
31516;梅花
31517;梅雨
31518;话梅
31519;毁掉
31520;毁容
31521;烧毁
31522;拆毁
31523;撞毁
31524;加盟
31525;同盟
31526;东盟
31527;盟友
31528;结盟
31529;非盟
31530;坚硬
31531;硬件
31532;硬币
31533;生硬
31534;硬度
31535;硬座
31536;硬性
31537;硬撑
31538;硬是
31539;硬朗
31540;硬皮
31541;硬卧
31542;过硬
31543;冻硬
31544;煮硬
31545;硬挺
31546;硬逼
31547;全麦
31548;油麦
31549;麦子
31550;麦片
31551;番麦
31552;操作
31553;操蛋
31554;情操
31555;操纵
31556;操逼
31557;洁操
31558;阻挡
31559;阻碍
31560;受阻
31561;阻击
31562;阻隔
31563;阻截
31564;阻援
31565;阻扰
31566;阻燃
31567;订票
31568;订阅
31569;修订
31570;赞美
31571;赞赏
31572;赞助
31573;赞许
31574;赞叹
31575;赞誉
31576;梁赞
31577;赞辞
31578;纠纷
31579;纷扰
31580;纷纷
31581;纷繁
31582;纷披
31583;沿着
31584;沿途
31585;前沿
31586;哭喊
31587;喊道
31588;久违
31589;违法
31590;违心
31591;违章
31592;违傲
31593;违碍
31594;汇报
31595;汇演
31596;汇率
31597;汇总
31598;汇聚
31599;外汇
31600;汇价
31601;汇入
31602;汇合
31603;汇金
31604;南汇
31605;融汇
31606;语汇
31607;汇寄
31608;汇映
31609;炒汇
31610;蓝天
31611;蓝色
31612;宝蓝
31613;深蓝
31614;蓝图
31615;蓝本
31616;蓝领
31617;乌蓝
31618;蓝菌
31619;悬殊
31620;奉献
31621;贡献
31622;捐献
31623;献出
31624;献身
31625;同桌
31626;桌子
31627;搭桌
31628;桌巾
31629;口译
31630;直译
31631;译名
31632;译文
31633;译者
31634;摘译
31635;夺冠
31636;夺取
31637;夺得
31638;抢夺
31639;截夺
31640;裁夺
31641;汽锅
31642;截距
31643;焦距
31644;轨距
31645;剪裁
31646;总裁
31647;裁剪
31648;裁定
31649;裁决
31650;裁撤
31651;偏偏
31652;偏执
31653;偏见
31654;偏好
31655;偏心
31656;偏重
31657;偏食
31658;偏高
31659;偏宠
31660;偏巧
31661;偏废
31662;偏斜
31663;偏疼
31664;偏辞
31665;偏锋
31666;纠偏
31667;符号
31668;相符
31669;符串
31670;感触
31671;接触
31672;触动
31673;触摸
31674;碰触
31675;触屏
31676;触手
31677;触发
31678;触觉
31679;触须
31680;触媒
31681;触诊
31682;尊敬
31683;敬请
31684;敬酒
31685;可敬
31686;敬上
31687;敬仰
31688;敬意
31689;敬爱
31690;敬重
31691;敬启
31692;敬奉
31693;敬悉
31694;敬辞
31695;肃敬
31696;哭诉
31697;哭墙
31698;哭穷
31699;城墙
31700;墙壁
31701;墙纸
31702;墙角
31703;翻墙
31704;外墙
31705;爬墙
31706;胸墙
31707;骑墙
31708;罚款
31709;罚跪
31710;赏罚
31711;大厅
31712;客厅
31713;巧妙
31714;恰巧
31715;碰巧
31716;巧辩
31717;侧面
31718;右侧
31719;左侧
31720;侧目
31721;侧卧
31722;侧身
31723;侧躺
31724;侧重
31725;侧门
31726;北侧
31727;南侧
31728;反侧
31729;外侧
31730;东侧
31731;西侧
31732;侧锋
31733;倾侧
31734;债券
31735;债务
31736;国债
31737;欠债
31738;债主
31739;偿债
31740;公债
31741;外债
31742;血债
31743;讨债
31744;躲债
31745;还债
31746;宿债
31747;拖债
31748;租债
31749;逼债
31750;融入
31751;融化
31752;融合
31753;消融
31754;融融
31755;融炉
31756;戴上
31757;爱戴
31758;拥戴
31759;穿戴
31760;犹如
31761;犹豫
31762;乘客
31763;上乘
31764;乘法
31765;乘凉
31766;大乘
31767;搭乘
31768;挂住
31769;挂念
31770;牵挂
31771;悬挂
31772;挂好
31773;挂彩
31774;挂机
31775;挂牌
31776;挂钟
31777;挂面
31778;披挂
31779;拖挂
31780;挂帅
31781;挂挡
31782;挂碍
31783;挂锁
31784;厚道
31785;厚度
31786;厚望
31787;忠厚
31788;雄厚
31789;厚薄
31790;厚谊
31791;厚颜
31792;肥厚
31793;薄厚
31794;颜厚
31795;放纵
31796;纵使
31797;纵容
31798;纵横
31799;纵向
31800;纵情
31801;纵火
31802;纵观
31803;纵身
31804;纵酒
31805;纵梁
31806;纵肌
31807;纵裂
31808;纵览
31809;纵贯
31810;纵隔
31811;骄纵
31812;保障
31813;故障
31814;障碍
31815;屏障
31816;喜讯
31817;快讯
31818;短讯
31819;简讯
31820;视讯
31821;讯息
31822;凶讯
31823;涉及
31824;涉嫌
31825;交涉
31826;涉世
31827;涉黑
31828;牵涉
31829;涉渡
31830;涉览
31831;彻悟
31832;报刊
31833;周刊
31834;刊物
31835;刊载
31836;创刊
31837;书刊
31838;月刊
31839;期刊
31840;姨丈
31841;方丈
31842;乌云
31843;乌龙
31844;义乌
31845;乌海
31846;乌青
31847;乌黑
31848;乌恰
31849;扫描
31850;描绘
31851;患有
31852;忧患
31853;奇妙
31854;美妙
31855;妙手
31856;妙龄
31857;佳妙
31858;辣彼
31859;模仿
31860;仿真
31861;倾向
31862;倾城
31863;倾心
31864;倾诉
31865;倾吐
31866;倾注
31867;倾盆
31868;前倾
31869;倾陷
31870;缺陷
31871;陷入
31872;身陷
31873;陷害
31874;菜鸟
31875;飞鸟
31876;候鸟
31877;打鸟
31878;水鸟
31879;海鸟
31880;神鸟
31881;老鸟
31882;鸟羽
31883;封闭
31884;闭上
31885;闭关
31886;关闭
31887;紧闭
31888;闭合
31889;闭幕
31890;闭锁
31891;撤退
31892;撤出
31893;撤回
31894;撤掉
31895;撤职
31896;撤走
31897;疾苦
31898;疾速
31899;顽疾
31900;宿疾
31901;晴朗
31902;开朗
31903;爽朗
31904;郎朗
31905;小狗
31906;打狗
31907;搜狗
31908;狗日
31909;狗熊
31910;走狗
31911;猪狗
31912;尾牙
31913;结尾
31914;尾灯
31915;尾随
31916;末尾
31917;眼尾
31918;尾欠
31919;尾矿
31920;尾羽
31921;截尾
31922;仪式
31923;心仪
31924;礼仪
31925;仪态
31926;仪表
31927;倡仪
31928;丧仪
31929;明珠
31930;珠海
31931;泪珠
31932;珠子
31933;珠峰
31934;汗珠
31935;珠灰
31936;钢珠
31937;虫子
31938;虫草
31939;害虫
31940;幼虫
31941;书虫
31942;毛虫
31943;沙虫
31944;爬虫
31945;精虫
31946;网虫
31947;虫洞
31948;虫牙
31949;飞虫
31950;扁虫
31951;臭虫
31952;虫灾
31953;宜家
31954;事宜
31955;信宜
31956;宜人
31957;宜昌
31958;宜宾
31959;相宜
31960;允宜
31961;大桥
31962;桥梁
31963;桥头
31964;吊桥
31965;小桥
31966;康桥
31967;板桥
31968;架桥
31969;桥牌
31970;桥西
31971;桥面
31972;浮桥
31973;路桥
31974;双桥
31975;怨恨
31976;悔恨
31977;痛恨
31978;可恨
31979;恨意
31980;恨透
31981;愤恨
31982;嫌恨
31983;宿恨
31984;憾恨
31985;繁忙
31986;频繁
31987;繁多
31988;繁盛
31989;繁复
31990;繁重
31991;繁体
31992;繁昌
31993;叹息
31994;感叹
31995;叹赏
31996;一旦
31997;贴旦
31998;粗粮
31999;粮草
32000;粮食
32001;杂粮
32002;余粮
32003;口粮
32004;断粮
32005;狗粮
32006;精粮
32007;粮仓
32008;粮票
32009;食粮
32010;压缩
32011;收缩
32012;浓缩
32013;缩小
32014;缩水
32015;缩短
32016;退缩
32017;伸缩
32018;微缩
32019;紧缩
32020;缩影
32021;缩成
32022;缩减
32023;缩胸
32024;罢了
32025;罢工
32026;也罢
32027;作罢
32028;罢休
32029;路径
32030;途径
32031;半径
32032;口径
32033;小径
32034;幽径
32035;径直
32036;行径
32037;门径
32038;兔径
32039;剪径
32040;斜径
32041;眼袋
32042;袋鼠
32043;袋熊
32044;邮袋
32045;灰色
32046;灰心
32047;吹灰
32048;泥灰
32049;灰泥
32050;灰熊
32051;煤灰
32052;爬灰
32053;捕获
32054;被捕
32055;拒捕
32056;搜捕
32057;屏幕
32058;谢幕
32059;帘幕
32060;上映
32061;反映
32062;公映
32063;放映
32064;映像
32065;映衬
32066;辉映
32067;分裂
32068;决裂
32069;爆裂
32070;碎裂
32071;裂变
32072;裂开
32073;开裂
32074;羽裂
32075;裂殖
32076;时隔
32077;分隔
32078;间隔
32079;隔世
32080;隔夜
32081;隔天
32082;横隔
32083;启动
32084;开启
32085;启奏
32086;尖叫
32087;尖刻
32088;尖子
32089;尖尖
32090;尖峰
32091;尖端
32092;舌尖
32093;鼻尖
32094;尖扎
32095;拔尖
32096;忠告
32097;忠实
32098;忠心
32099;忠于
32100;忠言
32101;劳累
32102;累积
32103;累累
32104;累计
32105;受累
32106;拖累
32107;累心
32108;墨累
32109;牵累
32110;消炎
32111;炎症
32112;发炎
32113;胃炎
32114;鼻炎
32115;炎夏
32116;炎帝
32117;炎炎
32118;肝炎
32119;肺炎
32120;肠炎
32121;膜炎
32122;暂时
32123;短暂
32124;粗估
32125;赔偿
32126;偿还
32127;专横
32128;强横
32129;横切
32130;横向
32131;横幅
32132;横扫
32133;横斜
32134;横断
32135;横梁
32136;横渡
32137;横生
32138;横穿
32139;横线
32140;横卧
32141;横财
32142;横贯
32143;横跨
32144;横躺
32145;横飞
32146;骄横
32147;横峰
32148;横截
32149;横纲
32150;拒载
32151;扑鼻
32152;发呆
32153;呆笨
32154;呆账
32155;粗厉
32156;失衡
32157;同胞
32158;液胞
32159;零下
32160;零度
32161;零时
32162;零碎
32163;拾零
32164;无穷
32165;穷人
32166;贫穷
32167;穷困
32168;穷苦
32169;穷愁
32170;穷饿
32171;躲穷
32172;火灾
32173;灾难
32174;受灾
32175;天灾
32176;成灾
32177;救灾
32178;水灾
32179;洪灾
32180;灾害
32181;灾情
32182;灾星
32183;灾民
32184;灾变
32185;防灾
32186;大腿
32187;小腿
32188;裤腿
32189;拔腿
32190;大胆
32191;胆子
32192;胆小
32193;胆量
32194;斗胆
32195;胆敢
32196;胆汁
32197;胆略
32198;色胆
32199;丧胆
32200;熊胆
32201;鼠胆
32202;世俗
32203;俗话
32204;民俗
32205;习俗
32206;风俗
32207;俗世
32208;俗事
32209;俗人
32210;粗俗
32211;争辩
32212;辩解
32213;辩论
32214;辩护
32215;分辩
32216;善辩
32217;好辩
32218;抗辩
32219;辩别
32220;辩明
32221;雄辩
32222;辩辞
32223;心胸
32224;胸口
32225;胸怀
32226;胸部
32227;低胸
32228;胸肌
32229;胸胁
32230;胸膜
32231;晓得
32232;揭晓
32233;知晓
32234;薄晓
32235;使劲
32236;差劲
32237;强劲
32238;没劲
32239;费劲
32240;劲敌
32241;起劲
32242;较劲
32243;劲吹
32244;劲拔
32245;劲挺
32246;醋劲
32247;钻劲
32248;贫困
32249;贫富
32250;贫血
32251;扶贫
32252;脱贫
32253;贫乏
32254;贫嘴
32255;贫寒
32256;贫民
32257;贫苦
32258;贫道
32259;贫液
32260;贫矿
32261;逻辑
32262;恢恢
32263;恢宏
32264;依赖
32265;信赖
32266;赖床
32267;聊赖
32268;仰赖
32269;赖账
32270;圈圈
32271;圈子
32272;眼圈
32273;圈内
32274;圈套
32275;怪圈
32276;烟圈
32277;花圈
32278;项圈
32279;栏圈
32280;篮圈
32281;胶圈
32282;钻圈
32283;摸索
32284;估摸
32285;捉摸
32286;仰望
32287;信仰
32288;仰天
32289;仰卧
32290;仰泳
32291;仰躺
32292;利润
32293;润滑
32294;润湿
32295;润饰
32296;润饼
32297;碰到
32298;迟到
32299;迟迟
32300;废物
32301;废话
32302;作废
32303;废人
32304;废品
32305;废掉
32306;废气
32307;废除
32308;废液
32309;废钢
32310;洁净
32311;悟净
32312;凶手
32313;凶残
32314;凶狠
32315;凶猛
32316;凶暴
32317;凶恶
32318;凶神
32319;吉凶
32320;帮凶
32321;行凶
32322;凶宅
32323;凶顽
32324;奉上
32325;信奉
32326;奉命
32327;奉天
32328;奉行
32329;奉送
32330;奉还
32331;奉陪
32332;奉赠
32333;趋奉
32334;遵奉
32335;旋转
32336;周旋
32337;回旋
32338;旋梯
32339;旋绕
32340;矿物
32341;矿石
32342;工矿
32343;采矿
32344;煤矿
32345;矿场
32346;矿业
32347;矿泉
32348;矿藏
32349;矿难
32350;铁矿
32351;开矿
32352;矿井
32353;矿盐
32354;铅矿
32355;抬起
32356;吹干
32357;吹牛
32358;吹气
32359;告吹
32360;吹奏
32361;加倍
32362;倍增
32363;倍感
32364;模糊
32365;晕糊
32366;烂糊
32367;糊糊
32368;杯子
32369;出租
32370;押租
32371;急诊
32372;诊断
32373;门诊
32374;就诊
32375;复诊
32376;会诊
32377;确诊
32378;诊所
32379;摄像
32380;摄取
32381;丧失
32382;哭丧
32383;丧事
32384;丧偶
32385;丧命
32386;丧气
32387;丧生
32388;丧礼
32389;丧钟
32390;奔丧
32391;丧棒
32392;吊丧
32393;污点
32394;脏污
32395;渡过
32396;偷渡
32397;渡假
32398;渡船
32399;旗下
32400;升旗
32401;彩旗
32402;旗子
32403;花旗
32404;旗幅
32405;旗籍
32406;耐心
32407;耐受
32408;能耐
32409;包扎
32410;挣扎
32411;扎实
32412;结扎
32413;驻扎
32414;扎啤
32415;扎扎
32416;抢先
32417;抢眼
32418;抢购
32419;抢走
32420;抢修
32421;情绪
32422;心绪
32423;粗心
32424;粗壮
32425;粗大
32426;粗话
32427;粗盐
32428;粗浅
32429;粗笨
32430;粗豪
32431;仔肩
32432;搭肩
32433;梁山
32434;鼻梁
32435;大梁
32436;后梁
32437;梁平
32438;铜梁
32439;高梁
32440;柱梁
32441;箱梁
32442;心碎
32443;破碎
32444;碎片
32445;碎掉
32446;叔叔
32447;大叔
32448;综艺
32449;爬上
32450;爬泳
32451;获悉
32452;返回
32453;返程
32454;返家
32455;返还
32456;返岗
32457;龙井
32458;井下
32459;井井
32460;井口
32461;井喷
32462;井然
32463;天井
32464;市井
32465;水井
32466;深井
32467;钻井
32468;贡井
32469;盐井
32470;壮大
32471;壮观
32472;强壮
32473;健壮
32474;壮年
32475;壮美
32476;雄壮
32477;肥壮
32478;豪壮
32479;微薄
32480;淡薄
32481;薄情
32482;薄片
32483;薄饼
32484;喷薄
32485;薄脆
32486;薄膜
32487;悄悄
32488;扫除
32489;敏感
32490;过敏
32491;聪敏
32492;碍事
32493;碍眼
32494;大幅
32495;涨幅
32496;增幅
32497;幅度
32498;跌幅
32499;边幅
32500;降幅
32501;剩下
32502;挨骂
32503;骂人
32504;大骂
32505;打骂
32506;漫骂
32507;痛骂
32508;骂名
32509;骂街
32510;臭骂
32511;欣赏
32512;悬赏
32513;鉴赏
32514;汁液
32515;汗液
32516;液态
32517;精液
32518;胃液
32519;体液
32520;番茄
32521;番薯
32522;番番
32523;箱子
32524;邮箱
32525;信箱
32526;烤箱
32527;煤箱
32528;贴士
32529;贴心
32530;体贴
32531;发贴
32532;紧贴
32533;贴切
32534;贴吧
32535;贴身
32536;车贴
32537;锅贴
32538;女郎
32539;腰围
32540;腰部
32541;懒腰
32542;撑腰
32543;束腰
32544;腰子
32545;腰果
32546;插腰
32547;搭腰
32548;忧心
32549;力挺
32550;坚挺
32551;挺拔
32552;挺杆
32553;致辞
32554;言辞
32555;修辞
32556;告辞
32557;托辞
32558;推辞
32559;请辞
32560;辞世
32561;辞典
32562;辞别
32563;辞掉
32564;辞海
32565;辞退
32566;寄辞
32567;谦辞
32568;高峰
32569;主峰
32570;峰值
32571;文峰
32572;登峰
32573;错峰
32574;雪峰
32575;尺寸
32576;公尺
32577;尺子
32578;英尺
32579;满贯
32580;贯彻
32581;贯穿
32582;籍贯
32583;贯通
32584;连贯
32585;贯串
32586;光滑
32587;滑动
32588;滑雪
32589;下滑
32590;平滑
32591;油滑
32592;滑坡
32593;滑梯
32594;滑膜
32595;滑鼠
32596;奖券
32597;困扰
32598;烦扰
32599;围绕
32600;环绕
32601;绕路
32602;绕过
32603;绕道
32604;绕弯
32605;绕绕
32606;披阅
32607;阅览
32608;出汗
32609;大汗
32610;汗颜
32611;发汗
32612;汗臭
32613;汗衫
32614;盗汗
32615;折枝
32616;剪枝
32617;拍拖
32618;拖鞋
32619;拖住
32620;拖欠
32621;墨家
32622;墨子
32623;墨汁
32624;喷墨
32625;墨盒
32626;插入
32627;插曲
32628;插上
32629;插图
32630;插手
32631;插进
32632;穿插
32633;插锁
32634;水泥
32635;泥土
32636;泥煤
32637;污泥
32638;烂泥
32639;泥醉
32640;胶泥
32641;海拔
32642;自拔
32643;拔毛
32644;拔除
32645;选拔
32646;鞋拔
32647;欺骗
32648;骗子
32649;受骗
32650;骗取
32651;撞骗
32652;传媒
32653;媒体
32654;做媒
32655;媒人
32656;媒婆
32657;愤愤
32658;怨愤
32659;年龄
32660;驾龄
32661;富豪
32662;自豪
32663;豪宅
32664;豪放
32665;豪爽
32666;豪猪
32667;活跃
32668;跳跃
32669;飞跃
32670;跃然
32671;跃进
32672;跃迁
32673;行驶
32674;驾驶
32675;欣喜
32676;欣慰
32677;实惠
32678;惠来
32679;惠民
32680;注册
32681;账册
32682;储户
32683;储藏
32684;储量
32685;休闲
32686;安闲
32687;闲人
32688;闲聊
32689;闲话
32690;闲逛
32691;闲适
32692;惨叫
32693;惨死
32694;惨淡
32695;惨痛
32696;惨重
32697;简洁
32698;保洁
32699;嘉宾
32700;来宾
32701;国宾
32702;外宾
32703;宾利
32704;宾客
32705;宾阳
32706;迎宾
32707;传递
32708;快递
32709;投递
32710;速递
32711;寄递
32712;邮递
32713;撞死
32714;碰撞
32715;撞伤
32716;冲撞
32717;撞烂
32718;撞锁
32719;滚滚
32720;滚开
32721;滚奏
32722;演奏
32723;节奏
32724;奏效
32725;拨奏
32726;颜面
32727;成绩
32728;上坡
32729;下坡
32730;坡度
32731;斜坡
32732;东坡
32733;截图
32734;截止
32735;截至
32736;半截
32737;截屏
32738;截然
32739;燃放
32740;点燃
32741;燃气
32742;燃油
32743;自燃
32744;燃煤
32745;燃耗
32746;焦虑
32747;焦点
32748;心焦
32749;焦作
32750;焦炉
32751;炼焦
32752;解锁
32753;连锁
32754;锁定
32755;开锁
32756;傻逼
32757;牛逼
32758;逼近
32759;头昏
32760;昏沉
32761;昏花
32762;发昏
32763;吓昏
32764;搜寻
32765;勤奋
32766;辛勤
32767;全勤
32768;勤力
32769;后勤
32770;考勤
32771;勤勤
32772;大驾
32773;驾照
32774;驾车
32775;保驾
32776;劝驾
32777;饮酒
32778;冷饮
32779;畅饮
32780;痛饮
32781;餐饮
32782;宴饮
32783;饮宴
32784;肠仔
32785;腐烂
32786;腐竹
32787;乳腐
32788;腐臭
32789;秘籍
32790;外籍
32791;慰籍
32792;户籍
32793;寄籍
32794;籍籍
32795;冰凉
32796;冲凉
32797;凉水
32798;清凉
32799;受凉
32800;凉快
32801;凉意
32802;凉爽
32803;凉面
32804;凉鞋
32805;佳人
32806;佳节
32807;佳绩
32808;最佳
32809;欠佳
32810;俱佳
32811;浓厚
32812;浓度
32813;浓烈
32814;浓淡
32815;浓汤
32816;浓重
32817;甚浓
32818;投稿
32819;初稿
32820;原稿
32821;稿件
32822;稿费
32823;新竹
32824;竹篮
32825;箭竹
32826;紫竹
32827;下跌
32828;涨跌
32829;貌美
32830;猜想
32831;嫌猜
32832;可怜
32833;服饰
32834;饰品
32835;饰巾
32836;武昌
32837;平昌
32838;新昌
32839;昌吉
32840;昌平
32841;荣昌
32842;乐昌
32843;许昌
32844;顺昌
32845;昌披
32846;钢琴
32847;钢铁
32848;宝钢
32849;炼钢
32850;钢刀
32851;钢材
32852;锋钢
32853;钢叉
32854;钢柱
32855;钢箭
32856;钢耀
32857;钢轨
32858;乳沟
32859;沟渠
32860;扶沟
32861;渠沟
32862;邮寄
32863;寄予
32864;寄出
32865;寄存
32866;寄宿
32867;寄居
32868;寄望
32869;寄生
32870;寄送
32871;店铺
32872;卧铺
32873;床铺
32874;当铺
32875;铺位
32876;铺子
32877;铺平
32878;铺床
32879;铺设
32880;铺路
32881;铺面
32882;吊铺
32883;搬铺
32884;铺捐
32885;铺衬
32886;铺轨
32887;寿司
32888;寿命
32889;寿星
32890;长寿
32891;寿光
32892;寿面
32893;延寿
32894;祝寿
32895;高寿
32896;咨询
32897;查询
32898;询问
32899;询价
32900;泡汤
32901;汤汁
32902;鸡汤
32903;清汤
32904;汤加
32905;汤勺
32906;汤料
32907;面汤
32908;池汤
32909;汤泉
32910;汤碗
32911;盗墓
32912;偷盗
32913;盗取
32914;盗用
32915;肥大
32916;肥胖
32917;肥肠
32918;堆肥
32919;菌肥
32920;饼肥
32921;浅尝
32922;奈秒
32923;折扣
32924;扣子
32925;回扣
32926;扣上
32927;扣分
32928;扣押
32929;扣留
32930;扣篮
32931;扣肉
32932;扣除
32933;搭扣
32934;紧扣
32935;吊扣
32936;袖扣
32937;升迁
32938;拆迁
32939;变迁
32940;宿迁
32941;搬迁
32942;迁安
32943;迁怒
32944;吊慰
32945;心脏
32946;脾脏
32947;脏煤
32948;脏脏
32949;幽怨
32950;嫌怨
32951;宿怨
32952;鞋袜
32953;丢人
32954;丢失
32955;丢下
32956;丢开
32957;丢丑
32958;埋怨
32959;埋没
32960;活埋
32961;清泉
32962;龙泉
32963;紫色
32964;紫铜
32965;艰巨
32966;发慌
32967;邮票
32968;吐司
32969;谈吐
32970;吐口
32971;吐字
32972;吐气
32973;吐艳
32974;吞吐
32975;狠狠
32976;鉴定
32977;鉴于
32978;品鉴
32979;鉴别
32980;邻家
32981;邻居
32982;紧邻
32983;邻座
32984;邻近
32985;邻里
32986;拥挤
32987;排挤
32988;挤到
32989;挤奶
32990;挨挤
32991;挤踏
32992;弯曲
32993;弯腰
32994;转弯
32995;弯折
32996;拐弯
32997;椅子
32998;躺椅
32999;陪衬
33000;揭秘
33001;按揭
33002;揭幕
33003;揭发
33004;揭示
33005;感悟
33006;觉悟
33007;醒悟
33008;悔悟
33009;聪明
33010;聪慧
33011;交锋
33012;先锋
33013;电梯
33014;天梯
33015;扶梯
33016;梯级
33017;吊梯
33018;熊猫
33019;懒猫
33020;猫熊
33021;嘉祥
33022;凭祥
33023;广阔
33024;开阔
33025;阔别
33026;信誉
33027;享誉
33028;惠誉
33029;美誉
33030;牵引
33031;牵扶
33032;衣袖
33033;领袖
33034;袖珍
33035;袖箭
33036;祝贺
33037;贺年
33038;老鼠
33039;牢记
33040;套牢
33041;牢房
33042;牢牢
33043;口琴
33044;提琴
33045;琴键
33046;胡琴
33047;风琴
33048;滴瓶
33049;电池
33050;便池
33051;城池
33052;天池
33053;池子
33054;泳池
33055;舞池
33056;喷池
33057;晕池
33058;池盐
33059;盐池
33060;心疼
33061;胃疼
33062;衣冠
33063;羽冠
33064;深浅
33065;浅色
33066;浅薄
33067;肤浅
33068;浅析
33069;浅淡
33070;浅显
33071;短浅
33072;喷泉
33073;喷出
33074;喷洒
33075;喷火
33076;喷发
33077;喷头
33078;喷饭
33079;消耗
33080;油耗
33081;耗时
33082;推敲
33083;敲定
33084;敲钟
33085;抗菌
33086;杀菌
33087;病菌
33088;细菌
33089;菌类
33090;杆菌
33091;球菌
33092;真菌
33093;菌子
33094;菌落
33095;伞菌
33096;吃亏
33097;亏待
33098;亏得
33099;亏欠
33100;扭亏
33101;熊熊
33102;黑熊
33103;熊猴
33104;保湿
33105;潮湿
33106;湿润
33107;湿度
33108;遵循
33109;帽子
33110;傻帽
33111;摘帽
33112;泳帽
33113;宿命
33114;宿醉
33115;宿豫
33116;踏上
33117;踏实
33118;踏雪
33119;踏青
33120;践踏
33121;糟踏
33122;烂漫
33123;烂醉
33124;烂账
33125;夹克
33126;夹子
33127;夹杂
33128;夹带
33129;夹心
33130;夹击
33131;夹板
33132;夹生
33133;夹紧
33134;夹角
33135;发夹
33136;心肝
33137;肝脏
33138;擦干
33139;擦亮
33140;擦伤
33141;擦掉
33142;磨擦
33143;挨擦
33144;擦澡
33145;猪头
33146;乳猪
33147;猪排
33148;修炼
33149;锻炼
33150;提炼
33151;炼乳
33152;精炼
33153;玻璃
33154;铜牌
33155;青铜
33156;铜像
33157;铜器
33158;铜板
33159;铜铃
33160;铜鼓
33161;黄铜
33162;漠然
33163;心醉
33164;迷醉
33165;醉人
33166;搭档
33167;文档
33168;档次
33169;高档
33170;存档
33171;强档
33172;拍档
33173;排档
33174;档子
33175;档期
33176;空档
33177;水肿
33178;浮肿
33179;消肿
33180;肿大
33181;岗位
33182;上岗
33183;下岗
33184;换岗
33185;串岗
33186;私吞
33187;侵吞
33188;吞没
33189;吞食
33190;上涨
33191;别扭
33192;扭曲
33193;拨打
33194;挑拨
33195;拨出
33196;拨款
33197;拨开
33198;点拨
33199;彩绘
33200;墓地
33201;公墓
33202;墓园
33203;扫墓
33204;嫌弃
33205;乳房
33206;乳液
33207;母乳
33208;腐乳
33209;乳名
33210;乳汁
33211;乳胶
33212;乳晕
33213;胶乳
33214;串门
33215;一串
33216;串通
33217;娃娃
33218;赢得
33219;赢家
33220;瘦身
33221;消瘦
33222;搭载
33223;嘉兴
33224;嘉善
33225;嘉定
33226;嘉庆
33227;嘉奖
33228;技嘉
33229;永嘉
33230;宅女
33231;添加
33232;添置
33233;氧化
33234;氧气
33235;缺氧
33236;吸氧
33237;无氧
33238;臭氧
33239;关羽
33240;羽绒
33241;项羽
33242;酷爱
33243;出轨
33244;轨道
33245;轻轨
33246;接轨
33247;正轨
33248;卧轨
33249;展览
33250;预览
33251;一览
33252;博览
33253;披览
33254;开屏
33255;胖子
33256;滴漏
33257;小丑
33258;丑闻
33259;出丑
33260;辛丑
33261;丑态
33262;乙丑
33263;俱全
33264;糟糕
33265;肠粉
33266;肠胃
33267;肠道
33268;香肠
33269;回肠
33270;大肠
33271;心肠
33272;愁肠
33273;盲肠
33274;挡住
33275;排挡
33276;换挡
33277;挡雨
33278;空挡
33279;挡拆
33280;肌肤
33281;心肌
33282;斜肌
33283;卧室
33284;卧底
33285;卧床
33286;卧龙
33287;面膜
33288;隔膜
33289;塑膜
33290;巩膜
33291;欠费
33292;哈欠
33293;欠扁
33294;欠薪
33295;胃痛
33296;舌战
33297;牛舌
33298;舌根
33299;长舌
33300;骄傲
33301;自傲
33302;棉衣
33303;棉球
33304;棉裤
33305;棉棒
33306;棉铃
33307;晴天
33308;铃声
33309;闹铃
33310;彩铃
33311;壶铃
33312;填写
33313;填满
33314;填补
33315;填充
33316;填表
33317;填堵
33318;渴望
33319;爽脆
33320;脆脆
33321;出炉
33322;壁炉
33323;烤炉
33324;炉子
33325;炉火
33326;锅炉
33327;衣柜
33328;出柜
33329;碗柜
33330;诞生
33331;填饱
33332;饱和
33333;饱满
33334;饱受
33335;饱含
33336;饱尝
33337;饱览
33338;饱足
33339;饱餐
33340;栏杆
33341;推杆
33342;挥杆
33343;摇杆
33344;旗杆
33345;杆子
33346;笔杆
33347;电杆
33348;吊杆
33349;撑杆
33350;箭杆
33351;摘取
33352;摘下
33353;摘要
33354;秒钟
33355;水盆
33356;火盆
33357;盆地
33358;盆景
33359;澡盆
33360;赌博
33361;聚赌
33362;赌注
33363;塑造
33364;塑胶
33365;塑身
33366;重塑
33367;吵吵
33368;润肺
33369;吊带
33370;吊灯
33371;吊瓶
33372;吊床
33373;吊扇
33374;吊挂
33375;吊死
33376;吊环
33377;吊起
33378;吊车
33379;吊销
33380;凭吊
33381;吊篮
33382;沙漏
33383;漏掉
33384;漏气
33385;漏壶
33386;漏锅
33387;炒锅
33388;开锅
33389;煮锅
33390;拆散
33391;拆开
33392;拆分
33393;拆解
33394;拆除
33395;拆账
33396;盲目
33397;盲从
33398;盲点
33399;色盲
33400;内裤
33401;裤子
33402;裤袜
33403;泳裤
33404;袜裤
33405;衬裤
33406;艳遇
33407;惊艳
33408;臭美
33409;臭味
33410;臭气
33411;忧愁
33412;愁绪
33413;离愁
33414;畅通
33415;畅销
33416;流畅
33417;舒畅
33418;顺畅
33419;畅想
33420;畅旺
33421;爽畅
33422;捐赠
33423;冻雨
33424;果冻
33425;速冻
33426;冻胶
33427;葡萄
33428;厨房
33429;厨子
33430;鸭子
33431;鸭梨
33432;烤鸭
33433;友谊
33434;情谊
33435;喜宴
33436;晚宴
33437;柴薪
33438;胶卷
33439;胶带
33440;胶水
33441;阿胶
33442;胶南
33443;胶着
33444;胶质
33445;开胶
33446;发胶
33447;期盼
33448;账单
33449;账户
33450;付账
33451;混账
33452;记账
33453;账本
33454;进账
33455;猴子
33456;旺角
33457;旺季
33458;晕倒
33459;晕死
33460;晕车
33461;晕乎
33462;发晕
33463;剪刀
33464;剪辑
33465;剪切
33466;剪子
33467;剪彩
33468;剪影
33469;剪成
33470;偷懒
33471;懒人
33472;懒得
33473;躲懒
33474;围巾
33475;毛巾
33476;披巾
33477;棒子
33478;真棒
33479;冰棒
33480;投篮
33481;篮子
33482;大饼
33483;春饼
33484;柿饼
33485;饼子
33486;松饼
33487;面饼
33488;烤饼
33489;薯饼
33490;兔子
33491;兔年
33492;爽快
33493;麻辣
33494;辣妹
33495;辣汁
33496;宠爱
33497;受宠
33498;失宠
33499;衣裙
33500;裙子
33501;衬裙
33502;苹果
33503;娱乐
33504;衬衫
33505;帮衬
33506;果汁
33507;原汁
33508;多汁
33509;炒作
33510;炒饭
33511;游泳
33512;泳衣
33513;垃圾
33514;晒晒
33515;晒伤
33516;晒黑
33517;逛逛
33518;厕所
33519;蹲厕
33520;袜子
33521;吃醋
33522;醋意
33523;食醋
33524;香醋
33525;酱油
33526;果酱
33527;麻酱
33528;茄子
33529;雪茄
33530;红薯
33531;薯片
33532;进驻
33533;驻足
33534;常驻
33535;留驻
33536;驻京
33537;驻地
33538;驻守
33539;驻军
33540;恰恰
33541;恰似
33542;恰好
33543;广泛
33544;泛指
33545;泛白
33546;泛红
33547;洪水
33548;射洪
33549;希洪
33550;抗洪
33551;景洪
33552;洪亮
33553;洪山
33554;洪武
33555;洪江
33556;洪流
33557;洪湖
33558;防洪
33559;堆满
33560;堆积
33561;扎堆
33562;土堆
33563;堆放
33564;火堆
33565;稍微
33566;稍稍
33567;矛盾
33568;后盾
33569;骑兵
33570;骑士
33571;骑师
33572;骑楼
33573;骑警
33574;凭借
33575;文凭
33576;凭据
33577;凭栏
33578;凭空
33579;繁殖
33580;增殖
33581;殖民
33582;允许
33583;惊吓
33584;吓傻
33585;入伍
33586;为伍
33587;日趋
33588;趋向
33589;趋于
33590;胁迫
33591;裹胁
33592;火箭
33593;射箭
33594;暗箭
33595;箭步
33596;肃静
33597;应届
33598;子贡
33599;自贡
33600;西贡
33601;贡品
33602;进贡
33603;奉劝
33604;劝学
33605;劝导
33606;劝慰
33607;劝服
33608;劝架
33609;劝解
33610;劝阻
33611;规劝
33612;咱俩
33613;实践
33614;牺牲
33615;遵照
33616;房贷
33617;贷款
33618;放贷
33619;次贷
33620;还贷
33621;躺下
33622;斜躺
33623;扶助
33624;扶植
33625;扶栏
33626;躲避
33627;躲开
33628;躲雨
33629;机械
33630;咬牙
33631;咬伤
33632;人蛇
33633;游蛇
33634;蛇形
33635;蛇胆
33636;蛇足
33637;蛇头
33638;支柱
33639;柱子
33640;冰柱
33641;水柱
33642;灯柱
33643;门柱
33644;公吨
33645;理赔
33646;赔本
33647;赔款
33648;赔礼
33649;赔罪
33650;压扁
33651;扁豆
33652;扁平
33653;扁担
33654;扁桃
33655;海扁
33656;看扁
33657;煤气
33658;煤油
33659;煤球
33660;搬家
33661;照搬
33662;跨越
33663;跨度
33664;跨栏
33665;跨过
33666;抵押
33667;押金
33668;押注
33669;押解
33670;押送
33671;押运
33672;关押
33673;倾斜
33674;斜阳
33675;斜视
33676;斜边
33677;斜靠
33678;斜面
33679;捕捉
33680;歇息
33681;间歇
33682;挖苦
33683;公斤
33684;乙肝
33685;甲乙
33686;乙型
33687;乙方
33688;乙酸
33689;仓促
33690;仓鼠
33691;仓储
33692;仓皇
33693;米仓
33694;食盐
33695;盐城
33696;盐水
33697;海盐
33698;盐度
33699;盐湖
33700;盐源
33701;盐田
33702;盐酸
33703;咸盐
33704;分寸
33705;方寸
33706;扔下
33707;匹配
33708;匹夫
33709;匹敌
33710;大纲
33711;提纲
33712;纲要
33713;纲领
33714;党纲
33715;洗碗
33716;火柴
33717;柴油
33718;扇子
33719;扇动
33720;电扇
33721;挨饿
33722;挨家
33723;挨打
33724;挨踢
33725;顽固
33726;顽强
33727;顽童
33728;低矮
33729;矮小
33730;矮胖
33731;披肩
33732;披风
33733;辅助
33734;辅导
33735;基辅
33736;辅以
33737;辅料
33738;盒子
33739;饭盒
33740;专栏
33741;栏目
33742;围栏
33743;下跪
33744;跪下
33745;跪拜
33746;闯入
33747;闯关
33748;闯过
33749;衣衫
33750;赚钱
33751;支撑
33752;倡议
33753;雨伞
33754;伞下
33755;伞兵
33756;阳伞
33757;小抄
33758;抄家
33759;抄写
33760;抄手
33761;抄送
33762;摘抄
33763;交叉
33764;叉烧
33765;分叉
33766;叉子
33767;叉车
33768;夜叉
33769;拐骗
33770;拐角
33771;拐点
33772;捐款
33773;捐给
33774;聘用
33775;聘请
33776;摔倒
33777;摔伤
33778;硕士
33779;华硕
33780;健硕
33781;和硕
33782;硕果
33783;肥硕
33784;丰硕
33785;渠道
33786;笨蛋
33787;活泼
33788;泼水
33789;泼辣
33790;刮风
33791;刮伤
33792;刮掉
33793;搜刮
33794;刮勺
33795;郊区
33796;京郊
33797;市郊
33798;近郊
33799;郊游
33800;巩固
33801;巩义
33802;包裹
33803;咨文
33804;哇哇
33805;好哇
33806;踢爆
33807;蹲下
33808;水壶
33809;茶壶
33810;冰壶
33811;喷壶
33812;夜壶
33813;暖壶
33814;酒壶
33815;咸阳
33816;咸菜
33817;咸鱼
33818;咸丰
33819;咸水
33820;咸淡
33821;咸肉
33822;踩踏
33823;踩水
33824;踩线
33825;煮熟
33826;煮蛋
33827;铅球
33828;暑假
33829;暑期
33830;消暑
33831;避暑
33832;酷暑
33833;米粥
33834;勺子
33835;在一起
33836;一下子
33837;一口气
33838;一次性
33839;一辈子
33840;一点儿
33841;一点点
33842;星期一
33843;清一色
33844;进一步
33845;一下儿
33846;一个人
33847;一个个
33848;一个样
33849;一侧化
33850;一元论
33851;一刀切
33852;一切险
33853;一半天
33854;一卡通
33855;一句话
33856;一品红
33857;一品锅
33858;一回事
33859;一团火
33860;一场空
33861;一块面
33862;一夜情
33863;一妻制
33864;一字巾
33865;一定要
33866;一家人
33867;一家子
33868;一对儿
33869;一巴掌
33870;一年半
33871;一年多
33872;一年期
33873;一年生
33874;一把手
33875;一把抓
33876;一拨儿
33877;一方面
33878;一时间
33879;一条心
33880;一条龙
33881;一清早
33882;一甲子
33883;一百一
33884;一神教
33885;一神论
33886;一等奖
33887;一节诗
33888;一级头
33889;一股子
33890;一致字
33891;一致性
33892;一般人
33893;一般性
33894;一路来
33895;一路发
33896;一转眼
33897;一闪念
33898;一面倒
33899;一点不
33900;上一个
33901;上一页
33902;下一代
33903;下一个
33904;下一次
33905;下一步
33906;下一站
33907;下一页
33908;不一会
33909;不一样
33910;二合一
33911;任一个
33912;八一五
33913;再一次
33914;分之一
33915;前一天
33916;十一路
33917;又一次
33918;另一半
33919;另一种
33920;哪一个
33921;唯一性
33922;单一码
33923;四一二
33924;大一些
33925;大一统
33926;新一代
33927;有一些
33928;有一次
33929;次一个
33930;比一比
33931;火卫一
33932;猛一看
33933;留一手
33934;看一看
33935;礼拜一
33936;第一例
33937;第一手
33938;第一次
33939;第一步
33940;第一流
33941;第一级
33942;第一声
33943;第一轮
33944;等一下
33945;等一会
33946;等一等
33947;统一性
33948;统一码
33949;统一体
33950;老一套
33951;老一辈
33952;闻一多
33953;薄一波
33954;转一趟
33955;静一静
33956;头一回
33957;中国人
33958;不求人
33959;主人公
33960;人民网
33961;代言人
33962;候选人
33963;创始人
33964;北京人
33965;同龄人
33966;外国人
33967;外星人
33968;嫌疑人
33969;年轻人
33970;成年人
33971;日本人
33972;有情人
33973;残疾人
33974;法国人
33975;当事人
33976;发言人
33977;美人计
33978;美国人
33979;老人家
33980;老年人
33981;自己人
33982;英国人
33983;负责人
33984;领导人
33985;香港人
33986;不人道
33987;中间人
33988;人世间
33989;人之初
33990;人事处
33991;人来疯
33992;人偶戏
33993;人传人
33994;人力车
33995;人口学
33996;人口数
33997;人字拖
33998;人尖儿
33999;人工岛
34000;人工河
34001;人心果
34002;人手动
34003;人文学
34004;人格化
34005;人格神
34006;人权法
34007;人民党
34008;人缘儿
34009;人行区
34010;人身权
34011;人头税
34012;人类学
34013;人马座
34014;代理人
34015;令人叹
34016;令导人
34017;作古人
34018;保证人
34019;保护人
34020;修行人
34021;个中人
34022;个人赛
34023;借债人
34024;借款人
34025;假人像
34026;假善人
34027;做人家
34028;做人情
34029;传话人
34030;公诉人
34031;公证人
34032;出人命
34033;出品人
34034;出家人
34035;创立人
34036;创办人
34037;半人马
34038;协调人
34039;参选人
34040;反人类
34041;叔丈人
34042;受保人
34043;受害人
34044;受益人
34045;受托人
34046;古人类
34047;史前人
34048;吃豆人
34049;合伙人
34050;名人录
34051;周作人
34052;周树人
34053;哈比人
34054;哥特人
34055;哲人石
34056;单人床
34057;单人间
34058;回族人
34059;土著人
34060;执行人
34061;报录人
34062;外来人
34063;外乡人
34064;大忙人
34065;太空人
34066;套中人
34067;女主人
34068;女人气
34069;女强人
34070;委托人
34071;守门人
34072;客家人
34073;害人精
34074;害人虫
34075;审稿人
34076;小人书
34077;小年人
34078;小绿人
34079;局中人
34080;工人党
34081;带路人
34082;心上人
34083;急性人
34084;承包人
34085;承让人
34086;承运人
34087;承销人
34088;投保人
34089;持卡人
34090;持有人
34091;采珠人
34092;接班人
34093;提告人
34094;提案人
34095;摩尔人
34096;收件人
34097;收报人
34098;收货人
34099;有些人
34100;有人情
34101;有心人
34102;朝鲜人
34103;未亡人
34104;本国人
34105;本地人
34106;本省人
34107;杀人案
34108;杀人狂
34109;每个人
34110;没人住
34111;没人味
34112;注册人
34113;涉嫌人
34114;无人不
34115;牵线人
34116;独人秀
34117;现代人
34118;什么人
34119;申请人
34120;男人婆
34121;异乡人
34122;发件人
34123;发报人
34124;发明人
34125;发行人
34126;发起人
34127;监察人
34128;监督人
34129;监护人
34130;直立人
34131;相配人
34132;看门人
34133;看鸟人
34134;真人秀
34135;睡美人
34136;矮黑人
34137;社工人
34138;策划人
34139;管理人
34140;经手人
34141;经济人
34142;维京人
34143;总人口
34144;继承人
34145;美人蕉
34146;老好人
34147;老妇人
34148;自然人
34149;万人敌
34150;藏族人
34151;藏镜人
34152;行人径
34153;袖珍人
34154;被害人
34155;裂脑人
34156;西洋人
34157;西藏人
34158;见证人
34159;讨人厌
34160;讨人嫌
34161;认人儿
34162;证人席
34163;证婚人
34164;责任人
34165;贵妇人
34166;贷款人
34167;辅导人
34168;过来人
34169;过路人
34170;选举人
34171;那个人
34172;乡人子
34173;开车人
34174;双人房
34175;双人滑
34176;双人间
34177;青年人
34178;非人化
34179;香蕉人
34180;马来人
34181;驾驶人
34182;黄种人
34183;星期天
34184;老天爷
34185;三九天
34186;上西天
34187;任天堂
34188;信天游
34189;全天候
34190;前半天
34191;前几天
34192;包青天
34193;十天干
34194;半边天
34195;南天门
34196;司天台
34197;增长天
34198;多闻天
34199;大后天
34200;天元区
34201;天兔座
34202;天前配
34203;天台宗
34204;天台山
34205;天后站
34206;天地会
34207;天城文
34208;天山区
34209;天底下
34210;天心区
34211;天文学
34212;天晓得
34213;天桥立
34214;天水市
34215;天演论
34216;天炉座
34217;天王星
34218;天理教
34219;天琴座
34220;天祝县
34221;天穿日
34222;天等县
34223;天箭座
34224;天象仪
34225;天猫座
34226;天长市
34227;天门冬
34228;天门市
34229;天青石
34230;天龙座
34231;好半天
34232;帽天山
34233;几天来
34234;底朝天
34235;广目天
34236;张闻天
34237;后天性
34238;拜天地
34239;持国天
34240;摩天楼
34241;数九天
34242;文天祥
34243;新天地
34244;明天启
34245;普天下
34246;月黑天
34247;朝天区
34248;李天王
34249;核冬天
34250;海青天
34251;第二天
34252;聊天儿
34253;聊天室
34254;航天员
34255;航天器
34256;航天局
34257;辩才天
34258;这几天
34259;开天窗
34260;闲聊天
34261;头半天
34262;闹翻天
34263;鬼天气
34264;一大早
34265;加拿大
34266;大不了
34267;大伙儿
34268;大使馆
34269;大哥大
34270;大姨妈
34271;大清早
34272;大润发
34273;大自然
34274;大规模
34275;大部分
34276;老大爷
34277;不大离
34278;五大湖
34279;假大空
34280;傍大款
34281;傻大个
34282;先大母
34283;出大差
34284;吃大户
34285;吃大亏
34286;吉大港
34287;国大党
34288;士大夫
34289;夜大学
34290;大三度
34291;大主教
34292;大久保
34293;大五码
34294;大使级
34295;大个儿
34296;大傻瓜
34297;大内乡
34298;大公司
34299;大公国
34300;大公报
34301;大刀会
34302;大分子
34303;大别山
34304;大利拉
34305;大前提
34306;大剪刀
34307;大力神
34308;大化县
34309;大口径
34310;大司农
34311;大同区
34312;大同市
34313;大同县
34314;大同乡
34315;大园乡
34316;大圆圈
34317;大地主
34318;大地图
34319;大地洞
34320;大地线
34321;大地震
34322;大城市
34323;大城县
34324;大城乡
34325;大坏蛋
34326;大姨子
34327;大字报
34328;大学城
34329;大安区
34330;大安市
34331;大安乡
34332;大客车
34333;大容量
34334;大寺院
34335;大将军
34336;大小便
34337;大小姐
34338;大小写
34339;大山猫
34340;大厂县
34341;大后年
34342;大庆市
34343;大括号
34344;大捕头
34345;大教堂
34346;大新县
34347;大方县
34348;大明历
34349;大智慧
34350;大月支
34351;大本营
34352;大村乡
34353;大东区
34354;大林镇
34355;大柴旦
34356;大树乡
34357;大步走
34358;大武口
34359;大武乡
34360;大气候
34361;大气儿
34362;大气圈
34363;大气压
34364;大氧吧
34365;大沙河
34366;大沙漠
34367;大法官
34368;大海沟
34369;大渡口
34370;大港区
34371;大湖区
34372;大湖乡
34373;大灭绝
34374;大熊座
34375;大爆炸
34376;大理市
34377;大田市
34378;大甲镇
34379;大白话
34380;大盘子
34381;大眼角
34382;大众化
34383;大石桥
34384;大社乡
34385;大祥区
34386;大纪元
34387;大绝灭
34388;大总统
34389;大老婆
34390;大老粗
34391;大肚乡
34392;大股东
34393;大舌头
34394;大草原
34395;大盖帽
34396;大藏经
34397;大融炉
34398;大袋子
34399;大裂谷
34400;大西国
34401;大观区
34402;大观园
34403;大丰市
34404;大卖场
34405;大跌市
34406;大路货
34407;大跃进
34408;大军区
34409;大农场
34410;大通区
34411;大通县
34412;大连市
34413;大运河
34414;大都市
34415;大都会
34416;大里市
34417;大钢琴
34418;大锅饭
34419;大键琴
34420;大长今
34421;大关县
34422;大阿姨
34423;大陆坡
34424;大陆块
34425;大陆性
34426;大陆架
34427;大陆话
34428;大杂院
34429;大青山
34430;大革命
34431;大头目
34432;大头贴
34433;大体上
34434;大麦克
34435;大麦地
34436;大麻里
34437;大黄鱼
34438;孙大圣
34439;心眼大
34440;拉大便
34441;拉大条
34442;拿大顶
34443;挑大梁
34444;撞大运
34445;扩大化
34446;放大器
34447;放大纸
34448;敲大背
34449;新大陆
34450;春大麦
34451;最大化
34452;核大国
34453;极大值
34454;次大陆
34455;泛大洋
34456;泛大陆
34457;波哥大
34458;犹大书
34459;义大利
34460;老大哥
34461;老大娘
34462;老大妈
34463;圣大非
34464;胖大海
34465;胸大肌
34466;自大狂
34467;旧大陆
34468;船老大
34469;花大姐
34470;草大青
34471;蒙大拿
34472;赚大钱
34473;足大指
34474;金大中
34475;随大流
34476;非国大
34477;马大哈
34478;驻大陆
34479;下辈子
34480;接下来
34481;上下文
34482;上下班
34483;下个月
34484;下划线
34485;下城区
34486;下场门
34487;下定义
34488;下寒武
34489;下工夫
34490;下意识
34491;下星期
34492;下死劲
34493;下水礼
34494;下水管
34495;下决心
34496;下营乡
34497;下画线
34498;下确界
34499;下箭头
34500;下而上
34501;下脚料
34502;下至上
34503;下台阶
34504;下花园
34505;下西洋
34506;下议院
34507;下边儿
34508;下关市
34509;下陆区
34510;下飞机
34511;下马威
34512;下鼻甲
34513;不下于
34514;占下风
34515;停下来
34516;吃不下
34517;四下里
34518;在下方
34519;在下面
34520;在地下
34521;地下水
34522;情况下
34523;打下手
34524;拖下水
34525;放不下
34526;放得下
34527;比下去
34528;活下去
34529;皮下的
34530;眼底下
34531;私底下
34532;笔底下
34533;舌下片
34534;猪下水
34535;退下金
34536;这下子
34537;过不下
34538;头朝下
34539;好奇心
34540;小心眼
34541;市中心
34542;心理学
34543;心脏病
34544;心里话
34545;烦心事
34546;责任心
34547;开心果
34548;不死心
34549;中心语
34550;中心点
34551;主心骨
34552;企图心
34553;偏心率
34554;偏心眼
34555;传心术
34556;利欲心
34557;同理心
34558;向心力
34559;唯心论
34560;地心说
34561;寻开心
34562;对心儿
34563;强心针
34564;心动图
34565;心宿二
34566;心影儿
34567;心得安
34568;心理战
34569;心眼儿
34570;心眼多
34571;心眼好
34572;心眼小
34573;心肌炎
34574;心电图
34575;心灵上
34576;心头肉
34577;心愿单
34578;手心里
34579;日心说
34580;有心眼
34581;有决心
34582;有良心
34583;有雄心
34584;归心者
34585;没心眼
34586;测心术
34587;空心儿
34588;空心墙
34589;空心菜
34590;缺心眼
34591;圣心节
34592;肺心病
34593;自信心
34594;良心犯
34595;花心思
34596;读心术
34597;让伤心
34598;赔小心
34599;通心粉
34600;通心菜
34601;进取心
34602;醉心于
34603;铁了心
34604;钻心虫
34605;开心颜
34606;离心力
34607;离心机
34608;面包心
34609;上辈子
34610;包饺子
34611;半辈子
34612;大肚子
34613;孩子们
34614;孩子气
34615;小伙子
34616;男子汉
34617;看样子
34618;老妈子
34619;老样子
34620;老头子
34621;肚子痛
34622;电子书
34623;风信子
34624;饿肚子
34625;丢面子
34626;中子弹
34627;中子数
34628;中子星
34629;中子源
34630;中微子
34631;串门子
34632;干儿子
34633;干梅子
34634;二杆子
34635;二流子
34636;二鬼子
34637;亚原子
34638;京片子
34639;介子推
34640;份子钱
34641;假小子
34642;假招子
34643;价电子
34644;光电子
34645;公因子
34646;出乱子
34647;出份子
34648;出月子
34649;出楼子
34650;出漏子
34651;出点子
34652;分子式
34653;分子量
34654;刮胡子
34655;创牌子
34656;印子钱
34657;印把子
34658;原子堆
34659;原子核
34660;原子笔
34661;原子能
34662;原子论
34663;原子量
34664;原子钟
34665;反电子
34666;叫化子
34667;叫花子
34668;台巴子
34669;吸引子
34670;哈拉子
34671;哭鼻子
34672;启动子
34673;单子叶
34674;嘴巴子
34675;嘴皮子
34676;四子王
34677;国子监
34678;坐月子
34679;城子河
34680;太子港
34681;失面子
34682;女公子
34683;女孩子
34684;子午线
34685;子宫壁
34686;子宫环
34687;子模型
34688;子母弹
34689;子目录
34690;子程序
34691;子空间
34692;子系统
34693;子细胞
34694;子集合
34695;孤立子
34696;孙武子
34697;安南子
34698;官架子
34699;定调子
34700;害月子
34701;密码子
34702;对对子
34703;小册子
34704;小段子
34705;弹子锁
34706;微中子
34707;微电子
34708;快中子
34709;爱玉子
34710;爱面子
34711;慢性子
34712;成样子
34713;戴帽子
34714;房子租
34715;房牙子
34716;扎猛子
34717;打拍子
34718;打格子
34719;打稿子
34720;扣帽子
34721;抓子儿
34722;拍婆子
34723;拜把子
34724;拿架子
34725;挖鼻子
34726;挨板子
34727;挨头子
34728;探身子
34729;扬子江
34730;搭架子
34731;摘帽子
34732;折子戏
34733;拨子弹
34734;择日子
34735;摆架子
34736;摆样子
34737;败家子
34738;月婆子
34739;月子病
34740;木子美
34741;果子冻
34742;果子酱
34743;果子露
34744;架子车
34745;校正子
34746;格子呢
34747;梁子湖
34748;棒子面
34749;正离子
34750;正电子
34751;气包子
34752;氧原子
34753;汗珠子
34754;洋鬼子
34755;浪卡子
34756;混日子
34757;火筷子
34758;炸子鸡
34759;无患子
34760;照片子
34761;热中子
34762;烧茄子
34763;爬格子
34764;争面子
34765;牛鼻子
34766;狗腿子
34767;猴孩子
34768;独山子
34769;独生子
34770;玻色子
34771;男子单
34772;男子气
34773;男孩子
34774;病因子
34775;登徒子
34776;白麻子
34777;白鼻子
34778;百合子
34779;皇太子
34780;真子集
34781;眼皮子
34782;众香子
34783;石子儿
34784;石龙子
34785;碍面子
34786;私生子
34787;种子岛
34788;穷棒子
34789;童子军
34790;端架子
34791;笔杆子
34792;管子工
34793;红胡子
34794;纸叶子
34795;结对子
34796;绿帽子
34797;绕圈子
34798;绕弯子
34799;继子女
34800;美智子
34801;老套子
34802;老鼻子
34803;耳刮子
34804;脑瓜子
34805;脑门子
34806;脚鸭子
34807;脸蛋子
34808;臭子儿
34809;臭架子
34810;旧调子
34811;舍利子
34812;花池子
34813;花点子
34814;草爬子
34815;叶子列
34816;叶子板
34817;处子秀
34818;虫子牙
34819;袋子包
34820;要面子
34821;谐振子
34822;负离子
34823;买面子
34824;费米子
34825;贺子珍
34826;卖关子
34827;卖面子
34828;质子数
34829;跳房子
34830;身子骨
34831;车轮子
34832;转腰子
34833;这阵子
34834;过日子
34835;递条子
34836;重孙子
34837;重身子
34838;重离子
34839;野孩子
34840;野汉子
34841;量子化
34842;量子论
34843;金铃子
34844;钱串子
34845;表蒙子
34846;铁格子
34847;铁蛋子
34848;钻空子
34849;闭子集
34850;开口子
34851;阴离子
34852;阳离子
34853;阳电子
34854;雄配子
34855;双城子
34856;双子叶
34857;双台子
34858;离子键
34859;电子学
34860;电子层
34861;电子束
34862;电子业
34863;电子狗
34864;电子盘
34865;电子眼
34866;电子管
34867;电子云
34868;饺子馆
34869;马服子
34870;骨子里
34871;高分子
34872;高帽子
34873;鸭子汤
34874;黑箱子
34875;鼓点子
34876;龙子湖
34877;回老家
34878;评论家
34879;三家村
34880;丢到家
34881;五家渠
34882;伍家岗
34883;傍家儿
34884;传家宝
34885;全家福
34886;冒险家
34887;分析家
34888;剧作家
34889;化学家
34890;占星家
34891;史学家
34892;名画家
34893;回娘家
34894;坏家伙
34895;外交家
34896;梦想家
34897;女管家
34898;娘家姓
34899;客家话
34900;客家语
34901;家政员
34902;家政学
34903;家族树
34904;家乡鸡
34905;家长制
34906;实干家
34907;实业家
34908;专门家
34909;小家鼠
34910;小说家
34911;巧家县
34912;希西家
34913;思想家
34914;战略家
34915;戏剧家
34916;批评家
34917;投资家
34918;拉家常
34919;指挥家
34920;摄影家
34921;收藏家
34922;改革家
34923;教育家
34924;文学家
34925;星命家
34926;书画家
34927;核国家
34928;歌唱家
34929;历史家
34930;水利家
34931;法学家
34932;活动家
34933;演讲家
34934;汉学家
34935;王家卫
34936;理学家
34937;理论家
34938;男管家
34939;登山家
34940;发明家
34941;百家姓
34942;百家乐
34943;神学家
34944;神家园
34945;算命家
34946;编译家
34947;编辑家
34948;纵横家
34949;美食家
34950;翻译家
34951;考古家
34952;舞蹈家
34953;航海家
34954;万家乐
34955;观察家
34956;谢家集
34957;走娘家
34958;军事家
34959;运动家
34960;过家家
34961;道德家
34962;医学家
34963;金家庄
34964;金融家
34965;鉴赏家
34966;阴阳家
34967;雄辩家
34968;革命家
34969;预言家
34970;马家军
34971;更年期
34972;中青年
34973;二年生
34974;两千年
34975;去年底
34976;回归年
34977;多年来
34978;多年生
34979;好几年
34980;少年犯
34981;年之久
34982;年代初
34983;年代学
34984;年以来
34985;年收入
34986;年楚河
34987;年画儿
34988;年轻化
34989;年头儿
34990;年龄组
34991;几年来
34992;忘年交
34993;成年者
34994;批流年
34995;最年长
34996;有年头
34997;本年度
34998;永年县
34999;编年史
35000;编年体
35001;老年期
35002;旧历年
35003;万年历
35004;万年县
35005;万年青
35006;贺年卡
35007;贺年片
35008;近年来
35009;近几年
35010;这年头
35011;青壮年
35012;青年会
35013;青年期
35014;青年节
35015;怎么样
35016;不怎么
35017;怎么着
35018;凭什么
35019;什么事
35020;什么的
35021;这么样
35022;这么着
35023;自个儿
35024;自助餐
35025;不自在
35026;不自然
35027;不自觉
35028;不自量
35029;其自身
35030;半自动
35031;张自忠
35032;李自成
35033;核自旋
35034;自动挡
35035;自动档
35036;自动车
35037;自慰器
35038;自拍器
35039;自杀式
35040;自民党
35041;自治市
35042;自治旗
35043;自治权
35044;自流井
35045;自然史
35046;自然数
35047;自然法
35048;自然界
35049;自然铜
35050;自营商
35051;自由化
35052;自由度
35053;自由式
35054;自由泳
35055;自由港
35056;自由党
35057;自留地
35058;自画像
35059;自白书
35060;自卫队
35061;自变量
35062;自豪感
35063;自贡市
35064;自适应
35065;自愿性
35066;自愿者
35067;自顾自
35068;被自杀
35069;超自然
35070;非自然
35071;越来越
35072;到头来
35073;不来梅
35074;来不及
35075;来安县
35076;来复枪
35077;来复线
35078;来火儿
35079;来硬的
35080;来福枪
35081;来义乡
35082;来苏糖
35083;来宾市
35084;划不来
35085;划得来
35086;又来了
35087;反过来
35088;吃不来
35089;合不来
35090;合得来
35091;和得来
35092;外来词
35093;外来语
35094;外来货
35095;好起来
35096;得来速
35097;从来不
35098;从来没
35099;想起来
35100;打来回
35101;拼起来
35102;换来换
35103;数来宝
35104;未来学
35105;未来式
35106;林来疯
35107;毁来性
35108;没来由
35109;波来克
35110;乌来乡
35111;登出来
35112;看起来
35113;站起来
35114;翻过来
35115;老来少
35116;听起来
35117;谈得来
35118;走来回
35119;马来亚
35120;马来文
35121;马来语
35122;有助于
35123;有意思
35124;公有制
35125;公有化
35126;否有效
35127;固有词
35128;国有化
35129;康有为
35130;强有力
35131;所有主
35132;所有制
35133;所有物
35134;有主见
35135;有作用
35136;有价值
35137;有可能
35138;有好处
35139;有学问
35140;有希望
35141;有帮助
35142;有序化
35143;有弹性
35144;有影响
35145;有德行
35146;有志气
35147;有意志
35148;有意识
35149;有才干
35150;有效性
35151;有新意
35152;有机物
35153;有机体
35154;有权威
35155;有次序
35156;有气派
35157;有气质
35158;有气音
35159;有活力
35160;有潜力
35161;有烟煤
35162;有理数
35163;有产者
35164;有的是
35165;有益处
35166;有眼光
35167;有神论
35168;有礼貌
35169;有节制
35170;有系统
35171;有结果
35172;有联系
35173;有声书
35174;有能力
35175;有胆量
35176;有兴趣
35177;有责任
35178;有资格
35179;有赖于
35180;有办法
35181;有道理
35182;有边儿
35183;有关联
35184;有关连
35185;有限元
35186;有限群
35187;有限集
35188;有阴影
35189;有预谋
35190;没有事
35191;没有法
35192;生有权
35193;私有制
35194;私有化
35195;学生会
35196;学生证
35197;小学生
35198;活生生
35199;生物钟
35200;留学生
35201;毕业生
35202;研究生
35203;卫生巾
35204;卫生间
35205;高中生
35206;中生代
35207;互生叶
35208;仿生学
35209;伴生气
35210;使生气
35211;值日生
35212;做生意
35213;做生日
35214;做生活
35215;优生学
35216;入伍生
35217;内生的
35218;两生类
35219;再生产
35220;再发生
35221;出生地
35222;出生率
35223;出生证
35224;厚生相
35225;厚生省
35226;原生质
35227;古生代
35228;古生物
35229;可再生
35230;夜生活
35231;娃娃生
35232;寄宿生
35233;寄生物
35234;寄生者
35235;寄生虫
35236;实习生
35237;宝生佛
35238;复读生
35239;接生婆
35240;接线生
35241;抢生意
35242;收生婆
35243;救生船
35244;救生衣
35245;救生袋
35246;救生队
35247;新出生
35248;本生灯
35249;次生林
35250;派生词
35251;无生命
35252;独生女
35253;生化学
35254;生啤酒
35255;生意经
35256;生态圈
35257;生态学
35258;生成树
35259;生日卡
35260;生殖力
35261;生殖轮
35262;生父母
35263;生物圈
35264;生物学
35265;生物性
35266;生物战
35267;生物界
35268;生物群
35269;生物能
35270;生物质
35271;生物量
35272;生物体
35273;生理学
35274;生理性
35275;生产率
35276;生产者
35277;生石灰
35278;生粉水
35279;生育率
35280;生词本
35281;生词语
35282;生达县
35283;生达乡
35284;生还者
35285;生长率
35286;生鱼片
35287;生面团
35288;发生率
35289;硕士生
35290;花生秀
35291;卫生局
35292;卫生暑
35293;卫生棉
35294;讨生活
35295;资生堂
35296;跳级生
35297;转学生
35298;野生猫
35299;长生果
35300;非婚生
35301;显生代
35302;养生法
35303;高才生
35304;有时候
35305;到时候
35306;时不时
35307;临时工
35308;那时候
35309;事发时
35310;公里时
35311;划时代
35312;半小时
35313;及时性
35314;及时雨
35315;反应时
35316;反时势
35317;反时针
35318;合时宜
35319;同时代
35320;同时期
35321;夏令时
35322;夏时制
35323;完成时
35324;定时钟
35325;小时工
35326;很多时
35327;抽时间
35328;挨时间
35329;数小时
35330;新时代
35331;新时尚
35332;时刻表
35333;时炸弹
35334;时装业
35335;时装鞋
35336;时钟座
35337;时间内
35338;时间线
35339;时间表
35340;李时珍
35341;标准时
35342;正当时
35343;发稿时
35344;短时间
35345;稍早时
35346;旧时代
35347;花时间
35348;计时器
35349;计时法
35350;计时赛
35351;识时务
35352;运行时
35353;限时信
35354;不得了
35355;怪不得
35356;三得利
35357;不值得
35358;不由得
35359;佛得角
35360;佳得乐
35361;信得过
35362;利得税
35363;可得到
35364;吃得住
35365;多得是
35366;够得着
35367;容不得
35368;对得起
35369;少不得
35370;差得多
35371;得不到
35372;得荣县
35373;得尔塔
35374;忍得住
35375;想得美
35376;想得开
35377;舍不得
35378;易取得
35379;没得说
35380;热得快
35381;犯得上
35382;犯得着
35383;猜得透
35384;奖得主
35385;获得性
35386;用得上
35387;用得着
35388;由不得
35389;看得中
35390;看得见
35391;看得起
35392;看得过
35393;磨得开
35394;算不得
35395;经得起
35396;习得性
35397;圣彼得
35398;听得懂
35399;听得见
35400;万事得
35401;行得通
35402;要不得
35403;见不得
35404;说得上
35405;赶得及
35406;路得记
35407;过得去
35408;镇得住
35409;靠得住
35410;顾不得
35411;鼠得克
35412;不得不
35413;差不多
35414;不一定
35415;不信任
35416;不公平
35417;不定期
35418;不对劲
35419;不得已
35420;不愉快
35421;不争气
35422;不等于
35423;不经意
35424;不至于
35425;不见得
35426;不规则
35427;不起眼
35428;了不起
35429;免不了
35430;前不久
35431;动不动
35432;只不过
35433;吃不消
35434;对不起
35435;小不点
35436;忘不了
35437;恨不得
35438;经不起
35439;说不定
35440;输不起
35441;三不知
35442;三不管
35443;不中意
35444;不中用
35445;不久前
35446;不二价
35447;不信用
35448;不值钱
35449;不偏斜
35450;不偏极
35451;不做声
35452;不像样
35453;不像话
35454;不光彩
35455;不公正
35456;不准许
35457;不冻港
35458;不划算
35459;不动摇
35460;不动产
35461;不动点
35462;不协调
35463;不去理
35464;不及格
35465;不受理
35466;不可以
35467;不可导
35468;不可数
35469;不可能
35470;不可解
35471;不可避
35472;不可靠
35473;不合作
35474;不合法
35475;不合理
35476;不合群
35477;不合适
35478;不吉利
35479;不名数
35480;不名誉
35481;不吐气
35482;不含糊
35483;不周山
35484;不周延
35485;不圆通
35486;不在乎
35487;不在了
35488;不在意
35489;不外乎
35490;不外露
35491;不太好
35492;不失为
35493;不好受
35494;不好说
35495;不安份
35496;不安分
35497;不完善
35498;不完美
35499;不定元
35500;不定式
35501;不定形
35502;不定词
35503;不客气
35504;不寻常
35505;不对称
35506;不对头
35507;不局限
35508;不带电
35509;不干涉
35510;不平凡
35511;不平常
35512;不平等
35513;不平衡
35514;不待说
35515;不必要
35516;不情愿
35517;不成功
35518;不成文
35519;不成材
35520;不成熟
35521;不打紧
35522;不拉几
35523;不插电
35524;不搭理
35525;不摸头
35526;不敢当
35527;不新鲜
35528;不方便
35529;不明确
35530;不是吗
35531;不景气
35532;不服罪
35533;不标准
35534;不正常
35535;不正当
35536;不正确
35537;不注意
35538;不清楚
35539;不准确
35540;不满意
35541;不用找
35542;不用谢
35543;不当事
35544;不当紧
35545;不尽根
35546;不相同
35547;不相容
35548;不相干
35549;不相符
35550;不确定
35551;不确实
35552;不稳定
35553;不稳性
35554;不符合
35555;不等式
35556;不等号
35557;不答理
35558;不简单
35559;不结果
35560;不结盟
35561;不给力
35562;不耐烦
35563;不听命
35564;不育性
35565;不育症
35566;不能不
35567;不舒服
35568;不舒适
35569;不行了
35570;不要紧
35571;不要脸
35572;不规范
35573;不触目
35574;不认账
35575;不诚实
35576;不调和
35577;不识字
35578;不变化
35579;不变量
35580;不象话
35581;不买账
35582;不费事
35583;不赞成
35584;不足月
35585;不足道
35586;不送气
35587;不透明
35588;不透气
35589;不透水
35590;不连续
35591;不过意
35592;不道德
35593;不适当
35594;不重视
35595;不随意
35596;不离儿
35597;不饱和
35598;不体面
35599;且不说
35600;保不住
35601;保不定
35602;保不齐
35603;做不到
35604;伤不起
35605;先不先
35606;两不误
35607;冬不拉
35608;冷不防
35609;到不行
35610;受不了
35611;可不是
35612;吃不上
35613;吃不住
35614;吃不服
35615;吃不开
35616;压不碎
35617;够不着
35618;好不好
35619;对不上
35620;对不住
35621;对不对
35622;少不了
35623;左不过
35624;差不离
35625;几乎不
35626;弄不清
35627;忍不住
35628;恨不能
35629;想不到
35630;想不通
35631;想不开
35632;打不通
35633;打不过
35634;找不到
35635;找不着
35636;抱不平
35637;拿不准
35638;拿不动
35639;挨不上
35640;摸不着
35641;择不开
35642;数不上
35643;数不多
35644;数不清
35645;数不尽
35646;数不着
35647;是不是
35648;会不会
35649;架不住
35650;死不了
35651;殊不知
35652;比不上
35653;气不公
35654;气不平
35655;气不过
35656;无不达
35657;犯不上
35658;犯不着
35659;猛不防
35660;猜不透
35661;用不了
35662;用不着
35663;申不害
35664;百不杂
35665;看不中
35666;看不出
35667;看不惯
35668;看不懂
35669;看不清
35670;看不见
35671;看不起
35672;看不过
35673;瞧不起
35674;磨不开
35675;禁不住
35676;禁不起
35677;等不及
35678;管不着
35679;经不住
35680;而不需
35681;听不到
35682;听不见
35683;卧不安
35684;虎不拉
35685;行不通
35686;要不是
35687;要不然
35688;记不住
35689;说不上
35690;说不出
35691;说不准
35692;说不通
35693;谈不上
35694;讲不通
35695;买不起
35696;赔不是
35697;赶不上
35698;赶不及
35699;跟不上
35700;躲不起
35701;办不到
35702;逃不出
35703;过不去
35704;达不到
35705;还不如
35706;除不尽
35707;离不开
35708;难不成
35709;靠不住
35710;顾不上
35711;倒过儿
35712;悔过书
35713;折过儿
35714;掉过儿
35715;眼过劳
35716;睡过头
35717;走过场
35718;过劳死
35719;过去式
35720;过庭录
35721;过氧化
35722;过渡性
35723;过头话
35724;过马路
35725;远超过
35726;分公司
35727;三分熟
35728;三等分
35729;二分裂
35730;二分点
35731;五分熟
35732;假分数
35733;偏微分
35734;两分法
35735;分布式
35736;分封制
35737;分散式
35738;分会场
35739;分析员
35740;分析器
35741;分析学
35742;分析法
35743;分析语
35744;分水线
35745;分系统
35746;分至点
35747;分装机
35748;分角器
35749;分配律
35750;分销店
35751;分音符
35752;分类学
35753;十二分
35754;四分卫
35755;多水分
35756;失身分
35757;学分制
35758;实分析
35759;带分数
35760;微分学
35761;春分点
35762;核分裂
35763;没分寸
35764;百分之
35765;百分制
35766;百分数
35767;百分比
35768;百分率
35769;百分号
35770;真分数
35771;秋分点
35772;积分榜
35773;计分卡
35774;计分环
35775;变分学
35776;变分法
35777;身分证
35778;部分值
35779;洗发水
35780;理发师
35781;理发店
35782;发布会
35783;发动机
35784;发脾气
35785;开发区
35786;开发商
35787;发型师
35788;再发见
35789;出发点
35790;剪头发
35791;后发座
35792;周润发
35793;哈里发
35794;启发式
35795;启发法
35796;多发病
35797;所发现
35798;批发价
35799;批发业
35800;挥发性
35801;挥发油
35802;收发室
35803;未发货
35804;核发电
35805;洗发乳
35806;洗发粉
35807;洗发露
35808;爆发性
35809;理发员
35810;理发院
35811;发令枪
35812;发刊词
35813;发动力
35814;发射井
35815;发射器
35816;发射场
35817;发射机
35818;发射站
35819;发展中
35820;发情期
35821;发明者
35822;发横财
35823;发泡胶
35824;发源地
35825;发现物
35826;发现号
35827;发球区
35828;发短信
35829;发神经
35830;发祥地
35831;发声器
35832;发声法
35833;发育期
35834;发行额
35835;发语词
35836;发语辞
35837;发送器
35838;发达国
35839;发酒疯
35840;发电机
35841;发电站
35842;发电量
35843;发音体
35844;美发师
35845;触发器
35846;护发乳
35847;公孙起
35848;奋起湖
35849;磨起泡
35850;突起部
35851;联想起
35852;虎起脸
35853;起名儿
35854;起居室
35855;起床号
35856;起扑杆
35857;起模范
35858;起落场
35859;起落架
35860;起诉员
35861;起诉书
35862;起诉者
35863;起造员
35864;起重机
35865;起电机
35866;起点线
35867;零起点
35868;图们市
35869;图们江
35870;娘儿们
35871;弟兄们
35872;上海市
35873;看上去
35874;上个月
35875;上半叶
35876;上半身
35877;上同调
35878;上坡段
35879;上坡路
35880;上城区
35881;上将军
35882;上座部
35883;上新世
35884;上星期
35885;上犹县
35886;上确界
35887;上等兵
35888;上箭头
35889;上网本
35890;上街区
35891;上议院
35892;上轨道
35893;上边儿
35894;上高县
35895;事实上
35896;占上风
35897;半以上
35898;原则上
35899;名义上
35900;太上皇
35901;实质上
35902;山上乡
35903;挤上去
35904;早上好
35905;晚上好
35906;本质上
35907;桌上型
35908;历史上
35909;气头上
35910;水上乡
35911;池上乡
35912;闻上去
35913;走为上
35914;白开水
35915;开玩笑
35916;三七开
35917;公开信
35918;公开化
35919;半公开
35920;半开化
35921;半开门
35922;展开图
35923;乐开花
35924;总开关
35925;开倒车
35926;开创性
35927;开区间
35928;开原市
35929;开原县
35930;开城市
35931;开场白
35932;开士米
35933;开夜车
35934;开封市
35935;开封府
35936;开小差
35937;开小会
35938;开幕词
35939;开平区
35940;开平市
35941;开后门
35942;开快车
35943;开房间
35944;开放性
35945;开江县
35946;开河期
35947;开尔文
35948;开瓶费
35949;开眼界
35950;开绿灯
35951;开罚单
35952;开胃菜
35953;开胃酒
35954;开花儿
35955;开花衣
35956;开远市
35957;开都河
35958;开酒费
35959;开门炮
35960;开高叉
35961;开黑店
35962;这些个
35963;这个月
35964;这会儿
35965;这边儿
35966;这阵儿
35967;中情局
35968;动情期
35969;动情素
35970;同情者
35971;婚外情
35972;情报局
35973;情报处
35974;情报部
35975;情急了
35976;核情报
35977;无表情
35978;看情况
35979;色情业
35980;色情狂
35981;难为情
35982;闹情绪
35983;鱼水情
35984;成绩单
35985;中成药
35986;低成本
35987;切成块
35988;制成品
35989;合成器
35990;合成数
35991;合成法
35992;合成物
35993;合成词
35994;塑造成
35995;少成多
35996;已成形
35997;建成区
35998;形成层
35999;性成熟
36000;成交价
36001;成份股
36002;成功感
36003;成功镇
36004;成反比
36005;成名作
36006;成品油
36007;成均馆
36008;成文法
36009;成方儿
36010;成武县
36011;成活率
36012;成长率
36013;明成祖
36014;未完成
36015;未成冠
36016;李建成
36017;李成江
36018;核合成
36019;荣成市
36020;荣成湾
36021;熊成基
36022;热成层
36023;留成儿
36024;眼成穿
36025;总成本
36026;卫留成
36027;赞成票
36028;金日成
36029;齐武成
36030;今儿个
36031;今古文
36032;今文经
36033;中新世
36034;中新社
36035;全新世
36036;全新纪
36037;全新统
36038;古新世
36039;古新统
36040;国新办
36041;始新世
36042;始新纪
36043;始新统
36044;张志新
36045;新世纪
36046;新元史
36047;新出炉
36048;新化市
36049;新化镇
36050;新北区
36051;新北市
36052;新古典
36053;新台币
36054;新和县
36055;新园乡
36056;新城区
36057;新城病
36058;新城县
36059;新城乡
36060;新威胁
36061;新密市
36062;新屋乡
36063;新市区
36064;新市乡
36065;新市镇
36066;新平县
36067;新干线
36068;新店市
36069;新思想
36070;新技术
36071;新教徒
36072;新会区
36073;新会市
36074;新会县
36075;新林区
36076;新荣区
36077;新乐市
36078;新民市
36079;新河县
36080;新港乡
36081;新营市
36082;新产品
36083;新田县
36084;新石器
36085;新社乡
36086;新竹市
36087;新竹县
36088;新纪元
36089;新闻学
36090;新闻界
36091;新闻稿
36092;新闻组
36093;新闻处
36094;新兴区
36095;新庄市
36096;新华区
36097;新丰县
36098;新丰乡
36099;新宾县
36100;新造镇
36101;新都区
36102;新都桥
36103;新乡县
36104;新金县
36105;新阶段
36106;新青区
36107;新余市
36108;新龙县
36109;更新世
36110;更新版
36111;永新县
36112;渐新世
36113;渐新统
36114;红新月
36115;维新派
36116;翻新后
36117;超新星
36118;闹新房
36119;爱好者
36120;你好吗
36121;友好区
36122;太好了
36123;好事者
36124;好好儿
36125;好容易
36126;好市多
36127;好怕的
36128;好朋友
36129;好望角
36130;好样的
36131;好立克
36132;好端端
36133;好运符
36134;性偏好
36135;走好运
36136;之所以
36137;代之以
36138;以亿计
36139;以利亚
36140;以利于
36141;以太网
36142;以此为
36143;以致于
36144;所以然
36145;美以美
36146;黄以静
36147;可信任
36148;可信度
36149;可卡因
36150;可可米
36151;可回收
36152;可执行
36153;可塑性
36154;可压缩
36155;可容忍
36156;可尊敬
36157;可寻址
36158;可待因
36159;可想像
36160;可懂度
36161;可持续
36162;可擦写
36163;可数集
36164;可决率
36165;可决票
36166;可燃冰
36167;可燃性
36168;可知论
36169;可移植
36170;可编程
36171;可行性
36172;可裂变
36173;可见光
36174;可转让
36175;可通约
36176;可靠性
36177;快可立
36178;装可爱
36179;出版社
36180;内出血
36181;再出现
36182;出了事
36183;出入口
36184;出入门
36185;出口商
36186;出口气
36187;出口货
36188;出口额
36189;出问题
36190;出圈儿
36191;出尖儿
36192;出席者
36193;出毛病
36194;出气口
36195;出水口
36196;出洋相
36197;出版商
36198;出版物
36199;出版者
36200;出纳员
36201;出老千
36202;出血性
36203;出血热
36204;出难题
36205;出头鸟
36206;出风口
36207;汇出行
36208;导出值
36209;弹射出
36210;拿出手
36211;搬出去
36212;挤压出
36213;未出货
36214;流露出
36215;演出者
36216;脑出血
36217;输出品
36218;输出管
36219;进出境
36220;显露出
36221;鼻出血
36222;收获节
36223;获胜者
36224;获益者
36225;体己钱
36226;到岸价
36227;到期日
36228;到现在
36229;到目前
36230;弄到手
36231;感觉到
36232;拼到底
36233;没想到
36234;牵涉到
36235;门到门
36236;关系到
36237;突然间
36238;偶然性
36239;想当然
36240;盖然性
36241;折现率
36242;未折现
36243;净现值
36244;现世报
36245;现代史
36246;现代性
36247;现代舞
36248;现在式
36249;现场会
36250;现行犯
36251;现象学
36252;现货价
36253;现阶段
36254;表现力
36255;表现型
36256;贴现率
36257;地中海
36258;地平线
36259;所在地
36260;异地恋
36261;目的地
36262;三地门
36263;二地主
36264;北领地
36265;占地儿
36266;占地方
36267;印地语
36268;卷地皮
36269;原产地
36270;向北地
36271;土地公
36272;地三鲜
36273;地动仪
36274;地区性
36275;地图册
36276;地图集
36277;地层学
36278;地形图
36279;地拉那
36280;地方官
36281;地方性
36282;地热能
36283;地理学
36284;地理极
36285;地瓜面
36286;地积单
36287;地级市
36288;地表水
36289;地质学
36290;地震中
36291;地震仪
36292;地震区
36293;地震学
36294;地震局
36295;地震带
36296;地震波
36297;地面层
36298;地面水
36299;宿营地
36300;居住地
36301;平地机
36302;房地美
36303;打地铺
36304;抓地力
36305;暗地里
36306;本地化
36307;核地雷
36308;根据地
36309;归零地
36310;海地岛
36311;测地线
36312;炒地皮
36313;产地证
36314;留余地
36315;矮地茶
36316;租借地
36317;策源地
36318;简单地
36319;聚居地
36320;背地里
36321;背地风
36322;落地灯
36323;落地窗
36324;落地签
36325;许地山
36326;让步地
36327;跑马地
36328;跨地区
36329;近地点
36330;远地点
36331;集散地
36332;马拉地
36333;斗地主
36334;麦地那
36335;黄土地
36336;为什么
36337;另存为
36338;性行为
36339;为的是
36340;称之为
36341;统称为
36342;被誉为
36343;射手座
36344;二手房
36345;手提包
36346;手续费
36347;三只手
36348;二把手
36349;佛手瓜
36350;倒背手
36351;做手脚
36352;助手席
36353;动手脚
36354;吉他手
36355;多面手
36356;左右手
36357;徒手画
36358;惯用手
36359;手动挡
36360;手套箱
36361;手写体
36362;手工业
36363;手工台
36364;手工艺
36365;手拉车
36366;手拿包
36367;手推车
36368;手提箱
36369;打手枪
36370;扶手椅
36371;拉个手
36372;拿手菜
36373;按手礼
36374;搭把手
36375;抢手货
36376;操刀手
36377;操盘手
36378;民歌手
36379;洗手液
36380;洗手间
36381;爆破手
36382;空手道
36383;空着手
36384;背着手
36385;脚手架
36386;试手儿
36387;护手盘
36388;赛车手
36389;轮机手
36390;速手排
36391;顺手儿
36392;高高手
36393;咸猪手
36394;回光镜
36395;回单儿
36396;回回青
36397;回墨印
36398;回形针
36399;回忆录
36400;回归热
36401;回归线
36402;回民区
36403;回良玉
36404;回车键
36405;回锅油
36406;回页首
36407;回头客
36408;回头见
36409;回顾展
36410;回马枪
36411;海马回
36412;当回事
36413;总回报
36414;也就是
36415;事求是
36416;就是说
36417;真是的
36418;那倒是
36419;无所谓
36420;无人区
36421;无厘头
36422;无名指
36423;无意间
36424;无端端
36425;无限制
36426;半无限
36427;无主见
36428;无保留
36429;无信义
36430;无做作
36431;无助感
36432;无原则
36433;无国界
36434;无将牌
36435;无尾熊
36436;无底洞
36437;无形中
36438;无怪乎
36439;无意中
36440;无意识
36441;无所属
36442;无把握
36443;无期别
36444;无核化
36445;无核区
36446;无条件
36447;无极县
36448;无机物
36449;无烟煤
36450;无争议
36451;无理数
36452;无产者
36453;无知觉
36454;无神论
36455;无穷小
36456;无穷集
36457;无符号
36458;无维度
36459;无花果
36460;无菌性
36461;无菌的
36462;无农药
36463;无连接
36464;无量寿
36465;无限小
36466;无限期
36467;无党派
36468;动作片
36469;动物园
36470;动画片
36471;劳动力
36472;劳动者
36473;机动车
36474;流动性
36475;总动员
36476;运动员
36477;运动会
36478;运动鞋
36479;假动作
36480;传动器
36481;传动带
36482;光动嘴
36483;别动队
36484;助动词
36485;助动车
36486;动力学
36487;动名词
36488;动嘴皮
36489;动平衡
36490;动植物
36491;动物学
36492;动物油
36493;动物界
36494;动肝火
36495;动能车
36496;动宾式
36497;动量词
36498;劳动报
36499;劳动营
36500;劳动号
36501;原动力
36502;启动区
36503;性冲动
36504;慢动作
36505;拖动力
36506;推动力
36507;机动性
36508;横振动
36509;气动式
36510;永动机
36511;波动性
36512;活动房
36513;滚动条
36514;眼跳动
36515;移动式
36516;移动性
36517;能动性
36518;角动量
36519;谐振动
36520;转动件
36521;连动债
36522;运动场
36523;运动学
36524;运动战
36525;运动服
36526;运动病
36527;运动衫
36528;电动势
36529;电动机
36530;震动力
36531;家乐福
36532;音乐会
36533;中乐透
36534;交响乐
36535;使娱乐
36536;利乐包
36537;博乐市
36538;卡乐星
36539;古典乐
36540;吹管乐
36541;娱乐场
36542;安乐区
36543;安乐死
36544;室内乐
36545;将乐县
36546;康乐县
36547;弹拨乐
36548;思乐冰
36549;戴高乐
36550;扭扭乐
36551;星冰乐
36552;乐学者
36553;乐安县
36554;乐山市
36555;乐平市
36556;乐施会
36557;乐昌市
36558;乐东县
36559;乐业县
36560;乐清市
36561;乐羊羊
36562;乐至县
36563;乐都县
36564;民乐县
36565;百乐餐
36566;管乐器
36567;脆谷乐
36568;军乐队
36569;长乐市
36570;音乐学
36571;音乐院
36572;干什么
36573;没什么
36574;什么样
36575;什叶派
36576;印古什
36577;塔什干
36578;布什尔
36579;阿图什
36580;取款机
36581;战斗机
36582;打印机
36583;打火机
36584;拖拉机
36585;摄像机
36586;收音机
36587;洗衣机
36588;照相机
36589;登机口
36590;登机牌
36591;直升机
36592;计算机
36593;游戏机
36594;电视机
36595;飞机场
36596;饮水机
36597;主机名
36598;主机板
36599;交换机
36600;佛朗机
36601;并卷机
36602;候机厅
36603;传真机
36604;内燃机
36605;冷气机
36606;刻录机
36607;剪草机
36608;升降机
36609;印刷机
36610;印表机
36611;吹叶机
36612;咖啡机
36613;单放机
36614;单板机
36615;单片机
36616;喷气机
36617;坐飞机
36618;堆高机
36619;报话机
36620;压路机
36621;客户机
36622;对撞机
36623;对讲机
36624;工具机
36625;幻灯机
36626;影印机
36627;微机化
36628;打字机
36629;打谷机
36630;打飞机
36631;找机会
36632;投影机
36633;投机者
36634;投篮机
36635;抽水机
36636;挖土机
36637;卷扬机
36638;扫除机
36639;采棉机
36640;接收机
36641;推土机
36642;推进机
36643;提款机
36644;播放机
36645;扩音机
36646;摄影机
36647;收报机
36648;收银机
36649;攻击机
36650;放飞机
36651;教练机
36652;暖气机
36653;果汁机
36654;柴油机
36655;棒磨机
36656;机务段
36657;机密性
36658;机械工
36659;机械性
36660;机械码
36661;机械能
36662;机械钟
36663;机关报
36664;机关炮
36665;机关车
36666;机头座
36667;步话机
36668;汽轮机
36669;洗碗机
36670;浓缩机
36671;洒水机
36672;照像机
36673;留声机
36674;登机楼
36675;登机桥
36676;登机证
36677;登机门
36678;碎纸机
36679;答录机
36680;终端机
36681;织布机
36682;脱水机
36683;裁纸机
36684;补登机
36685;复印机
36686;订书机
36687;护贝机
36688;军机处
36689;轻机枪
36690;轮转机
36691;透平机
36692;透析机
36693;重机枪
36694;录像机
36695;录影机
36696;录音机
36697;钻探机
36698;随机性
36699;随机数
36700;电唱机
36701;电报机
36702;电话机
36703;预警机
36704;飞机票
36705;飞机餐
36706;点字机
36707;鼓风机
36708;北海道
36709;主航道
36710;二道区
36711;二道江
36712;五道口
36713;修道张
36714;修道会
36715;修道院
36716;传道书
36717;传道者
36718;传道部
36719;内耳道
36720;两江道
36721;八正道
36722;八道江
36723;合气道
36724;同道者
36725;咸镜道
36726;单行道
36727;圆轨道
36728;报道说
36729;外耳道
36730;女修道
36731;平安道
36732;忠清道
36733;快行道
36734;快车道
36735;慢行道
36736;庆尚道
36737;据报道
36738;早知道
36739;李政道
36740;东道主
36741;武士道
36742;水道口
36743;江原道
36744;清道夫
36745;滑行道
36746;滴道区
36747;熟道儿
36748;知道了
36749;胃绕道
36750;肠胃道
36751;华容道
36752;谁知道
36753;通道县
36754;道光帝
36755;道外区
36756;道教徒
36757;道尔顿
36758;道真县
36759;道里区
36760;阴道口
36761;靠走道
36762;飞跃道
36763;黄海道
36764;巧克力
36765;影响力
36766;创造力
36767;想象力
36768;意志力
36769;战斗力
36770;杀伤力
36771;注意力
36772;生命力
36773;竞争力
36774;记忆力
36775;主力舰
36776;亚克力
36777;作用力
36778;保力龙
36779;内营力
36780;切向力
36781;剪切力
36782;剪应力
36783;创作力
36784;力传递
36785;力学波
36786;匹马力
36787;反冲力
36788;压克力
36789;压力计
36790;压力锅
36791;士力架
36792;引力场
36793;引力波
36794;后坐力
36795;想像力
36796;感召力
36797;感知力
36798;应力场
36799;应变力
36800;接力赛
36801;摩擦力
36802;支配力
36803;攻击力
36804;旋转力
36805;暴力法
36806;比威力
36807;水力学
36808;汤力水
36809;热力学
36810;爆炸力
36811;牵引力
36812;理解力
36813;知觉力
36814;耐受力
36815;视力表
36816;观察力
36817;说服力
36818;证明力
36819;贝努力
36820;卖苦力
36821;购买力
36822;软实力
36823;重力场
36824;铁力市
36825;铁力木
36826;静力学
36827;非暴力
36828;预应力
36829;领悟力
36830;享清福
36831;共享库
36832;光感应
36833;克流感
36834;后感觉
36835;性冷感
36836;性快感
36837;感化院
36838;感受器
36839;感叹句
36840;感叹词
36841;感叹语
36842;感染率
36843;感染者
36844;感觉器
36845;感遇诗
36846;怀旧感
36847;既视感
36848;真实感
36849;猪流感
36850;观后感
36851;九零后
36852;前后文
36853;创伤后
36854;后里乡
36855;在此后
36856;后备军
36857;后两者
36858;后勤学
36859;后半场
36860;后半叶
36861;后壁乡
36862;后挡板
36863;后汉书
36864;后甲板
36865;后空翻
36866;后置词
36867;后边儿
36868;后鼻音
36869;后龙镇
36870;抄后路
36871;李后主
36872;王太后
36873;留后路
36874;皇后区
36875;皇太后
36876;突触后
36877;解放后
36878;走后门
36879;车后箱
36880;重估后
36881;须后水
36882;内在的
36883;在其中
36884;在室内
36885;在我看
36886;在户外
36887;在深处
36888;在眼前
36889;在那儿
36890;在野党
36891;在高处
36892;好意思
36893;没意思
36894;潜意识
36895;玩意儿
36896;任意球
36897;使满意
36898;够意思
36899;写意画
36900;小意思
36901;小玩意
36902;意中事
36903;意向书
36904;意味着
36905;意见箱
36906;意识流
36907;怀敌意
36908;拿主意
36909;会意字
36910;注意看
36911;玻意耳
36912;示意图
36913;语意性
36914;女朋友
36915;吧托女
36916;女儿墙
36917;女同胞
36918;女店员
36919;女房东
36920;女武神
36921;女皇帝
36922;女舍监
36923;女衬衫
36924;女警员
36925;女高音
36926;妇女节
36927;孙女儿
36928;室女座
36929;少女峰
36930;曾孙女
36931;月女神
36932;烟花女
36933;狗男女
36934;白毛女
36935;神女峰
36936;织女星
36937;美容女
36938;老处女
36939;圣女果
36940;处女作
36941;处女膜
36942;处女航
36943;贫女诗
36944;酒托女
36945;重孙女
36946;陪唱女
36947;黄花女
36948;共同点
36949;差一点
36950;终点站
36951;三点水
36952;停损点
36953;两点水
36954;冬至点
36955;原爆点
36956;固定点
36957;夏至点
36958;定居点
36959;定点厂
36960;小数点
36961;居民点
36962;几点了
36963;引爆点
36964;掉点儿
36965;最低点
36966;止损点
36967;江八点
36968;浮点数
36969;争论点
36970;空白点
36971;立足点
36972;纠结点
36973;终点线
36974;临界点
36975;着火点
36976;着眼点
36977;着陆点
36978;触控点
36979;近日点
36980;远日点
36981;销售点
36982;钟点房
36983;闪光点
36984;零缺点
36985;零点五
36986;零点能
36987;类似点
36988;点名册
36989;点对点
36990;点击数
36991;点烟器
36992;点视厅
36993;点军区
36994;点金石
36995;点集合
36996;点鬼火
36997;方便面
36998;洗面奶
36999;炸酱面
37000;热干面
37001;牛肉面
37002;面对面
37003;九面体
37004;假面具
37005;八面体
37006;公仔面
37007;六面体
37008;切平面
37009;千层面
37010;反光面
37011;反射面
37012;反面儿
37013;四面体
37014;圆面饼
37015;多侧面
37016;多方面
37017;多面角
37018;多面体
37019;失体面
37020;对立面
37021;小面包
37022;尖管面
37023;工作面
37024;平面图
37025;平面波
37026;平面角
37027;弯液面
37028;弯管面
37029;扇面琴
37030;投影面
37031;担担面
37032;摆门面
37033;斜管面
37034;曲面论
37035;书面语
37036;桌面儿
37037;横截面
37038;横断面
37039;水平面
37040;水管面
37041;海平面
37042;洁面露
37043;乌龙面
37044;烤面包
37045;烟管面
37046;猴面包
37047;玉米面
37048;白面儿
37049;相平面
37050;真面目
37051;票面值
37052;立面图
37053;笑面虎
37054;笔管面
37055;粗管面
37056;纵断面
37057;听墙面
37058;肉汤面
37059;台面呢
37060;表面化
37061;复平面
37062;解理面
37063;超平面
37064;速食面
37065;铺面房
37066;关节面
37067;附面层
37068;杂和面
37069;面试会
37070;面面观
37071;类球面
37072;面包房
37073;面包树
37074;面包片
37075;面包皮
37076;面条儿
37077;三明治
37078;明信片
37079;明天见
37080;三明市
37081;光明星
37082;光明节
37083;南明区
37084;古文明
37085;史思明
37086;启明星
37087;宁明县
37088;小聪明
37089;文征明
37090;文明化
37091;施明德
37092;明光市
37093;明光度
37094;明光蓝
37095;明太祖
37096;明宣宗
37097;明实录
37098;明山区
37099;明德镇
37100;明摆着
37101;明朝体
37102;明武宗
37103;明水县
37104;明细表
37105;本杰明
37106;东明县
37107;清明节
37108;汉明帝
37109;祝允明
37110;细明体
37111;声明书
37112;胡志明
37113;说明会
37114;证明书
37115;赶明儿
37116;透明度
37117;金明区
37118;长明灯
37119;阳明区
37120;阳明山
37121;电照明
37122;依我看
37123;据我看
37124;没事儿
37125;事实婚
37126;公事房
37127;吉事果
37128;外事处
37129;干事长
37130;指事字
37131;提亲事
37132;故事片
37133;核事件
37134;海事局
37135;海事处
37136;理事会
37137;理事长
37138;当事国
37139;当事者
37140;百事通
37141;管闲事
37142;总干事
37143;总领事
37144;缺德事
37145;美差事
37146;苦差事
37147;万事通
37148;万事达
37149;行事历
37150;记事册
37151;记事本
37152;卖本事
37153;军事化
37154;军事学
37155;鬼故事
37156;多样性
37157;采样率
37158;搞花样
37159;样板戏
37160;照原样
37161;要样儿
37162;变样儿
37163;走样儿
37164;小时候
37165;小孩儿
37166;小弟弟
37167;小朋友
37168;小精灵
37169;小青年
37170;四小龙
37171;外小腿
37172;小三度
37173;小丑鱼
37174;小九九
37175;小企业
37176;小便器
37177;小便斗
37178;小儿经
37179;小公主
37180;小公共
37181;小刀会
37182;小吃店
37183;小同乡
37184;小型车
37185;小夜曲
37186;小娃娃
37187;小店区
37188;小扁豆
37189;小抄儿
37190;小括号
37191;小插曲
37192;小标题
37193;小毛虫
37194;小气候
37195;小港区
37196;小汤山
37197;小熊座
37198;小熊猫
37199;小牛肉
37200;小白脸
37201;小白菜
37202;小白鼠
37203;小皇帝
37204;小眼角
37205;小笔电
37206;小算盘
37207;小节线
37208;小范围
37209;小红帽
37210;小老婆
37211;小菜儿
37212;小行星
37213;小冲突
37214;小袋鼠
37215;小货车
37216;小轮车
37217;小金县
37218;小钢球
37219;小阿姨
37220;小除夕
37221;小集团
37222;小鸡鸡
37223;小灵通
37224;小饭馆
37225;小马座
37226;小脏鬼
37227;小松糕
37228;小黄瓜
37229;敲小背
37230;最小值
37231;最小化
37232;核小体
37233;极细小
37234;穿小鞋
37235;听小骨
37236;血小板
37237;丑小鸭
37238;非小说
37239;中南海
37240;中国式
37241;中学生
37242;中新网
37243;中石化
37244;中秋节
37245;中老年
37246;中关村
37247;命中率
37248;孙中山
37249;意中人
37250;集中营
37251;中世纪
37252;中介所
37253;中企业
37254;中位数
37255;中低端
37256;中前卫
37257;中北部
37258;中南部
37259;中原区
37260;中和市
37261;中圈套
37262;中国化
37263;中国产
37264;中国画
37265;中国菜
37266;中国话
37267;中国通
37268;中压管
37269;中央省
37270;中央社
37271;中宣部
37272;中宁县
37273;中山服
37274;中山装
37275;中巴士
37276;中括号
37277;中提琴
37278;中方县
37279;中旅社
37280;中正区
37281;中毒性
37282;中气层
37283;中海油
37284;中港台
37285;中短债
37286;中研院
37287;中立国
37288;中立性
37289;中立派
37290;中站区
37291;中继器
37292;中继站
37293;中卫市
37294;中西区
37295;中西部
37296;中西医
37297;中转站
37298;中途岛
37299;中医学
37300;中量级
37301;中长跑
37302;中间件
37303;中间名
37304;中间派
37305;中阳县
37306;中餐馆
37307;半中腰
37308;半空中
37309;台中县
37310;呼中区
37311;城中区
37312;城中村
37313;巴中市
37314;张治中
37315;掌中戏
37316;扬中市
37317;敲中背
37318;朝中社
37319;期中考
37320;正当中
37321;汉中市
37322;田中镇
37323;男中音
37324;眼中刺
37325;肉中刺
37326;肉中毒
37327;胡慧中
37328;脑中风
37329;台中市
37330;兴中会
37331;血中毒
37332;金宇中
37333;集中器
37334;鼻中隔
37335;工作日
37336;星期日
37337;白日梦
37338;纪念日
37339;金正日
37340;七日热
37341;主日学
37342;佛诞日
37343;停战日
37344;全日制
37345;全日空
37346;公休日
37347;十三日
37348;受难日
37349;哈日族
37350;四日市
37351;国庆日
37352;均日照
37353;多日赛
37354;太阳日
37355;安息日
37356;平常日
37357;日偏食
37358;日光灯
37359;日全食
37360;日土县
37361;日晒伤
37362;日月晕
37363;日本刀
37364;日本学
37365;日本海
37366;日照市
37367;日用品
37368;日知录
37369;日程表
37370;日记本
37371;春日乡
37372;末日论
37373;母难日
37374;乌日乡
37375;百日咳
37376;礼拜日
37377;终战日
37378;解放日
37379;达日县
37380;雷日纳
37381;首日封
37382;天然气
37383;小气鬼
37384;气象台
37385;低气压
37386;供燃气
37387;充气船
37388;冷气衫
37389;别客气
37390;受气包
37391;吸气器
37392;丧气话
37393;丧气鬼
37394;喷气式
37395;坏脾气
37396;夹板气
37397;客气话
37398;排气管
37399;探口气
37400;撞运气
37401;暖气片
37402;书卷气
37403;梅核气
37404;毒气弹
37405;气候学
37406;气呼呼
37407;气压表
37408;气压计
37409;气冲冲
37410;气象学
37411;气象厅
37412;气象站
37413;气鼓鼓
37414;沉住气
37415;油气田
37416;液化气
37417;热气球
37418;空气流
37419;节气门
37420;精气神
37421;肺气肿
37422;肺通气
37423;通气会
37424;双光气
37425;电气化
37426;电气石
37427;闹脾气
37428;老太太
37429;老板娘
37430;老爷爷
37431;养老金
37432;元老院
37433;官老爷
37434;托老所
37435;敬老席
37436;早老素
37437;王老五
37438;秋老虎
37439;纸老虎
37440;翻老账
37441;老三篇
37442;老伴儿
37443;老公公
37444;老城区
37445;老太公
37446;老太爷
37447;老奶奶
37448;老字号
37449;老客儿
37450;老实说
37451;老掉牙
37452;老朋友
37453;老河口
37454;老油条
37455;老乌恰
37456;老烟枪
37457;老烟鬼
37458;老爷车
37459;老皇历
37460;老花眼
37461;老着脸
37462;老资格
37463;老边区
37464;老骨头
37465;老鼠洞
37466;臭老九
37467;护老者
37468;长老会
37469;同性爱
37470;爱民区
37471;爱漂亮
37472;爱卫会
37473;爱辉区
37474;爱游玩
37475;最喜爱
37476;公安局
37477;公安部
37478;天安门
37479;安全带
37480;安眠药
37481;平安夜
37482;依安县
37483;保安团
37484;保安族
37485;六安市
37486;北安市
37487;南安市
37488;吉安市
37489;吉安乡
37490;同安县
37491;咸安区
37492;国安局
37493;国安部
37494;安全套
37495;安全局
37496;安全灯
37497;安全网
37498;安南区
37499;安卡拉
37500;安哥拉
37501;安国市
37502;安培表
37503;安培计
37504;安塞县
37505;安多县
37506;安定化
37507;安定区
37508;安定乡
37509;安定门
37510;安宁区
37511;安宁市
37512;安宁片
37513;安居区
37514;安平区
37515;安康市
37516;安德海
37517;安息国
37518;安息香
37519;安慰奖
37520;安庆市
37521;安格尔
37522;安次区
37523;安源区
37524;安理会
37525;安祖花
37526;安福县
37527;安西县
37528;安达市
37529;安远县
37530;安重根
37531;安陆市
37532;安阳市
37533;安顺市
37534;安龙县
37535;宁安市
37536;平安县
37537;平安里
37538;广安市
37539;广安门
37540;延安市
37541;微安培
37542;德安县
37543;慰安妇
37544;庆安县
37545;怀安县
37546;振安区
37547;普安县
37548;望安乡
37549;东安区
37550;正安县
37551;武安市
37552;永安市
37553;永安乡
37554;白安居
37555;福安市
37556;米诺安
37557;临安市
37558;兴安区
37559;兴安盟
37560;西安区
37561;远安县
37562;迁安市
37563;都安县
37564;金安区
37565;镇安县
37566;集安市
37567;高安市
37568;龙安区
37569;龙安寺
37570;直觉性
37571;睡午觉
37572;美容觉
37573;视错觉
37574;贡觉县
37575;能见度
37576;三音度
37577;五音度
37578;低八度
37579;保真度
37580;倾斜度
37581;光亮度
37582;全度音
37583;制度化
37584;刻度盘
37585;加速度
37586;印度教
37587;印度河
37588;宅度假
37589;密度波
37590;密度计
37591;宽广度
37592;对比度
37593;平度市
37594;度量衡
37595;康白度
37596;弯曲度
37597;支持度
37598;波美度
37599;深度尺
37600;温度表
37601;温度计
37602;百度币
37603;知名度
37604;稳定度
37605;节度使
37606;精确度
37607;线速度
37608;旧制度
37609;复杂度
37610;西印度
37611;角速度
37612;解析度
37613;速度计
37614;进度表
37615;适存度
37616;灵敏度
37617;高八度
37618;高密度
37619;高精度
37620;想想看
37621;斜眼看
37622;看守者
37623;看热闹
37624;看花眼
37625;试试看
37626;平快车
37627;快板儿
37628;快步跑
37629;快餐店
37630;快餐部
37631;杀草快
37632;特快车
37633;中国城
37634;中国网
37635;全国性
37636;共和国
37637;国内外
37638;国务院
37639;国家级
37640;国家队
37641;国庆节
37642;国际化
37643;外国语
37644;张国荣
37645;德国人
37646;爱国者
37647;成员国
37648;联合国
37649;主席国
37650;主办国
37651;保护国
37652;债权国
37653;内陆国
37654;十六国
37655;协约国
37656;原产国
37657;去国外
37658;合众国
37659;同盟国
37660;国内线
37661;国外内
37662;国姓乡
37663;国字脸
37664;国富论
37665;国库券
37666;国会山
37667;国标码
37668;国标舞
37669;国界线
37670;国台办
37671;国资委
37672;国宾馆
37673;国际性
37674;国际歌
37675;国际法
37676;国际级
37677;外国话
37678;宁国市
37679;尾张国
37680;工业国
37681;战国末
37682;战国策
37683;最惠国
37684;会员国
37685;李国豪
37686;法国号
37687;乌孙国
37688;王国维
37689;理想国
37690;环法国
37691;产油国
37692;神治国
37693;花旗国
37694;英国管
37695;华国锋
37696;万国宫
37697;万国码
37698;蒙古国
37699;护国战
37700;护国军
37701;贫油国
37702;贸易国
37703;跨国化
37704;金国汗
37705;没劲儿
37706;没问题
37707;没奈何
37708;没水平
37709;没准儿
37710;没空儿
37711;没经验
37712;没说的
37713;没办法
37714;没门儿
37715;被没收
37716;大学生
37717;初学者
37718;哲学家
37719;商学院
37720;张学友
37721;放学后
37722;教学楼
37723;奖学金
37724;社会学
37725;科学院
37726;管理学
37727;统计学
37728;经济学
37729;医学院
37730;三角学
37731;代数学
37732;信息学
37733;修辞学
37734;做学问
37735;传热学
37736;光化学
37737;入学率
37738;内科学
37739;化学品
37740;化学师
37741;化学式
37742;化学性
37743;化学战
37744;化学物
37745;化学系
37746;化学能
37747;化学键
37748;占星学
37749;反科学
37750;命理学
37751;哲学史
37752;基因学
37753;士学位
37754;外科学
37755;多学科
37756;学甲镇
37757;学术界
37758;宗教学
37759;密码学
37760;射击学
37761;工学院
37762;工程学
37763;幸福学
37764;几何学
37765;建筑学
37766;形态学
37767;念学位
37768;放射学
37769;教学法
37770;教育学
37771;文字学
37772;文学士
37773;文献学
37774;方法学
37775;星相学
37776;会计学
37777;材料学
37778;植物学
37779;构词学
37780;历史学
37781;毒理学
37782;民俗学
37783;民族学
37784;法学士
37785;法学院
37786;法医学
37787;流变学
37788;海洋学
37789;汉学系
37790;火山学
37791;营养学
37792;物候学
37793;物理学
37794;犯罪学
37795;理则学
37796;理财学
37797;病因学
37798;病毒学
37799;病理学
37800;目录学
37801;眼科学
37802;矿物学
37803;神学士
37804;神学院
37805;神经学
37806;科学史
37807;科学界
37808;符号学
37809;精神学
37810;细胞学
37811;组织学
37812;考古学
37813;航空学
37814;药物学
37815;药理学
37816;词汇学
37817;语义学
37818;语言学
37819;语音学
37820;论理学
37821;护理学
37822;跨学科
37823;辞书学
37824;透视学
37825;遗传学
37826;逻辑学
37827;医学系
37828;医药学
37829;钱学森
37830;双学位
37831;电化学
37832;显微学
37833;高学历
37834;鱼类学
37835;鸟类学
37836;麻醉学
37837;多媒体
37838;扁桃体
37839;体育场
37840;二倍体
37841;俗体字
37842;个体户
37843;内含体
37844;八倍体
37845;共同体
37846;具体化
37847;半导体
37848;半流体
37849;印刷体
37850;合体字
37851;单倍体
37852;圆柱体
37853;团体行
37854;压电体
37855;多倍体
37856;多角体
37857;失体统
37858;实体层
37859;实体店
37860;对映体
37861;支原体
37862;斜体字
37863;本体论
37864;松果体
37865;染色体
37866;核糖体
37867;正方体
37868;正体字
37869;水母体
37870;流星体
37871;混合体
37872;独联体
37873;独体字
37874;玻璃体
37875;异构体
37876;异质体
37877;异体字
37878;病原体
37879;白色体
37880;破体字
37881;立方体
37882;立体图
37883;立体派
37884;立体声
37885;立体角
37886;简体字
37887;粗体字
37888;纪传体
37889;绝缘体
37890;圣体节
37891;圣体血
37892;聚合体
37893;旧体诗
37894;色素体
37895;叶绿体
37896;衣原体
37897;角柱体
37898;记忆体
37899;超媒体
37900;超导体
37901;软体业
37902;量体温
37903;量体重
37904;长方体
37905;集合体
37906;集体化
37907;集体户
37908;双倍体
37909;电导体
37910;音节体
37911;类星体
37912;体操队
37913;体温表
37914;体温计
37915;体细胞
37916;体育界
37917;体育系
37918;体重器
37919;体重计
37920;黄体期
37921;黑体字
37922;健身房
37923;健身室
37924;健身馆
37925;包身工
37926;半身像
37927;土木身
37928;它本身
37929;热身赛
37930;爽身粉
37931;藏身处
37932;身份卡
37933;身板儿
37934;隐身草
37935;男朋友
37936;交朋友
37937;友谊峰
37938;友谊县
37939;友谊赛
37940;够朋友
37941;票友儿
37942;血友病
37943;谈朋友
37944;马友友
37945;神经质
37946;经纪人
37947;总经理
37948;假正经
37949;副经理
37950;十三经
37951;十二经
37952;她经济
37953;少阳经
37954;尚书经
37955;山海经
37956;摩门经
37957;横神经
37958;求怜经
37959;法华经
37960;神经元
37961;神经原
37962;神经性
37963;神经症
37964;神经痛
37965;神经科
37966;神经突
37967;神经管
37968;神经索
37969;神经网
37970;经济座
37971;经济界
37972;经陆路
37973;脑神经
37974;华严经
37975;藏经洞
37976;药师经
37977;视神经
37978;贝叶经
37979;超经验
37980;黄庭经
37981;二锅头
37982;人头马
37983;偏头痛
37984;出风头
37985;床头柜
37986;手指头
37987;摄像头
37988;水龙头
37989;老头儿
37990;重头戏
37991;九头鸟
37992;二婚头
37993;二级头
37994;二里头
37995;二头肌
37996;个头儿
37997;两头儿
37998;冬字头
37999;刺儿头
38000;包工头
38001;包头市
38002;右箭头
38003;吃苦头
38004;四头肌
38005;圆石头
38006;坡头区
38007;奔头儿
38008;左字头
38009;左箭头
38010;座头市
38011;怪念头
38012;慢镜头
38013;懒骨头
38014;打印头
38015;打跟头
38016;折跟头
38017;拖车头
38018;挑头儿
38019;排头兵
38020;提头儿
38021;抢镜头
38022;抢风头
38023;摔跟头
38024;料头儿
38025;断头台
38026;月头儿
38027;东头村
38028;桥头乡
38029;死对头
38030;沙坡头
38031;火车头
38032;烂舌头
38033;白头山
38034;社头乡
38035;箭头键
38036;红头菜
38037;绿头巾
38038;翻跟头
38039;胖头鱼
38040;虎字头
38041;虎头牌
38042;赶浪头
38043;车头相
38044;迎头儿
38045;门头沟
38046;鸡头米
38047;青字头
38048;领头羊
38049;头份镇
38050;头信息
38051;头向前
38052;头城镇
38053;头屋乡
38054;头文字
38055;头期款
38056;头索类
38057;头脸儿
38058;头盖骨
38059;头号字
38060;头足纲
38061;马头琴
38062;必要性
38063;非必要
38064;高要市
38065;喜洋洋
38066;喜德县
38067;喜群飞
38068;喜冲冲
38069;悲喜剧
38070;七美乡
38071;健美操
38072;八美乡
38073;南北美
38074;南美梨
38075;卡美拉
38076;和美镇
38077;对称美
38078;想倒美
38079;措美县
38080;梅里美
38081;真善美
38082;美利坚
38083;美姑河
38084;美容师
38085;美容店
38086;美汁源
38087;美浓镇
38088;美联社
38089;美术史
38090;美术品
38091;圣多美
38092;苏美尔
38093;阿美族
38094;副市长
38095;北京市
38096;南京市
38097;南宁市
38098;吉林市
38099;宁波市
38100;市场价
38101;市场化
38102;市政府
38103;市政厅
38104;成都市
38105;济南市
38106;珠海市
38107;菜市场
38108;西安市
38109;重庆市
38110;长春市
38111;三河市
38112;三重市
38113;九台市
38114;九江市
38115;乳山市
38116;五常市
38117;五台市
38118;介休市
38119;保定市
38120;保山市
38121;信宜市
38122;信阳市
38123;个旧市
38124;做市商
38125;仪征市
38126;元山市
38127;元朗市
38128;内江市
38129;八德市
38130;北市区
38131;北流市
38132;北海市
38133;北票市
38134;北镇市
38135;南充市
38136;南宫市
38137;南平市
38138;南康市
38139;南投市
38140;南阳市
38141;南雄市
38142;即墨市
38143;原平市
38144;古交市
38145;句容市
38146;台北市
38147;台南市
38148;台东市
38149;合作市
38150;合山市
38151;合肥市
38152;吉首市
38153;同江市
38154;周口市
38155;和田市
38156;和龙市
38157;咸宁市
38158;咸兴市
38159;咸阳市
38160;哈密市
38161;启东市
38162;嘉义市
38163;四平市
38164;四会市
38165;固原市
38166;土城市
38167;塔城市
38168;增城市
38169;寿光市
38170;太保市
38171;太平市
38172;奉化市
38173;威海市
38174;定西市
38175;宜城市
38176;宜春市
38177;宜兴市
38178;宜宾市
38179;宜都市
38180;宣城市
38181;宣威市
38182;宿迁市
38183;密山市
38184;富阳市
38185;宁德市
38186;宝鸡市
38187;尚志市
38188;屏东市
38189;崇左市
38190;市占率
38191;市政税
38192;市议员
38193;市议会
38194;常宁市
38195;常德市
38196;常熟市
38197;平凉市
38198;平湖市
38199;平镇市
38200;广元市
38201;广域市
38202;广水市
38203;广汉市
38204;延吉市
38205;建德市
38206;建阳市
38207;从化市
38208;德惠市
38209;德兴市
38210;德阳市
38211;恩平市
38212;恩施市
38213;慢城市
38214;庆阳市
38215;凭祥市
38216;应城市
38217;怀化市
38218;承德市
38219;招远市
38220;提尔市
38221;揭阳市
38222;文昌市
38223;文登市
38224;斗六市
38225;昌原市
38226;昌吉市
38227;朝阳市
38228;东台市
38229;东方市
38230;东港市
38231;东营市
38232;东兴市
38233;东阳市
38234;松原市
38235;板桥市
38236;枝江市
38237;根河市
38238;桃园市
38239;梁山市
38240;楚雄市
38241;树林市
38242;武威市
38243;武都市
38244;水原市
38245;水户市
38246;永和市
38247;永城市
38248;永康市
38249;永济市
38250;江山市
38251;江油市
38252;江都市
38253;江门市
38254;沙市区
38255;沙河市
38256;河池市
38257;河源市
38258;河间市
38259;洪江市
38260;洪湖市
38261;海口市
38262;海城市
38263;海宁市
38264;海岛市
38265;海林市
38266;海门市
38267;海阳市
38268;清远市
38269;潜江市
38270;济宁市
38271;济源市
38272;乌海市
38273;乌苏市
38274;焦作市
38275;烟台市
38276;烟花市
38277;灯塔市
38278;营口市
38279;玉林市
38280;玉门市
38281;玻璃市
38282;田营市
38283;界首市
38284;毕节市
38285;当阳市
38286;登封市
38287;白城市
38288;白山市
38289;白银市
38290;百色市
38291;益阳市
38292;石首市
38293;福泉市
38294;福清市
38295;竹北市
38296;简阳市
38297;米泉市
38298;绍兴市
38299;义马市
38300;聊城市
38301;肥城市
38302;胶南市
38303;临夏市
38304;临江市
38305;临海市
38306;临清市
38307;兴化市
38308;兴城市
38309;兴宁市
38310;兴平市
38311;兴义市
38312;舞钢市
38313;庄河市
38314;华阴市
38315;万宁市
38316;万源市
38317;万县市
38318;虎林市
38319;卫辉市
38320;衡水市
38321;衡阳市
38322;西宁市
38323;西市区
38324;许昌市
38325;诸城市
38326;丰原市
38327;丰城市
38328;丰镇市
38329;贵港市
38330;资兴市
38331;资阳市
38332;辉县市
38333;辛集市
38334;通化市
38335;运城市
38336;遵化市
38337;遵义市
38338;那曲市
38339;酒泉市
38340;金昌市
38341;钟祥市
38342;铁法市
38343;门市部
38344;阳春市
38345;阳江市
38346;阳泉市
38347;双城市
38348;鸡西市
38349;云浮市
38350;灵宝市
38351;灵武市
38352;项城市
38353;首尔市
38354;马公市
38355;高密市
38356;高平市
38357;高梁市
38358;高邮市
38359;高雄市
38360;盐城市
38361;丽水市
38362;丽江市
38363;麻城市
38364;黄山市
38365;黄石市
38366;黑河市
38367;龙井市
38368;龙口市
38369;龙泉市
38370;龙海市
38371;英超赛
38372;超对称
38373;超导电
38374;超文件
38375;超文本
38376;超物理
38377;超短波
38378;超短裙
38379;超级杯
38380;超联结
38381;超声频
38382;超临界
38383;超越数
38384;超足球
38385;超连结
38386;超音波
38387;超音速
38388;超额认
38389;超额配
38390;超高速
38391;九如乡
38392;因如此
38393;张纯如
38394;比如县
38395;一会儿
38396;演唱会
38397;黑社会
38398;世博会
38399;基金会
38400;夜总会
38401;委员会
38402;居委会
38403;常委会
38404;座谈会
38405;待会儿
38406;招聘会
38407;会计师
38408;会议室
38409;研讨会
38410;社会化
38411;联合会
38412;联欢会
38413;茶话会
38414;记者会
38415;三合会
38416;世维会
38417;交易会
38418;兄弟会
38419;光复会
38420;全运会
38421;公听会
38422;冬运会
38423;劳委会
38424;区议会
38425;午餐会
38426;反社会
38427;同盟会
38428;呆会儿
38429;城运会
38430;执委会
38431;报告会
38432;宴会厅
38433;展销会
38434;广交会
38435;复古会
38436;庆祝会
38437;招待会
38438;会合处
38439;会同县
38440;会客室
38441;会东县
38442;会议厅
38443;会里县
38444;会长团
38445;李会昌
38446;欢送会
38447;海协会
38448;海基会
38449;班务会
38450;社会性
38451;社会党
38452;福委会
38453;立法会
38454;管委会
38455;义卖会
38456;听审会
38457;听证会
38458;舞会舞
38459;华兴会
38460;讨论会
38461;评议会
38462;讲习会
38463;证交会
38464;议会制
38465;贵格会
38466;赛马会
38467;路德会
38468;军委会
38469;转会费
38470;农运会
38471;追思会
38472;送礼会
38473;游艺会
38474;部长会
38475;陆委会
38476;高峰会
38477;以至于
38478;来源于
38479;相当于
38480;仅次于
38481;受聘于
38482;只限于
38483;居住于
38484;形于色
38485;于田县
38486;植根于
38487;甚至于
38488;约等于
38489;电视剧
38490;充电器
38491;核电站
38492;电吹风
38493;电影票
38494;电影节
38495;电灯泡
38496;电瓶车
38497;电脑网
38498;电话卡
38499;电饭锅
38500;交流电
38501;导电性
38502;彩电视
38503;微电脑
38504;打电话
38505;拍电影
38506;核电厂
38507;水电站
38508;热电偶
38509;热电厂
38510;直流电
38511;眼电图
38512;继电器
38513;脑电图
38514;虚电路
38515;变电站
38516;通电话
38517;配电柜
38518;配电站
38519;闪电战
38520;阳电极
38521;集电杆
38522;雷电计
38523;电位器
38524;电位计
38525;电信局
38526;电信号
38527;电冰柜
38528;电冰箱
38529;电功率
38530;电吉他
38531;电唱盘
38532;电报局
38533;电压计
38534;电容器
38535;电导率
38536;电影奖
38537;电影界
38538;电扶梯
38539;电抗器
38540;电流表
38541;电火花
38542;电纸书
38543;电视秀
38544;电解质
38545;电话网
38546;电话门
38547;电负性
38548;电转盘
38549;电量表
38550;电阻器
38551;电阻抗
38552;电离室
38553;电离层
38554;验电器
38555;高压电
38556;做活儿
38557;存活率
38558;复活节
38559;复活赛
38560;活化石
38561;活报剧
38562;活火山
38563;苦活儿
38564;重活儿
38565;灵活性
38566;单个儿
38567;挨个儿
38568;换个儿
38569;百几个
38570;矮个儿
38571;实验室
38572;实数值
38573;实数集
38574;实际性
38575;实验所
38576;清实录
38577;说实话
38578;证实礼
38579;多早晚
38580;就晚了
38581;患晚期
38582;晚礼服
38583;李承晚
38584;反知识
38585;所周知
38586;知更鸟
38587;知识界
38588;知识论
38589;贺知章
38590;刚果河
38591;多香果
38592;效果图
38593;果料儿
38594;水果酒
38595;乌饭果
38596;牛油果
38597;留连果
38598;百香果
38599;卧果儿
38600;苹果酒
38601;苹果汁
38602;苹果酱
38603;鸡蛋果
38604;使固定
38605;否定句
38606;坚定性
38607;定冠词
38608;定型水
38609;定场白
38610;定场诗
38611;定居者
38612;定常态
38613;定座率
38614;定标器
38615;定界符
38616;定盘星
38617;定直线
38618;定结县
38619;定义域
38620;定远营
38621;定边县
38622;定音鼓
38623;定额组
38624;定风针
38625;按规定
38626;普定县
38627;未决定
38628;未确定
38629;永定河
38630;永定门
38631;决定性
38632;决定论
38633;滴定管
38634;照约定
38635;肯定句
38636;议定书
38637;贵定县
38638;重定向
38639;镇定药
38640;限定词
38641;非法定
38642;预定义
38643;排行榜
38644;自行车
38645;人行道
38646;平行线
38647;旅行社
38648;步行者
38649;步行街
38650;行李箱
38651;通行证
38652;进行曲
38653;银行卡
38654;银行家
38655;银行业
38656;飞行员
38657;并行口
38658;串行口
38659;先行者
38660;八行书
38661;单行本
38662;执行长
38663;夜行性
38664;夜行军
38665;梦行症
38666;太行山
38667;孙行者
38668;急行军
38669;旅行袋
38670;横爬行
38671;步行区
38672;步行虫
38673;流行性
38674;流行病
38675;清算行
38676;爬行类
38677;白行简
38678;矮行星
38679;行凶者
38680;行列式
38681;行政员
38682;行政权
38683;行政法
38684;行政院
38685;行星际
38686;行李员
38687;行李房
38688;行李票
38689;行李袋
38690;行波管
38691;行军床
38692;行军礼
38693;行进挡
38694;退行性
38695;通行税
38696;进行性
38697;高行健
38698;加油站
38699;刺五加
38700;加冰块
38701;加利利
38702;加加林
38703;加劲儿
38704;加吉鱼
38705;加塞儿
38706;加德士
38707;加德纳
38708;加德西
38709;加查县
38710;加油工
38711;加减号
38712;加尔文
38713;加特林
38714;加百列
38715;加的夫
38716;加西亚
38717;加达里
38718;参加者
38719;基加利
38720;增加值
38721;尤加利
38722;累加器
38723;阿加维
38724;附加值
38725;附加物
38726;附加赛
38727;切空间
38728;区间车
38729;反间计
38730;名间乡
38731;太平间
38732;暗间儿
38733;楼梯间
38734;标准间
38735;民间舞
38736;洗澡间
38737;潮间带
38738;相空间
38739;空房间
38740;空间局
38741;空间站
38742;衣帽间
38743;试验间
38744;闭区间
38745;间充质
38746;间接税
38747;间隔号
38748;阳世间
38749;受欢迎
38750;金合欢
38751;普通话
38752;俗话说
38753;修饰话
38754;刺儿话
38755;北京话
38756;台湾话
38757;客套话
38758;对话课
38759;悄悄话
38760;打官话
38761;白话文
38762;白话诗
38763;话务员
38764;说废话
38765;讲闲话
38766;那话儿
38767;风凉话
38768;闹笑话
38769;修正案
38770;夏正民
38771;东正教
38772;林丰正
38773;正交群
38774;正仓院
38775;正太控
38776;正宁县
38777;正常值
38778;正常化
38779;正投影
38780;正整数
38781;正断层
38782;正方向
38783;正方形
38784;正比例
38785;正当性
38786;正义党
38787;正蓝旗
38788;正规军
38789;正误表
38790;正负号
38791;正长石
38792;正阳县
38793;重正化
38794;金正男
38795;金正银
38796;金正云
38797;非正常
38798;非正式
38799;非正数
38800;二名法
38801;名称权
38802;名角儿
38803;名量词
38804;命名法
38805;报名表
38806;报名费
38807;专名词
38808;平假名
38809;恶名儿
38810;应名儿
38811;戴名世
38812;排名榜
38813;排名表
38814;书名号
38815;未命名
38816;毒草名
38817;混名儿
38818;片假名
38819;用户名
38820;登记名
38821;双名法
38822;黑名单
38823;办公室
38824;公开赛
38825;办公楼
38826;八公山
38827;公交站
38828;公布栏
38829;公使馆
38830;公倍式
38831;公倍数
38832;公债券
38833;公元前
38834;公司债
38835;公司法
38836;公因式
38837;公孙龙
38838;公式化
38839;公文包
38840;公检法
38841;公母俩
38842;公民权
38843;公理法
38844;公益金
38845;公约数
38846;公羊传
38847;公证处
38848;公路网
38849;公路赛
38850;公馆乡
38851;半公斤
38852;吨公里
38853;塔公寺
38854;夏黄公
38855;太公望
38856;太史公
38857;宗圣公
38858;支公司
38859;暗公鸟
38860;李卫公
38861;东王公
38862;母公司
38863;总公司
38864;贵公司
38865;办公厅
38866;铁公鸡
38867;非公式
38868;黄石公
38869;公交车
38870;出租车
38871;摩托车
38872;火车票
38873;火车站
38874;二手车
38875;候车室
38876;停车场
38877;列车员
38878;救护车
38879;末班车
38880;汽车站
38881;消防车
38882;碰碰车
38883;私家车
38884;脚踏车
38885;购物车
38886;过山车
38887;长途车
38888;面包车
38889;主车群
38890;二等车
38891;交通车
38892;休旅车
38893;倒车挡
38894;停车站
38895;冷藏车
38896;列车长
38897;前车主
38898;吉普车
38899;单轮车
38900;当当车
38901;坦克车
38902;垃圾车
38903;娃娃车
38904;存车场
38905;存车处
38906;库车县
38907;拖吊车
38908;指南车
38909;搭便车
38910;普通车
38911;月球车
38912;汽车厂
38913;洒水车
38914;牵引车
38915;甲虫车
38916;直通车
38917;空调车
38918;装甲车
38919;计程车
38920;赛车场
38921;越野车
38922;踏板车
38923;车份儿
38924;车前草
38925;车城乡
38926;车把式
38927;车号牌
38928;车轮饼
38929;载客车
38930;转车台
38931;铁甲车
38932;黄包车
38933;黄鱼车
38934;龙骨车
38935;前首相
38936;单相思
38937;星相图
38938;星相师
38939;星相术
38940;法相宗
38941;相交数
38942;相似性
38943;相位差
38944;相命者
38945;相城区
38946;相对论
38947;相对象
38948;相山区
38949;相思病
38950;相碰撞
38951;相配物
38952;相关性
38953;穷酸相
38954;取景器
38955;录取线
38956;主持人
38957;副主席
38958;毛主席
38959;班主任
38960;主和派
38961;主导性
38962;主席团
38963;主席台
38964;主干线
38965;主序星
38966;主战派
38967;主旋律
38968;主计室
38969;主谓句
38970;主谓宾
38971;主宾谓
38972;主办权
38973;主显节
38974;企业主
38975;土财主
38976;封建主
38977;救世主
38978;荣归主
38979;毛主义
38980;民主化
38981;民主派
38982;民主墙
38983;真主党
38984;系主任
38985;总主教
38986;造物主
38987;党主席
38988;思想史
38989;思想库
38990;构想图
38991;狂想曲
38992;三用表
38993;乘法表
38994;代表作
38995;代表处
38996;代表队
38997;价格表
38998;仪器表
38999;刊误表
39000;功能表
39001;报税表
39002;字根表
39003;字母表
39004;对照表
39005;工作表
39006;捐益表
39007;损益表
39008;旅程表
39009;星云表
39010;晴雨表
39011;检字表
39012;水温表
39013;注册表
39014;流程表
39015;减压表
39016;申请表
39017;登记表
39018;真值表
39019;统计表
39020;航班表
39021;万用表
39022;表兄弟
39023;表姐妹
39024;表决权
39025;表演赛
39026;表示层
39027;表达式
39028;试算表
39029;课程表
39030;调查表
39031;路码表
39032;转速表
39033;周期表
39034;里程表
39035;钟表盘
39036;全方位
39037;平方米
39038;方向盘
39039;三次方
39040;二次方
39041;借入方
39042;千金方
39043;半官方
39044;协方差
39045;单方向
39046;四方区
39047;四方步
39048;四方脸
39049;四方台
39050;多方位
39051;尚方剑
39052;平方根
39053;承租方
39054;投保方
39055;斜方型
39056;斜方肌
39057;方位角
39058;方向性
39059;方块字
39060;方山县
39061;方括号
39062;方文山
39063;方格纸
39064;方法论
39065;方程组
39066;方解石
39067;方铅矿
39068;东北方
39069;东方红
39070;东西方
39071;检控方
39072;比方说
39073;水立方
39074;波方程
39075;直方图
39076;立方根
39077;第三方
39078;总方针
39079;药方儿
39080;西北方
39081;配方法
39082;非官方
39083;景福宫
39084;特敏福
39085;福克纳
39086;福山区
39087;福海县
39088;福维克
39089;福兴乡
39090;福贡县
39091;福音书
39092;福马林
39093;纪录片
39094;预告片
39095;三级片
39096;图片报
39097;宽影片
39098;广告片
39099;搞笑片
39100;搭接片
39101;散热片
39102;止疼片
39103;止痛片
39104;武打片
39105;波带片
39106;洗照片
39107;消炎片
39108;灾难片
39109;炸薯片
39110;片儿警
39111;玉米片
39112;白附片
39113;眼镜片
39114;科教片
39115;系列片
39116;叶片状
39117;艺术片
39118;西部片
39119;记录片
39120;水瓶座
39121;下水道
39122;水族馆
39123;水灵灵
39124;流水账
39125;淡水湖
39126;净水器
39127;热水器
39128;热水澡
39129;热水袋
39130;眼药水
39131;自来水
39132;饮用水
39133;三水县
39134;二水货
39135;二水乡
39136;修水利
39137;倒苦水
39138;储水管
39139;储水箱
39140;六盘水
39141;冷却水
39142;冷水江
39143;去光水
39144;合水县
39145;吉水县
39146;喷水壶
39147;墨水儿
39148;山水诗
39149;恐水病
39150;恐水症
39151;惠水县
39152;打水漂
39153;抽水站
39154;排水渠
39155;排水沟
39156;排水管
39157;排水量
39158;暖水瓶
39159;曲水县
39160;水合物
39161;水城县
39162;水平仪
39163;水彩画
39164;水暖工
39165;水林乡
39166;水横枝
39167;水污染
39168;水准仪
39169;水烟袋
39170;水煮蛋
39171;水煮鱼
39172;水球场
39173;水产展
39174;水产业
39175;水磨沟
39176;水管工
39177;水帘洞
39178;水能源
39179;水虎鱼
39180;水处理
39181;水蛇座
39182;水资源
39183;水里乡
39184;水银灯
39185;水陆师
39186;水障碍
39187;水饺儿
39188;水龙卷
39189;水龙带
39190;洪水期
39191;涉水鸟
39192;液态水
39193;淡水镇
39194;淡水鱼
39195;混水墙
39196;清水寺
39197;清水墙
39198;清水县
39199;清水镇
39200;漂白水
39201;潜水刀
39202;潜水员
39203;潜水服
39204;潜水者
39205;潜水衣
39206;热水瓶
39207;爽肤水
39208;白水泥
39209;白水县
39210;眼房水
39211;秀水乡
39212;红墨水
39213;习水县
39214;耐水性
39215;肺水肿
39216;脑水肿
39217;落水管
39218;药水儿
39219;亲水性
39220;输水管
39221;透水性
39222;进水口
39223;金水区
39224;降水量
39225;饮水器
39226;马尾水
39227;咸水妹
39228;盐水镇
39229;黑水城
39230;黑水县
39231;工作室
39232;工作者
39233;工作量
39234;作交易
39235;作曲者
39236;作笔记
39237;作者权
39238;做工作
39239;傅作义
39240;创作者
39241;反作用
39242;合作化
39243;合作社
39244;合作者
39245;工作流
39246;工作站
39247;工作队
39248;弱作用
39249;强作用
39250;性工作
39251;操作台
39252;操作员
39253;制作商
39254;制作者
39255;卡路里
39256;马德里
39257;七里河
39258;三里河
39259;九里区
39260;佳里镇
39261;傅里叶
39262;杰里科
39263;杰里米
39264;克里木
39265;克里特
39266;八里乡
39267;千里眼
39268;和平里
39269;太麻里
39270;密苏里
39271;富里乡
39272;德里达
39273;托里县
39274;东仓里
39275;湾里区
39276;玉里镇
39277;百里香
39278;索里亚
39279;万里乡
39280;苏里南
39281;里外里
39282;里边儿
39283;西西里
39284;西里尔
39285;谢里夫
39286;里克特
39287;里士满
39288;里奇蒙
39289;里港乡
39290;里程计
39291;里肌肉
39292;金里奇
39293;麦科里
39294;龙里县
39295;以色列
39296;咖啡色
39297;粉红色
39298;金黄色
39299;黑色素
39300;三色猫
39301;使眼色
39302;保护色
39303;做眼色
39304;单色画
39305;富色彩
39306;对比色
39307;带红色
39308;暗灰色
39309;暗紫色
39310;染色质
39311;淡蓝色
39312;深灰色
39313;深红色
39314;灰白色
39315;乌黑色
39316;牛皮色
39317;真彩色
39318;胆色素
39319;色拉寺
39320;色拉酱
39321;艳红色
39322;藏青色
39323;血色素
39324;调色板
39325;变色龙
39326;递眼色
39327;阿肯色
39328;马库色
39329;副校长
39330;副部长
39331;副院长
39332;增长率
39333;秘书长
39334;长宁区
39335;长方形
39336;长白山
39337;保增长
39338;元长乡
39339;光波长
39340;副议长
39341;南北长
39342;参谋长
39343;委员长
39344;审计长
39345;厨师长
39346;延长县
39347;打长工
39348;打长途
39349;拉长脸
39350;斜长石
39351;李长春
39352;短波长
39353;码长城
39354;负增长
39355;部长级
39356;长城卡
39357;长岛县
39358;长期性
39359;长武县
39360;长毛象
39361;长沙湾
39362;长治乡
39363;长清区
39364;长白县
39365;长白镇
39366;长统袜
39367;长草区
39368;长蛇座
39369;长蛇阵
39370;长角羊
39371;长距离
39372;长顺县
39373;长鼻目
39374;灵长目
39375;灵长类
39376;去你的
39377;二十多
39378;四十多
39379;多元化
39380;多功能
39381;十多亿
39382;博格多
39383;哥林多
39384;多任务
39385;多佛尔
39386;多元性
39387;多元论
39388;多多马
39389;多妻制
39390;多字节
39391;多宝鱼
39392;多层材
39393;多层复
39394;多工化
39395;多工器
39396;多幕剧
39397;多平台
39398;多数决
39399;多数党
39400;多普达
39401;多极化
39402;多模块
39403;多树木
39404;多民族
39405;多用户
39406;多用途
39407;多目的
39408;多神教
39409;多神论
39410;多细胞
39411;多义性
39412;多义词
39413;多胞形
39414;多角形
39415;多语言
39416;多足类
39417;多边形
39418;多重性
39419;多音字
39420;多项式
39421;彼拉多
39422;提多书
39423;格林多
39424;治多县
39425;产量多
39426;科布多
39427;称多县
39428;趣多多
39429;阿多诺
39430;杂多县
39431;非常多
39432;默多克
39433;重要性
39434;三重奏
39435;二重唱
39436;二重性
39437;二重根
39438;八重奏
39439;严重性
39440;四重奏
39441;承重孙
39442;着重号
39443;负重担
39444;载重量
39445;重元素
39446;重工业
39447;重武器
39448;重眼皮
39449;重复法
39450;重复节
39451;重量吨
39452;重量级
39453;重阳节
39454;重音节
39455;亚速海
39456;低速层
39457;低速挡
39458;低速率
39459;差速器
39460;减速器
39461;变速器
39462;变速杆
39463;变速箱
39464;速记员
39465;速调管
39466;速食店
39467;风速计
39468;高速挡
39469;高速率
39470;和散那
39471;拉那烈
39472;本那比
39473;那古屋
39474;那坡县
39475;那曲县
39476;那维克
39477;错那县
39478;世界观
39479;世界报
39480;世界级
39481;世界语
39482;世纪末
39483;世隔绝
39484;佳世客
39485;元世祖
39486;全世界
39487;凡世通
39488;创世纪
39489;创世记
39490;创世论
39491;救世军
39492;李世民
39493;浮世绘
39494;满世界
39495;王世充
39496;当世冠
39497;郎世宁
39498;没关系
39499;偏关县
39500;北关区
39501;城关区
39502;城关镇
39503;壶关县
39504;山海关
39505;平型关
39506;性关系
39507;拉关系
39508;指关节
39509;玉门关
39510;转关系
39511;闯关者
39512;关系式
39513;关山镇
39514;关东军
39515;关西镇
39516;关金圆
39517;关键字
39518;双关语
39519;马关县
39520;鬼门关
39521;同性恋
39522;共同社
39523;合同法
39524;同位素
39525;同型性
39526;同德县
39527;同文馆
39528;同案犯
39529;同源词
39530;同义字
39531;同义语
39532;同音字
39533;同音词
39534;同余式
39535;同余类
39536;恐同症
39537;李叔同
39538;非同步
39539;宝贝儿
39540;幼儿园
39541;有点儿
39542;香奈儿
39543;一块儿
39544;哥们儿
39545;压根儿
39546;女儿红
39547;女孩儿
39548;好玩儿
39549;孤儿院
39550;容祖儿
39551;差点儿
39552;幸运儿
39553;干活儿
39554;快点儿
39555;新生儿
39556;模特儿
39557;混血儿
39558;爷们儿
39559;男孩儿
39560;串门儿
39561;估堆儿
39562;低能儿
39563;倒座儿
39564;借单儿
39565;借字儿
39566;做伴儿
39567;傻帽儿
39568;两着儿
39569;八哥儿
39570;刺儿李
39571;前边儿
39572;努劲儿
39573;努嘴儿
39574;包干儿
39575;包园儿
39576;包圆儿
39577;北边儿
39578;南边儿
39579;右边儿
39580;喷嘴儿
39581;塔塔儿
39582;坏包儿
39583;外边儿
39584;夹塞儿
39585;夹当儿
39586;套衫儿
39587;奶嘴儿
39588;孤儿药
39589;对劲儿
39590;对味儿
39591;对工儿
39592;左边儿
39593;巴儿狗
39594;懂门儿
39595;应采儿
39596;应景儿
39597;打旋儿
39598;打短儿
39599;打顿儿
39600;找刺儿
39601;抄近儿
39602;折刀儿
39603;拐弯儿
39604;拔尖儿
39605;挨肩儿
39606;挨边儿
39607;掉价儿
39608;提篮儿
39609;扑脸儿
39610;擦黑儿
39611;摆设儿
39612;散座儿
39613;料豆儿
39614;旁边儿
39615;早早儿
39616;早班儿
39617;晕高儿
39618;暗花儿
39619;暗记儿
39620;书皮儿
39621;书馆儿
39622;替班儿
39623;替角儿
39624;东边儿
39625;板擦儿
39626;枪把儿
39627;枪杆儿
39628;残疾儿
39629;沿条儿
39630;沿边儿
39631;洋画儿
39632;流浪儿
39633;消闲儿
39634;消食儿
39635;混混儿
39636;混球儿
39637;炮儿局
39638;烟卷儿
39639;爆肚儿
39640;猛劲儿
39641;独院儿
39642;玩儿命
39643;玩儿坏
39644;玩儿完
39645;玩儿票
39646;玩艺儿
39647;班辈儿
39648;病包儿
39649;白干儿
39650;白班儿
39651;省劲儿
39652;眼珠儿
39653;碎块儿
39654;笑脸儿
39655;纸煤儿
39656;纸马儿
39657;绝门儿
39658;绕弯儿
39659;绕远儿
39660;背影儿
39661;胡琴儿
39662;脑瓜儿
39663;脸盘儿
39664;临月儿
39665;花边儿
39666;茶馆儿
39667;豆角儿
39668;着劲儿
39669;着边儿
39670;盖帽儿
39671;藏猫儿
39672;西边儿
39673;讨底儿
39674;调门儿
39675;变法儿
39676;猫儿山
39677;猫眼儿
39678;费劲儿
39679;走味儿
39680;走形儿
39681;走神儿
39682;跑味儿
39683;跑神儿
39684;跑腿儿
39685;软泥儿
39686;较劲儿
39687;较真儿
39688;转铃儿
39689;配对儿
39690;酒令儿
39691;酒馆儿
39692;醋劲儿
39693;扣眼儿
39694;钱串儿
39695;闪亮儿
39696;阿物儿
39697;杂件儿
39698;杂牌儿
39699;零杂儿
39700;顶尖儿
39701;顶牛儿
39702;顺嘴儿
39703;饭馆儿
39704;斗趣儿
39705;鼻牛儿
39706;信仰者
39707;信德省
39708;信息素
39709;信息论
39710;信用社
39711;信用证
39712;信用额
39713;信神者
39714;信义区
39715;信义乡
39716;信号灯
39717;信号台
39718;光信号
39719;坚信礼
39720;威信县
39721;守信用
39722;崇信县
39723;工信部
39724;挂号信
39725;书信集
39726;求职信
39727;置信限
39728;航空信
39729;许信良
39730;通信线
39731;通信量
39732;逼供信
39733;鬼才信
39734;管理员
39735;处理器
39736;串处理
39737;再处理
39738;前总理
39739;合理化
39740;合理性
39741;周总理
39742;批处理
39743;按理说
39744;料理店
39745;易理解
39746;未处理
39747;核物理
39748;流理台
39749;热处理
39750;物理层
39751;物理量
39752;理查森
39753;理疗师
39754;理神论
39755;监理所
39756;真理报
39757;真理部
39758;站管理
39759;管理站
39760;认死理
39761;外交部
39762;外地人
39763;例外字
39764;境内外
39765;外交官
39766;外侧沟
39767;外侧裂
39768;外务省
39769;外务部
39770;外向型
39771;外太空
39772;外推法
39773;外文系
39774;外斜肌
39775;外激素
39776;外照射
39777;外环线
39778;外眼角
39779;外祖母
39780;外祖父
39781;外蒙古
39782;外质膜
39783;外错角
39784;才外流
39785;海内外
39786;海外版
39787;紫外光
39788;门外汉
39789;额外性
39790;西游记
39791;切尔西
39792;墨西哥
39793;大西洋
39794;山西省
39795;江西省
39796;范特西
39797;西北部
39798;西南部
39799;西城区
39800;西方人
39801;西湖区
39802;西直门
39803;西门子
39804;台西乡
39805;向西南
39806;哈西纳
39807;图西族
39808;城西区
39809;墨西拿
39810;坏东西
39811;广西省
39812;东西周
39813;东西宽
39814;东西德
39815;东西湖
39816;林西县
39817;根西岛
39818;梅西叶
39819;桥西区
39820;沙西米
39821;湖西乡
39822;洁西卡
39823;乌西亚
39824;田纳西
39825;约西亚
39826;维西县
39827;线西乡
39828;临西县
39829;西元前
39830;西半球
39831;西南亚
39832;西吉县
39833;西和县
39834;西固区
39835;西域记
39836;西塞山
39837;西夏区
39838;西山区
39839;西峰区
39840;西岗区
39841;西工区
39842;西康省
39843;西林区
39844;西林县
39845;西格马
39846;西楼梦
39847;西楼记
39848;西洋菜
39849;西洋镜
39850;西港乡
39851;西湖乡
39852;西王母
39853;西盟县
39854;西秀区
39855;西米露
39856;西花厅
39857;西游补
39858;西乡县
39859;西门庆
39860;买东西
39861;越西县
39862;路西法
39863;陆西星
39864;默西亚
39865;默西河
39866;就业率
39867;古玩店
39868;玩具厂
39869;玩具枪
39870;玩花招
39871;上海话
39872;南海区
39873;爱琴海
39874;海南岛
39875;海岸线
39876;海珠区
39877;入海口
39878;威海卫
39879;孙继海
39880;星宿海
39881;东海岸
39882;江海区
39883;海南区
39884;海南省
39885;海印寺
39886;海原县
39887;海城区
39888;海底轮
39889;海德保
39890;海洋性
39891;海港区
39892;海王星
39893;海百合
39894;海空军
39895;海端乡
39896;海兴县
39897;海军官
39898;海军蓝
39899;海运费
39900;海陆空
39901;海陆军
39902;海鲜酱
39903;乌梁海
39904;白令海
39905;程海湖
39906;临海县
39907;兴海县
39908;航海者
39909;许海峰
39910;银海区
39911;镇海区
39912;青海省
39913;飞轮海
39914;高跟鞋
39915;高压锅
39916;高峰期
39917;高材生
39918;高尔基
39919;高科技
39920;高血压
39921;高速路
39922;使高兴
39923;使高贵
39924;假高音
39925;反高潮
39926;唱高调
39927;性高潮
39928;恐高症
39929;最高等
39930;最高音
39931;汉高祖
39932;烧高香
39933;甚高频
39934;男高音
39935;的士高
39936;米高扬
39937;耐高温
39938;较高级
39939;阳高县
39940;非高峰
39941;高低潮
39942;高句丽
39943;高台县
39944;高压氧
39945;高射炮
39946;高层云
39947;高山区
39948;高山族
39949;高平县
39950;高德纳
39951;高性能
39952;高技术
39953;高效率
39954;高效能
39955;高本汉
39956;高树乡
39957;高港区
39958;高热病
39959;高热量
39960;高球场
39961;高球杯
39962;高甲戏
39963;高祖母
39964;高祖父
39965;高积云
39966;高空病
39967;高聚物
39968;高能量
39969;高脚椅
39970;高血糖
39971;高质量
39972;高阳县
39973;高音部
39974;高风险
39975;高丽参
39976;高丽朝
39977;高丽菜
39978;前半夜
39979;前奏曲
39980;前庭窗
39981;前房角
39982;前汉书
39983;前甲板
39984;前空翻
39985;前总统
39986;前置词
39987;前苏联
39988;前进区
39989;前金区
39990;前镇区
39991;前鼻音
39992;右前卫
39993;左前卫
39994;旋前肌
39995;站前区
39996;纪元前
39997;使失望
39998;望夫石
39999;望花区
40000;期望值
40001;潜望镜
40002;马德望
40003;桃花运
40004;五花肉
40005;大丽花
40006;天花板
40007;挑花眼
40008;松花江
40009;松花蛋
40010;桃花源
40011;棉花糖
40012;爆米花
40013;白花花
40014;百合花
40015;花生米
40016;花生酱
40017;花都区
40018;零花钱
40019;乱花钱
40020;供佛花
40021;两性花
40022;印花税
40023;吊钟花
40024;向阳花
40025;啤酒花
40026;报春花
40027;山茶花
40028;挤花袋
40029;旋花科
40030;木棉花
40031;棉花棒
40032;泼烟花
40033;火花塞
40034;烟花债
40035;烟花场
40036;烟花厂
40037;烟花阵
40038;牵牛花
40039;玉米花
40040;番红花
40041;白花蛇
40042;百花园
40043;百花奖
40044;百金花
40045;石南花
40046;石花菜
40047;红花岗
40048;绿菜花
40049;圣诞花
40050;花山区
40051;花岗石
40052;花把势
40053;花把式
40054;花括号
40055;花旗参
40056;花朝节
40057;花灯戏
40058;花粉热
40059;花粉症
40060;花骨朵
40061;花鼓戏
40062;苦菜花
40063;藏红花
40064;迎春花
40065;金针花
40066;金银花
40067;镜花缘
40068;鸡冠花
40069;雨花台
40070;青花菜
40071;黄花岗
40072;客户端
40073;微博客
40074;博客圈
40075;客观性
40076;客运量
40077;旅游客
40078;皮条客
40079;网络客
40080;背包客
40081;观光客
40082;载客量
40083;送客台
40084;逐客令
40085;黑客文
40086;打交道
40087;打招呼
40088;打保票
40089;打哈哈
40090;打嘴巴
40091;打圆场
40092;打字员
40093;打官司
40094;打对台
40095;打层次
40096;打工妹
40097;打工仔
40098;打把势
40099;打把式
40100;打折扣
40101;打扑克
40102;打横炮
40103;打火石
40104;打白条
40105;打谷场
40106;打耳光
40107;打冲锋
40108;打酱油
40109;打鸡血
40110;泡打粉
40111;牺牲打
40112;短打扮
40113;精打光
40114;跌打药
40115;近打河
40116;天文馆
40117;文言文
40118;亚文化
40119;做文章
40120;列治文
40121;千字文
40122;半文盲
40123;卡尔文
40124;反文旁
40125;周文王
40126;崇文门
40127;巴利文
40128;建文帝
40129;应用文
40130;拉文纳
40131;散文诗
40132;文具商
40133;文化史
40134;文化圈
40135;文化城
40136;文化层
40137;文化热
40138;文字档
40139;文宣部
40140;文山区
40141;文山县
40142;文峰区
40143;文峰镇
40144;文昌鱼
40145;文圣区
40146;文部省
40147;文部乡
40148;朝鲜文
40149;次文化
40150;死文字
40151;汉文帝
40152;火星文
40153;王叔文
40154;王书文
40155;王洪文
40156;石鼓文
40157;精灵文
40158;纯文字
40159;叶伟文
40160;越南文
40161;跨文化
40162;陆克文
40163;龙文区
40164;金字塔
40165;金牛座
40166;公积金
40167;旧金山
40168;重金属
40169;金正恩
40170;金沙江
40171;金球奖
40172;金华市
40173;黄金周
40174;五金店
40175;保证金
40176;储备金
40177;周转金
40178;宝丽金
40179;托尔金
40180;木目金
40181;桃金娘
40182;准备金
40183;炼金术
40184;特惠金
40185;纸黄金
40186;紫金牛
40187;万金油
40188;苏金达
40189;贵金属
40190;违约金
40191;金三角
40192;金元券
40193;金刚山
40194;金刚座
40195;金口河
40196;金圆券
40197;金城江
40198;金城镇
40199;金塔县
40200;金宁乡
40201;金属板
40202;金属棒
40203;金属线
40204;金属键
40205;金山寺
40206;金山乡
40207;金峰乡
40208;金平区
40209;金平县
40210;金本位
40211;金东区
40212;金毛狗
40213;金永南
40214;金沙镇
40215;金泳三
40216;金湖镇
40217;金熊奖
40218;金田村
40219;金秀县
40220;金红石
40221;金台区
40222;金融业
40223;金融界
40224;金角湾
40225;金针菜
40226;金银块
40227;金银岛
40228;金阳县
40229;金鸡纳
40230;金饭碗
40231;金马奖
40232;零用金
40233;青金石
40234;非金属
40235;额尔金
40236;类金属
40237;麦金塔
40238;黄金宝
40239;黄金辉
40240;解放军
40241;拆放款
40242;放射源
40243;放射物
40244;放射病
40245;放射线
40246;放射虫
40247;放羊娃
40248;亚龙湾
40249;李小龙
40250;火龙果
40251;黑龙江
40252;龙岗区
40253;龙卷风
40254;三角龙
40255;九龙坡
40256;九龙城
40257;九龙县
40258;保丽龙
40259;包龙图
40260;尾羽龙
40261;恐龙妹
40262;恐龙类
40263;押沙龙
40264;搞乌龙
40265;摆乌龙
40266;暴龙属
40267;暴龙科
40268;李显龙
40269;乌龙球
40270;独眼龙
40271;独龙江
40272;异特龙
40273;盘龙区
40274;石龙区
40275;义县龙
40276;卧龙区
40277;华北龙
40278;华龙区
40279;赛龙船
40280;跑龙套
40281;达克龙
40282;双龙镇
40283;雪佛龙
40284;云龙区
40285;云龙县
40286;青龙县
40287;马龙县
40288;鸭嘴龙
40289;黄龙县
40290;龙井乡
40291;龙利叶
40292;龙胜县
40293;龙城区
40294;龙宫贝
40295;龙山区
40296;龙江县
40297;龙沙区
40298;龙港区
40299;龙湖区
40300;龙胆紫
40301;龙华区
40302;龙虎斗
40303;龙门山
40304;龙须菜
40305;亚平宁
40306;和平奖
40307;和平乡
40308;太平区
40309;太平门
40310;富平县
40311;平均值
40312;平均律
40313;平均数
40314;平宝盖
40315;平山区
40316;平房区
40317;平昌县
40318;平桥区
40319;平泉县
40320;平流层
40321;平滑字
40322;平滑肌
40323;平舌音
40324;平衡态
40325;平衡木
40326;平装本
40327;平谷县
40328;平陆县
40329;平顺县
40330;康平县
40331;广平县
40332;延平区
40333;延平乡
40334;建平县
40335;东平县
40336;林雪平
40337;永平县
40338;习近平
40339;叶选平
40340;跨平台
40341;镇平县
40342;阿的平
40343;阴平声
40344;阳平声
40345;非平衡
40346;顺平县
40347;黄富平
40348;黄平县
40349;年夜饭
40350;夜香木
40351;母夜叉
40352;书法家
40353;法拉利
40354;三法司
40355;三角法
40356;反语法
40357;反证法
40358;司法官
40359;司法权
40360;司法部
40361;司法院
40362;司马法
40363;合法化
40364;合法性
40365;基本法
40366;专利法
40367;坐标法
40368;恐法症
40369;懒办法
40370;拉法格
40371;普通法
40372;查字法
40373;根本法
40374;案例法
40375;概测法
40376;标音法
40377;检字法
40378;止痛法
40379;归纳法
40380;民法典
40381;治疗法
40382;法向量
40383;法库县
40384;法拉盛
40385;法源寺
40386;法轮功
40387;消毒法
40388;社维法
40389;票据法
40390;程序法
40391;立法院
40392;约沙法
40393;组织法
40394;综合法
40395;习惯法
40396;华法林
40397;计数法
40398;注音法
40399;语法书
40400;护法神
40401;变戏法
40402;转法轮
40403;透视法
40404;进位法
40405;阿法尔
40406;预防法
40407;验光法
40408;结婚证
40409;五结乡
40410;切结书
40411;升结肠
40412;未结束
40413;核结构
40414;横结肠
40415;穷结县
40416;结合律
40417;结束语
40418;结核病
40419;结构式
40420;编结业
40421;降结肠
40422;说明书
40423;戏说剧
40424;游说团
40425;演说者
40426;灾变说
40427;燃素说
40428;解说词
40429;说了算
40430;说白了
40431;游戏说
40432;二郎神
40433;封神榜
40434;精神病
40435;财神爷
40436;丧门神
40437;太阳神
40438;婚神星
40439;智神星
40440;泛神论
40441;神池县
40442;神圣周
40443;神农架
40444;谷神星
40445;精神性
40446;青神县
40447;研究所
40448;劳教所
40449;印刷所
40450;戒毒所
40451;招待所
40452;收容所
40453;收留所
40454;港交所
40455;疗养所
40456;裁判所
40457;观护所
40458;证交所
40459;造船所
40460;避难所
40461;医务所
40462;星期三
40463;星期二
40464;星期几
40465;交货期
40466;保修期
40467;保鲜期
40468;两星期
40469;冰河期
40470;印支期
40471;宽限期
40472;封河期
40473;导入期
40474;恢复期
40475;拔节期
40476;月光期
40477;本星期
40478;育龄期
40479;试用期
40480;周期数
40481;周期系
40482;周期解
40483;适婚期
40484;闭锁期
40485;优待票
40486;南票区
40487;反对票
40488;否决票
40489;售票口
40490;售票处
40491;投票率
40492;投票站
40493;投票箱
40494;投票者
40495;收票员
40496;月台票
40497;查票员
40498;炒股票
40499;联运票
40500;藏书票
40501;补票处
40502;吹冷风
40503;暴风雨
40504;暴风雪
40505;避风港
40506;电风扇
40507;顺风车
40508;风向标
40509;风油精
40510;麦克风
40511;借东风
40512;入风口
40513;八级风
40514;冒风险
40515;冰风暴
40516;哭秋风
40517;太阳风
40518;德律风
40519;排风口
40520;探口风
40521;挡风墙
40522;旋风脚
40523;东风区
40524;破伤风
40525;管风琴
40526;总风险
40527;羊角风
40528;耳旁风
40529;裙带风
40530;卖风流
40531;通风口
40532;通风管
40533;避风处
40534;随风倒
40535;顺风耳
40536;风切变
40537;风暴潮
40538;风流债
40539;风湿热
40540;麻风病
40541;黑旋风
40542;鼓风炉
40543;佛山市
40544;中山市
40545;九华山
40546;五指山
40547;五台山
40548;南山区
40549;台山市
40550;富士山
40551;宝山区
40552;山东省
40553;山水画
40554;平顶山
40555;武当山
40556;洪山区
40557;火山口
40558;石景山
40559;穿山甲
40560;紫金山
40561;花果山
40562;阿里山
40563;青城山
40564;三山区
40565;九宫山
40566;元宝山
40567;克山县
40568;八宝山
40569;六盘山
40570;冬山乡
40571;千山区
40572;半山区
40573;博山区
40574;含山县
40575;和歌山
40576;员山乡
40577;嘉山县
40578;夹山寺
40579;宜山县
40580;宜山镇
40581;宝山乡
40582;尖山区
40583;屏山县
40584;山口洋
40585;山城区
40586;山案座
40587;山河镇
40588;山羊座
40589;山羊绒
40590;山达基
40591;山阴县
40592;山阳区
40593;库克山
40594;挑山工
40595;断背山
40596;旗山镇
40597;映山红
40598;东山区
40599;东山乡
40600;松山区
40601;桃山区
40602;梅山乡
40603;横山县
40604;横山乡
40605;武功山
40606;武山县
40607;武山鸡
40608;泉山区
40609;洋山港
40610;浮山县
40611;火山岛
40612;火山带
40613;火山灰
40614;烈山区
40615;熊耳山
40616;爬山虎
40617;独山县
40618;珠山区
40619;环形山
40620;白山宗
40621;白山派
40622;皮山县
40623;石嘴山
40624;祝枝山
40625;秀山县
40626;移山志
40627;立山区
40628;竹山镇
40629;红山区
40630;终南山
40631;兴山区
40632;船山区
40633;英山县
40634;万寿山
40635;万山镇
40636;万洋山
40637;落基山
40638;蒙山县
40639;调兵山
40640;诸广山
40641;象山区
40642;象鼻山
40643;贡山县
40644;跑马山
40645;造山带
40646;连山区
40647;连山县
40648;铜官山
40649;铜山县
40650;钟山区
40651;铁山区
40652;阿苏山
40653;双鸭山
40654;雨山区
40655;灵山县
40656;青山湖
40657;香山区
40658;马山县
40659;盐山县
40660;麻山区
40661;黄山区
40662;黑山县
40663;鼓山区
40664;五星级
40665;七星区
40666;三合星
40667;三星乡
40668;五角星
40669;亮星云
40670;六角星
40671;北斗星
40672;北极星
40673;占星师
40674;占星术
40675;丧门星
40676;太白星
40677;扫把星
40678;星型网
40679;星象图
40680;暗星云
40681;牵牛星
40682;白矮星
40683;红巨星
40684;红星区
40685;红矮星
40686;纳卫星
40687;蓝巨星
40688;卫星图
40689;卫星城
40690;观星台
40691;黑矮星
40692;使用权
40693;使用者
40694;抵用券
40695;低费用
40696;使用量
40697;备用环
40698;再使用
40699;再利用
40700;常用品
40701;常用字
40702;引用句
40703;惯用语
40704;应用层
40705;用户线
40706;耐用品
40707;试用品
40708;通用性
40709;通用码
40710;通用语
40711;零用钱
40712;情人节
40713;七夕节
40714;五月节
40715;使节团
40716;全节流
40717;千字节
40718;吉字节
40719;啤酒节
40720;单音节
40721;字节数
40722;季节性
40723;建军节
40724;建党节
40725;循环节
40726;教师节
40727;松节油
40728;火把节
40729;乌节路
40730;父亲节
40731;端午节
40732;端阳节
40733;节拍器
40734;节略本
40735;节能灯
40736;节骨眼
40737;圣灰节
40738;万灵节
40739;调节器
40740;谢肉节
40741;酸奶节
40742;闭音节
40743;降临节
40744;双十节
40745;双音节
40746;雪顿节
40747;开门红
40748;东直门
40749;倒插门
40750;内门乡
40751;北门乡
40752;南门二
40753;卡门贝
40754;卷帘门
40755;图门江
40756;宣武门
40757;密闭门
40758;专门化
40759;复兴门
40760;德胜门
40761;德拉门
40762;推拉门
40763;易门县
40764;板门店
40765;沙门菌
40766;清河门
40767;热门货
40768;爆冷门
40769;石门乡
40770;蓝菌门
40771;谢通门
40772;门巴族
40773;门源县
40774;门诊室
40775;尽可能
40776;可能性
40777;太阳能
40778;功能团
40779;功能性
40780;功能群
40781;功能词
40782;功能集
40783;官能团
40784;官能基
40785;效价能
40786;智能卡
40787;核能源
40788;猪悟能
40789;战利品
40790;必需品
40791;艺术品
40792;装饰品
40793;仿冒品
40794;仿制品
40795;供应品
40796;假冒品
40797;副食品
40798;印刷品
40799;危险品
40800;商品化
40801;工业品
40802;承销品
40803;抵押品
40804;损耗品
40805;模仿品
40806;消费品
40807;热卖品
40808;营养品
40809;牺牲品
40810;皮制品
40811;编织品
40812;血制品
40813;补充品
40814;补给品
40815;复制品
40816;记念品
40817;走私品
40818;针织品
40819;阿托品
40820;附属品
40821;革制品
40822;动物性
40823;化合物
40824;博物院
40825;吉祥物
40826;建筑物
40827;微生物
40828;植物人
40829;植物园
40830;植物油
40831;混合物
40832;购物券
40833;购物袋
40834;充填物
40835;全谷物
40836;冰积物
40837;刺激物
40838;副产物
40839;原物料
40840;反物质
40841;唯物论
40842;四物汤
40843;固形物
40844;圈状物
40845;填塞物
40846;废物箱
40847;性物恋
40848;怪物似
40849;悬浮物
40850;恋物狂
40851;拜物教
40852;提醒物
40853;易燃物
40854;核废物
40855;植物界
40856;植物群
40857;横断物
40858;残留物
40859;残余物
40860;毛织物
40861;沉积物
40862;混杂物
40863;爆炸物
40864;物业税
40865;球状物
40866;终产物
40867;聚合物
40868;衣物柜
40869;补足物
40870;装置物
40871;装饰物
40872;阿堵物
40873;附属物
40874;附着物
40875;障碍物
40876;食物房
40877;食物柜
40878;食物油
40879;广东人
40880;广东省
40881;广东话
40882;东南亚
40883;东城区
40884;二房东
40885;亚东县
40886;克东县
40887;台东县
40888;景东县
40889;东京湾
40890;东胜区
40891;东势乡
40892;东势镇
40893;东北虎
40894;东半球
40895;东坡区
40896;东宁县
40897;东宝区
40898;东引乡
40899;东昌区
40900;东昌府
40901;东河区
40902;东河乡
40903;东洋鬼
40904;东港区
40905;东港镇
40906;东湖区
40907;东沟镇
40908;东汉末
40909;东营区
40910;东石乡
40911;东兴区
40912;东乡县
40913;桥东区
40914;竹东镇
40915;卫东区
40916;铁东区
40917;鸡东县
40918;白羊座
40919;大白天
40920;大白菜
40921;白求恩
40922;白血病
40923;白云区
40924;克尔白
40925;博白县
40926;吃白食
40927;唱白脸
40928;圆白菜
40929;太白粉
40930;太白县
40931;洋白菜
40932;汉白玉
40933;球蛋白
40934;白乳胶
40935;白先勇
40936;白内障
40937;白冰冰
40938;白切鸡
40939;白化病
40940;白化症
40941;白口铁
40942;白报纸
40943;白塔区
40944;白塔寺
40945;白居易
40946;白帝城
40947;白朗县
40948;白板笔
40949;白棉纸
40950;白沙县
40951;白沙乡
40952;白河县
40953;白河镇
40954;白热化
40955;白玉县
40956;白皮松
40957;白眼珠
40958;白粉病
40959;白羊朝
40960;白菜价
40961;白菜豆
40962;白蛋白
40963;白血球
40964;白银区
40965;白银书
40966;白云母
40967;白云石
40968;白骨顶
40969;糖蛋白
40970;蛋白石
40971;蛋白素
40972;角蛋白
40973;青白江
40974;麦克白
40975;抗真菌
40976;杀真菌
40977;真皮层
40978;真空管
40979;真菌纲
40980;真言宗
40981;工作服
40982;工程师
40983;工艺品
40984;清洁工
40985;做工夫
40986;八级工
40987;垃圾工
40988;工伤假
40989;工具书
40990;工具条
40991;工具栏
40992;工具箱
40993;工商业
40994;工商界
40995;工夫茶
40996;工程图
40997;工装裤
40998;工农兵
40999;工农区
41000;工农业
41001;库工党
41002;抓工夫
41003;教职工
41004;核工业
41005;核工程
41006;磨工病
41007;磨洋工
41008;移民工
41009;误工费
41010;轻工业
41011;铅管工
41012;意大利
41013;胜利者
41014;比利时
41015;净利润
41016;福利院
41017;高利贷
41018;佛舍利
41019;便利店
41020;便利性
41021;利息率
41022;利未记
41023;利眠宁
41024;利宾纳
41025;利通区
41026;卡利科
41027;吉利区
41028;吉百利
41029;哥利亚
41030;套利者
41031;专利局
41032;暴利税
41033;歌利亚
41034;百利甜
41035;纯利益
41036;索马利
41037;舍利塔
41038;英吉利
41039;达德利
41040;雪利酒
41041;非利士
41042;非营利
41043;马利亚
41044;马利基
41045;口角战
41046;战列舰
41047;战斗部
41048;战争罪
41049;战略性
41050;战斗者
41051;战斗舰
41052;持久战
41053;指战员
41054;挑战者
41055;消耗战
41056;狂战士
41057;细菌战
41058;统战部
41059;贸易战
41060;游击战
41061;野战军
41062;闪击战
41063;云城区
41064;交城县
41065;任城区
41066;古城区
41067;城北区
41068;城口县
41069;城固县
41070;城域网
41071;城步县
41072;容城县
41073;宿城区
41074;宁城县
41075;宽城区
41076;宽城县
41077;德城区
41078;庆城县
41079;应城区
41080;拜城县
41081;攻城木
41082;故城县
41083;枝城镇
41084;桃城区
41085;武城县
41086;历城区
41087;江城区
41088;江城县
41089;凉城县
41090;清城区
41091;源城区
41092;温泉城
41093;空城计
41094;管城区
41095;临城县
41096;舒城县
41097;叶城县
41098;蕉城区
41099;谷城县
41100;越城区
41101;乡城县
41102;防城区
41103;防城港
41104;防城县
41105;阿城区
41106;雨城区
41107;顺城区
41108;习惯性
41109;代表性
41110;个性化
41111;先天性
41112;刺激性
41113;创造性
41114;女性化
41115;安全性
41116;实质性
41117;建设性
41118;急性子
41119;性价比
41120;性取向
41121;性器官
41122;性生活
41123;慢性病
41124;戏剧性
41125;放射性
41126;敏感性
41127;历史性
41128;异性恋
41129;病毒性
41130;真实性
41131;确定性
41132;积极性
41133;稳定性
41134;综合性
41135;象征性
41136;周期性
41137;过敏性
41138;选择性
41139;针对性
41140;阶段性
41141;双性恋
41142;互操性
41143;互通性
41144;伸缩性
41145;侵入性
41146;保密性
41147;保护性
41148;传染性
41149;传记性
41150;倾向性
41151;内省性
41152;全局性
41153;全球性
41154;共存性
41155;共通性
41156;创见性
41157;危害性
41158;原则性
41159;原创性
41160;史诗性
41161;吸湿性
41162;吸附性
41163;和谐性
41164;问责性
41165;器质性
41166;坚固性
41167;压倒性
41168;奇偶性
41169;完备性
41170;完整性
41171;封闭性
41172;专业性
41173;对偶性
41174;对抗性
41175;对称性
41176;导热性
41177;局部性
41178;局限性
41179;差异性
41180;延展性
41181;强迫性
41182;循环性
41183;急性病
41184;性交易
41185;性伙伴
41186;性侵害
41187;性侵犯
41188;性健康
41189;性传播
41190;性冷淡
41191;性别比
41192;性指向
41193;性接触
41194;性教育
41195;性服务
41196;性满足
41197;性激素
41198;性产业
41199;性疾病
41200;性短讯
41201;性细胞
41202;性变态
41203;悲剧性
41204;惯性系
41205;应激性
41206;技术性
41207;抗炎性
41208;抗药性
41209;探索性
41210;政治性
41211;教育性
41212;敌对性
41213;易损性
41214;普遍性
41215;永久性
41216;准确性
41217;温和性
41218;潮解性
41219;灾难性
41220;爆炸性
41221;争议性
41222;特异性
41223;男性化
41224;症状性
41225;皮层性
41226;破坏性
41227;示性类
41228;移植性
41229;程序性
41230;积累性
41231;竞技性
41232;竞争性
41233;第二性
41234;系统性
41235;线性波
41236;群众性
41237;耐受性
41238;耐药性
41239;耳源性
41240;致死性
41241;艰巨性
41242;复杂性
41243;规则性
41244;规律性
41245;规范性
41246;亲和性
41247;试验性
41248;迫切性
41249;透通性
41250;连续性
41251;适应性
41252;遗传性
41253;酒精性
41254;离散性
41255;非线性
41256;革命性
41257;预防性
41258;斗争性
41259;对口型
41260;对口径
41261;对口词
41262;对对碰
41263;对抗者
41264;对抗赛
41265;对敌者
41266;对流层
41267;对胃口
41268;对着干
41269;对顶角
41270;对马岛
41271;找对象
41272;热对流
41273;绝对值
41274;背对背
41275;非对称
41276;判别式
41277;别提了
41278;别着急
41279;告别式
41280;巴别塔
41281;曲别针
41282;桌别林
41283;识别码
41284;识别号
41285;闹别扭
41286;入场券
41287;竞技场
41288;篮球场
41289;足球场
41290;游乐场
41291;入场式
41292;入场费
41293;冰球场
41294;围场县
41295;场记板
41296;奶牛场
41297;比赛场
41298;洗消场
41299;网球场
41300;练习场
41301;着陆场
41302;角斗场
41303;试验场
41304;货商场
41305;赛马场
41306;走圆场
41307;游戏场
41308;游艺场
41309;采矿场
41310;养鸡场
41311;月光族
41312;穷光蛋
41313;闪光灯
41314;偏振光
41315;光刻胶
41316;光功率
41317;光射线
41318;光影效
41319;光复乡
41320;光绪帝
41321;光冲量
41322;反光镜
41323;反射光
41324;暗光鸟
41325;月光石
41326;李光耀
41327;李四光
41328;油光光
41329;激光器
41330;王光良
41331;眼光短
41332;卖光了
41333;越光米
41334;青光眼
41335;验光师
41336;收视率
41337;收费站
41338;低收入
41339;采收率
41340;接收器
41341;收件箱
41342;收报员
41343;收报室
41344;收存箱
41345;收尾音
41346;收废站
41347;收款台
41348;收缩压
41349;月收入
41350;毛收入
41351;净收入
41352;总收入
41353;总收益
41354;预收费
41355;交粮本
41356;叔本华
41357;合订本
41358;增订本
41359;影印本
41360;本位制
41361;本土化
41362;本土派
41363;本帮菜
41364;本征值
41365;本族语
41366;本益比
41367;标本虫
41368;熊本县
41369;牙本质
41370;留言本
41371;精校本
41372;练习本
41373;袖珍本
41374;资本论
41375;银本位
41376;普选权
41377;选修课
41378;选择题
41379;倒春寒
41380;富春江
41381;张春桥
41382;李富春
41383;绿春县
41384;青春豆
41385;失败者
41386;冒失鬼
41387;半失业
41388;失业者
41389;失语症
41390;失读症
41391;创记录
41392;助记符
41393;士师记
41394;书记处
41395;民数记
41396;申命记
41397;登记员
41398;符记环
41399;红灯记
41400;记忆器
41401;记者站
41402;记号笔
41403;记录员
41404;记录器
41405;两口子
41406;口香糖
41407;张家口
41408;楼梯口
41409;绕口令
41410;脱口秀
41411;进出口
41412;交口县
41413;京口区
41414;低领口
41415;倒胃口
41416;入口网
41417;入口页
41418;口吸盘
41419;口湖乡
41420;口译员
41421;吊胃口
41422;周口店
41423;报户口
41424;套口供
41425;户口制
41426;找借口
41427;投币口
41428;挑口板
41429;旅顺口
41430;林口县
41431;林口乡
41432;梅河口
41433;江口县
41434;沙井口
41435;河口区
41436;洞口县
41437;港口区
41438;湖口县
41439;湖口乡
41440;碍胃口
41441;费口舌
41442;软口盖
41443;进口商
41444;马口铁
41445;马路口
41446;综合症
41447;合唱团
41448;合家欢
41449;四合院
41450;综合征
41451;三合土
41452;化合价
41453;合并症
41454;合吃族
41455;合掌瓜
41456;合格证
41457;合江县
41458;合股线
41459;合议庭
41460;合阳县
41461;察合台
41462;拉合尔
41463;混合泳
41464;百合科
41465;组合论
41466;联合报
41467;苏合香
41468;阿合奇
41469;集合论
41470;离合板
41471;离合词
41472;三原则
41473;三原县
41474;九原区
41475;五原县
41476;原住民
41477;原始林
41478;原苏联
41479;原被告
41480;带原者
41481;核原料
41482;清原县
41483;汤原县
41484;病原菌
41485;胶原质
41486;衣原菌
41487;讯息原
41488;镇原县
41489;青原区
41490;骨胶原
41491;黄原胶
41492;单眼皮
41493;熊猫眼
41494;眼巴巴
41495;双眼皮
41496;干眼症
41497;内眼角
41498;眼干症
41499;眼线笔
41500;眼角膜
41501;眼距宽
41502;配眼镜
41503;鼓眼睛
41504;红绿灯
41505;曾庆红
41506;清红帮
41507;满堂红
41508;满江红
41509;玉红省
41510;红十字
41511;红古区
41512;红塔区
41513;红姑娘
41514;红孩症
41515;红宝书
41516;红岗区
41517;红巾军
41518;红扑扑
41519;红旗区
41520;红河县
41521;红熊猫
41522;红细胞
41523;红血球
41524;红卫兵
41525;红豆沙
41526;红通通
41527;红铃虫
41528;红领巾
41529;红马甲
41530;圣诞红
41531;胆红素
41532;茄红素
41533;血红素
41534;钟楚红
41535;青红帮
41536;第三位
41537;第三纪
41538;第三声
41539;第二位
41540;第二次
41541;第二声
41542;第二轮
41543;第五类
41544;第四季
41545;第四纪
41546;第四声
41547;第四台
41548;游泳池
41549;梦游症
41550;太空游
41551;旅游业
41552;旅游者
41553;游戏池
41554;游泳衣
41555;游泳镜
41556;背包游
41557;游戏王
41558;游击队
41559;游艺团
41560;初始化
41561;创始者
41562;始祖鸟
41563;分布图
41564;呼图壁
41565;图形卡
41566;图林根
41567;图尔库
41568;图灵奖
41569;太极图
41570;投影图
41571;曲线图
41572;柱型图
41573;条形图
41574;流程图
41575;胡图族
41576;透视图
41577;通布图
41578;连环图
41579;震波图
41580;饼型图
41581;饼状图
41582;运营商
41583;押运员
41584;空运费
41585;总运单
41586;船运业
41587;谢灵运
41588;转运站
41589;运河区
41590;运货员
41591;运载量
41592;运输网
41593;运输船
41594;运输舰
41595;运输量
41596;咖啡因
41597;因特网
41598;因变量
41599;基因型
41600;基因码
41601;基因组
41602;质因数
41603;一体化
41604;信息化
41605;全球化
41606;商业化
41607;城市化
41608;多样化
41609;工业化
41610;情绪化
41611;戏剧化
41612;数字化
41613;格式化
41614;标准化
41615;机械化
41616;消化道
41617;现代化
41618;理想化
41619;简单化
41620;老龄化
41621;肝硬化
41622;自动化
41623;复杂化
41624;进化论
41625;低俗化
41626;使硬化
41627;偏极化
41628;典型化
41629;制式化
41630;化油器
41631;化石群
41632;南化乡
41633;善化镇
41634;均等化
41635;宣化区
41636;宣化县
41637;专业化
41638;常态化
41639;形式化
41640;循化县
41641;怀化县
41642;政治化
41643;数码化
41644;普遍化
41645;最佳化
41646;最优化
41647;松化石
41648;概念化
41649;概括化
41650;树化玉
41651;民营化
41652;汽化器
41653;沙漠化
41654;消化液
41655;消化管
41656;消化酒
41657;激进化
41658;玻璃化
41659;环球化
41660;石化厂
41661;简化字
41662;精密化
41663;职业化
41664;规则化
41665;贵族化
41666;转化糖
41667;遵化县
41668;边缘化
41669;非核化
41670;见习生
41671;先见者
41672;寻短见
41673;异见者
41674;见习员
41675;见识浅
41676;万载县
41677;载弹量
41678;投资者
41679;北投区
41680;投影线
41681;投硬币
41682;投递员
41683;招投标
41684;斜投影
41685;全球通
41686;通讯录
41687;五通桥
41688;交通卡
41689;交通费
41690;交通部
41691;八达通
41692;富士通
41693;接通费
41694;数码通
41695;普通股
41696;贝纳通
41697;通假字
41698;通江县
41699;通河县
41700;通讯社
41701;通讯处
41702;通配符
41703;连通器
41704;七边形
41705;三边形
41706;九边形
41707;五边形
41708;侧边栏
41709;八边形
41710;六边形
41711;十边形
41712;四边形
41713;擦边球
41714;敲边鼓
41715;林边乡
41716;边界层
41717;边界线
41718;边角料
41719;边角科
41720;边防站
41721;边防军
41722;马边县
41723;盐边县
41724;处女座
41725;三角座
41726;剑鱼座
41727;南极座
41728;南鱼座
41729;圆规座
41730;宝瓶座
41731;巨蛇座
41732;波江座
41733;玉夫座
41734;盾牌座
41735;绘架座
41736;船尾座
41737;船底座
41738;蛇夫座
41739;双鱼座
41740;飞马座
41741;飞鱼座
41742;半视野
41743;探视权
41744;视损伤
41745;透视画
41746;透视装
41747;音视频
41748;灭火器
41749;火星人
41750;火辣辣
41751;停火线
41752;喷火器
41753;峰火台
41754;引火柴
41755;拜火教
41756;火烧云
41757;火箭弹
41758;火箭炮
41759;火绒草
41760;火轮船
41761;纸火柴
41762;纵火犯
41763;耐火土
41764;防火梯
41765;食火鸡
41766;侵入者
41767;入侵者
41768;吸入器
41769;插入语
41770;摄入量
41771;包乘制
41772;包乘组
41773;包干制
41774;包二奶
41775;包待制
41776;包承制
41777;包承组
41778;包书皮
41779;包河区
41780;包装纸
41781;叉烧包
41782;寿桃包
41783;奶黄包
41784;承包商
41785;拉包尔
41786;掏腰包
41787;牛角包
41788;羊角包
41789;蛋包饭
41790;猪仔包
41791;软件包
41792;马英九
41793;千里马
41794;司马光
41795;套马杆
41796;宝马车
41797;索马里
41798;草泥马
41799;马克思
41800;马克杯
41801;马六甲
41802;马后炮
41803;马戏团
41804;马拉加
41805;马拉松
41806;马自达
41807;马赛克
41808;马铃薯
41809;亚马孙
41810;刀马旦
41811;司马炎
41812;司马谈
41813;哈马尔
41814;巴哈马
41815;巴拿马
41816;巴马科
41817;巴马县
41818;康马县
41819;拍马者
41820;木马计
41821;乌马河
41822;穿马路
41823;费尔马
41824;走马灯
41825;跑马厅
41826;踢马刺
41827;露马脚
41828;马三立
41829;马克笔
41830;马其顿
41831;马太沟
41832;马奶酒
41833;马尾区
41834;马尾松
41835;马尾港
41836;马恩岛
41837;马扎尔
41838;马拉博
41839;马拉糕
41840;马拉维
41841;马普托
41842;马村区
41843;马尔他
41844;马尔康
41845;马尔谷
41846;马尔默
41847;马王堆
41848;马略卡
41849;马约卡
41850;马纳马
41851;马致远
41852;马耳他
41853;马苏德
41854;马赛族
41855;马赛曲
41856;马连良
41857;驻马店
41858;骑马者
41859;男低音
41860;操你妈
41861;迷你型
41862;迷你裙
41863;射精管
41864;未受精
41865;洗洁精
41866;洗碗精
41867;矿油精
41868;精河县
41869;精炼厂
41870;精算师
41871;精读课
41872;输精管
41873;酒精灯
41874;香草精
41875;麦乳精
41876;冷清清
41877;宝清县
41878;抗血清
41879;李清照
41880;武清区
41881;永清县
41882;清史稿
41883;清史馆
41884;清太宗
41885;清太祖
41886;清拆户
41887;清政府
41888;清教徒
41889;清河区
41890;清凉油
41891;清洁器
41892;清洁袋
41893;清皇朝
41894;血清素
41895;躲清闲
41896;双清区
41897;麦当劳
41898;两当县
41899;核当量
41900;满当当
41901;乌当区
41902;当代史
41903;当政者
41904;当权派
41905;当演员
41906;当雄县
41907;石敢当
41908;响当当
41909;事业心
41910;企业家
41911;制造业
41912;创业者
41913;专业户
41914;服务业
41915;营业员
41916;职业病
41917;农业部
41918;再造业
41919;制药业
41920;印刷业
41921;建筑业
41922;采矿业
41923;业余者
41924;种植业
41925;航空业
41926;农业区
41927;酒店业
41928;养殖业
41929;团团转
41930;转基因
41931;转折点
41932;使转向
41933;偏转角
41934;再转复
41935;反转录
41936;急转弯
41937;旋转台
41938;旋转极
41939;旋转球
41940;旋转角
41941;核转变
41942;转向灯
41943;转字锁
41944;转差率
41945;转换器
41946;转注字
41947;转账卡
41948;转轮王
41949;李直夫
41950;直接税
41951;直肠镜
41952;直角器
41953;直角尺
41954;非直接
41955;特种兵
41956;土特产
41957;底特律
41958;特派员
41959;英特尔
41960;佛蒙特
41961;博蒙特
41962;史密特
41963;司各特
41964;哥特式
41965;塞尔特
41966;密特朗
41967;宝特瓶
41968;巴特纳
41969;拉巴特
41970;波特率
41971;乌拉特
41972;特价菜
41973;特征值
41974;特拉华
41975;特易购
41976;特卫强
41977;特许状
41978;特护区
41979;英特网
41980;蒙特雷
41981;盖特纳
41982;辛贝特
41983;达拉特
41984;副标题
41985;核问题
41986;标题栏
41987;标题语
41988;之字形
41989;介之推
41990;张之洞
41991;张易之
41992;换言之
41993;易言之
41994;王夫之
41995;祖冲之
41996;简言之
41997;郎之万
41998;参两院
41999;参宿七
42000;参政权
42001;参照系
42002;参考书
42003;参考系
42004;参访团
42005;参议员
42006;参议院
42007;参赛者
42008;传感器
42009;传染病
42010;传令兵
42011;传单广
42012;传帮带
42013;传教团
42014;传教士
42015;传染源
42016;传声器
42017;传输层
42018;传输率
42019;传送带
42020;传达员
42021;传达室
42022;传递者
42023;宣传册
42024;宣传画
42025;李娃传
42026;热传导
42027;谷梁传
42028;遗传率
42029;影像档
42030;影剧院
42031;摄影术
42032;皮影戏
42033;录影带
42034;流星雨
42035;流浪汉
42036;内流河
42037;汇流环
42038;导流板
42039;扰流板
42040;整流器
42041;数据流
42042;流量计
42043;漂流瓶
42044;漂流者
42045;血流量
42046;变流器
42047;软流圈
42048;软流层
42049;镇流器
42050;黄流镇
42051;上进心
42052;二进制
42053;二进宫
42054;八进制
42055;十进位
42056;十进制
42057;奋进号
42058;核推进
42059;步进制
42060;进步号
42061;校验码
42062;核试验
42063;维持费
42064;张家界
42065;亚临界
42066;古北界
42067;教育界
42068;界内球
42069;言论界
42070;限界线
42071;口头语
42072;歇后语
42073;佛教语
42074;刊首语
42075;南非语
42076;朝鲜语
42077;标准语
42078;标语牌
42079;独语句
42080;签语饼
42081;缩略语
42082;英语热
42083;英语角
42084;蒙古语
42085;盖尔语
42086;词语汇
42087;词跟语
42088;语助词
42089;语料库
42090;越南语
42091;跨语言
42092;辅助语
42093;最低潮
42094;最低谷
42095;最低音
42096;南京路
42097;路由器
42098;八路军
42099;六环路
42100;探路者
42101;断路器
42102;环形路
42103;番路乡
42104;万宝路
42105;让胡路
42106;路北区
42107;路南区
42108;路德宗
42109;路怒症
42110;路易港
42111;路桥区
42112;路竹乡
42113;路透社
42114;铁路线
42115;养路费
42116;单方面
42117;单肩包
42118;单身汉
42119;亚单位
42120;交款单
42121;保险单
42122;借书单
42123;停损单
42124;单位元
42125;单位根
42126;单味药
42127;单宁酸
42128;单层塔
42129;单房差
42130;单源论
42131;单班课
42132;单细胞
42133;单脚跳
42134;单音词
42135;报价单
42136;报税单
42137;存款单
42138;提货单
42139;申报单
42140;菜单条
42141;订单号
42142;领料单
42143;非递推
42144;均变论
42145;核聚变
42146;核裂变
42147;核变形
42148;灾变论
42149;变奏曲
42150;变形虫
42151;变把戏
42152;变换群
42153;变温层
42154;变造币
42155;变阻器
42156;土耳其
42157;充其量
42158;一部分
42159;教育部
42160;三部曲
42161;二部制
42162;内务部
42163;内政部
42164;内部网
42165;北部湾
42166;四部曲
42167;岛盖部
42168;政治部
42169;木质部
42170;民政部
42171;紫式部
42172;华林部
42173;部落格
42174;零部件
42175;朝阳区
42176;越秀区
42177;三水区
42178;下关区
42179;中山区
42180;中心区
42181;于洪区
42182;亚太区
42183;住宅区
42184;保税区
42185;保护区
42186;仓山区
42187;六合区
42188;区域性
42189;南岸区
42190;南市区
42191;南沙区
42192;南湖区
42193;南长区
42194;南开区
42195;南关区
42196;台江区
42197;同安区
42198;吸烟区
42199;和平区
42200;商业区
42201;嘉定区
42202;城东区
42203;城阳区
42204;大兴区
42205;天宁区
42206;天桥区
42207;定海区
42208;宣武区
42209;宝安区
42210;小河区
42211;居民区
42212;崇安区
42213;崇文区
42214;工业区
42215;巴南区
42216;市中区
42217;市北区
42218;市南区
42219;平江区
42220;平谷区
42221;度假区
42222;思明区
42223;惠城区
42224;惠山区
42225;惠阳区
42226;成华区
42227;房山区
42228;斗门区
42229;昌平区
42230;东丽区
42231;松江区
42232;武昌区
42233;武进区
42234;历下区
42235;永定区
42236;江干区
42237;江北区
42238;江夏区
42239;江宁区
42240;江岸区
42241;江东区
42242;江汉区
42243;河北区
42244;河东区
42245;河西区
42246;湖里区
42247;汉阳区
42248;白下区
42249;皇姑区
42250;福田区
42251;红桥区
42252;红灯区
42253;绿园区
42254;维扬区
42255;自治区
42256;行政区
42257;西青区
42258;观光区
42259;解放区
42260;讨论区
42261;丰台区
42262;军分区
42263;游览区
42264;重灾区
42265;金山区
42266;金湾区
42267;金牛区
42268;金融区
42269;钟楼区
42270;铁西区
42271;长寿区
42272;长安区
42273;开福区
42274;集美区
42275;雨花区
42276;青山区
42277;青羊区
42278;静安区
42279;顺德区
42280;顺义区
42281;高明区
42282;盐田区
42283;鼓楼区
42284;龙湾区
42285;七堵区
42286;三元区
42287;三民区
42288;二七区
42289;五营区
42290;五华区
42291;保留区
42292;元宝区
42293;内湖区
42294;八步区
42295;北仓区
42296;北塔区
42297;北林区
42298;北湖区
42299;南汇区
42300;南岗区
42301;南港区
42302;南郊区
42303;印台区
42304;古塔区
42305;右江区
42306;向阳区
42307;周村区
42308;士林区
42309;太和区
42310;宏伟区
42311;官渡区
42312;宜秀区
42313;宿豫区
42314;宁江区
42315;宝塔区
42316;左营区
42317;广阳区
42318;建华区
42319;张店区
42320;张湾区
42321;复兴区
42322;惠济区
42323;惠农区
42324;戒严区
42325;振兴区
42326;敌占区
42327;昌江区
42328;暖暖区
42329;曲江区
42330;曾都区
42331;月湖区
42332;未央区
42333;松北区
42334;梁园区
42335;梅列区
42336;梅江区
42337;梨树区
42338;武江区
42339;武都区
42340;江南区
42341;江源区
42342;江阳区
42343;污染区
42344;沙湾区
42345;泉港区
42346;洪江区
42347;港北区
42348;港南区
42349;源汇区
42350;温江区
42351;汉南区
42352;汉台区
42353;潮南区
42354;潮阳区
42355;乌达区
42356;玉泉区
42357;王益区
42358;产粮区
42359;石峰区
42360;石拐区
42361;石鼓区
42362;秀峰区
42363;秀英区
42364;章贡区
42365;细河区
42366;维修区
42367;临河区
42368;兴宁区
42369;兴庆区
42370;兴宾区
42371;船营区
42372;良庆区
42373;华容区
42374;万盛区
42375;万秀区
42376;万华区
42377;苏占区
42378;警备区
42379;丰南区
42380;丰满区
42381;丰润区
42382;贡井区
42383;贫民区
42384;贵池区
42385;资阳区
42386;轻击区
42387;迎江区
42388;近郊区
42389;连云区
42390;镜湖区
42391;铁峰区
42392;集宁区
42393;双塔区
42394;双桥区
42395;双阳区
42396;鸡冠区
42397;离石区
42398;雨湖区
42399;青秀区
42400;顺庆区
42401;顺河区
42402;鱼峰区
42403;盐湖区
42404;盐都区
42405;麦积区
42406;麻章区
42407;黄岛区
42408;昏睡病
42409;睡眠者
42410;睡眠虫
42411;睡衣裤
42412;空落落
42413;反空降
42414;吃空额
42415;太空服
42416;太空步
42417;太空站
42418;太空船
42419;守空房
42420;悬空寺
42421;空格键
42422;空降兵
42423;脱空汉
42424;航空器
42425;航空局
42426;航空港
42427;航空站
42428;航空线
42429;航空术
42430;防空洞
42431;安全感
42432;全身心
42433;全南县
42434;全等形
42435;月全食
42436;万全县
42437;受害者
42438;使受伤
42439;受支配
42440;受约束
42441;受托者
42442;受试者
42443;受难者
42444;受领者
42445;够受的
42446;接受者
42447;服务器
42448;服务生
42449;制服呢
42450;宇航服
42451;征服者
42452;服他灵
42453;服务费
42454;服装秀
42455;迷彩服
42456;防寒服
42457;位元组
42458;八位元
42459;十万位
42460;千位元
42461;百万位
42462;总吨位
42463;做礼拜
42464;崇拜者
42465;厂礼拜
42466;拜占庭
42467;拜泉县
42468;礼拜三
42469;礼拜二
42470;礼拜四
42471;礼拜堂
42472;死难者
42473;遇难者
42474;遇难船
42475;难控制
42476;难民营
42477;反问句
42478;疑问句
42479;访问者
42480;访问量
42481;娃娃亲
42482;亲北京
42483;排污管
42484;排湾族
42485;牛排馆
42486;哈努卡
42487;哈哈笑
42488;哈季奇
42489;哈巴河
42490;哈拉雷
42491;哈摩辣
42492;哈尔登
42493;哈该书
42494;哈丰角
42495;哈贝尔
42496;哈灵根
42497;布哈拉
42498;布哈林
42499;德令哈
42500;乌良哈
42501;苦哈哈
42502;苏哈托
42503;辣哈布
42504;代数量
42505;价值量
42506;切向量
42507;含沙量
42508;几何量
42509;数量积
42510;数量级
42511;消耗量
42512;净含量
42513;测量船
42514;煤储量
42515;总产量
42516;耗油量
42517;血氧量
42518;衡量制
42519;补充量
42520;计量制
42521;计量棒
42522;资料量
42523;质量块
42524;质量数
42525;轻量级
42526;输沙量
42527;量尺寸
42528;量油尺
42529;量角器
42530;降雨量
42531;解说员
42532;和解费
42533;数值解
42534;未解决
42535;解压缩
42536;解毒药
42537;解码器
42538;解酸药
42539;讲解员
42540;近似解
42541;使容易
42542;形容辞
42543;维尔容
42544;零容忍
42545;液态奶
42546;非模态
42547;反倾销
42548;反围攻
42549;反坦克
42550;反基督
42551;反射镜
42552;反导弹
42553;反应式
42554;反应锅
42555;反批评
42556;反抗者
42557;反政府
42558;反散射
42559;反斜线
42560;反映论
42561;反照率
42562;反义字
42563;反腐败
42564;反英雄
42565;反诉状
42566;反走私
42567;反革命
42568;核反应
42569;核反击
42570;造反派
42571;供应商
42572;应聘者
42573;供应室
42574;供应者
42575;壁效应
42576;应声虫
42577;暗适应
42578;氧效应
42579;分析师
42580;建筑师
42581;保惠师
42582;师兄弟
42583;网师园
42584;药师佛
42585;调酒师
42586;麻醉师
42587;黄昏恋
42588;注射器
42589;注射针
42590;告密者
42591;终结者
42592;参与者
42593;幸存者
42594;志愿者
42595;所有者
42596;操作者
42597;支持者
42598;旁观者
42599;旅行者
42600;求职者
42601;流浪者
42602;消费者
42603;获得者
42604;目击者
42605;研究者
42606;获奖者
42607;第三者
42608;素食者
42609;统治者
42610;经营者
42611;制造者
42612;设计者
42613;领导者
42614;交易者
42615;代替者
42616;占领者
42617;供血者
42618;侵截者
42619;侵略者
42620;保护者
42621;倡导者
42622;倡言者
42623;偷渡者
42624;共谋者
42625;冒犯者
42626;冒险者
42627;创建者
42628;创立者
42629;创办者
42630;创造者
42631;勤劳者
42632;印刷者
42633;吸血者
42634;启示者
42635;执政者
42636;奉承者
42637;存款者
42638;守卫者
42639;寄件者
42640;审判者
42641;居住者
42642;带菌者
42643;建立者
42644;患病者
42645;怀疑者
42646;批评者
42647;抗议者
42648;招聘者
42649;指导者
42650;指挥者
42651;捐款者
42652;捐血者
42653;捐赠者
42654;探矿者
42655;探险者
42656;提供者
42657;提倡者
42658;拥护者
42659;击剑者
42660;改革者
42661;死伤者
42662;残杀者
42663;决策者
42664;浪费者
42665;浅尝者
42666;演奏者
42667;漫步者
42668;牺牲者
42669;犯罪者
42670;狂暴者
42671;献血者
42672;异端者
42673;异议者
42674;盗版者
42675;监督者
42676;破产者
42677;移民者
42678;竞赛者
42679;算命者
42680;签字者
42681;编者按
42682;继任者
42683;继承者
42684;翻译者
42685;脱北者
42686;举报者
42687;冲浪者
42688;被害者
42689;被爆者
42690;被疑者
42691;被访者
42692;观察者
42693;观测者
42694;订购者
42695;计数者
42696;训练者
42697;调停者
42698;调查者
42699;负担者
42700;卖肉者
42701;购买者
42702;赠与者
42703;跑步者
42704;追随者
42705;逃亡者
42706;逃北者
42707;违章者
42708;配送者
42709;防守者
42710;阵亡者
42711;首创者
42712;鼓吹者
42713;微扰论
42714;微聚焦
42715;微血管
42716;毫微米
42717;紫微宫
42718;胡紫微
42719;陆探微
42720;非微扰
42721;三级跳
42722;副省级
42723;武器级
42724;比较级
42725;阶级式
42726;顶尖级
42727;责任感
42728;任达华
42729;责任制
42730;周宣王
42731;周武王
42732;周永康
42733;周王朝
42734;周庄镇
42735;圆周率
42736;夏商周
42737;林周县
42738;牙周炎
42739;牙周病
42740;交接班
42741;接待员
42742;接待室
42743;接触器
42744;接骨木
42745;易接近
42746;桥接器
42747;跨接器
42748;连接器
42749;连接至
42750;连接号
42751;连接词
42752;家常菜
42753;常住论
42754;常胜军
42755;常绿树
42756;常衡制
42757;连续剧
42758;连续犯
42759;连续集
42760;三项式
42761;二项式
42762;代数式
42763;填鸭式
42764;探究式
42765;揭幕式
42766;板式塔
42767;格式塔
42768;条件式
42769;模块式
42770;模式种
42771;算术式
42772;英雄式
42773;走形式
42774;跨越式
42775;酸式盐
42776;闭幕式
42777;首映式
42778;倒彩声
42779;喝倒彩
42780;滚彩蛋
42781;满堂彩
42782;人民币
42783;三民乡
42784;基民党
42785;富民县
42786;民和县
42787;民建联
42788;民政厅
42789;民族志
42790;民权县
42791;民丰县
42792;民雄乡
42793;汉民族
42794;王建民
42795;王永民
42796;社民党
42797;移民局
42798;叶伟民
42799;农民党
42800;太阳光
42801;太阳系
42802;太阳镜
42803;贵阳市
42804;千阳县
42805;南阳县
42806;咸阳桥
42807;固阳县
42808;寿阳县
42809;太阳报
42810;太阳灯
42811;太阳窗
42812;太阳轮
42813;宜阳县
42814;宁阳县
42815;少阳病
42816;崇阳县
42817;朝阳县
42818;松阳县
42819;波阳县
42820;略阳县
42821;紫阳县
42822;舞阳县
42823;麻阳县
42824;保质期
42825;保鲜膜
42826;保龄球
42827;保守党
42828;保康县
42829;保德县
42830;保洁箱
42831;保尔森
42832;保皇党
42833;保管员
42834;保险套
42835;保险盒
42836;保鲜纸
42837;再保证
42838;再保险
42839;康保县
42840;环保型
42841;青少年
42842;少先队
42843;少壮派
42844;少奶奶
42845;极少数
42846;南昌市
42847;南通市
42848;东南部
42849;河南省
42850;湖南省
42851;云南省
42852;南冰洋
42853;南北朝
42854;南北极
42855;南半球
42856;南召县
42857;南和县
42858;南朝梁
42859;南朝鲜
42860;南朝齐
42861;南木林
42862;南江县
42863;南泥湾
42864;南瓜灯
42865;南胶河
42866;南庄乡
42867;南华县
42868;南齐书
42869;台南县
42870;塞尔南
42871;宁南县
42872;库纳南
42873;思南县
42874;指南宫
42875;斗南镇
42876;毛南族
42877;江南省
42878;河南县
42879;石南属
42880;石南树
42881;竹南镇
42882;台南府
42883;华南虎
42884;贵南县
42885;辉南县
42886;连南县
42887;黄建南
42888;内切球
42889;切肉刀
42890;观世音
42891;轻音乐
42892;音乐家
42893;音乐厅
42894;音乐节
42895;低音炮
42896;低音管
42897;北京音
42898;半音程
42899;拾音器
42900;按键音
42901;拨号音
42902;扩音器
42903;标准音
42904;消音器
42905;灭音器
42906;破音字
42907;舌尖音
42908;舒适音
42909;复音形
42910;观音乡
42911;谐音列
42912;录音带
42913;闭元音
42914;双元音
42915;首尾音
42916;优异奖
42917;奖牌榜
42918;纪念奖
42919;银熊奖
42920;银质奖
42921;领奖台
42922;做功夫
42923;功夫球
42924;功夫茶
42925;抓功夫
42926;武功镇
42927;博湖县
42928;博尔德
42929;博登湖
42930;博兴县
42931;博野县
42932;坦博拉
42933;比尔博
42934;洪博培
42935;万博省
42936;巴希尔
42937;希律王
42938;希拉克
42939;大多数
42940;数十亿
42941;数学家
42942;数百万
42943;未知数
42944;代数和
42945;代数群
42946;四元数
42947;基数词
42948;整倍数
42949;整除数
42950;数字网
42951;数字钟
42952;数据段
42953;数码港
42954;李代数
42955;泛代数
42956;笔画数
42957;总次数
42958;被除数
42959;复数域
42960;计数器
42961;计数管
42962;负整数
42963;雷诺数
42964;非数字
42965;非负数
42966;顺序数
42967;类频数
42968;暴发户
42969;搬迁户
42970;万元户
42971;靠窗户
42972;代名词
42973;代表团
42974;新生代
42975;五代史
42976;代码段
42977;代码页
42978;代销店
42979;元古代
42980;古代史
42981;太古代
42982;官二代
42983;富二代
42984;母乳代
42985;独二代
42986;穷二代
42987;英代尔
42988;蒙代尔
42989;三班倒
42990;坐班房
42991;班珠尔
42992;班纪德
42993;短训班
42994;补习班
42995;讲习班
42996;交易所
42997;交易日
42998;交响曲
42999;立交桥
43000;交换器
43001;交换律
43002;交换码
43003;交换端
43004;交易员
43005;交杯酒
43006;交谊舞
43007;援交妹
43008;混交林
43009;社交舞
43010;思嘉丽
43011;思乡病
43012;百思买
43013;退思园
43014;内卡河
43015;内比都
43016;内联网
43017;内华达
43018;内衣裤
43019;内质网
43020;内陆河
43021;卡内基
43022;林内乡
43023;湖内乡
43024;脑内啡
43025;走内线
43026;探照灯
43027;做假账
43028;假借字
43029;假借义
43030;假报告
43031;假证件
43032;假象牙
43033;统假设
43034;吊死鬼
43035;怕死鬼
43036;敌杀死
43037;替死鬼
43038;死顽固
43039;脑死亡
43040;黑死病
43041;热乎乎
43042;冷热病
43043;副热带
43044;慢热型
43045;换热器
43046;波状热
43047;热导率
43048;热插拔
43049;热比亚
43050;热香饼
43051;登革热
43052;总热值
43053;黄热病
43054;比目鱼
43055;石竹目
43056;硬目标
43057;复殖目
43058;护目镜
43059;食肉目
43060;食虫目
43061;李开复
43062;复印件
43063;半复赛
43064;复兴乡
43065;复兴党
43066;林恢复
43067;复印纸
43068;复写纸
43069;布袋戏
43070;歌仔戏
43071;独脚戏
43072;段错误
43073;使领馆
43074;总领馆
43075;系领带
43076;领导权
43077;领航员
43078;江米酒
43079;熟啤酒
43080;酒石酸
43081;酒糟鼻
43082;酒鬼酒
43083;鲜啤酒
43084;互联网
43085;新浪网
43086;新闻网
43087;视网膜
43088;局域网
43089;广域网
43090;广播网
43091;擦网球
43092;晒黑网
43093;网球赛
43094;网管员
43095;网络层
43096;万维网
43097;善言辞
43098;言字旁
43099;吉强镇
43100;强硬派
43101;李克强
43102;武强县
43103;胡志强
43104;钱三强
43105;黄克强
43106;喷鼻息
43107;息峰县
43108;鼻息肉
43109;十二月
43110;十字架
43111;年三十
43112;五十铃
43113;十二宫
43114;十二支
43115;十二码
43116;十字形
43117;十字军
43118;十月份
43119;十角形
43120;倒计时
43121;设计师
43122;计算器
43123;审计员
43124;据估计
43125;据统计
43126;统计员
43127;苦肉计
43128;血压计
43129;计价器
43130;计步器
43131;计算尺
43132;计算计
43133;连环计
43134;报警器
43135;文汇报
43136;新京报
43137;报务员
43138;报告员
43139;报告书
43140;播报员
43141;据报导
43142;独立报
43143;华商报
43144;苏报案
43145;跑警报
43146;格格笑
43147;维他命
43148;宿命论
43149;维它命
43150;致命伤
43151;非致命
43152;革命军
43153;吉布提
43154;提供商
43155;提摩太
43156;提款卡
43157;普拉提
43158;未提及
43159;阿凡提
43160;阿卡提
43161;阿提拉
43162;麦盖提
43163;受伤害
43164;伤寒症
43165;伤病员
43166;副伤寒
43167;探伤器
43168;脑损伤
43169;满天飞
43170;满足感
43171;做满月
43172;满登登
43173;豆满江
43174;星巴克
43175;克拉克
43176;克林顿
43177;扑克牌
43178;阿克苏
43179;默克尔
43180;杰克森
43181;克劳德
43182;克林德
43183;塔吉克
43184;奇努克
43185;巴拉克
43186;托克托
43187;拉达克
43188;普朗克
43189;查克拉
43190;牙克石
43191;皮克林
43192;约维克
43193;维克托
43194;茄克衫
43195;苏克雷
43196;贝克尔
43197;阿克拉
43198;麦克维
43199;何苦呢
43200;向何处
43201;几何线
43202;温家宝
43203;宝塔菜
43204;宝丰县
43205;帮宝适
43206;支付宝
43207;李宝嘉
43208;价值观
43209;共价键
43210;离岸价
43211;扬声器
43212;叫床声
43213;吵闹声
43214;呼叫声
43215;呼呼声
43216;形声字
43217;急促声
43218;次声波
43219;消声器
43220;滴答声
43221;状声词
43222;声旁字
43223;象声词
43224;猫叫声
43225;猫声鸟
43226;零声母
43227;心血管
43228;三极管
43229;三联管
43230;二极管
43231;半规管
43232;协管员
43233;呼吸管
43234;妻管严
43235;导液管
43236;巴松管
43237;映像管
43238;玻璃管
43239;维管束
43240;维管柱
43241;输油管
43242;钢管舞
43243;显像管
43244;丢饭碗
43245;吃牢饭
43246;吃软饭
43247;吃闲饭
43248;忆苦饭
43249;找饭碗
43250;炒冷饭
43251;冷暖房
43252;村证房
43253;洗衣房
43254;私房钱
43255;临街房
43256;办事处
43257;寄存处
43258;拐弯处
43259;政训处
43260;阴凉处
43261;隐藏处
43262;一月份
43263;三月份
43264;二月份
43265;十一月
43266;三月街
43267;五月份
43268;八月份
43269;半月刊
43270;半月板
43271;月份牌
43272;月偏食
43273;月牙形
43274;双月刊
43275;优待券
43276;招待员
43277;望远镜
43278;远征军
43279;惠远寺
43280;李怀远
43281;李远哲
43282;远距离
43283;北极熊
43284;河北省
43285;湖北省
43286;北半球
43287;北寒带
43288;北斗镇
43289;北柴胡
43290;北极圈
43291;北洋系
43292;北洋军
43293;北港镇
43294;北温带
43295;北齐书
43296;张北县
43297;指北针
43298;易北河
43299;肃北县
43300;驻北京
43301;二手烟
43302;二百五
43303;二郎腿
43304;二重奏
43305;二元论
43306;二叉树
43307;二恶英
43308;二把刀
43309;二林镇
43310;二次型
43311;二次曲
43312;二产妇
43313;二皇帝
43314;二遍苦
43315;二阿姨
43316;京二胡
43317;土卫二
43318;指甲油
43319;色拉油
43320;拖油瓶
43321;油尖旺
43322;油麦菜
43323;润滑油
43324;炸油饼
43325;煤焦油
43326;燃料油
43327;皮鞋油
43328;石脑油
43329;薄油层
43330;辣酱油
43331;防晒油
43332;集油箱
43333;实名制
43334;乳制品
43335;奶制品
43336;自制力
43337;制片人
43338;制造商
43339;井田制
43340;两院制
43341;两党制
43342;共和制
43343;再制纸
43344;再制盐
43345;均田制
43346;控制室
43347;控制杆
43348;控制棒
43349;控制台
43350;控制论
43351;母权制
43352;父权制
43353;禁制令
43354;科举制
43355;种姓制
43356;总统制
43357;股份制
43358;制药厂
43359;调制波
43360;毛线衣
43361;洗衣店
43362;洗衣板
43363;短衣帮
43364;电视台
43365;天文台
43366;工作台
43367;服务台
43368;潜台词
43369;七台河
43370;伸展台
43371;台江县
43372;台球桌
43373;售货台
43374;写字台
43375;楼梯台
43376;洗脸台
43377;石台县
43378;圣餐台
43379;台湾省
43380;观象台
43381;轮台县
43382;灵台县
43383;鱼台县
43384;羽毛球
43385;九号球
43386;弹球盘
43387;击球员
43388;擦棒球
43389;斜射球
43390;板羽球
43391;棒球迷
43392;争球线
43393;篮板球
43394;足球迷
43395;躲避球
43396;轻击球
43397;双球菌
43398;温哥华
43399;三温暖
43400;增温层
43401;泡温泉
43402;温和派
43403;温布顿
43404;温泉县
43405;降温费
43406;章太炎
43407;纪念章
43408;他妈的
43409;扶他林
43410;布告栏
43411;告示牌
43412;广告商
43413;广告衫
43414;登广告
43415;倒装句
43416;娃娃装
43417;封装块
43418;抱抱装
43419;未武装
43420;核装置
43421;治装费
43422;置装费
43423;装配员
43424;装配线
43425;牛肉干
43426;葡萄干
43427;干巴巴
43428;干粮袋
43429;干着急
43430;干扰素
43431;干涉仪
43432;支努干
43433;波尔干
43434;消石灰
43435;消耗掉
43436;消费群
43437;消防局
43438;居留权
43439;居留证
43440;独居石
43441;生活费
43442;伙食费
43443;堵塞费
43444;差旅费
43445;延误费
43446;签字费
43447;补偿费
43448;配送费
43449;医疗费
43450;青春期
43451;共青团
43452;冬青树
43453;巴青县
43454;拉青格
43455;竹叶青
43456;苏步青
43457;青森县
43458;青江菜
43459;青藏线
43460;鸭蛋青
43461;亚比玉
43462;努比亚
43463;哇沙比
43464;压缩比
43465;拉格比
43466;比例尺
43467;比杆赛
43468;苏富比
43469;阿比让
43470;额比河
43471;乘务员
43472;事务所
43473;商务部
43474;勤务兵
43475;勤务员
43476;教务室
43477;洋务派
43478;港务局
43479;尽义务
43480;矿务局
43481;医务室
43482;三段论
43483;创造论
43484;断灭论
43485;曲线论
43486;概率论
43487;血统论
43488;认识论
43489;阿凡达
43490;司汤达
43491;吉尔达
43492;呀诺达
43493;巴格达
43494;柴达木
43495;江达县
43496;英伟达
43497;达味王
43498;达悟族
43499;阿盖达
43500;怎么了
43501;棒极了
43502;总供给
43503;总司令
43504;总杆赛
43505;总产值
43506;总需求
43507;谢尔盖
43508;等压线
43509;等着瞧
43510;巴士底
43511;末底改
43512;古浪县
43513;拨浪鼓
43514;庄浪县
43515;冲浪板
43516;调味汁
43517;赛百味
43518;支承销
43519;支撑架
43520;支系统
43521;支配权
43522;咖啡厅
43523;咖啡室
43524;一连串
43525;李连杰
43526;连衣裙
43527;连云港
43528;连字符
43529;连字号
43530;连珠炮
43531;连系词
43532;连裤袜
43533;连销店
43534;连锅端
43535;连骨肉
43536;吃皇粮
43537;吃豆豆
43538;慢慢吃
43539;苦瓜脸
43540;狗食袋
43541;纯素食
43542;食肉类
43543;厚脸皮
43544;皮肤病
43545;肚皮舞
43546;脸皮厚
43547;刮皮刀
43548;拉皮条
43549;熊皮帽
43550;牛皮菜
43551;瓜皮帽
43552;皮卡尔
43553;皮塔饼
43554;皮带扣
43555;皮尔森
43556;皮革商
43557;绿皮书
43558;羊皮纸
43559;蓝皮书
43560;阿皮亚
43561;默拉皮
43562;短距离
43563;近距离
43564;零距离
43565;落汤鸡
43566;落埋怨
43567;落叶层
43568;落叶松
43569;观落阴
43570;陷落带
43571;黑落德
43572;爱德华
43573;肯德基
43574;杰拉德
43575;全聚德
43576;公德心
43577;安德烈
43578;德意志
43579;新德里
43580;理查德
43581;英德市
43582;道德经
43583;麦德龙
43584;巴德尔
43585;库尔德
43586;康科德
43587;德古拉
43588;德昌县
43589;德江县
43590;德都县
43591;德雷尔
43592;摩德纳
43593;李德林
43594;梅纳德
43595;永德县
43596;波德申
43597;维德角
43598;缺德鬼
43599;肯德拉
43600;贵德县
43601;雷蒙德
43602;麦德林
43603;麦德蒙
43604;江苏省
43605;三江源
43606;元江县
43607;印江县
43608;墨江县
43609;建三江
43610;从江县
43611;昌江县
43612;桃江县
43613;江华县
43614;环江县
43615;走江湖
43616;跑江湖
43617;双江县
43618;麻江县
43619;图书馆
43620;副书记
43621;教科书
43622;书呆子
43623;白皮书
43624;总书记
43625;读书人
43626;读书会
43627;借书证
43628;倡议书
43629;协议书
43630;委托书
43631;尚书郎
43632;招股书
43633;掉书袋
43634;畅销书
43635;林书豪
43636;申诉书
43637;申请书
43638;约拿书
43639;约书亚
43640;请愿书
43641;钱钟书
43642;鸟虫书
43643;布拉格
43644;及格线
43645;古拉格
43646;基辛格
43647;木格措
43648;李格非
43649;准格尔
43650;乌尔格
43651;虚宫格
43652;资格赛
43653;互助县
43654;助产士
43655;助听器
43656;紫外线
43657;事业线
43658;分界线
43659;单行线
43660;对角线
43661;导火线
43662;延长线
43663;接线员
43664;流线型
43665;无线电
43666;生命线
43667;生产线
43668;眼线液
43669;红外线
43670;起跑线
43671;路线图
43672;针线活
43673;集线器
43674;电源线
43675;电话线
43676;高压线
43677;三八线
43678;做针线
43679;划线板
43680;司线员
43681;封锁线
43682;卷线器
43683;插线板
43684;攻击线
43685;斜线号
43686;断层线
43687;横截线
43688;短程线
43689;扎线带
43690;线圈般
43691;羊毛线
43692;跨线桥
43693;踢脚线
43694;双曲线
43695;亮闪闪
43696;洪亮吉
43697;补给站
43698;补给船
43699;补给舰
43700;备忘录
43701;储备粮
43702;核军备
43703;零备件
43704;唱反调
43705;调味品
43706;调味料
43707;协调员
43708;调查员
43709;调查团
43710;调药刀
43711;公务员
43712;服务员
43713;售票员
43714;售货员
43715;守门员
43716;指导员
43717;推销员
43718;消防员
43719;研究员
43720;通讯员
43721;邮递员
43722;驾驶员
43723;司令员
43724;员林镇
43725;宇航员
43726;导航员
43727;广播员
43728;引导员
43729;技术员
43730;采购员
43731;教练员
43732;教职员
43733;检查员
43734;监查员
43735;众议员
43736;研修员
43737;裁判员
43738;观察员
43739;观测员
43740;试飞员
43741;石英钟
43742;紫石英
43743;英吉沙
43744;三亚市
43745;三合一
43746;三国志
43747;三字经
43748;三叶草
43749;三角形
43750;三连胜
43751;三头肌
43752;十三点
43753;第三十
43754;三归依
43755;三毛猫
43756;三河县
43757;三湾乡
43758;三义乡
43759;三脚猫
43760;三叶虫
43761;三角债
43762;三角板
43763;三角肌
43764;三角裤
43765;三足乌
43766;三都县
43767;三阿姨
43768;珠三角
43769;走着瞧
43770;便步走
43771;走私货
43772;走背字
43773;走资派
43774;突击队
43775;轻击棒
43776;迫击炮
43777;拉肚子
43778;吉拉德
43779;呼拉圈
43780;希拉里
43781;手拉手
43782;拉力赛
43783;拉拉队
43784;本拉登
43785;法拉第
43786;海拉尔
43787;贝拉米
43788;卡拉奇
43789;卡拉胶
43790;哥吉拉
43791;塞拉凡
43792;巴士拉
43793;拉纳卡
43794;拉盖尔
43795;普拉亚
43796;乌拉尔
43797;考拉熊
43798;阿拉善
43799;阿拉摩
43800;阿拉尔
43801;阿维拉
43802;科考队
43803;考察团
43804;考察船
43805;考察队
43806;考试卷
43807;考试院
43808;裤腰带
43809;低压带
43810;八带鱼
43811;吊袜带
43812;宽胶带
43813;带标识
43814;带丑闻
43815;断裂带
43816;沉积带
43817;试听带
43818;录像带
43819;松紧带
43820;套近乎
43821;试一试
43822;核试爆
43823;测试器
43824;冠军赛
43825;新四军
43826;侵略军
43827;将军乡
43828;志愿军
43829;政府军
43830;核裁军
43831;军令状
43832;军团菌
43833;军政府
43834;军医院
43835;集团军
43836;飞将军
43837;黄巾军
43838;黑旗军
43839;李先念
43840;万圣节
43841;百万吨
43842;万智牌
43843;万荣乡
43844;万泉河
43845;万县港
43846;万齐融
43847;咖啡店
43848;夫妻店
43849;承销店
43850;鸡毛店
43851;餐饮店
43852;夜来香
43853;五香粉
43854;洋香菜
43855;香根草
43856;香泡树
43857;香港岛
43858;香港脚
43859;香羊肚
43860;香菜叶
43861;驻香港
43862;修造厂
43863;摆造型
43864;营造商
43865;监织造
43866;造桥乡
43867;造船厂
43868;新华网
43869;嘉年华
43870;新华社
43871;华盛顿
43872;石灰华
43873;华严宗
43874;华宁县
43875;华池县
43876;豪华型
43877;基督教
43878;天主教
43879;佛教徒
43880;副教授
43881;宗教团
43882;宗教徒
43883;教研室
43884;犹太教
43885;非宗教
43886;写字楼
43887;繁体字
43888;错别字
43889;八字形
43890;八字步
43891;八字脚
43892;八字胡
43893;厂字旁
43894;字元集
43895;字符串
43896;字符集
43897;批八字
43898;探测字
43899;省字号
43900;统汉字
43901;缩略字
43902;识字率
43903;象形字
43904;首字母
43905;搭轻铁
43906;轻元素
43907;轻武器
43908;志愿兵
43909;刚察县
43910;听诊器
43911;随身听
43912;听墙根
43913;李雪健
43914;滑雪板
43915;滑雪术
43916;雪茄烟
43917;广告牌
43918;广播剧
43919;广宗县
43920;广播室
43921;广河县
43922;广角镜
43923;广灵县
43924;墨尔本
43925;华尔街
43926;达尔文
43927;高尔夫
43928;凡尔赛
43929;博尔顿
43930;卡塔尔
43931;塔尔寺
43932;塞舌尔
43933;威尔士
43934;安吉尔
43935;安道尔
43936;巴塞尔
43937;巴尔干
43938;希尔顿
43939;恩格尔
43940;格尔木
43941;波尔多
43942;第纳尔
43943;米歇尔
43944;维吉尔
43945;诺贝尔
43946;阿尔山
43947;阿尔法
43948;马歇尔
43949;黑格尔
43950;卡尔顿
43951;塔塔尔
43952;巴布尔
43953;康奈尔
43954;康托尔
43955;托木尔
43956;摩尔根
43957;摩苏尔
43958;李尔王
43959;梯也尔
43960;米尔顿
43961;纳赛尔
43962;索绪尔
43963;若尔盖
43964;贝尔湖
43965;阿贝尔
43966;审美观
43967;周立波
43968;爱立信
43969;使孤立
43970;倒立像
43971;傅立叶
43972;立刀旁
43973;非独立
43974;哈士奇
43975;奇异笔
43976;威奇托
43977;飞虎队
43978;飞鱼族
43979;坐标系
43980;极坐标
43981;标准像
43982;标准差
43983;标准杆
43984;横坐标
43985;纵坐标
43986;航标灯
43987;非标准
43988;鼠标器
43989;张择端
43990;端系统
43991;修指甲
43992;指导课
43993;指挥官
43994;指挥棒
43995;指甲刀
43996;指甲剪
43997;指示器
43998;指示符
43999;脚指甲
44000;王力宏
44001;王小波
44002;王老吉
44003;夏王朝
44004;摄政王
44005;楚怀王
44006;楚庄王
44007;王励勤
44008;王义夫
44009;阿育王
44010;齐宣王
44011;牛百叶
44012;牵牛属
44013;狂牛病
44014;疯牛病
44015;纯牛奶
44016;钻牛角
44017;使习惯
44018;练习册
44019;三台县
44020;三重县
44021;三门县
44022;上思县
44023;上林县
44024;中江县
44025;九江县
44026;五台县
44027;五华县
44028;井研县
44029;京山县
44030;休宁县
44031;信丰县
44032;修文县
44033;修武县
44034;修水县
44035;元谋县
44036;元阳县
44037;光山县
44038;内乡县
44039;内黄县
44040;公安县
44041;共和县
44042;兵库县
44043;分宜县
44044;利辛县
44045;化德县
44046;千叶县
44047;南城县
44048;南投县
44049;南乐县
44050;南皮县
44051;南丰县
44052;南部县
44053;博爱县
44054;原阳县
44055;古丈县
44056;古田县
44057;台前县
44058;台北县
44059;吉安县
44060;同心县
44061;名山县
44062;周宁县
44063;周至县
44064;和平县
44065;和硕县
44066;和静县
44067;商南县
44068;商城县
44069;商水县
44070;固始县
44071;固安县
44072;团风县
44073;寿宁县
44074;夏河县
44075;大分县
44076;大名县
44077;大宁县
44078;大悟县
44079;大田县
44080;大竹县
44081;大英县
44082;大足县
44083;大余县
44084;天全县
44085;天台县
44086;天柱县
44087;天镇县
44088;太和县
44089;太康县
44090;太湖县
44091;太谷县
44092;夹江县
44093;奇台县
44094;奉新县
44095;奉节县
44096;如东县
44097;始兴县
44098;威远县
44099;子长县
44100;安化县
44101;安吉县
44102;安图县
44103;安平县
44104;安新县
44105;安义县
44106;安乡县
44107;安阳县
44108;定南县
44109;定安县
44110;定日县
44111;定兴县
44112;定远县
44113;宜章县
44114;宜丰县
44115;宜宾县
44116;宜黄县
44117;宣汉县
44118;宫城县
44119;宿松县
44120;富宁县
44121;富顺县
44122;宁化县
44123;宁强县
44124;宁武县
44125;宁河县
44126;宁海县
44127;宁远县
44128;宁都县
44129;宁乡县
44130;宝应县
44131;宝兴县
44132;封开县
44133;射洪县
44134;射阳县
44135;寻乌县
44136;屏南县
44137;屏东县
44138;山口县
44139;山形县
44140;山梨县
44141;山阳县
44142;左云县
44143;巴东县
44144;师宗县
44145;常山县
44146;平利县
44147;平南县
44148;平原县
44149;平和县
44150;平定县
44151;平山县
44152;平果县
44153;平乐县
44154;平武县
44155;平江县
44156;平远县
44157;平乡县
44158;平阴县
44159;平阳县
44160;康定县
44161;广南县
44162;广宁县
44163;广岛县
44164;广德县
44165;广昌县
44166;广丰县
44167;建始县
44168;建昌县
44169;建水县
44170;建湖县
44171;微山县
44172;德保县
44173;德化县
44174;德庆县
44175;德格县
44176;惠来县
44177;惠安县
44178;惠民县
44179;爱知县
44180;庆云县
44181;怀来县
44182;怀宁县
44183;怀远县
44184;怀集县
44185;成安县
44186;扶余县
44187;扶沟县
44188;扶风县
44189;承德县
44190;揭东县
44191;揭西县
44192;政和县
44193;文安县
44194;文成县
44195;文水县
44196;新化县
44197;新安县
44198;新宁县
44199;新干县
44200;新建县
44201;新源县
44202;新野县
44203;方城县
44204;方正县
44205;于都县
44206;昌图县
44207;昌宁县
44208;昌乐县
44209;星子县
44210;普格县
44211;曲周县
44212;曲阳县
44213;会宁县
44214;会昌县
44215;会理县
44216;望城县
44217;望江县
44218;望都县
44219;东光县
44220;东安县
44221;东山县
44222;东海县
44223;东至县
44224;东丰县
44225;东阿县
44226;桃园县
44227;梁山县
44228;梁平县
44229;梨树县
44230;荣昌县
44231;台安县
44232;正定县
44233;武功县
44234;武胜县
44235;武定县
44236;武宁县
44237;武平县
44238;武义县
44239;民勤县
44240;水富县
44241;永修县
44242;永胜县
44243;永吉县
44244;永嘉县
44245;永定县
44246;永宁县
44247;永春县
44248;永登县
44249;永福县
44250;永兴县
44251;永顺县
44252;江安县
44253;江永县
44254;河曲县
44255;波密县
44256;洞头县
44257;洪洞县
44258;浮梁县
44259;海安县
44260;海盐县
44261;清河县
44262;清流县
44263;清丰县
44264;汤阴县
44265;温宿县
44266;满城县
44267;漠河县
44268;汉寿县
44269;汉源县
44270;潜山县
44271;济阳县
44272;乌什县
44273;无为县
44274;营山县
44275;获嘉县
44276;玉山县
44277;玉环县
44278;玉田县
44279;玉龙县
44280;田东县
44281;田阳县
44282;监利县
44283;盘山县
44284;石城县
44285;石柱县
44286;石棉县
44287;石泉县
44288;石渠县
44289;石门县
44290;确山县
44291;社旗县
44292;神木县
44293;祥云县
44294;福岛县
44295;竹山县
44296;米易县
44297;红原县
44298;红安县
44299;紫金县
44300;县级市
44301;繁昌县
44302;织金县
44303;美姑县
44304;群马县
44305;闻喜县
44306;肃宁县
44307;肥东县
44308;肥西县
44309;临安县
44310;临泉县
44311;临高县
44312;兴国县
44313;兴安县
44314;兴山县
44315;兴文县
44316;兴业县
44317;色达县
44318;华安县
44319;华容县
44320;万安县
44321;万荣县
44322;蒙城县
44323;蒙自县
44324;蒙阴县
44325;蓝山县
44326;融安县
44327;衡南县
44328;衡山县
44329;衡东县
44330;衡阳县
44331;西充县
44332;西平县
44333;西华县
44334;西丰县
44335;许昌县
44336;丰宁县
44337;丰都县
44338;丰顺县
44339;象山县
44340;资中县
44341;宾阳县
44342;赞皇县
44343;农安县
44344;通化县
44345;通城县
44346;通山县
44347;通海县
44348;通许县
44349;连城县
44350;连平县
44351;连江县
44352;遵义县
44353;迁西县
44354;乡宁县
44355;邻水县
44356;金堂县
44357;金沙县
44358;金湖县
44359;金乡县
44360;金门县
44361;铅山县
44362;铜梁县
44363;镇巴县
44364;镇远县
44365;钟山县
44366;长子县
44367;长宁县
44368;长沙县
44369;长治县
44370;长海县
44371;长兴县
44372;长丰县
44373;长野县
44374;开化县
44375;开封县
44376;开阳县
44377;陆河县
44378;阳信县
44379;阳原县
44380;阳城县
44381;阳山县
44382;阳新县
44383;阳曲县
44384;阳东县
44385;阳西县
44386;阳谷县
44387;双峰县
44388;云和县
44389;云梦县
44390;云安县
44391;云阳县
44392;雷山县
44393;雷波县
44394;青河县
44395;青田县
44396;青阳县
44397;静乐县
44398;静海县
44399;响水县
44400;余干县
44401;余江县
44402;香河县
44403;高雄县
44404;高青县
44405;盐源县
44406;黄梅县
44407;齐河县
44408;龙南县
44409;龙山县
44410;龙游县
44411;且末县
44412;久治县
44413;乳源县
44414;五峰县
44415;五河县
44416;八宿县
44417;剑河县
44418;右玉县
44419;和政县
44420;和田县
44421;和顺县
44422;咸丰县
44423;商河县
44424;商都县
44425;嘉祥县
44426;嘉义县
44427;嘉鱼县
44428;固镇县
44429;塔河县
44430;墨玉县
44431;墨脱县
44432;奈良县
44433;威宁县
44434;宜昌县
44435;宜良县
44436;宣恩县
44437;富源县
44438;尖扎县
44439;尚义县
44440;崇礼县
44441;崇义县
44442;岗巴县
44443;左权县
44444;左贡县
44445;巨野县
44446;巴楚县
44447;布拖县
44448;府谷县
44449;延寿县
44450;建宁县
44451;恩施县
44452;庆元县
44453;措勤县
44454;改则县
44455;昌都县
44456;景宁县
44457;景谷县
44458;曲松县
44459;松桃县
44460;桃源县
44461;梁河县
44462;荣河县
44463;横峰县
44464;武宣县
44465;武乡县
44466;永和县
44467;永善县
44468;永寿县
44469;永昌县
44470;永丰县
44471;沙洋县
44472;沙湾县
44473;沿河县
44474;汉阴县
44475;乌恰县
44476;玉屏县
44477;玉树县
44478;田林县
44479;申扎县
44480;石屏县
44481;石林县
44482;石楼县
44483;礼泉县
44484;秋田县
44485;突泉县
44486;米林县
44487;肥乡县
44488;临夏县
44489;临武县
44490;兴和县
44491;蓝田县
44492;资源县
44493;铜鼓县
44494;镇宁县
44495;镇康县
44496;镇源县
44497;镇雄县
44498;钟祥县
44499;陆良县
44500;双牌县
44501;云林县
44502;灵寿县
44503;灵石县
44504;静宁县
44505;革吉县
44506;巩留县
44507;顺昌县
44508;额敏县
44509;余庆县
44510;盐井县
44511;盐池县
44512;永冻土
44513;叶永烈
44514;钱永健
44515;上半年
44516;下半年
44517;下半身
44518;半成品
44519;半条命
44520;半决赛
44521;半乳糖
44522;半圆仪
44523;半圆形
44524;半坡村
44525;半封建
44526;半截衫
44527;半熟练
44528;半瓶醋
44529;半脱产
44530;半膜肌
44531;半规则
44532;矮半截
44533;毛毛雨
44534;季雨林
44535;蒙松雨
44536;积雨云
44537;雨层云
44538;做买卖
44539;做鬼脸
44540;神经病
44541;冠心病
44542;坏血病
44543;发病率
44544;宏病毒
44545;富贵病
44546;恶病质
44547;抗病毒
44548;挑毛病
44549;治未病
44550;泡病号
44551;浮肿病
44552;减压病
44553;疑病症
44554;病厌厌
44555;病毒科
44556;病虫害
44557;矮呆病
44558;肠病毒
44559;蓝耳病
44560;蓝舌病
44561;血液病
44562;软骨病
44563;黑肺病
44564;鼻病毒
44565;吉娃娃
44566;布吉河
44567;纳吉布
44568;党项族
44569;发改委
44570;修改稿
44571;劳改营
44572;改革派
44573;斗批改
44574;布娃娃
44575;布谷鸟
44576;亚麻布
44577;布雷舰
44578;布劳恩
44579;布朗士
44580;布洒器
44581;布袋镇
44582;布农族
44583;擦碗布
44584;碎布条
44585;方程式
44586;截程序
44587;程序库
44588;五虎将
44589;麻将牌
44590;核导弹
44591;壮围乡
44592;游乐园
44593;李绿园
44594;林园乡
44595;种植园
44596;葡萄园
44597;非必需
44598;独角戏
44599;七角形
44600;五角形
44601;八角床
44602;八角形
44603;八角街
44604;六角形
44605;四角形
44606;四角裤
44607;富贵角
44608;羊角村
44609;羊角疯
44610;羊角豆
44611;角曲尺
44612;角膜炎
44613;角质素
44614;角闪石
44615;角频率
44616;角斗士
44617;礼拜天
44618;坚振礼
44619;礼炮号
44620;叶礼庭
44621;顺时针
44622;旅顺港
44623;顺治帝
44624;博士后
44625;大力士
44626;富士康
44627;巴士站
44628;波士顿
44629;斗牛士
44630;七武士
44631;休士顿
44632;佳洁士
44633;伟士牌
44634;杰士派
44635;史威士
44636;辩护士
44637;隐修士
44638;未婚夫
44639;忘八蛋
44640;炒鸡蛋
44641;蛋糕裙
44642;蛋黄素
44643;蛋黄酱
44644;朝歌镇
44645;歌唱赛
44646;歌舞团
44647;感兴趣
44648;兴冲冲
44649;使兴奋
44650;故纸堆
44651;石家庄
44652;绿宝石
44653;绿松石
44654;吸铁石
44655;大理石
44656;巨石阵
44657;采石场
44658;泥石流
44659;王安石
44660;石库门
44661;石板路
44662;石河子
44663;磨刀石
44664;红宝石
44665;胆结石
44666;蓝宝石
44667;试金石
44668;金刚石
44669;齐白石
44670;太石村
44671;尖石乡
44672;熟石灰
44673;石末肺
44674;石灰石
44675;石竹属
44676;石竹科
44677;石钟乳
44678;绿泥石
44679;胆石症
44680;钟乳石
44681;铁矿石
44682;鸡血石
44683;黄石港
44684;则辣黑
44685;晒黑族
44686;洗黑钱
44687;涉黑案
44688;蒙蒙黑
44689;背黑锅
44690;黑压压
44691;黑森森
44692;黑沉沉
44693;黑煤玉
44694;黑糊糊
44695;蛋白质
44696;基质膜
44697;木质素
44698;素质差
44699;细胞质
44700;肉质根
44701;质检局
44702;非均质
44703;投资人
44704;资本家
44705;再融资
44706;股集资
44707;集资额
44708;忽必烈
44709;卷心菜
44710;招牌菜
44711;紫菜属
44712;专卖店
44713;专案组
44714;越野跑
44715;房地产
44716;妇产科
44717;房产证
44718;生产力
44719;生产队
44720;产业化
44721;农产品
44722;必修课
44723;修订版
44724;隐修院
44725;后脑勺
44726;豆腐脑
44727;脑充血
44728;脑细胞
44729;脑膜炎
44730;脑贫血
44731;杂谷脑
44732;紧巴巴
44733;美联储
44734;易建联
44735;联盟号
44736;福建省
44737;代理商
44738;批发商
44739;经销商
44740;供货商
44741;供销商
44742;承销商
44743;拍卖商
44744;李商隐
44745;证券商
44746;杂货商
44747;零售商
44748;使免除
44749;除湿器
44750;担架床
44751;胁从犯
44752;演播室
44753;吸血鬼
44754;低血压
44755;败血症
44756;晕血症
44757;毛血旺
44758;洒狗血
44759;血吸虫
44760;血细胞
44761;血蓝素
44762;贫血症
44763;充值卡
44764;储值卡
44765;非峰值
44766;亚麻酸
44767;局麻药
44768;密麻麻
44769;找麻烦
44770;添麻烦
44771;蛇麻草
44772;麻豆镇
44773;麻醉药
44774;麻黄素
44775;库模块
44776;核模型
44777;模块板
44778;倍足纲
44779;倍足类
44780;千足虫
44781;补足额
44782;苏易简
44783;贸易额
44784;五步蛇
44785;浅黄色
44786;黄梅戏
44787;黄牛票
44788;黄绿色
44789;黄脸婆
44790;黄花鱼
44791;黄金档
44792;核黄素
44793;黄帝族
44794;黄庭坚
44795;黄父鬼
44796;黄铁矿
44797;祝贺词
44798;张静初
44799;阿初佛
44800;机器人
44801;加湿器
44802;加速器
44803;感应器
44804;探测器
44805;散热器
44806;核武器
44807;生殖器
44808;警报器
44809;读卡器
44810;变压器
44811;阅读器
44812;离合器
44813;显示器
44814;倍增器
44815;倍频器
44816;元器件
44817;兵器术
44818;呼叫器
44819;呼吸器
44820;喷洒器
44821;坐便器
44822;压缩器
44823;存储器
44824;寄存器
44825;捉捕器
44826;捕鼠器
44827;扫描器
44828;扩胸器
44829;检测器
44830;减震器
44831;测径器
44832;源器官
44833;示波器
44834;细胞器
44835;编码器
44836;编译器
44837;编辑器
44838;缓冲器
44839;缓降器
44840;译码器
44841;蹲便器
44842;适配器
44843;避雷器
44844;锁存器
44845;预防器
44846;索非亚
44847;非吸烟
44848;非层状
44849;非政府
44850;非规整
44851;非预谋
44852;敲丧钟
44853;使厌烦
44854;使困扰
44855;使愤怒
44856;使湿透
44857;劝农使
44858;一系列
44859;银河系
44860;介系词
44861;志留系
44862;被侵害
44863;感叹号
44864;特大号
44865;省略号
44866;号召力
44867;惊叹号
44868;创刊号
44869;圆括号
44870;尖括号
44871;序列号
44872;挂号证
44873;拨号盘
44874;破折号
44875;虚缺号
44876;号码牌
44877;老百姓
44878;百分百
44879;百分点
44880;百老汇
44881;敌百虫
44882;李百药
44883;百叶箱
44884;百灵鸟
44885;反义词
44886;同义词
44887;有意义
44888;义勇军
44889;义乌市
44890;近义词
44891;引申义
44892;波义耳
44893;义和乱
44894;义和团
44895;义父母
44896;义竹乡
44897;否决权
44898;决胜负
44899;决策树
44900;决议案
44901;喜来登
44902;登陆舰
44903;乱糟糟
44904;乱弹琴
44905;武则天
44906;寒武纪
44907;核武库
44908;武康镇
44909;顾炎武
44910;餐桌盐
44911;沙祖康
44912;冷却塔
44913;冷森森
44914;冷藏箱
44915;利比亚
44916;东北亚
44917;诺基亚
44918;不亚于
44919;亚热带
44920;亚细亚
44921;亚运会
44922;亚运村
44923;大亚湾
44924;几内亚
44925;热那亚
44926;赞比亚
44927;亚巴郎
44928;亚松森
44929;亚该亚
44930;亚齐省
44931;米该亚
44932;偶像剧
44933;毛塑像
44934;约但河
44935;向右拐
44936;向左拐
44937;巴不得
44938;夹尾巴
44939;巴林右
44940;巴林左
44941;巴豆属
44942;巴豆树
44943;抽嘴巴
44944;拖尾巴
44945;松巴哇
44946;波拿巴
44947;狠巴巴
44948;留尾巴
44949;蒙巴顿
44950;猪尾巴
44951;辛巴威
44952;阿米巴
44953;卷层云
44954;层积云
44955;卷积云
44956;波状云
44957;漏斗云
44958;启示录
44959;创纪录
44960;破纪录
44961;瞧着办
44962;软着陆
44963;养老院
44964;培养基
44965;培养液
44966;营养液
44967;养鱼池
44968;哈密瓜
44969;密封胶
44970;密歇根
44971;密码锁
44972;输密码
44973;麦阿密
44974;回锅肉
44975;东坡肉
44976;瘦肉精
44977;红烧肉
44978;滚刀肉
44979;烤肉酱
44980;甜酸肉
44981;米粉肉
44982;糖醋肉
44983;肉毒素
44984;五毛党
44985;毛绒绒
44986;羽毛笔
44987;住宅楼
44988;暂住证
44989;便条纸
44990;讨便宜
44991;迷幻药
44992;太原市
44993;犹太人
44994;老太婆
44995;元太祖
44996;太史令
44997;太极剑
44998;太液池
44999;姨太太
45000;张太雷
45001;皇太极
45002;吸烟室
45003;烟幕弹
45004;志留纪
45005;判断力
45006;冲断层
45007;隔断板
45008;形容词
45009;条形码
45010;伞形科
45011;冠形词
45012;异形词
45013;帮倒忙
45014;原材料
45015;塑料袋
45016;乏燃料
45017;核燃料
45018;研磨料
45019;软饮料
45020;抽象域
45021;抽象词
45022;共和党
45023;亲和力
45024;共和派
45025;和田河
45026;和田玉
45027;沙和尚
45028;被和谐
45029;议和团
45030;京都府
45031;身份证
45032;居住证
45033;许可证
45034;驾驶证
45035;验证码
45036;存款证
45037;证券委
45038;子公司
45039;副司令
45040;司令官
45041;律政司
45042;刺激素
45043;雄激素
45044;姑奶奶
45045;姨奶奶
45046;毒奶粉
45047;独木桥
45048;卡夫卡
45049;纳杰夫
45050;阿列夫
45051;星期五
45052;礼拜五
45053;五峰乡
45054;五股乡
45055;毕宿五
45056;铁板烧
45057;七巧板
45058;剪贴板
45059;压舌板
45060;弹跳板
45061;拼板胶
45062;挡泥板
45063;板梁桥
45064;板条箱
45065;条板箱
45066;涨停板
45067;触控板
45068;跌停板
45069;显示板
45070;鱼尾板
45071;简谐波
45072;洗衣粉
45073;玉米粉
45074;肥田粉
45075;暖融融
45076;信用卡
45077;借记卡
45078;刮刮卡
45079;卡宾枪
45080;存储卡
45081;尤卡坦
45082;圣诞卡
45083;显示卡
45084;置换群
45085;翻跟斗
45086;历史剧
45087;佛朗哥
45088;八哥狗
45089;阿兵哥
45090;旧皇历
45091;基本上
45092;基本功
45093;基本点
45094;基督徒
45095;自由基
45096;乙氧基
45097;乙酸基
45098;基础课
45099;基谐波
45100;基诺族
45101;威基基
45102;敌基督
45103;洋基队
45104;甲氧基
45105;肯塔基
45106;零基础
45107;恶作剧
45108;恶狠狠
45109;恶凶凶
45110;怀疑派
45111;漫画家
45112;招贴画
45113;继承权
45114;继父母
45115;细胞核
45116;细胞毒
45117;细胞膜
45118;细菌群
45119;蓝细菌
45120;适配层
45121;多米诺
45122;立方米
45123;米老鼠
45124;普米族
45125;毫米波
45126;玉米糕
45127;玉米饼
45128;的确良
45129;电影院
45130;中科院
45131;敬老院
45132;检察院
45133;歌剧院
45134;研究院
45135;美容院
45136;监察院
45137;众议院
45138;育幼院
45139;艺术家
45140;美术馆
45141;艺术节
45142;印刷术
45143;核技术
45144;阿富汗
45145;富良野
45146;史景迁
45147;优先股
45148;先锋队
45149;急先锋
45150;丈母娘
45151;母亲节
45152;父母亲
45153;叔丈母
45154;叔祖母
45155;曾祖母
45156;益母草
45157;祖姑母
45158;祖母绿
45159;祖父母
45160;圣母峰
45161;喂母乳
45162;静悄悄
45163;镇静药
45164;静止锋
45165;地铁站
45166;铁观音
45167;铁饭碗
45168;雪铁龙
45169;炼铁厂
45170;钢铁厂
45171;铁甲船
45172;铁甲舰
45173;存贷款
45174;闪存盘
45175;守护神
45176;护身符
45177;护发素
45178;监护权
45179;护航舰
45180;护卫舰
45181;洗剪吹
45182;洗碗池
45183;洗脸盆
45184;洗脸盘
45185;集装箱
45186;集邮册
45187;集集镇
45188;吃豆腐
45189;咖啡豆
45190;臭豆腐
45191;磨豆腐
45192;纳豆菌
45193;豆薯属
45194;源代码
45195;桃源乡
45196;呼吸道
45197;呼啦啦
45198;招呼站
45199;阿爸父
45200;销售额
45201;承销团
45202;返销粮
45203;作曲家
45204;圆舞曲
45205;触技曲
45206;钢曲尺
45207;零曲率
45208;维生素
45209;抗生素
45210;抗毒素
45211;矮壮素
45212;纯素颜
45213;肠毒素
45214;胆绿素
45215;叶绿素
45216;蛇毒素
45217;类毒素
45218;曾祖父
45219;父执辈
45220;祖父辈
45221;蓝精灵
45222;威灵顿
45223;惠灵顿
45224;灵恩派
45225;灵谷寺
45226;灵猫类
45227;普宁市
45228;宁夏省
45229;灭虫宁
45230;首付款
45231;三文鱼
45232;热带鱼
45233;糖醋鱼
45234;美人鱼
45235;鱼子酱
45236;鱼肚白
45237;鱼肝油
45238;吞拿鱼
45239;娃娃鱼
45240;尖嘴鱼
45241;硬骨鱼
45242;秋刀鱼
45243;胡瓜鱼
45244;软骨鱼
45245;鱼嘴鞋
45246;鱼池乡
45247;北戴河
45248;塞纳河
45249;大渡河
45250;清水河
45251;护城河
45252;汤旺河
45253;约旦河
45254;阿里郎
45255;波阿次
45256;阿木林
45257;阿荣旗
45258;雷诺阿
45259;吸引力
45260;令牌环
45261;优诺牌
45262;冒牌货
45263;挡箭牌
45264;古时候
45265;古装剧
45266;名古屋
45267;蒙古包
45268;蒙古族
45269;古典派
45270;古盗鸟
45271;创可贴
45272;法新社
45273;扶轮社
45274;少林寺
45275;凡士林
45276;吉林省
45277;林心如
45278;红树林
45279;黑森林
45280;冰塔林
45281;秀林乡
45282;针叶林
45283;松露猪
45284;陆均松
45285;鸟松乡
45286;吓破胆
45287;破冰船
45288;破冰舰
45289;破四旧
45290;破甲弹
45291;读破句
45292;局限于
45293;政治局
45294;气象局
45295;环保局
45296;税务局
45297;药监局
45298;规划局
45299;警察局
45300;邮政局
45301;宇航局
45302;监察局
45303;足球队
45304;救援队
45305;骑警队
45306;摩天轮
45307;按摩棒
45308;左至右
45309;李冰冰
45310;冰块盒
45311;冰醋酸
45312;浮冰群
45313;碎冰船
45314;忘八旦
45315;忘忧草
45316;傻乎乎
45317;胖乎乎
45318;堂兄弟
45319;把兄弟
45320;盟兄弟
45321;有效期
45322;熊胆草
45323;紫草科
45324;草木灰
45325;鼠尾草
45326;讨厌鬼
45327;李洪志
45328;张居正
45329;张大千
45330;张学良
45331;张家港
45332;张惠妹
45333;张献忠
45334;张若虚
45335;舒张压
45336;北极光
45337;偏极镜
45338;一团糟
45339;旅行团
45340;旅游团
45341;抱抱团
45342;菌胶团
45343;陪审团
45344;赖校族
45345;检测仪
45346;测距仪
45347;未婚妻
45348;核设施
45349;设圈套
45350;归属感
45351;归属权
45352;紫苏属
45353;偏执型
45354;休息室
45355;地下室
45356;放映室
45357;更衣室
45358;储藏室
45359;签派室
45360;编辑室
45361;阅览室
45362;二手货
45363;便宜货
45364;百货店
45365;杂货店
45366;烂污货
45367;退换货
45368;优惠券
45369;占优势
45370;木聚糖
45371;中草药
45372;吃错药
45373;止痛药
45374;消炎药
45375;退烧药
45376;弹药库
45377;抗菌药
45378;棉药签
45379;杀虫药
45380;杀鼠药
45381;灭鼠药
45382;停靠站
45383;急救站
45384;妙智慧
45385;条件句
45386;软硬件
45387;黑木耳
45388;有木有
45389;番木瓜
45390;白木耳
45391;纳木错
45392;堆积木
45393;木偶秀
45394;木柴堆
45395;木棉科
45396;蓝肤木
45397;软木塞
45398;盐肤木
45399;鸡尾酒
45400;斗鸡眼
45401;剪刀差
45402;秒差距
45403;虎蹲炮
45404;娃娃兵
45405;担架兵
45406;绿旗兵
45407;绿营兵
45408;约束力
45409;括约肌
45410;压岁钱
45411;压压脚
45412;减压症
45413;乌压压
45414;汉元帝
45415;折射率
45416;折旧率
45417;档案馆
45418;误判案
45419;收盘价
45420;营盘镇
45421;研磨盘
45422;执政党
45423;政治家
45424;财政部
45425;执政官
45426;政治史
45427;政治犯
45428;季后赛
45429;足球赛
45430;循环赛
45431;田径赛
45432;赛夏族
45433;追逐赛
45434;邀请赛
45435;科学家
45436;小儿科
45437;本科生
45438;理工科
45439;皮肤科
45440;社科院
45441;科威特
45442;傅科摆
45443;科托努
45444;新乡市
45445;乡下人
45446;七股乡
45447;伸港乡
45448;佳冬乡
45449;六甲乡
45450;六脚乡
45451;四湖乡
45452;寿丰乡
45453;官田乡
45454;左镇乡
45455;玉井乡
45456;田尾乡
45457;竹田乡
45458;绿岛乡
45459;盐井乡
45460;洋漂族
45461;红楼梦
45462;候机楼
45463;宿舍楼
45464;海丰县
45465;沙头角
45466;豆沙包
45467;长沙市
45468;沙悟净
45469;冲击力
45470;怒冲冲
45471;冲积层
45472;专营店
45473;营业额
45474;训练营
45475;戴维营
45476;玉泉营
45477;有钱人
45478;摇钱树
45479;谋杀案
45480;杀人犯
45481;谋杀罪
45482;千岛湖
45483;千佛洞
45484;千岛酱
45485;千斤顶
45486;幻灯片
45487;聚光灯
45488;闯红灯
45489;吸顶灯
45490;燃灯佛
45491;检察官
45492;九官鸟
45493;检控官
45494;裁判官
45495;奇异果
45496;异读词
45497;势利眼
45498;恶势力
45499;核均势
45500;工作狂
45501;狂欢节
45502;乙酸根
45503;警察厅
45504;西班牙
45505;牙买加
45506;葡萄牙
45507;塔列朗
45508;微积分
45509;慢累积
45510;厌氧菌
45511;卫生纸
45512;卫生部
45513;土卫六
45514;必胜客
45515;维也纳
45516;副总统
45517;总统府
45518;统治权
45519;劳力士
45520;劳动节
45521;洞庭湖
45522;青海湖
45523;润肤乳
45524;润肤露
45525;舒肤佳
45526;散散步
45527;散腿裤
45528;核扩散
45529;摇摆舞
45530;焦糖舞
45531;舞厅舞
45532;瓜拿纳
45533;辛普森
45534;承受力
45535;显示屏
45536;汤显祖
45537;腐败罪
45538;星期四
45539;四人帮
45540;四季豆
45541;四月份
45542;四环素
45543;四脚蛇
45544;捉迷藏
45545;藏猫猫
45546;才艺秀
45547;背阔肌
45548;背靠背
45549;靠背椅
45550;微波炉
45551;冲击波
45552;超声波
45553;偏振波
45554;波塞冬
45555;炸薯条
45556;吸虫纲
45557;肝吸虫
45558;被禁止
45559;国防部
45560;消防队
45561;防火墙
45562;防盗门
45563;预防针
45564;来得及
45565;双子座
45566;双人床
45567;双休日
45568;双氧水
45569;双流县
45570;双立人
45571;发烧友
45572;燃烧弹
45573;烧烤酱
45574;守旧派
45575;三脚架
45576;抱佛脚
45577;脚气病
45578;高脚杯
45579;挖墙脚
45580;脚孤拐
45581;脚违例
45582;土包子
45583;土家族
45584;冻土层
45585;土库镇
45586;土拨鼠
45587;土皇帝
45588;筑土墙
45589;腐殖土
45590;武汉市
45591;汉武帝
45592;汉献帝
45593;汉宣帝
45594;汉旺镇
45595;汉诺威
45596;换挡杆
45597;换档杆
45598;爬虫类
45599;祖鸟类
45600;类乌齐
45601;幽默感
45602;救济粮
45603;救灾款
45604;日环食
45605;连环画
45606;主导权
45607;债权人
45608;专利权
45609;所有权
45610;投票权
45611;控制权
45612;拥有权
45613;权威性
45614;发言权
45615;自主权
45616;著作权
45617;财产权
45618;选举权
45619;隐私权
45620;审判权
45621;授权令
45622;版权页
45623;王八蛋
45624;八音盒
45625;猪八戒
45626;八八六
45627;八珍汤
45628;丑八怪
45629;党八股
45630;政治学
45631;自治县
45632;长治市
45633;甲骨文
45634;骨灰盒
45635;佛骨塔
45636;骨肥厚
45637;骨都都
45638;鼻甲骨
45639;潜规则
45640;娃娃脸
45641;瓜子脸
45642;脸蛋儿
45643;哭丧脸
45644;巨蛇尾
45645;餐巾纸
45646;实际上
45647;停靠港
45648;耳边风
45649;感冒药
45650;印刷版
45651;盗版党
45652;拼刺刀
45653;翻白眼
45654;翻旧账
45655;小卖部
45656;拍卖会
45657;贷款率
45658;奔奔族
45659;活脱脱
45660;脱衣服
45661;担架抬
45662;急拍拍
45663;闹矛盾
45664;戒严令
45665;太平洋
45666;北冰洋
45667;印度洋
45668;懒洋洋
45669;暖洋洋
45670;洋娃娃
45671;洋紫苏
45672;横须贺
45673;佛跳墙
45674;老佛爷
45675;共谋罪
45676;灭种罪
45677;怪叔叔
45678;泡泡糖
45679;葡萄糖
45680;抱粗腿
45681;检毒盒
45682;检毒箱
45683;中纪委
45684;纪念品
45685;纪念堂
45686;纪念馆
45687;泥盆纪
45688;震旦纪
45689;普希金
45690;普通人
45691;汤普森
45692;替罪羊
45693;玉皇顶
45694;茶叶蛋
45695;退休金
45696;乳酸菌
45697;乙酸盐
45698;腐殖酸
45699;酸葡萄
45700;酸辣汤
45701;酸辣酱
45702;盐酸盐
45703;农民工
45704;加农炮
45705;农作物
45706;印度人
45707;印第安
45708;虚荣心
45709;杂志社
45710;关键词
45711;语气词
45712;花露水
45713;露一手
45714;利润率
45715;占有率
45716;失业率
45717;得票率
45718;支持率
45719;收益率
45720;死亡率
45721;点击率
45722;磨损率
45723;贫困率
45724;缺乏症
45725;缺氧症
45726;谈恋爱
45727;核谈判
45728;谈判桌
45729;圆明园
45730;圆滚滚
45731;圆珠笔
45732;圆屋顶
45733;圆鼓鼓
45734;北朝鲜
45735;朝阳门
45736;朝鲜族
45737;李朝威
45738;吉野家
45739;探险家
45740;工作组
45741;组织者
45742;软组织
45743;博物馆
45744;体育馆
45745;咖啡馆
45746;游泳馆
45747;照相馆
45748;领事馆
45749;猪仔馆
45750;机顶盒
45751;顶刮刮
45752;急诊室
45753;珍珠港
45754;船籍港
45755;避税港
45756;海明威
45757;示威者
45758;负责任
45759;导火索
45760;毕加索
45761;高加索
45762;悬索桥
45763;索杰纳
45764;李嘉诚
45765;李诚恩
45766;江阴市
45767;阴暗面
45768;阴谋论
45769;阴道炎
45770;笔记本
45771;铅笔盒
45772;卷笔刀
45773;铅笔刀
45774;原子弹
45775;照明弹
45776;读后感
45777;史诗般
45778;文学史
45779;近代史
45780;圣诞节
45781;朝圣者
45782;圣诞树
45783;圣诞岛
45784;强迫症
45785;后遗症
45786;并发症
45787;健忘症
45788;多动症
45789;夜盲症
45790;失忆症
45791;孤独症
45792;焦虑症
45793;症候群
45794;肥胖症
45795;自闭症
45796;保险柜
45797;保险箱
45798;保险费
45799;夹竹桃
45800;段玉裁
45801;纳税人
45802;摩纳哥
45803;纳西族
45804;额济纳
45805;麦纳麦
45806;上班族
45807;水族箱
45808;追星族
45809;吊瓶族
45810;雷朗族
45811;后视镜
45812;放大镜
45813;显微镜
45814;薄透镜
45815;李敏勇
45816;死胡同
45817;夏敬渠
45818;两下子
45819;两码事
45820;被告人
45821;司令部
45822;夏令营
45823;禁酒令
45824;悬赏令
45825;共产党
45826;国民党
45827;民进党
45828;反对党
45829;多党制
45830;民主党
45831;亲民党
45832;革命党
45833;黑手党
45834;党中央
45835;党代会
45836;九月份
45837;九层塔
45838;村委会
45839;阿华田
45840;李嘉欣
45841;李明博
45842;李登辉
45843;行李架
45844;李延寿
45845;星期六
45846;六合彩
45847;六月份
45848;礼拜六
45849;第六感
45850;六库镇
45851;七月份
45852;七龙珠
45853;七叶树
45854;派出所
45855;保守派
45856;印象派
45857;反动派
45858;反对派
45859;学院派
45860;乐天派
45861;现代派
45862;自由派
45863;苹果派
45864;洞察力
45865;建筑群
45866;战斗群
45867;群英会
45868;苏打水
45869;苏打粉
45870;苏东坡
45871;渡轮船
45872;陆丰市
45873;陆征祥
45874;贝雷帽
45875;避雷针
45876;雷峰塔
45877;雷阵雨
45878;扫雷舰
45879;小树林
45880;植树节
45881;树袋熊
45882;龙血树
45883;针叶树
45884;中间层
45885;大气层
45886;煤层气
45887;臭氧层
45888;领导层
45889;大范围
45890;规范化
45891;罪与罚
45892;审判席
45893;审判庭
45894;审判栏
45895;检查站
45896;协奏曲
45897;占便宜
45898;审判长
45899;评审团
45900;乌审旗
45901;偏执狂
45902;副作用
45903;副总裁
45904;副主任
45905;副产品
45906;副总理
45907;抵抗力
45908;嫌疑犯
45909;宣传部
45910;增值税
45911;所得税
45912;消费税
45913;营业税
45914;一阵子
45915;大块头
45916;模块化
45917;巴厘岛
45918;青岛市
45919;吉之岛
45920;崇明岛
45921;巴里岛
45922;台湾岛
45923;金门岛
45924;库页岛
45925;托儿所
45926;核动力
45927;核弹头
45928;核爆炸
45929;肺结核
45930;苹果核
45931;程序员
45932;证监会
45933;旗舰店
45934;总编辑
45935;咖啡屋
45936;枪击案
45937;金枪鱼
45938;枪杆子
45939;机关枪
45940;火枪手
45941;冲锋枪
45942;周恩来
45943;感恩节
45944;梯恩梯
45945;一席话
45946;驾驶席
45947;唱诗班
45948;打油诗
45949;百叶窗
45950;秋叶原
45951;捕虫叶
45952;交易额
45953;输入法
45954;摇滚乐
45955;基督城
45956;毁灭性
45957;修理厂
45958;兵工厂
45959;出厂价
45960;加工厂
45961;化工厂
45962;印刷厂
45963;啤酒厂
45964;炼油厂
45965;发电厂
45966;制造厂
45967;炼钢厂
45968;侧刀旁
45969;文化宫
45970;张艺谋
45971;孙悟空
45972;外孙女
45973;撑杆跳
45974;景德镇
45975;城镇化
45976;清镇市
45977;虎门镇
45978;镇江市
45979;镇痛药
45980;虎尾镇
45981;闹洞房
45982;培训班
45983;台儿庄
45984;塔利班
45985;塔里木
45986;东京塔
45987;象牙塔
45988;电视塔
45989;受访者
45990;内蒙古
45991;灰蒙蒙
45992;蒙蒙亮
45993;蒙古人
45994;蒙太奇
45995;蒙嘉慧
45996;求知欲
45997;卷铺盖
45998;弄明白
45999;几十亿
46000;异教徒
46001;安徒生
46002;齐刷刷
46003;水果刀
46004;窗玻璃
46005;半透明
46006;替代品
46007;瓶塞钻
46008;老虎机
46009;墨绿色
46010;绿油油
46011;鸭绿江
46012;蓝绿菌
46013;三轮车
46014;数据库
46015;停车库
46016;冷冻库
46017;基因库
46018;小金库
46019;知识库
46020;资料库
46021;军火库
46022;尾矿库
46023;尤其是
46024;竞争者
46025;零售店
46026;指南针
46027;杰西卡
46028;自尊心
46029;感染力
46030;污染物
46031;金瓶梅
46032;伸懒腰
46033;硬生生
46034;硬碰硬
46035;保健操
46036;操纵杆
46037;赞助商
46038;交汇处
46039;天蓝色
46040;板蓝根
46041;呼啦圈
46042;啦啦队
46043;争夺战
46044;小汽车
46045;独裁者
46046;休止符
46047;触摸屏
46048;哭丧棒
46049;债务人
46050;乌龙茶
46051;乌冬面
46052;乌干达
46053;乌骨鸡
46054;倾向于
46055;倾听者
46056;火烈鸟
46057;渡渡鸟
46058;鸟澡盆
46059;狗仔队
46060;仪表盘
46061;地球仪
46062;投影仪
46063;扫描仪
46064;眼珠子
46065;毛毛虫
46066;可怜虫
46067;高架桥
46068;五粮液
46069;压缩机
46070;灰姑娘
46071;开幕式
46072;裂殖菌
46073;横隔膜
46074;中耳炎
46075;气管炎
46076;结膜炎
46077;肠胃炎
46078;关节炎
46079;盲肠炎
46080;胸膜炎
46081;帅呆了
46082;干细胞
46083;白细胞
46084;细胞壁
46085;孤零零
46086;拖后腿
46087;胆小鬼
46088;辩证法
46089;辩护人
46090;一个劲
46091;不得劲
46092;救生圈
46093;演艺圈
46094;凶杀案
46095;凶巴巴
46096;矿泉水
46097;矿物质
46098;峰峰矿
46099;吹风机
46100;世界杯
46101;玻璃杯
46102;摄影师
46103;忍耐力
46104;肩并肩
46105;梁启超
46106;顶梁柱
46107;王府井
46108;龙井茶
46109;薄烤饼
46110;大幅度
46111;番茄汁
46112;垃圾箱
46113;大满贯
46114;滑鼠蛇
46115;一身汗
46116;水墨画
46117;土豆泥
46118;休闲裤
46119;休闲鞋
46120;贵宾室
46121;新加坡
46122;下坡路
46123;燃烧瓶
46124;炼焦炉
46125;连锁店
46126;牛仔裤
46127;放爆竹
46128;南昌县
46129;宜昌市
46130;西昌市
46131;赖昌星
46132;都昌县
46133;钢琴家
46134;钢琴师
46135;玻璃钢
46136;寄件人
46137;蛋花汤
46138;司马迁
46139;紫禁城
46140;紫红色
46141;葡萄紫
46142;吐苦水
46143;走弯路
46144;夜猫子
46145;大熊猫
46146;躲猫猫
46147;小提琴
46148;大提琴
46149;手风琴
46150;电子琴
46151;香喷喷
46152;喷水池
46153;抗菌素
46154;致病菌
46155;亏心事
46156;安全帽
46157;雨夹雪
46158;夹生饭
46159;收藏夹
46160;文件夹
46161;古铜色
46162;青铜器
46163;吊档裤
46164;慢吞吞
46165;乳白色
46166;洁面乳
46167;羊肉串
46168;嘉兴市
46169;氧化物
46170;羽绒服
46171;博览会
46172;展览会
46173;展览馆
46174;清真寺
46175;白马寺
46176;俱乐部
46177;长舌妇
46178;鸭舌帽
46179;电线杆
46180;聚宝盆
46181;半吊子
46182;吊带衫
46183;平底锅
46184;葡萄酒
46185;胶合板
46186;睡懒觉
46187;棒棒糖
46188;葡萄汁
46189;番茄酱
46190;景洪市
46191;洪秀全
46192;反应堆
46193;垃圾堆
46194;殖民地
46195;殖民者
46196;吓一跳
46197;贡献者
46198;机械师
46199;地头蛇
46200;水蛇腰
46201;白蛇传
46202;响尾蛇
46203;圆柱形
46204;赔偿金
46205;搬运工
46206;太仓市
46207;盐湖城
46208;辅导员
46209;辅导班
46210;任务栏
46211;降落伞
46212;保护伞
46213;抄近路
46214;交叉口
46215;交叉点
46216;泼冷水
46217;泼水节
46218;刮胡刀
46219;巩义市
46220;踢踏舞
46221;鼻烟壶
46222;咸水湖
46223;咸鸭蛋
46224;西红柿
46225;一如既往
46226;一无所有
46227;独一无二
46228;百里挑一
46229;一一对应
46230;一一映射
46231;一中一台
46232;一中原则
46233;一之为甚
46234;一之谓甚
46235;一干二净
46236;一了百了
46237;一五一十
46238;一来二去
46239;一个劲儿
46240;一刀两断
46241;一分为二
46242;一切事物
46243;一切就绪
46244;一刻千金
46245;一去不回
46246;一反常态
46247;一口咬定
46248;一口气儿
46249;一吐为快
46250;一呼百诺
46251;一唱一和
46252;一国两制
46253;一多对应
46254;一夜露水
46255;一大早儿
46256;一天到晚
46257;一夫一妻
46258;一如所料
46259;一字不提
46260;一字不识
46261;一字之师
46262;一字千金
46263;一小部分
46264;一小阵儿
46265;一展身手
46266;一席之地
46267;一带而过
46268;一年到头
46269;一年半载
46270;一年四季
46271;一式二份
46272;一往情深
46273;一往无前
46274;一念之差
46275;一意孤行
46276;一房一厅
46277;一把死拿
46278;一折两段
46279;一拍两散
46280;一拍即合
46281;一扫而空
46282;一挥而就
46283;一拥而上
46284;一拥而入
46285;一击入洞
46286;一文不名
46287;一日三秋
46288;一日三餐
46289;一日千里
46290;一时半刻
46291;一时半会
46292;一暴十寒
46293;一望而知
46294;一本正经
46295;一本万利
46296;一东一西
46297;一板一眼
46298;一板三眼
46299;一杆进洞
46300;一概而论
46301;一次方程
46302;一次总付
46303;一步登天
46304;一毛不拔
46305;一清二楚
46306;一清二白
46307;一无所动
46308;一无所闻
46309;一无所长
46310;一无是处
46311;一盘散沙
46312;一目十行
46313;一直以来
46314;一直往前
46315;一相情愿
46316;一眼望去
46317;一眼看穿
46318;一知半解
46319;一笑了之
46320;一笑置之
46321;一纸空文
46322;一级士官
46323;一线之间
46324;一线微光
46325;一声不响
46326;一举成功
46327;一般来说
46328;一般来讲
46329;一般原则
46330;一般而言
46331;一般见识
46332;一般规定
46333;一般说来
46334;一般贸易
46335;一叶知秋
46336;一叶障目
46337;一号木杆
46338;一号电池
46339;一衣带水
46340;一见倾心
46341;一见钟情
46342;一见高低
46343;一觉醒来
46344;一角银币
46345;一言千金
46346;一言为定
46347;一言为重
46348;一语不发
46349;一语道破
46350;一语双关
46351;一诺千金
46352;一走了之
46353;一路平安
46354;一路顺风
46355;一跃而起
46356;一身是胆
46357;一较高下
46358;一钱不值
46359;一错再错
46360;一门心思
46361;一灵真性
46362;一面之交
46363;一马当先
46364;一体两面
46365;一点一滴
46366;一点一点
46367;一点邻域
46368;一党专制
46369;一鼓作气
46370;七分之一
46371;三位一体
46372;不一而足
46373;不一致字
46374;不值一文
46375;不免一死
46376;不可一世
46377;不名一文
46378;不止一次
46379;不经一事
46380;不赞一词
46381;不顾一切
46382;世界第一
46383;九分之一
46384;九死一生
46385;九牛一毛
46386;二分之一
46387;二十一条
46388;二十一点
46389;二者之一
46390;五七一代
46391;五分之一
46392;什一奉献
46393;付之一叹
46394;付之一笑
46395;以防万一
46396;使成一体
46397;值得一提
46398;克当一面
46399;全场一致
46400;八分之一
46401;六分之一
46402;冰山一角
46403;别具一格
46404;别树一旗
46405;划一不二
46406;十一月份
46407;十分之一
46408;千虑一失
46409;千虑一得
46410;千金一诺
46411;反咬一口
46412;反正一样
46413;取得一致
46414;另一方面
46415;各执一词
46416;合众为一
46417;合而为一
46418;同声一哭
46419;告一段落
46420;周三径一
46421;和平统一
46422;单一货币
46423;多此一举
46424;大一统志
46425;大吃一惊
46426;天下第一
46427;天人合一
46428;始终如一
46429;家人一等
46430;专心一意
46431;差一点儿
46432;年复一年
46433;弱电统一
46434;从一而终
46435;心口不一
46436;心口如一
46437;打成一片
46438;政教合一
46439;整齐划一
46440;文武合一
46441;春风一度
46442;最后一天
46443;有一点儿
46444;有得一比
46445;未达一间
46446;正月初一
46447;步调一致
46448;每年一度
46449;每周一次
46450;水天一色
46451;注音一式
46452;洞察一切
46453;混为一谈
46454;满场一致
46455;济济一堂
46456;独出一时
46457;独当一面
46458;登高一呼
46459;白跑一趟
46460;百无一失
46461;盛极一时
46462;目空一切
46463;众口一词
46464;空跑一趟
46465;空军一号
46466;第一人称
46467;第一国际
46468;第一夫人
46469;第一季度
46470;第一产业
46471;第一象限
46472;等一下儿
46473;等一会儿
46474;统一口径
46475;统一思想
46476;统一战线
46477;统一招生
46478;统一发票
46479;统一规划
46480;统一资源
46481;网开一面
46482;缩成一团
46483;聚在一起
46484;闻一知十
46485;背城借一
46486;自成一家
46487;举一反三
46488;万无一失
46489;万众一心
46490;融合为一
46491;融为一体
46492;表里不一
46493;表里如一
46494;言行一致
46495;言行若一
46496;说一不二
46497;这一阵子
46498;这样一来
46499;过一会儿
46500;重新统一
46501;面目一新
46502;风行一时
46503;饱餐一顿
46504;高人一等
46505;松一口气
46506;不为人知
46507;乱世佳人
46508;出人意料
46509;意大利人
46510;才子佳人
46511;乐于助人
46512;自欺欺人
46513;三人口气
46514;三人成虎
46515;不可告人
46516;不如人意
46517;不得人心
46518;不省人事
46519;不近人情
46520;丢人现眼
46521;中国人大
46522;中老年人
46523;主管人员
46524;乏人照顾
46525;乘人不备
46526;乘人之危
46527;予人口实
46528;事在人为
46529;二人世界
46530;二号人物
46531;人之常情
46532;人事管理
46533;人事部门
46534;人五人六
46535;人人有责
46536;人位相宜
46537;人杰地灵
46538;人力资源
46539;人力车夫
46540;人口密度
46541;人口普查
46542;人口调查
46543;人命关天
46544;人困马乏
46545;人寿保险
46546;人寿年丰
46547;人多势众
46548;人字拖鞋
46549;人定胜天
46550;人工呼吸
46551;人工授精
46552;人工智慧
46553;人工智能
46554;人工概念
46555;人工流产
46556;人工照亮
46557;人心所向
46558;人心难测
46559;人情世故
46560;人情味儿
46561;人所共知
46562;人才外流
46563;人才流失
46564;人才济济
46565;人文主义
46566;人文景观
46567;人文社科
46568;人模狗样
46569;人机界面
46570;人权观察
46571;人权斗士
46572;人民代表
46573;人民公敌
46574;人民公社
46575;人民利益
46576;人民币元
46577;人民广场
46578;人民政府
46579;人民日报
46580;人民法院
46581;人民警察
46582;人民起义
46583;人民银行
46584;人民阵线
46585;人流手术
46586;人浮于事
46587;人物描写
46588;人琴俱亡
46589;人生如梦
46590;人生朝露
46591;人尽其才
46592;人尽其材
46593;人种差别
46594;人称代词
46595;人穷志短
46596;人给家足
46597;人肉搜索
46598;人蛇集团
46599;人行横道
46600;人见人爱
46601;人谁无过
46602;人证物证
46603;人身事故
46604;人身安全
46605;人身攻击
46606;人车混行
46607;人造天体
46608;人造卫星
46609;人造语言
46610;人道救援
46611;人间佛教
46612;人间喜剧
46613;人间天堂
46614;人际关系
46615;人头蛇身
46616;人类学家
46617;人类起源
46618;人体器官
46619;人高马大
46620;人鱼小姐
46621;代表人物
46622;令人不快
46623;令人吃惊
46624;令人振奋
46625;令人满意
46626;令人兴奋
46627;令人惊异
46628;令人发指
46629;令人鼓舞
46630;以人废言
46631;以人为本
46632;以本人名
46633;以色列人
46634;以貌取人
46635;仰人鼻息
46636;任人唯亲
46637;佳人才子
46638;使人信服
46639;俗世奇人
46640;保安人员
46641;个人伤害
46642;个人崇拜
46643;个人卫生
46644;个人隐私
46645;个人电脑
46646;傍人门户
46647;传奇人物
46648;伤残人员
46649;先发制人
46650;先声夺人
46651;全国人大
46652;全体人员
46653;公务人员
46654;公众人物
46655;公职人员
46656;共和党人
46657;冷语冰人
46658;出人意外
46659;出人意表
46660;分析人士
46661;判若两人
46662;助人为乐
46663;劳动人民
46664;势利小人
46665;千古罪人
46666;半人马座
46667;印第安人
46668;危重病人
46669;去台人员
46670;反人道罪
46671;反人类罪
46672;反面人物
46673;司售人员
46674;司法人员
46675;各界人士
46676;吉普塞人
46677;吉普赛人
46678;同道中人
46679;名从主人
46680;商人银行
46681;因人成事
46682;土耳其人
46683;地利人和
46684;地勤人员
46685;塔吉克人
46686;塔塔儿人
46687;墨西哥人
46688;夏尔巴人
46689;外籍华人
46690;夜深人静
46691;大快人心
46692;大有人在
46693;天人感应
46694;女主人公
46695;女继承人
46696;好为人师
46697;妇道人家
46698;家破人亡
46699;家给人足
46700;专业人才
46701;专门人员
46702;居礼夫人
46703;工人日报
46704;工人阶级
46705;工作人员
46706;差强人意
46707;已作故人
46708;平易近人
46709;库尔德人
46710;建筑工人
46711;引人入胜
46712;引人注意
46713;引人注目
46714;强人所难
46715;待人接物
46716;后继乏人
46717;后继有人
46718;后继无人
46719;从井救人
46720;从业人员
46721;急人之难
46722;恶言伤人
46723;恶语伤人
46724;爱人如己
46725;感染人数
46726;惨无人道
46727;户告人晓
46728;才气过人
46729;才识过人
46730;托利党人
46731;技术人员
46732;拖人下水
46733;招人喜欢
46734;拜人为师
46735;拾人牙慧
46736;舍己救人
46737;舍己为人
46738;探雷人员
46739;损人利己
46740;政治人物
46741;政通人和
46742;救护人员
46743;敢为人先
46744;文人相轻
46745;新加坡人
46746;新新人类
46747;智谋过人
46748;智障人士
46749;更深人静
46750;月下老人
46751;有人想你
46752;有色人种
46753;木人石心
46754;荣誉军人
46755;机器人学
46756;机械工人
46757;欺人太甚
46758;历史人物
46759;死亡人数
46760;杀人如麻
46761;杀人放火
46762;杀人案件
46763;杀人越货
46764;民主党人
46765;气像人员
46766;水管工人
46767;求助于人
46768;江湖艺人
46769;没人味儿
46770;没有人烟
46771;治病救人
46772;法利赛人
46773;法定人数
46774;活动人士
46775;流动人口
46776;海外华人
46777;深入人心
46778;灭绝人性
46779;演艺人员
46780;为人师表
46781;无人售票
46782;无人驾驶
46783;无论何人
46784;熟人熟事
46785;物是人非
46786;狂人日记
46787;玩人丧德
46788;产业工人
46789;用人经费
46790;异议人士
46791;白色人种
46792;百年树人
46793;百岁老人
46794;百眼巨人
46795;盲人摸象
46796;真人真事
46797;众人敬仰
46798;知名人士
46799;研究人员
46800;神爱世人
46801;神成为人
46802;神职人员
46803;礼教吃人
46804;科学怪人
46805;科技人员
46806;科研人员
46807;空中飞人
46808;纸人纸马
46809;绝世佳人
46810;绝代佳人
46811;维权人士
46812;美国人民
46813;美国军人
46814;耐人寻味
46815;圣诞老人
46816;自我的人
46817;与人为善
46818;花边人物
46819;万人之敌
46820;葡萄牙人
46821;血口喷人
46822;被上诉人
46823;制鞋工人
46824;规划人员
46825;视若路人
46826;观察人士
46827;讨人喜欢
46828;讨人欢心
46829;词人墨客
46830;误人子弟
46831;谁人乐队
46832;调查人员
46833;调研人员
46834;谢尔巴人
46835;费人思索
46836;辉格党人
46837;退伍军人
46838;逼人太甚
46839;游人如织
46840;达官贵人
46841;迁怒于人
46842;医务人员
46843;医护人员
46844;重新做人
46845;钟楼怪人
46846;开发人员
46847;随行人员
46848;双人包夹
46849;离开人世
46850;非异人任
46851;非党人士
46852;项上人头
46853;顺水人情
46854;预谋杀人
46855;头面人物
46856;风土人情
46857;风云人物
46858;余光分人
46859;马尔他人
46860;惊人之举
46861;鬼怕恶人
46862;鲜为人知
46863;党外人士
46864;龙的传人
46865;天长地久
46866;欢天喜地
46867;上天入地
46868;不共戴天
46869;不终天年
46870;不见天日
46871;乳白天空
46872;伤天害理
46873;别有洞天
46874;前半天儿
46875;包打天下
46876;受命于天
46877;叫苦连天
46878;名满天下
46879;哭声震天
46880;喜从天降
46881;丧天害理
46882;四大天王
46883;四脚朝天
46884;回天乏术
46885;国色天香
46886;埋天怨地
46887;天下大乱
46888;天下太平
46889;天主教徒
46890;天主教会
46891;天公地道
46892;天兵天将
46893;天南海北
46894;天地悬隔
46895;天地良心
46896;天外来客
46897;天孙娘娘
46898;天府之国
46899;天摇地转
46900;天文单位
46901;天文学家
46902;天星码头
46903;天气预报
46904;天水地区
46905;天然本地
46906;天然毒素
46907;天然照亮
46908;天琴星座
46909;天网恢恢
46910;天线宝宝
46911;天花病毒
46912;天路历程
46913;天造地设
46914;天长日久
46915;天门冬科
46916;天雨路滑
46917;天雨顺延
46918;天香国色
46919;天惊石破
46920;天体主义
46921;天体力学
46922;天体物理
46923;太平天国
46924;威震天下
46925;得天独厚
46926;微波天线
46927;怨天载道
46928;恩比天大
46929;应天承运
46930;应天顺时
46931;戴盆望天
46932;托塔天王
46933;扫除天下
46934;摩天大楼
46935;据守天险
46936;数九寒天
46937;日本天皇
46938;昏天黑地
46939;暗无天日
46940;乐天知命
46941;洪福齐天
46942;满天繁星
46943;漫天要价
46944;漫天遍地
46945;漫天遍野
46946;漫天飞舞
46947;物竞天择
46948;皇天后土
46949;石破天惊
46950;炮火连天
46951;终天之恨
46952;听天安命
46953;胡天胡帝
46954;胆大包天
46955;航天中心
46956;航天飞机
46957;花天酒地
46958;融雪天气
46959;逃税天堂
46960;通天彻地
46961;进了天堂
46962;过街天桥
46963;违天害理
46964;重见天日
46965;开天避地
46966;难于登天
46967;雨过天晴
46968;雨过天青
46969;雷达天线
46970;震天动地
46971;露天宿营
46972;顺应天时
46973;头半天儿
46974;黑天半夜
46975;齐天大圣
46976;大吉大利
46977;光明正大
46978;哈哈大笑
46979;大功告成
46980;大吃大喝
46981;大大小小
46982;绝大多数
46983;万事大吉
46984;三官大帝
46985;上海大学
46986;不大离儿
46987;不识大体
46988;不随大流
46989;世宗大王
46990;世界大战
46991;中共九大
46992;中北大学
46993;中原大学
46994;中山大学
46995;久仰大名
46996;久闻大名
46997;二次大战
46998;五大名山
46999;五大连池
47000;五角大楼
47001;交通大学
47002;以小挤大
47003;低音大号
47004;供大于求
47005;傻大个儿
47006;倾盆大雨
47007;全权大使
47008;共商大计
47009;出港大厅
47010;到达大厅
47011;前程远大
47012;剑桥大学
47013;力大无比
47014;加大力度
47015;加大努力
47016;加大油门
47017;北京大学
47018;北大西洋
47019;南京大学
47020;南开大学
47021;博大精深
47022;台湾大学
47023;吉林大学
47024;同济大学
47025;哈佛大学
47026;售票大厅
47027;嘉应大学
47028;四大名著
47029;四大发明
47030;四大盆地
47031;四大美女
47032;四大须生
47033;因小失大
47034;地大物博
47035;地球大气
47036;基因扩大
47037;多大点事
47038;夜郎自大
47039;大不相同
47040;大不里士
47041;大中学生
47042;大便秘结
47043;大修道院
47044;大伤元气
47045;大先知书
47046;大公国际
47047;大公无私
47048;大凡粗知
47049;大出其汗
47050;大力发展
47051;大可不必
47052;大吃二喝
47053;大吃苦头
47054;大吵大闹
47055;大呼小叫
47056;大呼拉尔
47057;大喊大叫
47058;大喜过望
47059;大器晚成
47060;大国家党
47061;大地之歌
47062;大型企业
47063;大大方方
47064;大失所望
47065;大学本科
47066;大学预科
47067;大富大贵
47068;大写字母
47069;大写锁定
47070;大小三度
47071;大度包容
47072;大庭广众
47073;大张旗鼓
47074;大张声势
47075;大彻大悟
47076;大才小用
47077;大投资家
47078;大提琴手
47079;大放光明
47080;大放悲声
47081;大敌当前
47082;大数学家
47083;大日如来
47084;大有作为
47085;大有可为
47086;大有希望
47087;大有文章
47088;大材小用
47089;大柴旦镇
47090;大权在握
47091;大步流星
47092;大武口区
47093;大杀风景
47094;大比目鱼
47095;大气压力
47096;大气压强
47097;大气暖化
47098;大气污染
47099;大气环流
47100;大江南北
47101;大清帝国
47102;大渡口区
47103;大获全胜
47104;大众传播
47105;大众文化
47106;大众汽车
47107;大石桥市
47108;大红鼻子
47109;大义灭亲
47110;大声喊叫
47111;大声疾呼
47112;大声说话
47113;大脑死亡
47114;大肠杆菌
47115;大兴土木
47116;大英帝国
47117;大处着眼
47118;大西洋国
47119;大谈特谈
47120;大费周章
47121;大进大出
47122;大量生产
47123;大限到来
47124;大限临头
47125;大陪审团
47126;大陆漂移
47127;大难不死
47128;大雨如注
47129;大题小作
47130;大显神通
47131;大显身手
47132;大马士革
47133;大惊失色
47134;大麻里乡
47135;大龄青年
47136;女皇大学
47137;好大喜功
47138;安大略湖
47139;安大略省
47140;完事大吉
47141;宽大为怀
47142;宽宏大度
47143;宽宏大量
47144;宽洪大度
47145;宽洪大量
47146;小义大利
47147;小题大做
47148;尺寸过大
47149;尾大不掉
47150;山东大学
47151;山西大学
47152;工业大学
47153;巨大影响
47154;布朗大学
47155;师范大学
47156;年度大会
47157;康庄大道
47158;延边大学
47159;形象大使
47160;复旦大学
47161;采花大盗
47162;放大倍数
47163;教友大会
47164;文件大小
47165;星球大战
47166;春秋大梦
47167;时大时小
47168;智能大楼
47169;晓以大义
47170;最大速率
47171;东京大学
47172;东北大学
47173;东南大学
47174;林阴大道
47175;查理大帝
47176;业余大学
47177;机身宽大
47178;正大光明
47179;武汉大学
47180;民族大学
47181;永乐大典
47182;江南大学
47183;没大改变
47184;没大没小
47185;法轮大法
47186;波恩大学
47187;洋洋大篇
47188;派克大衣
47189;海南大学
47190;海军大校
47191;清华大学
47192;湖南大学
47193;无大无小
47194;理工大学
47195;生杀大权
47196;产粮大省
47197;百团大战
47198;百年大计
47199;百货大楼
47200;盛大舞会
47201;真相大白
47202;督察大队
47203;石投大海
47204;硕大无朋
47205;神经大条
47206;科技大学
47207;空心老大
47208;笑掉大牙
47209;终身大事
47210;总统大选
47211;罪大恶极
47212;群众大会
47213;声名大震
47214;股东大会
47215;肥头大耳
47216;自高自大
47217;华威大学
47218;血盆大口
47219;西南大学
47220;亲善大使
47221;超级大国
47222;跨海大桥
47223;办公大楼
47224;过站大厅
47225;远大理想
47226;医科大学
47227;重大贡献
47228;重庆大学
47229;开大油门
47230;开业大吉
47231;关岛大学
47232;关门大吉
47233;阳关大道
47234;雄才大略
47235;离港大厅
47236;雷大雨小
47237;青马大桥
47238;顾全大局
47239;香港大学
47240;体大思精
47241;齐大非偶
47242;龙头老大
47243;上下其手
47244;上山下乡
47245;上行下效
47246;下不为例
47247;下个星期
47248;下定决心
47249;下寒武统
47250;下属公司
47251;下箭头键
47252;下线仪式
47253;下花园区
47254;下落不明
47255;下面请看
47256;下风方向
47257;不分高下
47258;不在话下
47259;不相上下
47260;久攻不下
47261;二重下标
47262;低三下四
47263;低首下心
47264;兵临城下
47265;列王纪下
47266;列王记下
47267;地下通道
47268;地下铁路
47269;坚持下去
47270;夕阳西下
47271;居高不下
47272;居高临下
47273;忽上忽下
47274;急转直下
47275;情急之下
47276;意下如何
47277;手下留情
47278;承上起下
47279;投井下石
47280;放不下心
47281;月下花前
47282;有两下子
47283;松下公司
47284;松下电器
47285;正中下怀
47286;历代志下
47287;汗如雨下
47288;江河日下
47289;没上没下
47290;泥沙俱下
47291;活不下去
47292;泪如雨下
47293;皮下注射
47294;相持不下
47295;笔下生花
47296;等而下之
47297;声泪俱下
47298;能上能下
47299;自上而下
47300;自下而上
47301;自顶向下
47302;舌下含服
47303;花前月下
47304;落于下风
47305;言下之意
47306;许下愿心
47307;走下坡路
47308;转入地下
47309;乡下习气
47310;骑虎难下
47311;鸟脚下目
47312;一心一意
47313;全心全意
47314;称心如意
47315;随心所欲
47316;佛口蛇心
47317;信息中心
47318;修心养性
47319;伤心惨目
47320;伤心致死
47321;倾心吐胆
47322;净心修身
47323;别有用心
47324;劳心劳力
47325;劳心苦思
47326;口不应心
47327;可心如意
47328;同心协力
47329;同心同德
47330;呼叫中心
47331;商业中心
47332;尝尽心酸
47333;嘴快心直
47334;嘴甜心苦
47335;地心吸力
47336;地心引力
47337;娱乐中心
47338;实心皮球
47339;专心致志
47340;小心眼儿
47341;小食中心
47342;居心不良
47343;居心险恶
47344;工于心计
47345;形丑心善
47346;从心所欲
47347;心中有数
47348;心中有鬼
47349;心乱如麻
47350;心地善良
47351;心存不满
47352;心存怀疑
47353;心安神闲
47354;心宽体胖
47355;心广体胖
47356;心想事成
47357;心服口服
47358;心毒手辣
47359;心灰意懒
47360;心无二用
47361;心烦意乱
47362;心狠手辣
47363;心理作用
47364;心理素质
47365;心理诊所
47366;心理词典
47367;心直口快
47368;心直嘴快
47369;心知肚明
47370;心神不安
47371;心绪不宁
47372;心胸开阔
47373;心脏疾患
47374;心脏移殖
47375;心血来潮
47376;心醉神迷
47377;心灵感应
47378;心领神悟
47379;心领神会
47380;心高气傲
47381;快感中心
47382;思之心痛
47383;怀恨在心
47384;打心眼里
47385;投影中心
47386;指挥中心
47387;挖空心思
47388;掉以轻心
47389;掏心掏肺
47390;放在心上
47391;会心微笑
47392;有同情心
47393;有嘴无心
47394;有好奇心
47395;有进取心
47396;桃花心木
47397;死心眼儿
47398;死心踏地
47399;气体离心
47400;洗心革面
47401;活动中心
47402;深得民心
47403;漠不关心
47404;无所用心
47405;爽心美食
47406;牵心挂肠
47407;独出心裁
47408;用心良苦
47409;用尽心机
47410;异心坏心
47411;疾控中心
47412;目挑心招
47413;真心实意
47414;研究中心
47415;破胆寒心
47416;碎心裂胆
47417;缺心少肺
47418;缺心眼儿
47419;耐心帮助
47420;良工心苦
47421;良苦用心
47422;苦口婆心
47423;苦心经营
47424;茶饭无心
47425;处心积虑
47426;虚心好学
47427;触目伤心
47428;诚心诚意
47429;貌合心离
47430;费尽心思
47431;贸易中心
47432;购物中心
47433;身心交病
47434;身心爽快
47435;身心障碍
47436;通信中心
47437;违心之言
47438;医学中心
47439;长点心眼
47440;革面洗心
47441;鬼由心生
47442;齐心合力
47443;不成样子
47444;不法分子
47445;五倍子树
47446;亚麻子油
47447;公子哥儿
47448;凡夫俗子
47449;出臭子儿
47450;分子医学
47451;分子杂交
47452;分离分子
47453;动嘴皮子
47454;包衣种子
47455;原子半径
47456;原子序数
47457;原子武器
47458;原子爆弹
47459;原子质量
47460;反动分子
47461;反密码子
47462;右派分子
47463;同型配子
47464;四子王旗
47465;回折格子
47466;城子河区
47467;壮起胆子
47468;多子多福
47469;太子太保
47470;太子河区
47471;太阳黑子
47472;夫子自道
47473;妻离子散
47474;子子孙孙
47475;子孙娘娘
47476;子弹火车
47477;子母炮弹
47478;子母炸弹
47479;孤立子波
47480;孙子兵法
47481;孙子定理
47482;将军肚子
47483;小家子气
47484;帽子戏法
47485;座椅套子
47486;微电子学
47487;爱民如子
47488;戴绿帽子
47489;戴高帽子
47490;插入因子
47491;摆花架子
47492;故家子弟
47493;败子回头
47494;敌特分子
47495;日本鬼子
47496;日电电子
47497;早生贵子
47498;有机分子
47499;望子成龙
47500;东洋鬼子
47501;核子医学
47502;格子棉布
47503;格子花呢
47504;梁子湖区
47505;梨园子弟
47506;棒子面儿
47507;极右分子
47508;极端分子
47509;正负电子
47510;武装分子
47511;江湖骗子
47512;活跃分子
47513;浪卡子县
47514;浪子回头
47515;激进分子
47516;狗拿耗子
47517;独山子区
47518;独生子女
47519;男子篮球
47520;异议分子
47521;相夫教子
47522;眼皮子浅
47523;知识分子
47524;石河子市
47525;磨嘴皮子
47526;神的儿子
47527;私生子女
47528;种子植物
47529;种子选手
47530;积极分子
47531;等离子体
47532;精子密度
47533;细胞因子
47534;线性算子
47535;缓发中子
47536;绕弯子儿
47537;考试卷子
47538;圣德太子
47539;舍利子塔
47540;良家女子
47541;花花公子
47542;茄子河区
47543;被子植物
47544;亲子鉴定
47545;亲生子女
47546;诸子十家
47547;诸子百家
47548;护身符子
47549;猫哭耗子
47550;遗妻弃子
47551;量子力学
47552;量子场论
47553;铁板茄子
47554;关门弟子
47555;双台子区
47556;离子交换
47557;雪山太子
47558;电子信箱
47559;电子元件
47560;电子商务
47561;电子器件
47562;电子学系
47563;电子层数
47564;电子工业
47565;电子工程
47566;电子文件
47567;电子空间
47568;电子网络
47569;电子警察
47570;电子货币
47571;电子游戏
47572;电子邮件
47573;马路牙子
47574;骨头架子
47575;高丽棒子
47576;鱼香茄子
47577;龙子湖区
47578;主权国家
47579;事怕行家
47580;二奶专家
47581;五家渠市
47582;伍家岗区
47583;保家卫国
47584;公家机关
47585;兵家常事
47586;千家万户
47587;半路出家
47588;丧家之狗
47589;单亲家庭
47590;四海为家
47591;国家主义
47592;国家代码
47593;国家元首
47594;国家公园
47595;国家安全
47596;国家政策
47597;国家汉办
47598;国家计委
47599;国家体委
47600;国破家亡
47601;地主家庭
47602;地理学家
47603;地质学家
47604;地震学家
47605;安家立业
47606;安家落户
47607;家世寒微
47608;家常便饭
47609;家常豆腐
47610;家庭主夫
47611;家庭主妇
47612;家庭作业
47613;家庭地址
47614;家庭成员
47615;家庭教师
47616;家庭暴力
47617;家庭煮夫
47618;家用电器
47619;家用电脑
47620;家贫如洗
47621;专家系统
47622;专家评价
47623;专家评论
47624;平地起家
47625;张家口市
47626;张家港市
47627;张家界市
47628;爱国如家
47629;成家立业
47630;拉家带口
47631;文字学家
47632;有核国家
47633;植物学家
47634;气候学家
47635;浮家泛宅
47636;海湾国家
47637;物理学家
47638;玩偶之家
47639;生态学家
47640;生物学家
47641;生理学家
47642;当家作主
47643;病毒学家
47644;病理学家
47645;发达国家
47646;白手起家
47647;皇家学会
47648;皇家海军
47649;皇家骑警
47650;神经学家
47651;管家职务
47652;精神学家
47653;自报家门
47654;华润万家
47655;万贯家财
47656;药物学家
47657;行家里手
47658;语言学家
47659;谢家集区
47660;货比三家
47661;农家庭院
47662;送货到家
47663;医学专家
47664;金家庄区
47665;闲话家常
47666;离家别井
47667;非核国家
47668;养家活口
47669;黑道家族
47670;齐家治国
47671;七十年代
47672;世纪末年
47673;五年计划
47674;似水年华
47675;六十年代
47676;地质年表
47677;少年老成
47678;年久失修
47679;年事已高
47680;年均日照
47681;年富力强
47682;年度报告
47683;年度预算
47684;年老体弱
47685;年轻力壮
47686;年轻有为
47687;年轻气盛
47688;度日如年
47689;德法年鉴
47690;战国末年
47691;整年累月
47692;新年前夕
47693;新年快乐
47694;新年进步
47695;最近几年
47696;未成年者
47697;东汉末年
47698;残年短景
47699;流年不利
47700;猴年马月
47701;百年不遇
47702;竹书纪年
47703;终年积雪
47704;而立之年
47705;航海年表
47706;财政年度
47707;农历新年
47708;遗臭万年
47709;隔年皇历
47710;高年级生
47711;不怎么样
47712;什么地方
47713;什么时候
47714;怎么得了
47715;怎么搞的
47716;没有什么
47717;自然而然
47718;自言自语
47719;三自教会
47720;不打自招
47721;不攻自破
47722;不敢自专
47723;不由自主
47724;不能自已
47725;不自量力
47726;不言自明
47727;不说自明
47728;不请自来
47729;任其自然
47730;优游自得
47731;咬舌自尽
47732;善自珍摄
47733;喜不自禁
47734;地方自治
47735;好自为之
47736;威福自己
47737;媒体自由
47738;学术自由
47739;安闲自在
47740;安闲自得
47741;居功自傲
47742;徒自惊扰
47743;悔过自新
47744;悲不自胜
47745;情不自禁
47746;应付自如
47747;找不自在
47748;操纵自如
47749;改过自新
47750;放任自流
47751;故步自封
47752;新闻自由
47753;民族自决
47754;洋洋自得
47755;清新自然
47756;洁身自好
47757;无师自通
47758;生产自救
47759;画地自限
47760;监守自盗
47761;结社自由
47762;习惯自然
47763;聊以自慰
47764;联合自强
47765;听其自然
47766;自不必说
47767;自主系统
47768;自以为是
47769;自作主张
47770;自作多情
47771;自作聪明
47772;自作自受
47773;自来水管
47774;自力更生
47775;自动恢复
47776;自动扶梯
47777;自动挂挡
47778;自动控制
47779;自动提款
47780;自动楼梯
47781;自动步道
47782;自动铅笔
47783;自动离合
47784;自取灭亡
47785;自告奋勇
47786;自命清高
47787;自叹不如
47788;自报公议
47789;自始至终
47790;自学成才
47791;自寻死路
47792;自己动手
47793;自底向上
47794;自强不息
47795;自强自立
47796;自强运动
47797;自得其乐
47798;自我介绍
47799;自我安慰
47800;自我实现
47801;自我意识
47802;自我批评
47803;自我评价
47804;自我防卫
47805;自找苦吃
47806;自找麻烦
47807;自拍模式
47808;自有品牌
47809;自流井区
47810;自然主义
47811;自然之友
47812;自然数集
47813;自然条件
47814;自然灾害
47815;自然现象
47816;自然疗法
47817;自然神论
47818;自然科学
47819;自然经济
47820;自然语言
47821;自然资源
47822;自然选择
47823;自然风光
47824;自由中国
47825;自由企业
47826;自由古巴
47827;自由市场
47828;自由意志
47829;自由放任
47830;自由散漫
47831;自由活动
47832;自由神像
47833;自由职业
47834;自由自在
47835;自由落体
47836;自由贸易
47837;自由降落
47838;自由体操
47839;自发电位
47840;自相残杀
47841;自相矛盾
47842;自相鱼肉
47843;自知理亏
47844;自立自强
47845;自行其是
47846;自行车架
47847;自行车赛
47848;自行车馆
47849;自制炸弹
47850;自视清高
47851;自视甚高
47852;自讨没趣
47853;自身利益
47854;自身难保
47855;自食其力
47856;自食其果
47857;行动自由
47858;表现自己
47859;亲自动手
47860;亲自挂帅
47861;言论自由
47862;谈笑自若
47863;足以自慰
47864;进退自如
47865;运用自如
47866;闭关自守
47867;顾影自怜
47868;顾盼自雄
47869;不来梅港
47870;来回来去
47871;来日方长
47872;来历不明
47873;来者不拒
47874;来路不明
47875;来电显示
47876;依我来看
47877;先来后到
47878;即将来临
47879;反过来说
47880;古往今来
47881;呼之即来
47882;呼来喝去
47883;严格来说
47884;严格来讲
47885;外来成语
47886;外来投资
47887;外来物种
47888;对我来说
47889;后来居上
47890;从来没有
47891;忙不过来
47892;推来推去
47893;扑面而来
47894;挤来挤去
47895;数不过来
47896;时不再来
47897;时来运转
47898;有生以来
47899;未来业绩
47900;本来面目
47901;消息来源
47902;用来配种
47903;直来直去
47904;直来直往
47905;礼尚往来
47906;突如其来
47907;继往开来
47908;举例来说
47909;药师如来
47910;话说回来
47911;说来话长
47912;读者来信
47913;迎来送往
47914;迎面而来
47915;送往迎来
47916;鉴往知来
47917;长期以来
47918;风雨欲来
47919;马来半岛
47920;三生有幸
47921;事业有成
47922;前所未有
47923;有史以来
47924;有的时候
47925;互通有无
47926;占为己有
47927;具有主权
47928;另有企图
47929;可有可无
47930;可望有成
47931;各有所好
47932;善有善报
47933;固有名词
47934;国有企业
47935;国有公司
47936;如有所失
47937;守土有责
47938;富富有余
47939;专有名词
47940;师出有名
47941;往往有之
47942;后会有期
47943;徒有其名
47944;徒有虚名
47945;忙中有失
47946;忙中有错
47947;念念有词
47948;恢恢有余
47949;情有可原
47950;振振有辞
47951;据为己有
47952;时有所闻
47953;更有甚者
47954;有备无患
47955;有价证券
47956;有利可图
47957;有创造力
47958;有勇无谋
47959;有劳得奖
47960;有名亡实
47961;有名无实
47962;有嘴没舌
47963;有增无已
47964;有增无减
47965;有夫之妇
47966;有失厚道
47967;有失身份
47968;有始有终
47969;有始无终
47970;有害无利
47971;有害无益
47972;有征无战
47973;有得有失
47974;有志竟成
47975;有性生殖
47976;有意无意
47977;有所不同
47978;有手有脚
47979;有损压缩
47980;有攻击性
47981;有效措施
47982;有效期内
47983;有效负载
47984;有教无类
47985;有板有眼
47986;有枝有叶
47987;有条有理
47988;有机化学
47989;有机玻璃
47990;有权势者
47991;有气无力
47992;有氧运动
47993;有求必应
47994;有沉有浮
47995;有无相通
47996;有理数域
47997;有理数集
47998;有目共见
47999;有目共赏
48000;有神论者
48001;有精神病
48002;有线电视
48003;有缘无分
48004;有罪不罚
48005;有耐久力
48006;有声有色
48007;有声读物
48008;有色金属
48009;有话要说
48010;有说服力
48011;有轨电车
48012;有选举权
48013;有钱有势
48014;有钱有闲
48015;有关各方
48016;有限元法
48017;有限公司
48018;有限单元
48019;有头有尾
48020;有头无尾
48021;极有可能
48022;没有劲头
48023;没有品味
48024;没有差别
48025;没有形状
48026;没有意思
48027;没有意义
48028;没有脸皮
48029;没有办法
48030;没有关系
48031;无奇不有
48032;无独有偶
48033;版权所有
48034;物各有主
48035;生财有道
48036;发奋有为
48037;真有你的
48038;确有其事
48039;空无所有
48040;绝无仅有
48041;经济有效
48042;罪有应得
48043;胸有城府
48044;胸有成略
48045;胸有成算
48046;若有所亡
48047;若有所丧
48048;若有所失
48049;若有若无
48050;行之有效
48051;行有余力
48052;见闻有限
48053;言而有信
48054;话中有刺
48055;话中有话
48056;话里有话
48057;负有责任
48058;返还占有
48059;进退有常
48060;错落有致
48061;开卷有益
48062;隔壁有耳
48063;离奇有趣
48064;面有菜色
48065;面有难色
48066;一生一世
48067;了却此生
48068;内科医生
48069;公共卫生
48070;再生制动
48071;再生燃料
48072;再生父母
48073;再生能源
48074;出生入死
48075;出生地点
48076;出生日期
48077;出生缺陷
48078;出生证明
48079;分生组织
48080;别开生面
48081;厚死薄生
48082;原核生物
48083;原生动物
48084;原生生物
48085;反生物战
48086;古生物学
48087;可再生原
48088;同配生殖
48089;和气生财
48090;品味生活
48091;外星生命
48092;外科医生
48093;女生外向
48094;好好先生
48095;妙语横生
48096;学生运动
48097;寄生生活
48098;寸草不生
48099;寻事生非
48100;座生水母
48101;强生公司
48102;后生动物
48103;得意门生
48104;微生物学
48105;情急智生
48106;应运而生
48107;批量生产
48108;抗抗生素
48109;舍生取义
48110;舍生忘死
48111;政治生活
48112;日久生情
48113;日落风生
48114;普度众生
48115;普济众生
48116;望文生义
48117;枝节横生
48118;横生枝节
48119;次生灾害
48120;死中求生
48121;死里逃生
48122;民不聊生
48123;民生主义
48124;求生意志
48125;江湖医生
48126;油然而生
48127;浮游生物
48128;浮生六记
48129;满脸生花
48130;无事生非
48131;无以为生
48132;熟能生巧
48133;牙科医生
48134;生化武器
48135;生命征象
48136;生命科学
48137;生命素质
48138;生命周期
48139;生存环境
48140;生存农业
48141;生平简介
48142;生态孤岛
48143;生态旅游
48144;生态系统
48145;生技医药
48146;生日快乐
48147;生日蛋糕
48148;生日贺卡
48149;生死存亡
48150;生死肉骨
48151;生死关头
48152;生殖器官
48153;生殖系统
48154;生殖细胞
48155;生活作风
48156;生活垃圾
48157;生活形态
48158;生活方式
48159;生活水平
48160;生活污水
48161;生活素质
48162;生活设施
48163;生活资料
48164;生活质料
48165;生炒热卖
48166;生物力学
48167;生物化学
48168;生物媒介
48169;生物工程
48170;生物弹药
48171;生物技术
48172;生物材料
48173;生物柴油
48174;生物武器
48175;生物气体
48176;生物测定
48177;生物燃料
48178;生物科技
48179;生物制品
48180;生物质能
48181;生物降解
48182;生理盐水
48183;生产企业
48184;生产劳动
48185;生产单位
48186;生产成本
48187;生产总值
48188;生产能力
48189;生产要素
48190;生产设备
48191;生产设施
48192;生产资料
48193;生产关系
48194;生米熟饭
48195;生耗氧量
48196;生育能力
48197;生花妙笔
48198;生长激素
48199;生离死别
48200;白面书生
48201;眼科医生
48202;研究生院
48203;算命先生
48204;节上生枝
48205;节外生枝
48206;精神生活
48207;维持生活
48208;虎口余生
48209;卫生官员
48210;卫生棉条
48211;卫生用纸
48212;卫生设备
48213;见景生情
48214;见习医生
48215;计划生育
48216;语言产生
48217;谈笑风生
48218;账房先生
48219;农业生技
48220;适者生存
48221;乡村医生
48222;醋海生波
48223;重水生产
48224;野生动物
48225;野生植物
48226;野生生物
48227;长生不死
48228;长生久视
48229;险象环生
48230;虽死犹生
48231;双生兄弟
48232;风水先生
48233;养生送死
48234;高中学生
48235;鸟不生蛋
48236;时时刻刻
48237;上班时间
48238;不入时宜
48239;不合时宜
48240;不失时机
48241;不时之需
48242;不识时务
48243;不识时变
48244;不违农时
48245;中国时报
48246;京华时报
48247;今时今日
48248;作息时间
48249;俗随时变
48250;信息时代
48251;全时工作
48252;六朝时代
48253;冰河时期
48254;分时多工
48255;切中时病
48256;加工时序
48257;北京时间
48258;印度时报
48259;即时即地
48260;即时通讯
48261;及时处理
48262;及时行乐
48263;反应时间
48264;合于时宜
48265;四维时空
48266;因时制宜
48267;在位时代
48268;奈良时代
48269;学分小时
48270;安培小时
48271;定时信管
48272;定时炸弹
48273;实时加工
48274;实时技术
48275;审度时势
48276;封建时代
48277;小时候儿
48278;工作时间
48279;平安时代
48280;复兴时代
48281;战国时代
48282;打发时间
48283;抓紧时间
48284;拖延时间
48285;持续时间
48286;数字时钟
48287;春秋时代
48288;时代广场
48289;时代华纳
48290;时刻准备
48291;时好时坏
48292;时断时续
48293;时日无多
48294;时段分析
48295;时空旅行
48296;时至今日
48297;时装表演
48298;时运不济
48299;时间区间
48300;时间序列
48301;时间简史
48302;时间进程
48303;时显时隐
48304;东部时间
48305;极盛时期
48306;款语移时
48307;欢乐时光
48308;此时以前
48309;此时此刻
48310;此时此地
48311;历史时期
48312;每时每刻
48313;每时每日
48314;消磨时间
48315;为时不晚
48316;为时已晚
48317;为时未晚
48318;为时过早
48319;无论何时
48320;营业时候
48321;营业时间
48322;用餐时间
48323;当地时间
48324;短时储存
48325;石器时代
48326;美东时间
48327;耗时耗力
48328;临时分居
48329;临时政府
48330;临时贷款
48331;与时消息
48332;与此同时
48333;茶点时间
48334;藏器待时
48335;计时工资
48336;计时收费
48337;计时比赛
48338;计时测验
48339;识时通变
48340;识时达务
48341;办公时间
48342;追诉时效
48343;过时不候
48344;过渡时期
48345;违时绝俗
48346;金融时报
48347;销售时点
48348;阅读时间
48349;关键时刻
48350;随时待命
48351;随时随地
48352;随机时间
48353;响应时间
48354;飞鸟时代
48355;驻留时间
48356;闹铃时钟
48357;黄金时代
48358;黄金时段
48359;不可多得
48360;不得而知
48361;不得要领
48362;不当得利
48363;值得信赖
48364;值得品味
48365;值得庆幸
48366;值得注意
48367;值得称赞
48368;先到先得
48369;势在必得
48370;取得胜利
48371;各得其所
48372;多劳多得
48373;完全懂得
48374;富得流油
48375;彼得前书
48376;彼得后书
48377;得寸进尺
48378;得意忘形
48379;得意扬扬
48380;得而复失
48381;得过且过
48382;得道多助
48383;懒得搭理
48384;打得火热
48385;支付得起
48386;既得利益
48387;既得期间
48388;春风得意
48389;求之不得
48390;洋洋得意
48391;温得和克
48392;获得胜利
48393;玩儿得转
48394;看得过儿
48395;万不得已
48396;触地得分
48397;这还了得
48398;进退不得
48399;适得其反
48400;不知不觉
48401;好不容易
48402;一动不动
48403;一成不变
48404;一文不值
48405;一言不发
48406;不以为然
48407;不切实际
48408;不务正业
48409;不劳而获
48410;不厌其烦
48411;不可思议
48412;不可或缺
48413;不可开交
48414;不慌不忙
48415;不折不扣
48416;不择手段
48417;不败之地
48418;不期而遇
48419;不为所动
48420;不知所云
48421;不约而同
48422;不闻不问
48423;二话不说
48424;依依不舍
48425;力不从心
48426;哭笑不得
48427;喜不自胜
48428;坐立不安
48429;执迷不悟
48430;坚定不移
48431;奋不顾身
48432;好久不见
48433;层出不穷
48434;形影不离
48435;得不偿失
48436;微不足道
48437;心神不宁
48438;必不可少
48439;念念不忘
48440;意想不到
48441;爱理不理
48442;恋恋不舍
48443;截然不同
48444;战无不胜
48445;措手不及
48446;挥之不去
48447;果不其然
48448;格格不入
48449;模糊不清
48450;欲罢不能
48451;水土不服
48452;消化不良
48453;源源不断
48454;漫不经心
48455;无微不至
48456;无所不能
48457;无处不在
48458;犹豫不决
48459;生生不息
48460;痛不欲生
48461;百听不厌
48462;目不转睛
48463;置之不理
48464;美不胜收
48465;美中不足
48466;自命不凡
48467;与众不同
48468;华而不实
48469;见不得人
48470;见怪不怪
48471;视而不见
48472;足不出户
48473;身不由己
48474;迫不及待
48475;迫不得已
48476;长生不老
48477;防不胜防
48478;不主故常
48479;不干不净
48480;不了了之
48481;不予理会
48482;不予评论
48483;不二法门
48484;不信任案
48485;不修边幅
48486;不伤脾胃
48487;不仅如此
48488;不冻港口
48489;不出所料
48490;不分胜败
48491;不分胜负
48492;不分彼此
48493;不分情由
48494;不加修饰
48495;不加区别
48496;不加思索
48497;不加牛奶
48498;不加选择
48499;不胜其烦
48500;不胜其苦
48501;不劳无获
48502;不即不离
48503;不受欢迎
48504;不受管束
48505;不受约束
48506;不可估量
48507;不可侵犯
48508;不可分离
48509;不可胜数
48510;不可胜言
48511;不可名状
48512;不可抗力
48513;不可抗拒
48514;不可收拾
48515;不可救药
48516;不可数集
48517;不可知论
48518;不可终日
48519;不可缺少
48520;不可置信
48521;不可通约
48522;不可避免
48523;不合体统
48524;不同凡响
48525;不太明白
48526;不好意思
48527;不学无术
48528;不安其室
48529;不完全叶
48530;不定冠词
48531;不定方程
48532;不定积分
48533;不宣而战
48534;不容置疑
48535;不容置辩
48536;不幸之事
48537;不幸受害
48538;不念旧恶
48539;不急之务
48540;不情之请
48541;不愤不启
48542;不懂装懂
48543;不怀好意
48544;不成文法
48545;不成体统
48546;不战不和
48547;不提也罢
48548;不明不白
48549;不明事理
48550;不明就里
48551;不易之论
48552;不是味儿
48553;不服水土
48554;不正之风
48555;不毛之地
48556;不求收获
48557;不求甚解
48558;不为已甚
48559;不为酒困
48560;不无小补
48561;不用客气
48562;不由分说
48563;不知何故
48564;不知凡几
48565;不知去向
48566;不知就里
48567;不知所之
48568;不知死活
48569;不知轻重
48570;不知进退
48571;不破不立
48572;不碎玻璃
48573;不稳平衡
48574;不经之谈
48575;不经意间
48576;不置可否
48577;不义之财
48578;不声不响
48579;不能抵抗
48580;不良倾向
48581;不落俗套
48582;不着边际
48583;不虚此行
48584;不见经传
48585;不计其数
48586;不识抬举
48587;不识高低
48588;不变价格
48589;不变资本
48590;不越雷池
48591;不足为奇
48592;不足为虑
48593;不足为训
48594;不足为道
48595;不辞劳苦
48596;不辞辛苦
48597;不速之客
48598;不速而至
48599;不连续面
48600;不远千里
48601;不避艰险
48602;不醉不归
48603;不随意肌
48604;不露声色
48605;不顾前后
48606;并不在乎
48607;主不先客
48608;也不例外
48609;事不宜迟
48610;事不关己
48611;互不侵犯
48612;互不相欠
48613;互不相让
48614;以备不测
48615;作者不详
48616;供不应求
48617;备而不用
48618;充耳不闻
48619;光说不做
48620;光说不练
48621;两不相欠
48622;其乐不穷
48623;再好不过
48624;出其不意
48625;分文不取
48626;刺刺不休
48627;刚正不阿
48628;功不可没
48629;功成不居
48630;功高不赏
48631;胜之不武
48632;势不可当
48633;半明不灭
48634;半通不通
48635;半间不界
48636;博而不精
48637;危而不持
48638;原封不动
48639;去向不明
48640;各不相同
48641;名不副实
48642;名不符实
48643;名不虚传
48644;命不久已
48645;土到不行
48646;在所不计
48647;在所不辞
48648;坐视不理
48649;坚忍不拔
48650;报应不爽
48651;压而不服
48652;夜不归宿
48653;夜不闭户
48654;好景不长
48655;孤证不立
48656;守正不阿
48657;密不透风
48658;密而不宣
48659;实属不易
48660;局促不安
48661;差不多的
48662;差不离儿
48663;巴不能够
48664;引而不发
48665;弱不禁风
48666;从容不迫
48667;彻夜不眠
48668;必不可缺
48669;志不在此
48670;急不可待
48671;急不可耐
48672;性格不合
48673;怪诞不经
48674;悔不当初
48675;情不可却
48676;惠而不费
48677;意见不合
48678;爱不忍释
48679;爱不释手
48680;感激不尽
48681;惨不忍闻
48682;惨遭不幸
48683;愤愤不平
48684;怀才不遇
48685;打抱不平
48686;打蛇不死
48687;找不着北
48688;把持不定
48689;拒不接受
48690;拿不出手
48691;按兵不动
48692;授受不亲
48693;接触不良
48694;接连不断
48695;插不上手
48696;支付不起
48697;故旧不弃
48698;败不成军
48699;敢不从命
48700;敬谢不敏
48701;数见不鲜
48702;文风不动
48703;昏迷不醒
48704;是非不分
48705;书不尽言
48706;朝不保夕
48707;朝不虑夕
48708;核不扩散
48709;乐不可支
48710;机不可失
48711;此路不通
48712;岁不我与
48713;死不改悔
48714;死活不顾
48715;毫不介意
48716;毫不客气
48717;毫不怀疑
48718;毫不犹豫
48719;毫不留情
48720;毫不费力
48721;水火不容
48722;永志不忘
48723;决而不行
48724;沉不住气
48725;泥古不化
48726;洗手不干
48727;流水不腐
48728;深不可测
48729;深信不疑
48730;渴不可耐
48731;满不在乎
48732;为德不终
48733;无往不利
48734;无征不信
48735;无恶不作
48736;无所不包
48737;无所不在
48738;无所不为
48739;无所不知
48740;无所不至
48741;无所不卖
48742;焦虑不安
48743;照骂不误
48744;营养不良
48745;玩儿不转
48746;百思不解
48747;百读不厌
48748;目不忍见
48749;目不忍视
48750;相差不多
48751;看不习惯
48752;看不过去
48753;看不顺眼
48754;看着不管
48755;眼不转睛
48756;眼神不好
48757;眼神不济
48758;睡眠不足
48759;秘而不宣
48760;神不守舍
48761;积不相能
48762;稳步不前
48763;站不住脚
48764;笑不可仰
48765;素不相识
48766;绝口不提
48767;缓不济急
48768;置之不问
48769;骂不绝口
48770;听不进去
48771;听而不闻
48772;脱不了身
48773;脚不点地
48774;臭不可闻
48775;举不胜举
48776;茶饭不思
48777;万死不辞
48778;行不从径
48779;行不由径
48780;行不顾言
48781;行动不便
48782;裹足不前
48783;要死不活
48784;要言不烦
48785;词不达意
48786;话多不甜
48787;认识不能
48788;猪狗不如
48789;负担不起
48790;赞叹不已
48791;路不拾遗
48792;踏步不前
48793;软硬不吃
48794;迷不知返
48795;连续不断
48796;过意不去
48797;过犹不及
48798;过目不忘
48799;道不拾遗
48800;酒酸不售
48801;重罚不用
48802;错落不齐
48803;闭口不谈
48804;隐情不报
48805;隐病不报
48806;只字不提
48807;青春不再
48808;青黄不接
48809;静坐不动
48810;静坐不能
48811;顺应不良
48812;顽而不顾
48813;食不知味
48814;食古不化
48815;香火不绝
48816;惊叹不已
48817;高低不就
48818;黑白不分
48819;默不作声
48820;点水不漏
48821;事过境迁
48822;低空飞过
48823;供过于求
48824;传三过四
48825;南飞过冬
48826;工作过度
48827;操之过急
48828;映射过程
48829;服药过量
48830;朝过夕改
48831;业务过失
48832;蒙混过关
48833;知过改过
48834;研制过程
48835;神经过敏
48836;秋风过耳
48837;结合过程
48838;闻过则喜
48839;聪明过头
48840;花粉过敏
48841;表演过火
48842;言过其实
48843;超过限度
48844;转变过程
48845;通过事后
48846;过去分词
48847;过去经验
48848;过境签证
48849;过度紧张
48850;过度关怀
48851;过敏反应
48852;过早死亡
48853;过早起爆
48854;过氧化物
48855;过渡贷款
48856;过渡金属
48857;远远超过
48858;闭门思过
48859;开发过程
48860;面壁思过
48861;体温过低
48862;三权分立
48863;三等分角
48864;上半部分
48865;二分音符
48866;五分美金
48867;充分就业
48868;充分考虑
48869;入木三分
48870;两极分化
48871;八分音符
48872;六分仪座
48873;分布控制
48874;分庭抗礼
48875;分形几何
48876;分手代理
48877;分散注意
48878;分数挂帅
48879;分期付款
48880;分析化学
48881;分析研究
48882;分析处理
48883;分权制衡
48884;分毫之差
48885;分波多工
48886;分流电路
48887;分秒必争
48888;分组交换
48889;分而治之
48890;分色镜头
48891;分裂主义
48892;分裂组织
48893;分解代谢
48894;分解作用
48895;分销网络
48896;分离主义
48897;分类理论
48898;切分信息
48899;动物分类
48900;化学分析
48901;化学成分
48902;反分裂法
48903;句法分析
48904;同分异构
48905;四分音符
48906;因式分解
48907;安分守己
48908;定性分析
48909;定量分块
48910;定量分析
48911;容量分析
48912;差分方程
48913;已见分晓
48914;常态分布
48915;平分秋色
48916;微分几何
48917;微分方程
48918;微积分学
48919;成熟分裂
48920;按劳分配
48921;按需分配
48922;数值分析
48923;数字分频
48924;数学分析
48925;数理分析
48926;数量分析
48927;是非分明
48928;乐昌分镜
48929;权力分享
48930;每分每秒
48931;比色分析
48932;比较分析
48933;活化分析
48934;减数分裂
48935;现在分词
48936;码分多址
48937;积分常数
48938;积分方程
48939;积分变换
48940;精神分析
48941;细胞分裂
48942;组成部分
48943;万分痛苦
48944;评价分类
48945;词汇分解
48946;语义分析
48947;语义分类
48948;调和分析
48949;变分原理
48950;身体部分
48951;医药分离
48952;阶级成分
48953;难分难舍
48954;难分难解
48955;难舍难分
48956;难解难分
48957;频数分布
48958;高分低能
48959;鼻口部分
48960;事态发展
48961;事发地点
48962;借题发挥
48963;传真发送
48964;光发送器
48965;升官发财
48966;即兴发挥
48967;哈里发塔
48968;商业发票
48969;奋发图强
48970;寒武爆发
48971;对症发药
48972;幼发拉底
48973;怒发冲冠
48974;技术发展
48975;披头散发
48976;收发短信
48977;核发电厂
48978;水力发电
48979;洗发水儿
48980;激发注射
48981;火山爆发
48982;疾病突发
48983;发光强度
48984;发出指示
48985;发射星云
48986;发展趋势
48987;发工资日
48988;发愤图强
48989;发明创造
48990;发声器官
48991;发表演讲
48992;发言中肯
48993;发财致富
48994;发送功率
48995;发达地区
48996;发音器官
48997;百发百中
48998;突发事件
48999;突发奇想
49000;签发地点
49001;签发日期
49002;经济发展
49003;续发感染
49004;联合发表
49005;肌肉发达
49006;兴旺发达
49007;旧病复发
49008;触发引信
49009;触发清单
49010;软件开发
49011;迅速发展
49012;开发周期
49013;开发环境
49014;开发银行
49015;仰卧起坐
49016;南昌起义
49017;夹起尾巴
49018;奋起直追
49019;小起重机
49020;平起平坐
49021;后起之秀
49022;后院起火
49023;拍案而起
49024;排起长队
49025;提前起爆
49026;提起公诉
49027;提起精神
49028;东山再起
49029;武昌起义
49030;民变峰起
49031;物种起源
49032;异军突起
49033;秋收起义
49034;闻鸡起舞
49035;见财起意
49036;起司蛋糕
49037;起士蛋糕
49038;起落装置
49039;起飞弹射
49040;农民起义
49041;金田起义
49042;黄巾起义
49043;鼓起勇气
49044;上上之策
49045;上位概念
49046;上个星期
49047;上升趋势
49048;上合组织
49049;上层建筑
49050;上市公司
49051;上扬趋势
49052;上方宝剑
49053;上流社会
49054;上空洗车
49055;上箭头键
49056;上级领导
49057;上诉法院
49058;上阵杀敌
49059;冰上运动
49060;列王纪上
49061;列王记上
49062;力争上游
49063;半数以上
49064;吃亏上当
49065;巴高望上
49066;引体向上
49067;引鬼上门
49068;形而上学
49069;成百上千
49070;拾级而上
49071;掌上电脑
49072;挂在嘴上
49073;朗朗上口
49074;桌面儿上
49075;树上开花
49076;历代志上
49077;水上摩托
49078;水上运动
49079;水上飞机
49080;派上用场
49081;海上奇书
49082;海上运动
49083;海军上校
49084;火上加油
49085;犯上作乱
49086;纸上谈兵
49087;综上所述
49088;网上广播
49089;线上查询
49090;总体上说
49091;至高无上
49092;船上交货
49093;华灯初上
49094;见难而上
49095;走为上计
49096;走马上任
49097;跃然纸上
49098;迎头赶上
49099;送上太空
49100;送上轨道
49101;逼上梁山
49102;闭上嘴巴
49103;陆军上校
49104;随信附上
49105;青云直上
49106;顶头上司
49107;顾客至上
49108;马上比武
49109;高高在上
49110;信口开河
49111;公共开支
49112;公开指责
49113;半开半关
49114;半开门儿
49115;召开会议
49116;喜笑颜开
49117;帝王切开
49118;微扰展开
49119;改革开放
49120;气动开关
49121;笑逐颜开
49122;精简开支
49123;网开三面
49124;脑袋开花
49125;见钱眼开
49126;军费开支
49127;遍地开花
49128;重新开始
49129;重新开机
49130;铁树开花
49131;门户开放
49132;开三次方
49133;开元盛世
49134;开始以前
49135;开始比赛
49136;开始营业
49137;开封地区
49138;开山祖师
49139;开山鼻祖
49140;开幕典礼
49141;开放源码
49142;开放系统
49143;开源节流
49144;开盘汇率
49145;开脱罪责
49146;开诚布公
49147;开诚相见
49148;开足马力
49149;开路先锋
49150;开门见山
49151;开闭幕式
49152;开除学籍
49153;开除党籍
49154;离开故乡
49155;马拉开波
49156;点火开关
49157;在这之前
49158;在这期间
49159;这早晚儿
49160;这次危机
49161;事情要做
49162;入情入理
49163;两情两愿
49164;两相情愿
49165;动情激素
49166;反脸无情
49167;合情合理
49168;实际情况
49169;情同手足
49170;情同骨肉
49171;情报官员
49172;情报资料
49173;情报部门
49174;情境模型
49175;情投意合
49176;情比金坚
49177;情绪商数
49178;情绪状态
49179;情随事迁
49180;爱情喜剧
49181;感情用事
49182;恋母情结
49183;手足之情
49184;手足亲情
49185;技术情报
49186;据情办理
49187;收集情报
49188;残酷无情
49189;水火无情
49190;深情厚意
49191;深情厚谊
49192;深情款款
49193;乌鸟私情
49194;热情款待
49195;现实情况
49196;直情径行
49197;真情实意
49198;知情同意
49199;移情别恋
49200;经济情况
49201;网际色情
49202;色情作品
49203;色情小说
49204;触景伤情
49205;言情小说
49206;军事情报
49207;军情五处
49208;军情六处
49209;转面无情
49210;离情别绪
49211;面部表情
49212;三五成群
49213;久病成医
49214;光能合成
49215;出口成章
49216;功成名就
49217;加工成本
49218;势成骑虎
49219;十成九稳
49220;合成代谢
49221;合成石油
49222;合成语境
49223;合成语音
49224;因爱成恨
49225;坐观成败
49226;基本完成
49227;墨守成规
49228;好梦难成
49229;宝成铁路
49230;弄假成真
49231;急于求成
49232;成何体统
49233;成千成万
49234;成千累万
49235;成田机场
49236;成考移民
49237;成语典故
49238;成语接龙
49239;成双作对
49240;成双成对
49241;打成平手
49242;挥汗成雨
49243;既成事实
49244;机会成本
49245;正常成本
49246;历史成本
49247;沉没成本
49248;百炼成钢
49249;相映成趣
49250;相沿成习
49251;众志成城
49252;积劳成疾
49253;积少成多
49254;积习成俗
49255;积非成是
49256;立地成佛
49257;约定俗成
49258;终成泡影
49259;结队成群
49260;美梦成真
49261;习以成俗
49262;习以成性
49263;老成持重
49264;脱骨成佛
49265;着手成春
49266;语音合成
49267;造成问题
49268;达成协议
49269;边际成本
49270;集成电路
49271;顺理成章
49272;频率合成
49273;马到成功
49274;点石成金
49275;点金成铁
49276;点铁成金
49277;事到如今
49278;今文经学
49279;博古通今
49280;古今中外
49281;古今小说
49282;将今论古
49283;中法新约
49284;中兴新村
49285;光明新区
49286;创新精神
49287;动态更新
49288;劳动新闻
49289;喜新厌旧
49290;国际新闻
49291;基督新教
49292;小道新闻
49293;庆历新政
49294;敬贺新春
49295;新五代史
49296;新修本草
49297;新城电台
49298;新墨西哥
49299;新婚夫妇
49300;新婚宴尔
49301;新几内亚
49302;新愁旧恨
49303;新春佳节
49304;新殖民化
49305;新民晚报
49306;新热带界
49307;新约全书
49308;新闻主播
49309;新闻周刊
49310;新闻媒体
49311;新闻记者
49312;新兴产业
49313;新华日报
49314;新华书店
49315;新都桥镇
49316;新乡地区
49317;明治维新
49318;更新换代
49319;最后更新
49320;朝日新闻
49321;桃色新闻
49322;弃旧图新
49323;标新取异
49324;标新竞异
49325;标新领异
49326;标题新闻
49327;历史新高
49328;每日新闻
49329;温故知新
49330;产经新闻
49331;百日维新
49332;破旧立新
49333;维新变法
49334;胡温新政
49335;旧愁新恨
49336;花边新闻
49337;万古长新
49338;视窗新技
49339;读卖新闻
49340;送旧迎新
49341;重新启动
49342;重新审视
49343;重新装修
49344;重新评价
49345;重新造林
49346;除旧布新
49347;革新能手
49348;头条新闻
49349;亲朋好友
49350;公诸同好
49351;友好访问
49352;友好关系
49353;和好如初
49354;奉承讨好
49355;好事多磨
49356;好兵帅克
49357;好吃懒做
49358;好奇尚异
49359;好气万千
49360;好色之徒
49361;如其所好
49362;完好无损
49363;完好无缺
49364;急公好义
49365;息争和好
49366;恰到好处
49367;拼命讨好
49368;准备好了
49369;绿林好汉
49370;英雄好汉
49371;见好就收
49372;言归于好
49373;越快越好
49374;游手好闲
49375;重修旧好
49376;阿其所好
49377;予以照顾
49378;以债养债
49379;以免借口
49380;以利亚敬
49381;以太网络
49382;以少胜多
49383;以弱胜强
49384;以李报桃
49385;以权压法
49386;以权谋私
49387;以此类推
49388;以牙还牙
49389;以眼还眼
49390;以示警戒
49391;以礼相待
49392;以华制华
49393;以药养医
49394;以虚带实
49395;以西结书
49396;以言代法
49397;以资证明
49398;以赛亚书
49399;以身报国
49400;以身抵债
49401;以身相许
49402;以身许国
49403;以马内利
49404;但以理书
49405;冷战以后
49406;力足以做
49407;夜以继日
49408;学以致用
49409;引以为傲
49410;引以为憾
49411;引以为荣
49412;忘乎所以
49413;忧苦以终
49414;数以亿计
49415;数以千计
49416;数以百计
49417;数以万计
49418;文以载道
49419;欺以其方
49420;无以为报
49421;美国以外
49422;习以为常
49423;聊以塞责
49424;虚位以待
49425;虚己以听
49426;虚席以待
49427;难以实现
49428;难以忍受
49429;难以应付
49430;难以捉摸
49431;难以理解
49432;难以置信
49433;可可西里
49434;切实可行
49435;到处可见
49436;前景可期
49437;可供军用
49438;可共患难
49439;可可托海
49440;可展曲面
49441;可接受性
49442;可支付性
49443;可数名词
49444;可移植性
49445;可结合性
49446;可视电话
49447;可读音性
49448;奇货可居
49449;几可乱真
49450;书面许可
49451;未可厚非
49452;未置可否
49453;无事可做
49454;无可奉告
49455;无可置疑
49456;无可非议
49457;无处可寻
49458;无言可对
49459;无计可施
49460;无路可走
49461;无路可退
49462;无路可逃
49463;由此可见
49464;美味可口
49465;触手可及
49466;许可协议
49467;难能可贵
49468;非同小可
49469;马可福音
49470;出乎意料
49471;脱口而出
49472;离家出走
49473;何出此言
49474;作出让步
49475;仓皇出逃
49476;传出神经
49477;出乎意外
49478;出乎预料
49479;出入平安
49480;出口商品
49481;出口产品
49482;出口调查
49483;出境检查
49484;出奇制胜
49485;出没无常
49486;出现意外
49487;出租司机
49488;出租汽车
49489;出错信息
49490;功率输出
49491;半排出期
49492;和盘托出
49493;喜出望外
49494;喷薄欲出
49495;外出访问
49496;夺门而出
49497;已作出保
49498;师出无名
49499;引蛇出洞
49500;后进先出
49501;忙进忙出
49502;应急出口
49503;才华出众
49504;按需出版
49505;挺身而出
49506;提出建议
49507;提出抗辩
49508;提出异议
49509;文艺演出
49510;水落石出
49511;浮出水面
49512;滑出跑道
49513;演出地点
49514;无出其右
49515;无形输出
49516;当行出色
49517;皇冠出版
49518;神出鬼没
49519;禁止外出
49520;系出名门
49521;翻空出奇
49522;亏本出售
49523;冲口而出
49524;里出外进
49525;里进外出
49526;视同己出
49527;越出界线
49528;退出运行
49529;运出运费
49530;量入为出
49531;双进双出
49532;露出马脚
49533;青出于蓝
49534;革出山门
49535;革出教门
49536;鱼贯而出
49537;如获至宝
49538;获暴利者
49539;克己复礼
49540;利己主义
49541;克己奉公
49542;反求诸己
49543;各执己见
49544;各持己见
49545;严于律己
49546;奉公克己
49547;己型肝炎
49548;舍己为公
49549;知己知彼
49550;知彼知己
49551;红颜知己
49552;蓝颜知己
49553;视为知己
49554;事到临头
49555;包产到户
49556;受到影响
49557;从头到脚
49558;所到之处
49559;死到临头
49560;直到现在
49561;联产到劳
49562;联产到户
49563;联产到组
49564;话到嘴边
49565;说到做到
49566;走马到任
49567;面面俱到
49568;点到即止
49569;理所当然
49570;依然如故
49571;依然故我
49572;偶然事件
49573;公然表示
49574;必然结果
49575;悄然无声
49576;漠然置之
49577;爽然若失
49578;翻然悔悟
49579;超然世事
49580;防患未然
49581;安于现状
49582;库存现金
49583;忽隐忽现
49584;手头现金
49585;东现汉纪
49586;活灵活现
49587;活龙活现
49588;犯罪现场
49589;现代五项
49590;现代形式
49591;现代集团
49592;现代音乐
49593;现场报道
49594;现场采访
49595;现场会议
49596;现场直播
49597;现场视察
49598;现学现用
49599;现身说法
49600;现量相违
49601;现金周转
49602;现金基础
49603;现金流转
49604;现金流量
49605;约当现金
49606;旧景重现
49607;近现代史
49608;地久天长
49609;天寒地冻
49610;天旋地转
49611;谈天说地
49612;谢天谢地
49613;惊天动地
49614;三地门乡
49615;世界各地
49616;世界地图
49617;中源地震
49618;九江地区
49619;二连盆地
49620;佛山地区
49621;保定地区
49622;保山地区
49623;信阳地区
49624;内江地区
49625;全国各地
49626;两岸三地
49627;六安地区
49628;副地级市
49629;加沙地带
49630;包头地区
49631;北部地区
49632;十二地支
49633;半殖民地
49634;南充地区
49635;南宁地区
49636;南平地区
49637;南通地区
49638;南阳地区
49639;占地面积
49640;印地安纳
49641;危地马拉
49642;原地踏步
49643;受灾地区
49644;吉安地区
49645;名誉扫地
49646;周口地区
49647;和田地区
49648;咸宁地区
49649;咸阳地区
49650;哈密地区
49651;嘉兴地区
49652;四平地区
49653;回信地址
49654;回旋余地
49655;因地制宜
49656;固原地区
49657;圈地运动
49658;土地改革
49659;土地资源
49660;地主阶级
49661;地动山摇
49662;地区差价
49663;地区法院
49664;地区经济
49665;地区冲突
49666;地地道道
49667;地塞米松
49668;地方主义
49669;地方停车
49670;地方法院
49671;地热资源
49672;地热电站
49673;地球化学
49674;地球物理
49675;地球科学
49676;地球轨道
49677;地理位置
49678;地租收入
49679;地缘战略
49680;地缘政治
49681;地震烈度
49682;地面控制
49683;地面气压
49684;地面部队
49685;地面零点
49686;基地组织
49687;塔城地区
49688;多山地区
49689;多站地址
49690;威信扫地
49691;安康地区
49692;安庆地区
49693;安阳地区
49694;安顺地区
49695;定西地区
49696;宜昌地区
49697;宜春地区
49698;宜宾地区
49699;宿县地区
49700;实地访视
49701;宁德地区
49702;宁波地区
49703;就地取材
49704;就地正法
49705;山南地区
49706;工矿用地
49707;巴中地区
49708;常德地区
49709;平凉地区
49710;康巴地区
49711;广安地区
49712;广播地址
49713;延安地区
49714;延边地区
49715;德惠地区
49716;恩施地区
49717;惠阳地区
49718;庆阳地区
49719;承德地区
49720;投票地点
49721;拼花地板
49722;收复失地
49723;故地重游
49724;教堂墓地
49725;整个地球
49726;旅游胜地
49727;昌都地区
49728;朝阳地区
49729;乐山地区
49730;武威地区
49731;武汉地区
49732;永吉地区
49733;河池地区
49734;沿岸地区
49735;沿海地区
49736;海东地区
49737;深源地震
49738;浅源地震
49739;测地曲率
49740;源点地址
49741;温江地区
49742;汉中地区
49743;济南地区
49744;济宁地区
49745;烟台地区
49746;热带地区
49747;玉林地区
49748;瓜地马拉
49749;用武之地
49750;毕节地区
49751;画地为牢
49752;当地居民
49753;白城地区
49754;百色地区
49755;益阳地区
49756;目标地址
49757;相对地址
49758;空军基地
49759;简单地说
49760;细细地流
49761;绍兴地区
49762;终点地址
49763;绝对地址
49764;网页地址
49765;置之死地
49766;聊城地区
49767;圣地牙哥
49768;旧地重游
49769;万县地区
49770;衡水地区
49771;衡阳地区
49772;设身处地
49773;许昌地区
49774;贝卡谷地
49775;贫困地区
49776;跑马圈地
49777;军事基地
49778;转移阵地
49779;办公地址
49780;通信地址
49781;通化地区
49782;运城地区
49783;遵义地区
49784;边境地区
49785;边缘地区
49786;那曲地区
49787;配送地址
49788;酒泉地区
49789;金华地区
49790;镇江地区
49791;关中地区
49792;关东地震
49793;阿里地区
49794;降落地点
49795;杂居地区
49796;电邮地址
49797;非核地带
49798;领先地位
49799;颜面扫地
49800;类地行星
49801;首都领地
49802;马拉地语
49803;丽水地区
49804;丽江地区
49805;黄土地貌
49806;黑河地区
49807;无能为力
49808;互为因果
49809;侵权行为
49810;倒果为因
49811;先入为主
49812;入土为安
49813;利他行为
49814;刻意为之
49815;化整为零
49816;化敌为友
49817;化为泡影
49818;反客为主
49819;反败为胜
49820;商业行为
49821;叹为观止
49822;察察为明
49823;少说为佳
49824;户限为穿
49825;所作所为
49826;步步为营
49827;海盗行为
49828;无所作为
49829;犯罪行为
49830;犹未为晚
49831;尽力而为
49832;眼见为实
49833;胡作非为
49834;行为主义
49835;行为准则
49836;亲力亲为
49837;转危为安
49838;转悲为喜
49839;转败为胜
49840;进退为难
49841;量力而为
49842;养虎为患
49843;举手投足
49844;倒背手儿
49845;借手除敌
49846;两手空空
49847;再造手术
49848;博客写手
49849;外科手术
49850;多手多脚
49851;妙手回春
49852;妙手空空
49853;小手小脚
49854;小提琴手
49855;左轮手枪
49856;微创手术
49857;手写识别
49858;手写辩识
49859;手打字机
49860;手抓羊肉
49861;手提电脑
49862;手摇风琴
49863;手无寸铁
49864;手足口病
49865;手足口症
49866;援助之手
49867;搭把手儿
49868;搭脚手架
49869;智能手机
49870;束手待死
49871;比手划脚
49872;比手画脚
49873;毛手毛脚
49874;熟无熟手
49875;登机手续
49876;眼高手低
49877;碍手碍脚
49878;移植手术
49879;空手而归
49880;竞选副手
49881;管手管脚
49882;缩手缩脚
49883;美容手术
49884;苹果手机
49885;袖手旁观
49886;视同手足
49887;亲如手足
49888;转轮手枪
49889;金盆洗手
49890;防毒手套
49891;非常手段
49892;顺手牵羊
49893;高压手段
49894;高抬贵手
49895;高高手儿
49896;怎么回事
49897;北回归线
49898;南回归线
49899;回光反照
49900;回光返照
49901;回收价值
49902;回声定位
49903;回转寿司
49904;回邮信封
49905;回顾历史
49906;多哈回合
49907;打道回府
49908;梯度回波
49909;当回事儿
49910;章回小说
49911;请您回复
49912;也就是说
49913;事实求是
49914;似是而非
49915;假假若是
49916;各行其是
49917;唯利是图
49918;唯命是从
49919;如是我闻
49920;实事求是
49921;挑拨是非
49922;搬弄是非
49923;是非曲直
49924;沉默是金
49925;独行其是
49926;见风是雨
49927;头头是道
49928;一事无成
49929;一望无际
49930;一无所获
49931;一无所知
49932;人无完人
49933;其乐无穷
49934;冷酷无情
49935;史无前例
49936;回味无穷
49937;徒劳无功
49938;忍无可忍
49939;手足无措
49940;有口无心
49941;漫无目的
49942;无中生有
49943;无可厚非
49944;无可奈何
49945;无可救药
49946;无地自容
49947;无家可归
49948;无怨无悔
49949;无忧无虑
49950;无所事事
49951;无所适从
49952;无济于事
49953;无理取闹
49954;无穷无尽
49955;无精打采
49956;无缘无故
49957;无声无息
49958;无言以对
49959;无话可说
49960;百无聊赖
49961;目中无人
49962;空无一人
49963;与世无争
49964;若无其事
49965;风雨无阻
49966;体无完肤
49967;默默无闻
49968;全无准备
49969;两小无猜
49970;六亲无靠
49971;别无他法
49972;别无他物
49973;别无他用
49974;别无选择
49975;前途无量
49976;功德无量
49977;劳而无功
49978;口无择言
49979;奇丑无比
49980;孤独无援
49981;孤立无援
49982;学无止境
49983;安全无事
49984;完美无缺
49985;居无定所
49986;平安无事
49987;平淡无奇
49988;平白无故
49989;座无虚席
49990;后会无期
49991;徒劳无益
49992;悄无声息
49993;悔之无及
49994;所向无敌
49995;托足无门
49996;暴露无遗
49997;死无对证
49998;死而无悔
49999;毫无二致
50000;毫无效果
50001;毫无疑问
50002;水清无鱼
50003;永无止境
50004;漫无边际
50005;无主失物
50006;无休无止
50007;无依无靠
50008;无价之宝
50009;无价珍珠
50010;无冬无夏
50011;无功而返
50012;无名战死
50013;无名英雄
50014;无咖啡因
50015;无容置疑
50016;无形贸易
50017;无性繁殖
50018;无业游民
50019;无业闲散
50020;无机化学
50021;无比较级
50022;无法形容
50023;无法忍受
50024;无法替代
50025;无照经营
50026;无牵无挂
50027;无产阶级
50028;无神论者
50029;无福消受
50030;无穷序列
50031;无穷远点
50032;无精打彩
50033;无网格法
50034;无线网路
50035;无线电波
50036;无线电话
50037;无罪抗辩
50038;无罪推定
50039;无处容身
50040;无论何事
50041;无论何处
50042;无论如何
50043;无足轻重
50044;无轨电车
50045;无关紧要
50046;无限小数
50047;略识之无
50048;当世无双
50049;目无全牛
50050;目无法纪
50051;目无组织
50052;相安无事
50053;破坏无遗
50054;秋毫无犯
50055;空洞无物
50056;管教无方
50057;老少无欺
50058;胸无城府
50059;胸无宿物
50060;举目无亲
50061;万般无奈
50062;虚无主义
50063;虚无假设
50064;血本无归
50065;亲密无间
50066;言而无信
50067;详尽无遗
50068;走投无路
50069;通行无阻
50070;进退无路
50071;铁面无私
50072;黑白无常
50073;一举一动
50074;三反运动
50075;互动电视
50076;五四运动
50077;低等动物
50078;健美运动
50079;传动机构
50080;传动系统
50081;传动装置
50082;两性动物
50083;冷血动物
50084;制动踏板
50085;刺胞动物
50086;刚体转动
50087;助选活动
50088;动力系统
50089;动嘴皮儿
50090;动态助词
50091;动态图形
50092;动态影像
50093;动态网页
50094;动物毒素
50095;动物庄园
50096;动物农场
50097;动词结构
50098;劳动保险
50099;劳动合同
50100;劳动改造
50101;劳动教养
50102;劳动模范
50103;劳动能力
50104;半劳动力
50105;及物动词
50106;反动势力
50107;反右运动
50108;反射动作
50109;古文运动
50110;启动作业
50111;启动技术
50112;四清运动
50113;多足动物
50114;太阳活动
50115;妇女运动
50116;审美活动
50117;布朗运动
50118;强迫劳动
50119;往复运动
50120;扁形动物
50121;招牌动作
50122;扫黄运动
50123;掌声雷动
50124;采取行动
50125;政治运动
50126;整风运动
50127;旋转运动
50128;朝劳动党
50129;构造运动
50130;机动车辆
50131;气动控制
50132;波动力学
50133;洋务运动
50134;活动房屋
50135;活动曲尺
50136;活动桌面
50137;活动能力
50138;流动儿童
50139;流动负债
50140;流动资产
50141;流动资金
50142;液压传动
50143;滑雪运动
50144;火山活动
50145;热动平衡
50146;爬虫动物
50147;爬行动物
50148;环节动物
50149;田径运动
50150;皮带传动
50151;眼动技术
50152;眼动记录
50153;示威运动
50154;社会动乱
50155;社会行动
50156;秘密活动
50157;移动设备
50158;移动电话
50159;空气动力
50160;竞选活动
50161;节支动物
50162;节足动物
50163;简谐振动
50164;简谐运动
50165;纪念活动
50166;经济活动
50167;闻风而动
50168;肃反运动
50169;肉食动物
50170;肌动蛋白
50171;能愿动词
50172;脑力劳动
50173;兴师动众
50174;草食动物
50175;行动主义
50176;行动方案
50177;行动纲领
50178;行动缓慢
50179;行动计划
50180;行动电话
50181;被动吸烟
50182;解放运动
50183;词干启动
50184;课文启动
50185;调和振动
50186;护国运动
50187;变温动物
50188;变速传动
50189;军事行动
50190;软体动物
50191;转动惯量
50192;农事活动
50193;造山运动
50194;运动定律
50195;运动方程
50196;杂食动物
50197;电动转盘
50198;非动物性
50199;食肉动物
50200;食腐动物
50201;食草动物
50202;驻车制动
50203;惊师动众
50204;惊群动众
50205;体力劳动
50206;体育活动
50207;体育运动
50208;可口可乐
50209;吃喝玩乐
50210;快快乐乐
50211;乐善好施
50212;百事可乐
50213;交响乐团
50214;交响乐队
50215;享乐主义
50216;停酒止乐
50217;先王之乐
50218;印度音乐
50219;古典音乐
50220;娱乐场所
50221;安居乐业
50222;寻欢作乐
50223;弹拨乐器
50224;快乐幸福
50225;爱乐乐团
50226;打击乐器
50227;木管乐器
50228;乐在其中
50229;乐府诗集
50230;乐昌之镜
50231;死于安乐
50232;民间音乐
50233;流行音乐
50234;男孩乐队
50235;知足常乐
50236;圣诞快乐
50237;背景音乐
50238;舞台音乐
50239;苦中作乐
50240;铜管乐器
50241;键盘乐器
50242;长乐公主
50243;长乐未央
50244;音乐之声
50245;音乐学院
50246;音乐电视
50247;饮酒作乐
50248;克什米尔
50249;普什图语
50250;法尔卡什
50251;乌什塔拉
50252;阿什拉维
50253;阿图什市
50254;阿图什县
50255;主管机关
50256;佛朗机炮
50257;信用危机
50258;信贷危机
50259;内燃机车
50260;公安机关
50261;冷水机组
50262;司法机关
50263;商业机构
50264;启德机场
50265;国际机场
50266;坐失机宜
50267;坐失良机
50268;专门机构
50269;就业机会
50270;微处理机
50271;应机立断
50272;投机倒把
50273;投机取巧
50274;投机买卖
50275;投票机器
50276;抽油烟机
50277;招聘机构
50278;援助机构
50279;摆脱危机
50280;政府机构
50281;政府机关
50282;政治机构
50283;教学机构
50284;数码相机
50285;东条英机
50286;柴电机车
50287;机器翻译
50288;机密文件
50289;机会主义
50290;机械工程
50291;机械翻译
50292;机械装置
50293;机械语言
50294;机关布景
50295;次贷危机
50296;死机蓝屏
50297;民航班机
50298;水底相机
50299;烤面包机
50300;燃气轮机
50301;牙机巧制
50302;当机立断
50303;登机入口
50304;白云机场
50305;相机行事
50306;研究机构
50307;科研样机
50308;立法机关
50309;经济危机
50310;联机游戏
50311;能源危机
50312;叶轮机械
50313;蓝屏死机
50314;行政机关
50315;见机行事
50316;言论机关
50317;识破机关
50318;货币危机
50319;军事机构
50320;轻机关枪
50321;农业机械
50322;重机关枪
50323;金融危机
50324;金融机构
50325;金融机关
50326;随机存取
50327;随机应变
50328;随机效应
50329;电力机车
50330;电打字机
50331;震源机制
50332;面授机宜
50333;飞机失事
50334;首都机场
50335;高射机枪
50336;高尔机体
50337;党政机关
50338;二道江区
50339;五斗米道
50340;任重道远
50341;传输通道
50342;传道受业
50343;先王之道
50344;八道江区
50345;公共道德
50346;共行车道
50347;咸镜北道
50348;坐而论道
50349;塑胶跑道
50350;夹道欢迎
50351;女修道张
50352;女修道院
50353;安道尔城
50354;尊师贵道
50355;尾水渠道
50356;平安北道
50357;平安南道
50358;弹道导弹
50359;忠清北道
50360;忠清南道
50361;怨声载道
50362;悲声载道
50363;庆尚北道
50364;庆尚南道
50365;拖牵索道
50366;数黄道黑
50367;旁门左道
50368;日本黑道
50369;朝鲜八道
50370;架空索道
50371;横断步道
50372;滑雪索道
50373;百度知道
50374;直道而行
50375;管道运输
50376;筑室道谋
50377;精于此道
50378;综合报道
50379;羊肠小道
50380;能说会道
50381;苦集灭道
50382;处世之道
50383;记者报道
50384;说长道短
50385;论长道短
50386;车行通道
50387;轨道交通
50388;通讯通道
50389;进道若退
50390;道山学海
50391;道德困境
50392;道德败坏
50393;道德素质
50394;道德认识
50395;道听途说
50396;道路工程
50397;防毒通道
50398;降落跑道
50399;咸镜南道
50400;黄海北道
50401;黄海南道
50402;交叉火力
50403;作证能力
50404;全副精力
50405;共同努力
50406;刻苦努力
50407;力学传递
50408;力所能及
50409;力排众议
50410;力尽神危
50411;力量均衡
50412;加足马力
50413;胜任能力
50414;吃奶之力
50415;和胃力气
50416;执政能力
50417;压力容器
50418;压力强度
50419;弱作用力
50420;强作用力
50421;抗药能力
50422;接力赛跑
50423;摩擦阻力
50424;据理力争
50425;智力测验
50426;暴力犯罪
50427;权力交接
50428;权力纷争
50429;权力斗争
50430;欲振乏力
50431;武装力量
50432;水力鼓风
50433;活力四射
50434;流变能力
50435;流体力学
50436;浮力定律
50437;牛顿力学
50438;空气阻力
50439;经济力量
50440;圣马力诺
50441;听力理解
50442;能力素质
50443;处理能力
50444;表面张力
50445;语言能力
50446;读写能力
50447;身强力壮
50448;身体力行
50449;军事力量
50450;军事实力
50451;载重能力
50452;通力合作
50453;重力异常
50454;量力而行
50455;静力平衡
50456;领导能力
50457;风力水车
50458;共享带宽
50459;共享计划
50460;共享软体
50461;坐吃享福
50462;物质享受
50463;交感神经
50464;初恋感觉
50465;审美快感
50466;感性认识
50467;感恩图报
50468;感恩戴德
50469;感应线圈
50470;感觉器官
50471;敏感物质
50472;流感病毒
50473;混合感染
50474;特别感谢
50475;病毒感染
50476;第六感觉
50477;非常感谢
50478;死而后已
50479;事后聪明
50480;先后顺序
50481;先礼后兵
50482;冰雪皇后
50483;前仰后合
50484;前因后果
50485;加密后的
50486;售后服务
50487;善后借款
50488;严重后果
50489;在此之后
50490;巴前算后
50491;幕后操纵
50492;后信号灯
50493;后西游记
50494;后见之明
50495;后车之鉴
50496;后送医院
50497;后顾之忧
50498;从此往后
50499;思前想后
50500;扮装皇后
50501;承前启后
50502;放马后炮
50503;最后晚餐
50504;最后期限
50505;秋后算账
50506;空前绝后
50507;经济落后
50508;紧随其后
50509;总后勤部
50510;置之脑后
50511;舌尖后音
50512;变装皇后
50513;选美皇后
50514;酒后驾车
50515;酒后驾驶
50516;随之而后
50517;饭后服用
50518;内在几何
50519;内在坐标
50520;势在必行
50521;危在旦夕
50522;命在旦夕
50523;困难在于
50524;在所难免
50525;在此之前
50526;在此之际
50527;在水步行
50528;在真空中
50529;在职训练
50530;左券在握
50531;志在四方
50532;挂在嘴边
50533;智珠在握
50534;潜在威胁
50535;潜在媒介
50536;珠玉在侧
50537;蒙在鼓里
50538;美国在线
50539;义之所在
50540;老神在在
50541;言犹在耳
50542;万事如意
50543;心满意足
50544;意气相投
50545;意犹未尽
50546;交通意外
50547;公众意见
50548;刻意求工
50549;句法意识
50550;唯意志论
50551;失去意识
50552;如意算盘
50553;安闲随意
50554;密切注意
50555;思想意识
50556;恶意中伤
50557;恶意代码
50558;意外事故
50559;意气用事
50560;意第绪语
50561;意义变化
50562;意识形态
50563;历史意义
50564;民意测验
50565;民意调查
50566;表意文字
50567;表示敬意
50568;言外之意
50569;语音意识
50570;超前意识
50571;双方同意
50572;善男信女
50573;外孙女儿
50574;女乘务员
50575;女士优先
50576;女性主义
50577;女性厌恶
50578;少男少女
50579;应召女郎
50580;拖儿带女
50581;月亮女神
50582;牛郎织女
50583;男女平等
50584;男女老少
50585;男女关系
50586;男左女右
50587;男才女貌
50588;男扮女装
50589;男欢女爱
50590;绿女红男
50591;赛车女郎
50592;郎才女貌
50593;重男轻女
50594;黄花幼女
50595;点点滴滴
50596;公共零点
50597;圈圈点点
50598;定点企业
50599;居民点儿
50600;战略要点
50601;旅游景点
50602;旅游热点
50603;标点符号
50604;历史观点
50605;浮点运算
50606;画龙点睛
50607;网路节点
50608;视频点播
50609;镜像站点
50610;零点定理
50611;黄白交点
50612;点滴试验
50613;点睛之笔
50614;点阵字体
50615;点头哈腰
50616;点头招呼
50617;中控面板
50618;二十面体
50619;二次曲面
50620;代数曲面
50621;假面舞会
50622;全面禁止
50623;两面三刀
50624;十二面体
50625;四面楚歌
50626;圆形面包
50627;图形界面
50628;平面几何
50629;平面曲线
50630;怒容满面
50631;按照字面
50632;政治局面
50633;数据介面
50634;方方面面
50635;旋转曲面
50636;春风满面
50637;桌面系统
50638;正反两面
50639;正多面体
50640;满面春风
50641;牛肉拉面
50642;牛肉炒面
50643;牛角面包
50644;用户界面
50645;总平面图
50646;羊角面包
50647;表面信息
50648;表面外膜
50649;表面文章
50650;复数平面
50651;谋取面试
50652;资料介面
50653;防毒面具
50654;杂和面儿
50655;面向连接
50656;面带愁容
50657;面带病容
50658;面目全非
50659;面临困难
50660;面试工作
50661;面黄肌瘦
50662;面包师傅
50663;元末明初
50664;先见之明
50665;光明日报
50666;免责声明
50667;两河文明
50668;具体说明
50669;冰雪聪明
50670;另请高明
50671;图解说明
50672;奉若神明
50673;安非他明
50674;敬若神明
50675;文明小史
50676;明哲保身
50677;明察暗访
50678;明察秋毫
50679;明文规定
50680;明智之举
50681;明月清风
50682;明末清初
50683;明查暗访
50684;明争暗斗
50685;明目张胆
50686;明知故问
50687;明知故犯
50688;明窗净几
50689;明达事理
50690;明镜高悬
50691;暗察明访
50692;东方文明
50693;弃暗投明
50694;权利声明
50695;清风明月
50696;物质文明
50697;窗明几净
50698;简单明了
50699;精明强干
50700;精明能干
50701;精神文明
50702;绝顶聪明
50703;耳聪目明
50704;圣多明各
50705;圣多明哥
50706;联合声明
50707;聪明才智
50708;胡志明市
50709;英明果断
50710;词约指明
50711;证明完毕
50712;证明文件
50713;身份证明
50714;透明程度
50715;透明质酸
50716;长夜难明
50717;验明正身
50718;鲜明个性
50719;你死我活
50720;你争我夺
50721;你追我赶
50722;我行我素
50723;我醉欲眠
50724;敌我矛盾
50725;贡高我慢
50726;七七事变
50727;事先通知
50728;事务律师
50729;事务繁忙
50730;事故照射
50731;事与愿违
50732;何济于事
50733;依计行事
50734;便宜行事
50735;内部事务
50736;公事公办
50737;公伤事故
50738;公共事业
50739;公益事业
50740;六四事件
50741;势殊事异
50742;国事访问
50743;外交事务
50744;多事之秋
50745;多管闲事
50746;少管闲事
50747;就事论事
50748;常务理事
50749;往事如风
50750;从事研究
50751;料事如神
50752;历史事件
50753;民事责任
50754;民间故事
50755;沉船事故
50756;海事法院
50757;百事俱废
50758;百科事典
50759;社会事业
50760;神话故事
50761;福利事业
50762;童话故事
50763;红白喜事
50764;紧急事件
50765;总领事馆
50766;置身事外
50767;航空事业
50768;草草了事
50769;华北事变
50770;处事原则
50771;西安事变
50772;诸凡百事
50773;责任事故
50774;军事威胁
50775;军事援助
50776;军事政变
50777;军事法庭
50778;军事演习
50779;军事科学
50780;军事训练
50781;军事设施
50782;军事部门
50783;军事体育
50784;重提旧事
50785;防毒工事
50786;非军事区
50787;余留事务
50788;两样东西
50789;取样数量
50790;各色各样
50791;多种多样
50792;怪模怪样
50793;搞花样儿
50794;空气取样
50795;粥样硬化
50796;花样游泳
50797;花样滑冰
50798;装模作样
50799;三陪小姐
50800;中小企业
50801;中篇小说
50802;初级小学
50803;升斗小民
50804;史传小说
50805;国民小学
50806;坐台小姐
50807;小亚细亚
50808;小型企业
50809;小型巴士
50810;小型汽车
50811;小型货车
50812;小写字母
50813;小山包包
50814;小康社会
50815;小打小闹
50816;小步舞曲
50817;小营盘镇
50818;小白脸儿
50819;小花远志
50820;小苏打粉
50821;小行星带
50822;小额融资
50823;小龙汤包
50824;循环小数
50825;打小报告
50826;打小算盘
50827;援交小姐
50828;最小二乘
50829;柴门小户
50830;核查小组
50831;督察小组
50832;短篇小说
50833;研究小组
50834;科幻小说
50835;科研小组
50836;空中小姐
50837;缩小模型
50838;羊肠小径
50839;美体小铺
50840;虚构小说
50841;通俗小说
50842;长篇小说
50843;陪唱小姐
50844;高级小学
50845;中亚细亚
50846;中亚草原
50847;中信银行
50848;中值定理
50849;中元普渡
50850;中共中央
50851;中南半岛
50852;中印半岛
50853;中古汉语
50854;中国作协
50855;中国文联
50856;中国日报
50857;中国残联
50858;中国石化
50859;中国联通
50860;中国制造
50861;中国邮政
50862;中国银联
50863;中国银行
50864;中国电信
50865;中央全会
50866;中央汇金
50867;中央政府
50868;中央日报
50869;中央军委
50870;中央银行
50871;中央集权
50872;中山公园
50873;中式英语
50874;中复电讯
50875;中德诊所
50876;中日关系
50877;中毒途径
50878;中气层顶
50879;中沙群岛
50880;中法战争
50881;中产阶级
50882;中田英寿
50883;中空玻璃
50884;中等教育
50885;中箭落马
50886;中英对照
50887;中华字海
50888;中华民国
50889;中华民族
50890;中华台北
50891;中华电视
50892;中西合并
50893;中越战争
50894;中转柜台
50895;中途退场
50896;中远集团
50897;中间路线
50898;两个中国
50899;切中要害
50900;初级中学
50901;命中注定
50902;国中之国
50903;国民中学
50904;外强中干
50905;局外中立
50906;山中圣训
50907;恶语中伤
50908;房屋中介
50909;房产中介
50910;普通中学
50911;暗中监视
50912;东中国海
50913;正中要害
50914;海军中校
50915;田中角荣
50916;百忙之中
50917;短中取长
50918;短中抽长
50919;科右中旗
50920;空中客车
50921;空中少爷
50922;空中格斗
50923;空中炮舰
50924;职业中学
50925;酒精中毒
50926;关中平原
50927;集中托运
50928;震惊中外
50929;食物中毒
50930;高级中学
50931;世界日报
50932;世界末日
50933;京郊日报
50934;六日战争
50935;北京日报
50936;半日工作
50937;同日而语
50938;四日市市
50939;失效日期
50940;抗日战争
50941;拨云见日
50942;日久岁深
50943;日常工作
50944;日月五星
50945;日月重光
50946;日本国志
50947;日本书纪
50948;日本竹筷
50949;日本米酒
50950;日本脑炎
50951;日本航空
50952;日本银行
50953;日益增加
50954;日经平均
50955;日经指数
50956;日英联军
50957;日落西山
50958;日趋严重
50959;早日康复
50960;旺波日山
50961;星岛日报
50962;朝日放送
50963;朝鲜日报
50964;东方日报
50965;每日快报
50966;每日邮报
50967;每日镜报
50968;每日限价
50969;没日没夜
50970;河北日报
50971;法制日报
50972;白日做梦
50973;网络日记
50974;绕梁三日
50975;与日俱增
50976;与日俱辉
50977;与日俱进
50978;与日同辉
50979;解放日报
50980;风和日暖
50981;饱食终日
50982;喜气洋洋
50983;心平气和
50984;气壮山河
50985;理直气壮
50986;假设语气
50987;全球气候
50988;别太客气
50989;反问语气
50990;古气候学
50991;和和气气
50992;和气致祥
50993;喜则气缓
50994;平均气温
50995;志高气扬
50996;怒气冲冲
50997;怪声怪气
50998;怪里怪气
50999;挨打受气
51000;政治气候
51001;春风和气
51002;死气沉沉
51003;气候暖化
51004;气候温和
51005;气候状况
51006;气候变化
51007;气势宏伟
51008;气定神闲
51009;气度恢宏
51010;气急败坏
51011;气冲牛斗
51012;气象学者
51013;气象卫星
51014;气体扩散
51015;流里流气
51016;温室气体
51017;燃气电厂
51018;眼露杀气
51019;秋高气爽
51020;空气污染
51021;空气流通
51022;空气调节
51023;细声细气
51024;经气聚集
51025;老气横秋
51026;血气方刚
51027;语气助词
51028;豪气干云
51029;趋冷气候
51030;足高气强
51031;足高气扬
51032;通用电气
51033;酒色财气
51034;电气工程
51035;骑士气概
51036;七老八十
51037;宝刀未老
51038;尊老爱幼
51039;爱老虎你
51040;老两口儿
51041;老实巴交
51042;老少咸宜
51043;老态龙钟
51044;老于世故
51045;老残游记
51046;老河口市
51047;老眼昏花
51048;老调重弹
51049;老谋深算
51050;老马识途
51051;老鼠尾巴
51052;语文老师
51053;识途老马
51054;猫哭老鼠
51055;养儿防老
51056;养老保险
51057;三角恋爱
51058;尊师爱徒
51059;爱之如命
51060;爱屋及鸟
51061;爱岗敬业
51062;爱德华岛
51063;爱留根纳
51064;爱能移山
51065;爱丽思泉
51066;爱丽舍宫
51067;横刀夺爱
51068;相亲相爱
51069;心安理得
51070;随遇而安
51071;保安部队
51072;公安官员
51073;印第安座
51074;印第安纳
51075;国土安全
51076;坐立难安
51077;安克拉治
51078;安克雷奇
51079;安全问题
51080;安全措施
51081;安全检查
51082;安全考虑
51083;安史之乱
51084;安土重迁
51085;安居工程
51086;安息香属
51087;安息香科
51088;安提瓜岛
51089;安步当车
51090;安民告示
51091;安特卫普
51092;安身立命
51093;安闲舒适
51094;安非他命
51095;富国安民
51096;平安神宫
51097;岁岁平安
51098;经济安全
51099;兴安运河
51100;转移安置
51101;除暴安良
51102;先知先觉
51103;益觉困难
51104;知觉解体
51105;错觉结合
51106;双眼视觉
51107;付之度外
51108;保甲制度
51109;停板制度
51110;八旗制度
51111;冷热度数
51112;切向速度
51113;劲度系数
51114;北印度语
51115;印度支那
51116;印度教徒
51117;审级制度
51118;封建制度
51119;对比温度
51120;强硬态度
51121;户口制度
51122;拉伸强度
51123;断裂强度
51124;最低限度
51125;会计制度
51126;海洋温度
51127;深度非词
51128;减低速度
51129;温度梯度
51130;环境温度
51131;相对密度
51132;相对湿度
51133;种姓制度
51134;第三季度
51135;第二季度
51136;第四季度
51137;等级制度
51138;绝对温度
51139;绝对湿度
51140;绝对零度
51141;绝对高度
51142;经济制度
51143;置之度外
51144;虚度光阴
51145;记忆广度
51146;谈判制度
51147;通信密度
51148;适度微调
51149;长度单位
51150;阅读广度
51151;另眼相看
51152;正向前看
51153;看菜吃饭
51154;走马看花
51155;快步流星
51156;快餐交友
51157;火星快车
51158;爽爽快快
51159;特快专递
51160;痛痛快快
51161;周末愉快
51162;帝国主义
51163;爱国主义
51164;七国集团
51165;三国史记
51166;三国演义
51167;世界强国
51168;五代十国
51169;亡国灭种
51170;依法治国
51171;保卫祖国
51172;两国之间
51173;两国关系
51174;八国联军
51175;共产国际
51176;十国春秋
51177;周游列国
51178;国内战争
51179;国共内战
51180;国共两党
51181;国共合作
51182;国务委员
51183;国务总理
51184;国务长官
51185;国外市场
51186;国富兵强
51187;国弱民穷
51188;国会议员
51189;国会议长
51190;国民收入
51191;国民政府
51192;国民议会
51193;国营企业
51194;国美电器
51195;国防利益
51196;国防工业
51197;国防部长
51198;国防预算
51199;国际主义
51200;国际公认
51201;国际协会
51202;国际商会
51203;国际单位
51204;国际外交
51205;国际媒体
51206;国际收支
51207;国际标准
51208;国际法庭
51209;国际社会
51210;国际私法
51211;国际笔会
51212;国际组织
51213;国际网络
51214;国际联盟
51215;国际见闻
51216;国际贸易
51217;国际足联
51218;国际关系
51219;国际电话
51220;国际音标
51221;外国公司
51222;外国媒体
51223;外国资本
51224;外国电影
51225;多国公司
51226;多重国籍
51227;央视国际
51228;富国强兵
51229;德国之声
51230;德国战车
51231;德国酸菜
51232;德国马克
51233;战国七雄
51234;春秋战国
51235;东南亚国
51236;法国航空
51237;法国革命
51238;异国他乡
51239;病民害国
51240;科教兴国
51241;第二国际
51242;美国之音
51243;美国交会
51244;美国国会
51245;美国联准
51246;美国航空
51247;美国运通
51248;联合王国
51249;英国石油
51250;万国邮联
51251;护国战争
51252;卖国主义
51253;超级强国
51254;跨国公司
51255;军国主义
51256;闭关锁国
51257;关税国境
51258;黑客帝国
51259;没吃没穿
51260;没精打彩
51261;没精打采
51262;没脸没皮
51263;没亲没故
51264;没头没脸
51265;学业有成
51266;心理学家
51267;经济学家
51268;九三学社
51269;交叉学科
51270;传染病学
51271;光学仪器
51272;公立学校
51273;刻苦学习
51274;创价学会
51275;助学贷款
51276;勤学苦练
51277;化学元素
51278;化学反应
51279;化学工业
51280;化学工程
51281;化学弹药
51282;化学性质
51283;化学武器
51284;化学治疗
51285;化学航弹
51286;化学变化
51287;博士学位
51288;博学多才
51289;古典文学
51290;古文字学
51291;同班同学
51292;名誉学位
51293;报告文学
51294;外交学院
51295;学位论文
51296;学位证书
51297;学士学位
51298;学富五车
51299;学会院士
51300;学习刻苦
51301;学术水平
51302;寄宿学校
51303;实物教学
51304;专科学校
51305;工业学校
51306;工程图学
51307;工读学校
51308;师范学院
51309;几何光学
51310;应用数学
51311;应用科学
51312;抓紧学习
51313;教学相长
51314;数学公式
51315;数学模型
51316;数学物理
51317;文学博士
51318;文江学海
51319;文科学士
51320;暑期学校
51321;材料科学
51322;荣誉学位
51323;模糊数学
51324;检验医学
51325;比较文学
51326;法学博士
51327;洋务学堂
51328;流行病学
51329;物理化学
51330;理学硕士
51331;理科学士
51332;环保科学
51333;真才实学
51334;石油化学
51335;硕士学位
51336;社会科学
51337;私立学校
51338;秋季学期
51339;科学主义
51340;科学执政
51341;科学实验
51342;科学幻想
51343;科学技术
51344;科学普及
51345;科学知识
51346;科学研究
51347;科学种田
51348;科学管理
51349;科学编辑
51350;科学育儿
51351;管理学院
51352;精神病学
51353;组合数学
51354;经济学者
51355;联想学习
51356;船政学堂
51357;英语教学
51358;艺术学院
51359;计算数学
51360;访师求学
51361;调嘴学舌
51362;通俗科学
51363;医学博士
51364;医学检验
51365;医科学校
51366;钢铁学院
51367;离散数学
51368;高等学校
51369;麻醉学者
51370;五体投地
51371;三角柱体
51372;三体问题
51373;使具体化
51374;个体经济
51375;传输媒体
51376;先进集体
51377;全体会议
51378;公共团体
51379;共和政体
51380;具体问题
51381;具体而微
51382;具体计划
51383;四角柱体
51384;固体物理
51385;固体物质
51386;团体冠军
51387;媒体报导
51388;宗教团体
51389;常染色体
51390;弱势群体
51391;德智体美
51392;思想体系
51393;应用软体
51394;扁桃体炎
51395;搜寻软体
51396;政治体制
51397;活体检视
51398;游说团体
51399;汉字字体
51400;监管体制
51401;相体裁衣
51402;社会团体
51403;立克次体
51404;立体交叉
51405;立体几何
51406;立体照片
51407;立体异构
51408;经济体制
51409;经济体系
51410;总体目标
51411;总体规划
51412;群众团体
51413;艺术体操
51414;裂体吸虫
51415;超导电体
51416;跳集体舞
51417;身体检查
51418;身体障害
51419;量体裁衣
51420;集体主义
51421;集体行走
51422;集体防护
51423;领导集体
51424;体外受精
51425;体格检查
51426;体积单位
51427;体育之窗
51428;体育场馆
51429;体育比赛
51430;体育锻炼
51431;体育项目
51432;体贴入微
51433;高尔基体
51434;感同身受
51435;全身麻醉
51436;反身代词
51437;孤身只影
51438;守身如玉
51439;引火烧身
51440;舍身求法
51441;替身演员
51442;私定终身
51443;终身监禁
51444;藏身之处
51445;言传身教
51446;贵族身份
51447;贴身卫队
51448;身先朝露
51449;身怀六甲
51450;身披羽毛
51451;身败名裂
51452;身负重伤
51453;量身定制
51454;隐身草儿
51455;养虎伤身
51456;三朋四友
51457;串亲访友
51458;友谊万岁
51459;良师益友
51460;访亲问友
51461;酒肉朋友
51462;重色轻友
51463;三叉神经
51464;世界经济
51465;久经考验
51466;传入神经
51467;公营经济
51468;千经万卷
51469;商品经济
51470;坐骨神经
51471;塔木德经
51472;宏观经济
51473;专案经理
51474;市场经济
51475;引经据典
51476;微观经济
51477;必经之路
51478;惨淡经营
51479;摩西五经
51480;未经证实
51481;弃农经商
51482;正经八百
51483;武经七书
51484;武经总要
51485;死海经卷
51486;特许经营
51487;产品经理
51488;社会经济
51489;神经元网
51490;神经外科
51491;神经失常
51492;神经毒素
51493;神经系统
51494;神经细胞
51495;神经网络
51496;神经网路
51497;神经胶质
51498;经典场论
51499;经典案例
51500;经合组织
51501;经历风雨
51502;经济作物
51503;经济制裁
51504;经济前途
51505;经济问题
51506;经济困境
51507;经济基础
51508;经济增长
51509;经济改革
51510;经济特区
51511;经济状况
51512;经济紧缩
51513;经济繁荣
51514;经济周期
51515;经营费用
51516;经验主义
51517;经验丰富
51518;纵神经索
51519;圣经典故
51520;圣经外传
51521;圣经段落
51522;视神经盘
51523;解深密经
51524;计划经济
51525;证券经营
51526;迷走神经
51527;医疗经验
51528;饱经忧患
51529;黄帝内经
51530;黄帝宅经
51531;出人头地
51532;从头到尾
51533;彻头彻尾
51534;抱头痛哭
51535;改头换面
51536;晕头转向
51537;满头大汗
51538;焦头烂额
51539;白头到老
51540;头破血流
51541;头重脚轻
51542;交头接耳
51543;低头认罪
51544;傻头傻脑
51545;八般头风
51546;初露头角
51547;千头万绪
51548;右箭头键
51549;品头论足
51550;埋头苦干
51551;左箭头键
51552;巴头探脑
51553;平头百姓
51554;广角镜头
51555;戴绿头巾
51556;掉头就走
51557;探头探脑
51558;摇头摆尾
51559;方头括号
51560;昏头昏脑
51561;横头横脑
51562;冲昏头脑
51563;沙坡头区
51564;注射针头
51565;派头十足
51566;狗血喷头
51567;蒙头转向
51568;矛头指向
51569;石头火锅
51570;硬着头皮
51571;紧要关头
51572;股二头肌
51573;股四头肌
51574;草字头儿
51575;藏头露尾
51576;评头论足
51577;迎头打击
51578;迎头痛击
51579;避避风头
51580;钻头卡盘
51581;钻头夹盘
51582;头儿脑儿
51583;头昏目晕
51584;头昏眼晕
51585;头昏眼暗
51586;头昏眼花
51587;头晕眼花
51588;头晕脑涨
51589;头痛医头
51590;头脑清楚
51591;马头星云
51592;骨头节儿
51593;鬼头鬼脑
51594;龙头企业
51595;充要条件
51596;千金要方
51597;基本需要
51598;必要条件
51599;收购要约
51600;权利要求
51601;简要介绍
51602;至关重要
51603;要加牛奶
51604;要死要活
51605;重要问题
51606;首要任务
51607;齐民要术
51608;欢欢喜喜
51609;喜喜欢欢
51610;喜形于色
51611;喜歌剧院
51612;喜欢吵架
51613;悲喜交集
51614;比较喜欢
51615;双喜临门
51616;惊喜若狂
51617;十全十美
51618;亚美利加
51619;味美思酒
51620;审美眼光
51621;专美于前
51622;工艺美术
51623;抗美援朝
51624;甜言美语
51625;美宇航局
51626;美式足球
51627;美林集团
51628;选美比赛
51629;七台河市
51630;五指山市
51631;交易市场
51632;偶语弃市
51633;六盘水市
51634;冷水江市
51635;城市区域
51636;城市热岛
51637;城市规划
51638;市场份额
51639;市场定位
51640;市场准入
51641;市场营销
51642;市场竞争
51643;市场调查
51644;市民社会
51645;平顶山市
51646;德令哈市
51647;投放市场
51648;旅游城市
51649;本那比市
51650;村山富市
51651;格尔木市
51652;梅河口市
51653;横须贺市
51654;港口城市
51655;牙克石市
51656;目标市场
51657;石嘴山市
51658;股票市场
51659;台南府市
51660;旧货市场
51661;旧车市场
51662;茶马互市
51663;调兵山市
51664;证券市场
51665;证卷市场
51666;货币市场
51667;买方市场
51668;资本市场
51669;超级市场
51670;软件市场
51671;农贸市场
51672;连云港市
51673;都市传奇
51674;金融市场
51675;门庭若市
51676;防城港市
51677;阿克苏市
51678;阿拉尔市
51679;阿尔山市
51680;随行就市
51681;集市贸易
51682;双鸭山市
51683;驻马店市
51684;红超巨星
51685;超前消费
51686;超导电性
51687;超敏反应
51688;超泛神论
51689;超维空间
51690;超声扫描
51691;超距作用
51692;超额订购
51693;超额认购
51694;了如指掌
51695;但愿如此
51696;佳评如潮
51697;倒背如流
51698;健步如飞
51699;危如朝露
51700;四季如春
51701;执法如山
51702;多如牛毛
51703;如法泡制
51704;如火如茶
51705;如金似玉
51706;妙语如珠
51707;守口如瓶
51708;对答如流
51709;从善如流
51710;急如星火
51711;恰如其份
51712;应对如流
51713;挥汗如雨
51714;挥金如土
51715;易如反掌
51716;暴跳如雷
51717;果如所料
51718;岁月如流
51719;玉露如珠
51720;目光如豆
51721;空空如也
51722;艳如桃李
51723;号令如山
51724;行礼如仪
51725;视死如归
51726;话虽如此
51727;宾至如归
51728;远非如此
51729;铁证如山
51730;五灯会元
51731;公司会议
51732;公众集会
51733;六方会谈
51734;协商会议
51735;原始社会
51736;同业公会
51737;和平会谈
51738;圆桌会议
51739;团结工会
51740;封建社会
51741;影像会议
51742;文山会海
51743;普世教会
51744;会士考试
51745;会计科目
51746;会议展览
51747;月份会议
51748;母系社会
51749;牵强附会
51750;犹太会堂
51751;球场会馆
51752;社会保障
51753;社会保险
51754;社会名流
51755;社会工作
51756;社会平等
51757;社会服务
51758;社会正义
51759;社会民主
51760;社会环境
51761;社会等级
51762;社会关系
51763;社会关怀
51764;社会阶层
51765;秘密会社
51766;约会对象
51767;总会会长
51768;聚精会神
51769;联席会议
51770;举行会谈
51771;融会贯通
51772;行政会议
51773;卫理公会
51774;视频会议
51775;贵族社会
51776;足球协会
51777;迎神赛会
51778;遵义会议
51779;部长会议
51780;都会传奇
51781;电话会议
51782;首脑会谈
51783;首脑会议
51784;高峰会议
51785;党派集会
51786;介于两难
51787;公之于众
51788;公诸于世
51789;孤独于世
51790;富于想像
51791;怒形于色
51792;急于星火
51793;业精于勤
51794;死于非命
51795;流于形式
51796;海于格松
51797;积于忽微
51798;闻名于世
51799;著称于世
51800;血浓于水
51801;难于接近
51802;七号电池
51803;三号电池
51804;二号电池
51805;五号电池
51806;交变流电
51807;交变电流
51808;介电常数
51809;偏置电流
51810;偏置电阻
51811;传呼电话
51812;传真电报
51813;光电效应
51814;公用电话
51815;印制电路
51816;台式电脑
51817;单向电流
51818;四号电池
51819;固定电话
51820;固网电信
51821;垃圾电邮
51822;太阳电池
51823;密码电报
51824;对讲电话
51825;平板电脑
51826;广播电台
51827;广电总局
51828;扣式电池
51829;掌握电脑
51830;教育电视
51831;数字电视
51832;数字电路
51833;星流电击
51834;燃料电池
51835;科幻电影
51836;程控电话
51837;网际电话
51838;脑电图版
51839;苏宁电器
51840;苹果电脑
51841;卫星电视
51842;记忆电路
51843;追风逐电
51844;通用电器
51845;长途电话
51846;闭路电视
51847;雷电计图
51848;电信服务
51849;电信网路
51850;电光朝露
51851;电化教育
51852;电报通知
51853;电影剧本
51854;电影导演
51855;电影演员
51856;电影制作
51857;电影制片
51858;电源插座
51859;电脑企业
51860;电脑公司
51861;电脑操作
51862;电脑业者
51863;电脑病毒
51864;电脑系统
51865;电脑网络
51866;电脑网路
51867;电脑绘图
51868;电脑语言
51869;电脑软件
51870;电视广播
51871;电视采访
51872;电视节目
51873;电视转播
51874;电讯公司
51875;电话信号
51876;电话公司
51877;电话区码
51878;电话区号
51879;电话服务
51880;电话网路
51881;电话线路
51882;电话铃声
51883;电邮位置
51884;香港电台
51885;高清电视
51886;黑白电视
51887;复活节岛
51888;拼死拼活
51889;活字印刷
51890;活期存款
51891;活期贷款
51892;活期资金
51893;活版印刷
51894;活血止痛
51895;累死累活
51896;针线活儿
51897;针线活计
51898;鲜活货物
51899;三个世界
51900;三个代表
51901;十几个月
51902;名副其实
51903;踏踏实实
51904;付诸实施
51905;切合实际
51906;句句实话
51907;名存实亡
51908;密密实实
51909;实利主义
51910;实受资本
51911;实况转播
51912;实况录音
51913;实用主义
51914;实用价值
51915;实话实说
51916;实证主义
51917;实际应用
51918;征名责实
51919;恶恶实实
51920;扎实推进
51921;扎扎实实
51922;扩增实境
51923;果实散播
51924;果实累累
51925;真凭实据
51926;虚虚实实
51927;见之实施
51928;言符其实
51929;避实就虚
51930;北京晚报
51931;晚婚晚育
51932;世界知名
51933;全知全能
51934;察微知著
51935;专业知识
51936;技术知识
51937;未知数儿
51938;格物致知
51939;理性知识
51940;略知皮毛
51941;知冷知热
51942;知书达理
51943;知法犯法
51944;知识宝库
51945;知识产权
51946;知遇之恩
51947;知难而退
51948;良知良能
51949;见微知著
51950;视微知着
51951;认知失调
51952;迷途知返
51953;预备知识
51954;果味胶糖
51955;测验结果
51956;硕果仅存
51957;统计结果
51958;苹果公司
51959;调查结果
51960;音响效果
51961;乱作决定
51962;假否定句
51963;假肯定句
51964;传输协定
51965;剩余定理
51966;命运注定
51967;单方决定
51968;固定收入
51969;固定词组
51970;固定资产
51971;基本定理
51972;多边协定
51973;定向培育
51974;定向越野
51975;定性理论
51976;定期存款
51977;拉米夫定
51978;按质定价
51979;昏定晨省
51980;晨昏定省
51981;根据规定
51982;法定货币
51983;炼之未定
51984;用户定义
51985;痛定思痛
51986;真否定句
51987;真肯定句
51988;确定效应
51989;稳定物价
51990;网际协定
51991;声波定位
51992;胡克定律
51993;规定价格
51994;贸易协定
51995;路由协定
51996;通信协定
51997;通讯协定
51998;野外定向
51999;余数定理
52000;天马行空
52001;特立独行
52002;三思而行
52003;世界银行
52004;并行程序
52005;并行计算
52006;五行八作
52007;交通银行
52008;代数流行
52009;令行禁止
52010;使徒行传
52011;公共行政
52012;功完行满
52013;汇业银行
52014;汇丰银行
52015;十四行诗
52016;各行各业
52017;合众银行
52018;商业银行
52019;太古洋行
52020;太空行走
52021;工商银行
52022;平行公设
52023;徒步旅行
52024;战争罪行
52025;房贷银行
52026;托运行李
52027;投资银行
52028;抢风航行
52029;旅行支票
52030;旅行装备
52031;星际旅行
52032;东亚银行
52033;档案执行
52034;渐行渐远
52035;烟花行院
52036;奖励旅行
52037;独断专行
52038;独断独行
52039;环球旅行
52040;监外执行
52041;示威游行
52042;禁止令行
52043;结伴而行
52044;罪行累累
52045;兴业银行
52046;举行婚礼
52047;花旗银行
52048;华夏银行
52049;行使职权
52050;行将就木
52051;行将结束
52052;行政区划
52053;行政区域
52054;行政区画
52055;行政命令
52056;行政单位
52057;行政救济
52058;行政管理
52059;行政总厨
52060;行政部门
52061;行政长官
52062;行军路线
52063;行销诉求
52064;衣食住行
52065;解释执行
52066;逐行扫描
52067;通讯行业
52068;进行交易
52069;进行性交
52070;进行编程
52071;进行通信
52072;运行方式
52073;运行状况
52074;遵法施行
52075;银行存款
52076;银行业务
52077;隔行扫描
52078;类木行星
52079;飞行甲板
52080;飞行记录
52081;加利西亚
52082;加官进位
52083;加封官阶
52084;加工效率
52085;加工贸易
52086;加强管制
52087;加德满都
52088;加拉太书
52089;加格达奇
52090;加权平均
52091;加油添醋
52092;加深印象
52093;加深理解
52094;加减乘除
52095;加速踏板
52096;加里波第
52097;卡尔加里
52098;外加附件
52099;外高加索
52100;层层加码
52101;微细加工
52102;悔恨交加
52103;抗核加固
52104;横加指责
52105;添油加醋
52106;汤加群岛
52107;相加性的
52108;累加总数
52109;变本加厉
52110;贝加尔湖
52111;贫病交加
52112;路加福音
52113;逐渐增加
52114;阿尔加维
52115;阿空加瓜
52116;阿非利加
52117;附加元件
52118;高加索山
52119;三维空间
52120;任职期间
52121;仿射空间
52122;位形空间
52123;信赖区间
52124;去取之间
52125;参量空间
52126;四维空间
52127;外层空间
52128;对称空间
52129;坐标空间
52130;弹指之间
52131;弯曲空间
52132;挑拨离间
52133;民间传说
52134;民间组织
52135;民间习俗
52136;民间舞蹈
52137;民间艺术
52138;田间管理
52139;空间探测
52140;网络空间
52141;置信区间
52142;语义空间
52143;间接证据
52144;间接宾语
52145;间接选举
52146;间歇训练
52147;高维空间
52148;杯酒言欢
52149;欢欣鼓舞
52150;欢迎光临
52151;尽欢而散
52152;买笑追欢
52153;两岸对话
52154;博客话剧
52155;换句话说
52156;畅谈话卡
52157;满口脏话
52158;空口白话
52159;空话连篇
52160;话里套话
52161;说话算数
52162;说话算话
52163;说风凉话
52164;长途话费
52165;风流佳话
52166;五官端正
52167;作风正派
52168;修正主义
52169;名正言顺
52170;堂堂正正
52171;拨乱反正
52172;方方正正
52173;正六边形
52174;正则参数
52175;正多胞形
52176;正宫娘娘
52177;正常工作
52178;正式投票
52179;正牙带环
52180;正当理由
52181;正当防卫
52182;正确处理
52183;正确路线
52184;正义斗争
52185;正规教育
52186;正言厉色
52187;正颜厉色
52188;正骨八法
52189;言归正传
52190;训民正音
52191;世界闻名
52192;久负盛名
52193;候补名单
52194;冒名顶替
52195;受洗命名
52196;同名同姓
52197;名目繁多
52198;名称标签
52199;名义价值
52200;名义账户
52201;名落孙山
52202;名誉博士
52203;名重识暗
52204;名录服务
52205;名门望族
52206;命名作业
52207;命名系统
52208;因父之名
52209;域名抢注
52210;域名注册
52211;对证命名
52212;巧立名目
52213;徒拥虚名
52214;恢复名誉
52215;打响名号
52216;指令名字
52217;排列名次
52218;扬名四海
52219;普通名词
52220;末名奖品
52221;决选名单
52222;争名夺利
52223;相同名字
52224;股东名册
52225;臭名远扬
52226;举世闻名
52227;金榜题名
52228;隐名埋姓
52229;隐姓埋名
52230;集合名词
52231;顶名冒姓
52232;平方公里
52233;保险公司
52234;假公济私
52235;全民公决
52236;八公山区
52237;公充价值
52238;公共交通
52239;公共假期
52240;公共场所
52241;公共厕所
52242;公共汽车
52243;公共设施
52244;公共财产
52245;公共关系
52246;公制单位
52247;公司治理
52248;公司理财
52249;公平交易
52250;公平合理
52251;公平竞争
52252;公平贸易
52253;公民投票
52254;公民权利
52255;公民义务
52256;公民表决
52257;公营企业
52258;公私交迫
52259;公私合营
52260;公羊春秋
52261;公而忘私
52262;公买公卖
52263;公费医疗
52264;初创公司
52265;太公兵法
52266;太平公主
52267;太阳公司
52268;奉公守法
52269;宝洁公司
52270;微软公司
52271;惠普公司
52272;控股公司
52273;损公肥私
52274;景山公园
52275;海德公园
52276;火山公园
52277;环形公路
52278;白雪公主
52279;百货公司
52280;皮包公司
52281;空客公司
52282;立方公尺
52283;联合公报
52284;股份公司
52285;航空公司
52286;诉诸公论
52287;证券公司
52288;财产公证
52289;贸易公司
52290;军火公司
52291;递推公式
52292;关联公司
52293;雷神公司
52294;青藏公路
52295;高通公司
52296;高速公路
52297;车水马龙
52298;三轮车夫
52299;三驾马车
52300;停车位置
52301;免费搭车
52302;前车之鉴
52303;四轮马车
52304;宝马香车
52305;专门列车
52306;舍车保帅
52307;杯水车薪
52308;汽车戏院
52309;汽车技工
52310;汽车旅馆
52311;汽车炸弹
52312;汽车号牌
52313;直通火车
52314;硬顶跑车
52315;神龙汽车
52316;福特汽车
52317;装甲车辆
52318;货运列车
52319;货运卡车
52320;赛车场赛
52321;车载斗量
52322;载货汽车
52323;轻车熟路
52324;轻车简从
52325;通用汽车
52326;运货马车
52327;醉酒驾车
52328;长途汽车
52329;闭门造车
52330;饮酒驾车
52331;香车宝马
52332;相依为命
52333;相见恨晚
52334;臭味相投
52335;世代相传
52336;互相依存
52337;互相沟通
52338;互相监督
52339;互相联系
52340;互相连接
52341;代代相传
52342;似曾相识
52343;凶相毕露
52344;两虎相争
52345;两虎相斗
52346;刻骨相思
52347;同病相怜
52348;同类相吸
52349;同类相食
52350;单口相声
52351;坦诚相见
52352;守望相助
52353;官官相护
52354;害相思病
52355;密切相连
52356;密切相关
52357;对口相声
52358;弹冠相庆
52359;形影相吊
52360;形影相随
52361;怒目相向
52362;怒颜相报
52363;息息相关
52364;收支相抵
52365;教育相谈
52366;旗鼓相当
52367;异性相吸
52368;相互作用
52369;相互关系
52370;相向突击
52371;相容条件
52372;相对位置
52373;相对论性
52374;相提并论
52375;真相毕露
52376;短兵相接
52377;笑脸相迎
52378;紧密相联
52379;缓急相济
52380;血肉相连
52381;首尾相接
52382;骨肉相残
52383;骨肉相连
52384;取保候审
52385;取保释放
52386;取其精华
52387;取消禁令
52388;各取所需
52389;吸取教训
52390;抓取程序
52391;采取措施
52392;欲取姑予
52393;欲取姑与
52394;钻木取火
52395;资本主义
52396;主干网络
52397;主干网路
52398;主打品牌
52399;主承销商
52400;主治医师
52401;主法向量
52402;主管教区
52403;主观主义
52404;主谓结构
52405;保守主义
52406;保环主义
52407;保护主义
52408;冒险主义
52409;列宁主义
52410;利他主义
52411;功利主义
52412;印象主义
52413;反共主义
52414;和平主义
52415;启蒙主义
52416;单边主义
52417;失败主义
52418;宗派主义
52419;客观主义
52420;封建主义
52421;专制主义
52422;平均主义
52423;平等主义
52424;打狗欺主
52425;排犹主义
52426;改良主义
52427;教条主义
52428;本位主义
52429;本本主义
52430;极权主义
52431;极端主义
52432;民主主义
52433;民主政治
52434;民主革命
52435;民权主义
52436;沙文主义
52437;泛民主派
52438;激进主义
52439;物主代词
52440;物归原主
52441;理性主义
52442;环保主义
52443;男性主义
52444;神秘主义
52445;禁欲主义
52446;种族主义
52447;红衣主教
52448;素食主义
52449;结构主义
52450;联结主义
52451;苏非主义
52452;象征主义
52453;货币主义
52454;轻重主次
52455;连结主义
52456;进步主义
52457;重商主义
52458;马列主义
52459;初步设想
52460;封建思想
52461;对比联想
52462;左思右想
52463;思想交流
52464;思想素质
52465;想入非非
52466;想方设法
52467;政治思想
52468;最终幻想
52469;联想集团
52470;全权代表
52471;基因表达
52472;多功能表
52473;播放列表
52474;登台表演
52475;万世师表
52476;首席代表
52477;天各一方
52478;三次方程
52479;二次方程
52480;付款方式
52481;代数方程
52482;使用方便
52483;借方差额
52484;传播四方
52485;八字方针
52486;助记方法
52487;北方工业
52488;南方周末
52489;合同各方
52490;单方宣告
52491;单方恐吓
52492;四方台区
52493;四方响应
52494;执政方式
52495;外圆内方
52496;官方语言
52497;尚方宝剑
52498;平方千米
52499;平方英尺
52500;方块草皮
52501;方脸突额
52502;方兴未已
52503;东方航空
52504;东方青龙
52505;百计千方
52506;立方厘米
52507;结算方式
52508;线性方程
52509;联系方式
52510;解理方向
52511;访问方式
52512;运算方法
52513;五福临门
52514;作威作福
52515;克劳福德
52516;哈特福德
52517;福利政策
52518;福星高照
52519;符类福音
52520;若望福音
52521;诺福克岛
52522;造福社群
52523;造福万民
52524;达尔福尔
52525;马太福音
52526;切片检查
52527;单色照片
52528;激光唱片
52529;炸土豆片
52530;照片底版
52531;碎片整理
52532;纪录片儿
52533;裂变碎片
52534;金属破片
52535;金属薄片
52536;大力水手
52537;山穷水尽
52538;心如止水
52539;拖泥带水
52540;细水长流
52541;背水一战
52542;万水千山
52543;落花流水
52544;行云流水
52545;依山傍水
52546;先进水平
52547;北洋水师
52548;墨水瓶架
52549;官厅水库
52550;山高水长
52551;山高水险
52552;引水入墙
52553;引水工程
52554;技术潜水
52555;提水工程
52556;文化水平
52557;水利工程
52558;水土保持
52559;水深火热
52560;水滴石穿
52561;水涨船高
52562;水产养殖
52563;水磨沟区
52564;水质污染
52565;水陆交通
52566;水陆两用
52567;油光水滑
52568;海水养殖
52569;混水摸鱼
52570;清水河县
52571;游山玩水
52572;滴水石穿
52573;泼水难收
52574;潜水夫病
52575;潜水夫症
52576;爬山涉水
52577;穷山恶水
52578;竹篮打水
52579;置信水平
52580;羊水穿刺
52581;背山临水
52582;舞水端里
52583;猪水泡病
52584;近水楼台
52585;酒水饮料
52586;钢骨水泥
52587;镜花水月
52588;青山绿水
52589;顺水推船
52590;显山露水
52591;风水轮流
52592;饮水思源
52593;作业环境
52594;作业系统
52595;作用理论
52596;作者未详
52597;仅作参考
52598;光化作用
52599;光合作用
52600;协同作用
52601;即兴之作
52602;反射作用
52603;合作伙伴
52604;合作农场
52605;同化作用
52606;呼牛作马
52607;外典写作
52608;多工作业
52609;多工运作
52610;多边合作
52611;尺规作图
52612;工作单位
52613;工作报告
52614;工作流程
52615;工作记忆
52616;弄虚作假
52617;操作环境
52618;操作系统
52619;操作规程
52620;操作速率
52621;放射作战
52622;故作深沉
52623;故作端庄
52624;文艺作品
52625;暗箱操作
52626;杀菌作用
52627;沉积作用
52628;油料作物
52629;派给工作
52630;用作配种
52631;异化作用
52632;当牛作马
52633;粮食作物
52634;结束工作
52635;聚合作用
52636;兴风作浪
52637;触媒作用
52638;变质作用
52639;趋化作用
52640;造山作用
52641;风化作用
52642;高空作业
52643;居里夫人
52644;阿里巴巴
52645;七里河区
52646;克里特岛
52647;克里米亚
52648;利古里亚
52649;利默里克
52650;十里洋场
52651;千里之外
52652;古里古怪
52653;吃里爬外
52654;哪里哪里
52655;塔里木河
52656;太麻里乡
52657;左邻右里
52658;布里奇顿
52659;库布里克
52660;库里提巴
52661;往泥里踩
52662;扎尔达里
52663;托里拆利
52664;提克里特
52665;春武里府
52666;普里切特
52667;晴空万里
52668;曲里拐弯
52669;梅里雪山
52670;荣归故里
52671;乌苏里江
52672;特内里费
52673;科纳克里
52674;笑里藏刀
52675;纳德阿里
52676;索马里亚
52677;万里江山
52678;万里长城
52679;万里长江
52680;苏里南河
52681;里应外合
52682;里里外外
52683;西里西亚
52684;赛里木湖
52685;转战千里
52686;远隔千里
52687;阿里山乡
52688;马苏里拉
52689;马里博尔
52690;五光十色
52691;各种颜色
52692;容颜失色
52693;察言观色
52694;性别角色
52695;桃色案件
52696;湖光山色
52697;满园春色
52698;目迷五色
52699;红色高棉
52700;细胞色素
52701;绿色和平
52702;绿色食品
52703;绘声绘色
52704;声色场所
52705;色令智昏
52706;色厉词严
52707;色色迷迷
52708;花色繁多
52709;谈虎色变
52710;变色易容
52711;酒色之徒
52712;食色性也
52713;惊慌失色
52714;黄色书刊
52715;黄色炸药
52716;黑色金属
52717;一技之长
52718;漫漫长夜
52719;语重心长
52720;三长两短
52721;保长对应
52722;内政部长
52723;参谋总长
52724;各显所长
52725;啦啦队长
52726;外交部长
52727;官房长官
52728;库克船长
52729;从长计议
52730;教育部长
52731;源远流长
52732;争长论短
52733;总参谋长
52734;织田信长
52735;与世长辞
52736;万古长青
52737;词长效应
52738;财政部长
52739;长命富贵
52740;长城饭店
52741;长夜漫漫
52742;长岛冰茶
52743;长平之战
52744;长期共存
52745;长荣海运
52746;长荣航空
52747;长江流域
52748;长袖善舞
52749;长足进步
52750;长途网路
52751;长风破浪
52752;防火长城
52753;飞短流长
52754;免去职务
52755;放眼望去
52756;多愁善感
52757;或多或少
52758;丰富多彩
52759;博物多闻
52760;博闻多识
52761;博识多通
52762;多吃多占
52763;多嘴多舌
52764;多多少少
52765;多多益善
52766;多愁多病
52767;多才多艺
52768;多神论者
52769;多种语言
52770;多义关系
52771;多谋善断
52772;多边贸易
52773;多音节词
52774;多党选举
52775;少见多怪
52776;波尔多液
52777;精讲多练
52778;能者多劳
52779;薄利多销
52780;见多识广
52781;请多关照
52782;识多才广
52783;变化多端
52784;足智多谋
52785;鬼计多端
52786;九九重阳
52787;二重母音
52788;功高望重
52789;严重危害
52790;严重问题
52791;严重破坏
52792;严重关切
52793;德高望重
52794;次重量级
52795;沉重打击
52796;破镜重圆
52797;积重难返
52798;缓急轻重
52799;举足轻重
52800;旧调重弹
52801;苦难深重
52802;轻重倒置
52803;远渡重洋
52804;避重就轻
52805;重操旧业
52806;重整旗鼓
52807;重文轻武
52808;重历旧游
52809;重温旧梦
52810;重温旧业
52811;重病特护
52812;重眼皮儿
52813;重码词频
52814;重复语境
52815;重视教育
52816;重足而立
52817;重量单位
52818;双重标准
52819;传输速率
52820;兵贵神速
52821;基础速率
52822;排挡速率
52823;排档速率
52824;速食餐厅
52825;高速网络
52826;高速缓存
52827;卡拉奇那
52828;那空沙旺
52829;关塔那摩
52830;世世代代
52831;世代交替
52832;世外桃源
52833;世界和平
52834;世界纪录
52835;世界变暖
52836;世界贸易
52837;世卫组织
52838;世贸组织
52839;二十世纪
52840;周游世界
52841;太平盛世
52842;宏观世界
52843;客观世界
52844;微观世界
52845;悲惨世界
52846;悬壶济世
52847;才华盖世
52848;涉世未深
52849;物欲世界
52850;当世之冠
52851;第三世界
52852;第二世界
52853;与世永别
52854;盖世太保
52855;处世原则
52856;避世绝俗
52857;灵的世界
52858;三角关系
52859;冷淡关系
52860;利害关系
52861;劳资关系
52862;咬紧牙关
52863;外交关系
52864;密切关系
52865;对外关系
52866;山海关区
52867;承蒙关照
52868;改善关系
52869;政治关系
52870;海关官员
52871;海关部门
52872;特殊关系
52873;等价关系
52874;血缘关系
52875;亲缘关系
52876;递推关系
52877;闭关政策
52878;关系密切
52879;关塔纳摩
52880;关店歇业
52881;关怀备至
52882;关税同盟
52883;马关条约
52884;三代同堂
52885;共同利益
52886;共同基金
52887;共同纲领
52888;同传耳麦
52889;同床异梦
52890;同性恋者
52891;同业拆借
52892;同母异父
52893;同父异母
52894;同级评审
52895;同义反复
52896;同声传译
52897;同声翻译
52898;同胞兄妹
52899;同蒙其利
52900;同途殊归
52901;同乡亲故
52902;同类产品
52903;形同虚设
52904;视同儿戏
52905;近乎同步
52906;鸡同鸭讲
52907;生儿育女
52908;台儿庄区
52909;咖啡馆儿
52910;唱高调儿
52911;严了眼儿
52912;块儿八毛
52913;压压脚儿
52914;打哈哈儿
52915;找台阶儿
52916;爆冷门儿
52917;狗玩儿的
52918;玩儿花招
52919;白眼珠儿
52920;百儿八十
52921;听墙根儿
52922;茶叶末儿
52923;葡萄干儿
52924;认死扣儿
52925;认死理儿
52926;走背字儿
52927;跑堂儿的
52928;铺盖卷儿
52929;马路沿儿
52930;闹着玩儿
52931;信口胡说
52932;信息技术
52933;信息管理
52934;信息系统
52935;信息资源
52936;信用等级
52937;信用观察
52938;信用评等
52939;信用评级
52940;信用证券
52941;信用风险
52942;信号处理
52943;信贷紧缩
52944;偏听偏信
52945;前信号灯
52946;半信半疑
52947;单位信托
52948;将信将疑
52949;引信系统
52950;数位信号
52951;数字信号
52952;数字通信
52953;数据通信
52954;破除迷信
52955;置信系数
52956;背信弃义
52957;语音信箱
52958;语音信号
52959;转向信号
52960;通信技术
52961;通信服务
52962;通信网络
52963;通信卫星
52964;通信负载
52965;违信背约
52966;遗传信息
52967;邮政信箱
52968;企业管理
52969;商业管理
52970;图像处理
52971;基本原理
52972;基本理论
52973;影像处理
52974;微处理器
52975;应用物理
52976;数据处理
52977;数理逻辑
52978;文书处理
52979;普遍理论
52980;板块理论
52981;概型理论
52982;归纳推理
52983;清理队伍
52984;物业管理
52985;物流管理
52986;物理性质
52987;物理结构
52988;特别护理
52989;特殊护理
52990;理化因素
52991;理性认识
52992;理论基础
52993;理论贡献
52994;稳态理论
52995;突变理论
52996;管理功能
52997;管理接口
52998;结构理论
52999;网络管理
53000;总管理处
53001;规范理论
53002;质量管理
53003;医疗护理
53004;阅读理解
53005;项目管理
53006;预期推理
53007;风险管理
53008;保外就医
53009;内忧外困
53010;内忧外患
53011;场外应急
53012;外交政策
53013;外交风波
53014;外八字脚
53015;外八字腿
53016;外汇储备
53017;外挂程式
53018;外搭程式
53019;外籍劳工
53020;外观设计
53021;外资企业
53022;外部连接
53023;对外政策
53024;对外贸易
53025;拒之门外
53026;整形外科
53027;曾外祖母
53028;曾外祖父
53029;河外星系
53030;河外星云
53031;治外法权
53032;紫外射线
53033;紫外线光
53034;细胞外液
53035;课外读物
53036;资本外逃
53037;野外放养
53038;除了之外
53039;除此之外
53040;各奔东西
53041;西班牙语
53042;马来西亚
53043;何西阿书
53044;南西诸岛
53045;喝西北风
53046;墨西哥城
53047;墨西哥湾
53048;宇普西龙
53049;密西西比
53050;巴西利亚
53051;巴西战舞
53052;拆东补西
53053;摩西律法
53054;东南西北
53055;东奔西走
53056;东奔西跑
53057;东征西怨
53058;东征西讨
53059;东西半球
53060;东西南北
53061;东西湖区
53062;东讨西征
53063;东躲西闪
53064;格恩西岛
53065;甲氧西林
53066;科西嘉岛
53067;续西游记
53068;声东击西
53069;苏拉威西
53070;西哈努克
53071;西塞山区
53072;西太平洋
53073;西奈半岛
53074;西松建设
53075;西格蒙德
53076;西班牙文
53077;西班牙港
53078;入口就化
53079;半推半就
53080;将计就计
53081;将错就错
53082;就业培训
53083;就职典礼
53084;就职演说
53085;就职演讲
53086;按步就班
53087;按部就班
53088;南华早报
53089;早期效应
53090;拼图玩具
53091;拼板玩具
53092;毛绒玩具
53093;玩忽职守
53094;玩物丧志
53095;五湖四海
53096;排山倒海
53097;海阔天空
53098;福如东海
53099;翻江倒海
53100;倒海翻江
53101;刀山火海
53102;北海舰队
53103;南海舰队
53104;四海升平
53105;山珍海味
53106;山珍海错
53107;山高海深
53108;恨海难填
53109;东海舰队
53110;死海古卷
53111;泥牛入海
53112;海底扩张
53113;海德格尔
53114;海拉尔区
53115;海湾战争
53116;海军少校
53117;海运费率
53118;深海围网
53119;火海刀山
53120;目空四海
53121;移山倒海
53122;精卫填海
53123;胡吃海喝
53124;胡吃海塞
53125;脱离苦海
53126;象牙海岸
53127;陆海空军
53128;兴高采烈
53129;高高兴兴
53130;债台高筑
53131;性交高潮
53132;性欲高潮
53133;打高尔夫
53134;撑杆跳高
53135;更高性能
53136;最高法院
53137;最高限额
53138;步步高升
53139;武艺高强
53140;男高音部
53141;登高望远
53142;精干高效
53143;兴奋高潮
53144;兴高彩烈
53145;远走高飞
53146;钻坚仰高
53147;云贵高原
53148;青藏高原
53149;高唱入云
53150;高城深池
53151;高层建筑
53152;高层旅馆
53153;高岸深谷
53154;高朋满座
53155;高档服装
53156;高歌猛进
53157;高温热流
53158;高尔察克
53159;高矮胖瘦
53160;高空弹跳
53161;高等代数
53162;高等教育
53163;高等法院
53164;高级专员
53165;高级研究
53166;高级职务
53167;高级职员
53168;高级语言
53169;高级军官
53170;高职院校
53171;高致病性
53172;高举远蹈
53173;高薪聘请
53174;高视阔步
53175;高谈阔论
53176;高阶语言
53177;高风亮节
53178;高风险区
53179;高飞远走
53180;高高低低
53181;高丽王朝
53182;黄土高原
53183;前寒武纪
53184;前所未闻
53185;前所未见
53186;前提条件
53187;前缘未了
53188;勇往直前
53189;史前石桌
53190;各奔前程
53191;提前投票
53192;产前检查
53193;痛改前非
53194;尽释前嫌
53195;科右前旗
53196;圣诞前夕
53197;舌尖前音
53198;寄予厚望
53199;希望落空
53200;强烈愿望
53201;望而兴叹
53202;望远镜座
53203;望风捕影
53204;极目远望
53205;求死愿望
53206;五花八门
53207;心花怒放
53208;百花齐放
53209;花言巧语
53210;风花雪月
53211;借花献佛
53212;十字花科
53213;奇花异草
53214;奶油菜花
53215;朝花夕拾
53216;火树银花
53217;烟花风月
53218;爆玉米花
53219;百合花饰
53220;移花接木
53221;红花岗区
53222;花容月貌
53223;花朝月夕
53224;花枝招展
53225;花花搭搭
53226;蓝饰带花
53227;踏青赏花
53228;隐花植物
53229;显花植物
53230;鸟语花香
53231;黄花姑娘
53232;黄花梨木
53233;问客杀鸡
53234;客座教授
53235;客户应用
53236;客户服务
53237;游客止步
53238;特别客串
53239;猛龙怪客
53240;绿林豪客
53241;一网打尽
53242;摸爬滚打
53243;精打细算
53244;即付即打
53245;和尚打伞
53246;单打独斗
53247;严厉打击
53248;围城打援
53249;打富济贫
53250;打制石器
53251;打退堂鼓
53252;挨打受骂
53253;扫黄打非
53254;敲敲打打
53255;满打满算
53256;稳扎稳打
53257;穿着打扮
53258;苏打饼干
53259;误打误撞
53260;跌打损伤
53261;连踢带打
53262;鸡飞蛋打
53263;零打碎敲
53264;零敲碎打
53265;全文检索
53266;参考文献
53267;奇文共赏
53268;恶搞文化
53269;拉文克劳
53270;拼音文字
53271;文件格式
53272;文化交流
53273;文化传统
53274;文化冲击
53275;文化遗产
53276;文化障碍
53277;文字改革
53278;文房四宝
53279;文武百官
53280;文武双全
53281;文治武功
53282;文艺复兴
53283;东巴文化
53284;深层文字
53285;浅层文字
53286;甲骨文字
53287;纯文字页
53288;绝密文件
53289;能诗善文
53290;葡萄牙文
53291;虚文浮礼
53292;说文解字
53293;识文断字
53294;读者文摘
53295;象形文字
53296;达尔文港
53297;音频文件
53298;龙山文化
53299;金枝玉叶
53300;眼冒金星
53301;纸醉金迷
53302;金童玉女
53303;三足金乌
53304;五金店铺
53305;交响金属
53306;创投基金
53307;千金难买
53308;固若金汤
53309;堆金积玉
53310;对冲基金
53311;指数基金
53312;桃金娘科
53313;浪费金钱
53314;消费金融
53315;火眼金睛
53316;炼金术士
53317;营运资金
53318;白金汉宫
53319;积金累玉
53320;穿金戴银
53321;签约奖金
53322;腰金衣紫
53323;变形金刚
53324;金刚怒目
53325;金刚总持
53326;金口河区
53327;金城江区
53328;金属探伤
53329;金属材料
53330;金柜石室
53331;金玉良言
53332;金盘玉食
53333;金盾工程
53334;金石良言
53335;金华火腿
53336;金融改革
53337;金融系统
53338;金融风暴
53339;金融风波
53340;金迷纸醉
53341;金钱挂帅
53342;金钱万能
53343;金鸡纳树
53344;阿金库尔
53345;交保释放
53346;放任政策
53347;放射治疗
53348;放射疗法
53349;放射防护
53350;放松管制
53351;放烟幕弹
53352;放热反应
53353;独放异彩
53354;解放战争
53355;解放组织
53356;龙马精神
53357;天龙八部
53358;三角恐龙
53359;似鸟恐龙
53360;卡尔德龙
53361;堆龙德庆
53362;恐龙总目
53363;摆龙门阵
53364;港龙航空
53365;盘龙卧虎
53366;藏龙卧虎
53367;阿普吐龙
53368;鱼龙混杂
53369;黑龙江河
53370;龙口夺食
53371;龙争虎斗
53372;龙门断层
53373;三江平原
53374;两性平等
53375;向巴平措
53376;和平共处
53377;和平利用
53378;和平协议
53379;和平条约
53380;和平特使
53381;和平解决
53382;和平谈判
53383;四平八稳
53384;太平广记
53385;平均寿命
53386;平均指数
53387;平均收入
53388;平平常常
53389;平步青云
53390;平等互利
53391;平走漫步
53392;应用平台
53393;东太平洋
53394;歌舞升平
53395;民族平等
53396;永久和平
53397;冲积平原
53398;环太平洋
53399;硬件平台
53400;算术平均
53401;粉饰太平
53402;维护和平
53403;网路平台
53404;华北平原
53405;软件平台
53406;钻井平台
53407;非平衡态
53408;风平浪静
53409;三更半夜
53410;半夜三更
53411;夜幕降临
53412;巴山夜雨
53413;挑灯夜战
53414;无法无天
53415;三藏法师
53416;六合八法
53417;副法向量
53418;十进位法
53419;反传算法
53420;反射疗法
53421;司法独立
53422;宗教法庭
53423;承审法官
53424;按照法律
53425;排华法案
53426;普法战争
53427;权利法案
53428;法律制裁
53429;法律责任
53430;法治建设
53431;法网难逃
53432;法轮常转
53433;法院裁决
53434;犹太法典
53435;画法几何
53436;立法委员
53437;精神疗法
53438;约法三章
53439;终审法院
53440;习惯用法
53441;落入法网
53442;解决办法
53443;语法术语
53444;护法战争
53445;透视画法
53446;运算法则
53447;违法乱纪
53448;选举法庭
53449;阿拉法特
53450;难逃法网
53451;顺势疗法
53452;首席法官
53453;鼻针疗法
53454;张灯结彩
53455;乙状结肠
53456;代数结构
53457;内部结构
53458;土洋结合
53459;基础结构
53460;巴巴结结
53461;广结良缘
53462;张口结舌
53463;愁肠百结
53464;抗震结构
53465;桃园结义
53466;死结难解
53467;民族团结
53468;环形结构
53469;产品结构
53470;百般巴结
53471;结合模型
53472;结核杆菌
53473;结核菌素
53474;结构助词
53475;结党营私
53476;肺结核病
53477;词素结构
53478;总的来说
53479;太极图说
53480;著书立说
53481;说葡萄酸
53482;说说而已
53483;游说集团
53484;创业精神
53485;严岛神社
53486;团队精神
53487;封神演义
53488;抗精神病
53489;提神醒脑
53490;潜神默记
53491;神乎其技
53492;神差鬼使
53493;神志昏迷
53494;神权政治
53495;神权统治
53496;神采飞扬
53497;精神健康
53498;精神支柱
53499;精神状态
53500;精神狂乱
53501;精神疾病
53502;精神病患
53503;精神百倍
53504;精神药物
53505;精神财富
53506;精神错乱
53507;精神领袖
53508;精神饱满
53509;圣神降临
53510;装神弄鬼
53511;貌合神离
53512;钱能通神
53513;鬼使神差
53514;畅所欲言
53515;各执所见
53516;各尽所能
53517;所属单位
53518;技术所限
53519;流离失所
53520;答非所问
53521;管见所及
53522;精诚所至
53523;闻所未闻
53524;先期录音
53525;套期保值
53526;延期付款
53527;指数期权
53528;期货合约
53529;短期投资
53530;短期融资
53531;细胞周期
53532;缓期付款
53533;总统任期
53534;远期合约
53535;双周期性
53536;全民投票
53537;凭票入场
53538;纪念邮票
53539;红利股票
53540;股票交易
53541;股票代号
53542;股票投资
53543;股票指数
53544;见票即付
53545;意气风发
53546;捕风捉影
53547;风吹雨打
53548;风和日丽
53549;风调雨顺
53550;风风火火
53551;乘风破浪
53552;低俗之风
53553;伤风败俗
53554;两袖清风
53555;只欠东风
53556;寒风刺骨
53557;投资风险
53558;挡风玻璃
53559;春风化雨
53560;染风习俗
53561;清风两袖
53562;清风劲节
53563;满城风雨
53564;热带风暴
53565;疾风劲草
53566;秋风送爽
53567;迎风招展
53568;防风固沙
53569;云散风流
53570;顶风停止
53571;风口浪尖
53572;风档玻璃
53573;风流云散
53574;风华绝代
53575;风险估计
53576;风险投资
53577;风雨漂摇
53578;风云变幻
53579;骑士风格
53580;人山人海
53581;寿比南山
53582;玉龙雪山
53583;军令如山
53584;九宫山镇
53585;休眠火山
53586;元宝山区
53587;半壁江山
53588;南山矿区
53589;和歌山县
53590;哈巴雪山
53591;山东半岛
53592;山胡桃木
53593;布达拉山
53594;敲山震虎
53595;朝山进香
53596;朝拜圣山
53597;比佛利山
53598;满山遍野
53599;漫山遍野
53600;乌拉尔山
53601;环秀山庄
53602;白马雪山
53603;石嘴山区
53604;石景山区
53605;碰撞造山
53606;纵虎归山
53607;万山特区
53608;调虎离山
53609;避暑山庄
53610;铜官山区
53611;铁山港区
53612;阿苏火山
53613;青山湖区
53614;三星集团
53615;三叶星云
53616;五星红旗
53617;列克星顿
53618;北斗七星
53619;十二星座
53620;反射星云
53621;披星带月
53622;斗转星移
53623;星座运势
53624;星星之火
53625;星移斗转
53626;棒旋星系
53627;流星赶月
53628;红五星旗
53629;卫星图像
53630;卫星导航
53631;观测卫星
53632;通讯卫星
53633;银河星云
53634;零零星星
53635;使用价值
53636;使用数量
53637;使用条款
53638;典型用途
53639;即插即用
53640;商业应用
53641;专用网路
53642;循环使用
53643;应用程式
53644;应用软件
53645;登记用户
53646;终端用户
53647;网络应用
53648;网络用语
53649;网路应用
53650;习惯用语
53651;药用价值
53652;通用拼音
53653;量才录用
53654;幸运抽奖
53655;哈努卡节
53656;广播节目
53657;折节读书
53658;盘根错节
53659;节流踏板
53660;节衣缩食
53661;细微末节
53662;细枝末节
53663;综艺节目
53664;缩衣节食
53665;视频节目
53666;选秀节目
53667;配种季节
53668;亚格门农
53669;入门课程
53670;图坦卡门
53671;政府部门
53672;书香门第
53673;清河门区
53674;熟门熟路
53675;独立门户
53676;破门而入
53677;程门立雪
53678;谢通门县
53679;远门近枝
53680;门户网站
53681;门当户对
53682;顶门壮户
53683;七项全能
53684;三项全能
53685;五项全能
53686;功能模块
53687;十项全能
53688;太阳能板
53689;奇能异士
53690;德薄能鲜
53691;才艺技能
53692;智能设计
53693;智能障碍
53694;未能免俗
53695;特异功能
53696;社交才能
53697;耳熟能详
53698;能写善算
53699;能弱能强
53700;能歌善舞
53701;能源短缺
53702;能量代谢
53703;万能曲尺
53704;健康食品
53705;商品价值
53706;专利药品
53707;易燃物品
53708;矮杆品种
53709;竞争产品
53710;细细品味
53711;违禁药品
53712;阿拖品化
53713;非农产品
53714;麻醉药品
53715;物以类聚
53716;身外之物
53717;二氧化物
53718;失物招领
53719;失物认领
53720;常绿植物
53721;承销货物
53722;救灾物资
53723;木本植物
53724;植物状态
53725;残民害物
53726;营养物质
53727;物价指数
53728;物资供应
53729;矿物燃料
53730;维基物种
53731;紧密织物
53732;草本植物
53733;落叶植物
53734;裂变产物
53735;货物运输
53736;购物广场
53737;遗传物质
53738;针叶植物
53739;杂交植物
53740;频危物种
53741;食虫植物
53742;松散物料
53743;付之东流
53744;付诸东流
53745;东昌府区
53746;东突组织
53747;东华三院
53748;东观汉记
53749;白马王子
53750;微管蛋白
53751;恶叉白赖
53752;数黑论白
53753;白吃白喝
53754;白宫群英
53755;白纸黑字
53756;白衣战士
53757;白云矿区
53758;胶原蛋白
53759;血红蛋白
53760;假戏真唱
53761;传真号码
53762;千真万确
53763;半真半假
53764;政权真空
53765;鉴真和尚
53766;偷工减料
53767;价值工程
53768;半工半读
53769;土木工程
53770;基因工程
53771;墨竹工卡
53772;工布江达
53773;工业园区
53774;工业设计
53775;工业革命
53776;工薪阶层
53777;教职员工
53778;施工单位
53779;核工业部
53780;民族工业
53781;测量工具
53782;网络特工
53783;血汗工厂
53784;装配工厂
53785;计件工资
53786;遗传工程
53787;钢铁工业
53788;静坐罢工
53789;保加利亚
53790;急功近利
53791;意大利语
53792;意大利面
53793;自私自利
53794;低利贷款
53795;便利商店
53796;便民利民
53797;利害冲突
53798;利益集团
53799;利马索尔
53800;卡利卡特
53801;因利乘便
53802;因势利导
53803;基本利率
53804;左右共利
53805;承销利差
53806;指数套利
53807;普利司通
53808;普利策奖
53809;最佳利益
53810;争权夺利
53811;百利甜酒
53812;米利班德
53813;索马利亚
53814;圣马利诺
53815;蒙哥马利
53816;见利思义
53817;贝利卡登
53818;连本带利
53819;降低利率
53820;非利士族
53821;心惊胆战
53822;南征北战
53823;反恐战争
53824;反战抗议
53825;官渡之战
53826;布防迎战
53827;战火纷飞
53828;战略伙伴
53829;战术导弹
53830;拖延战术
53831;挑战者号
53832;朝鲜战争
53833;核战斗部
53834;楚汉战争
53835;武警战士
53836;沉着应战
53837;独立战争
53838;甲午战争
53839;甲级战犯
53840;百战百胜
53841;越南战争
53842;迎接挑战
53843;连战连胜
53844;价值连城
53845;巴拿马城
53846;轮台古城
53847;雷阿尔城
53848;丽江古城
53849;本性难移
53850;假性近视
53851;两性差距
53852;两性异形
53853;刀刺性痛
53854;弹性形变
53855;弹性模量
53856;急性照射
53857;急性肠炎
53858;性质命题
53859;恶性循环
53860;慢性疼痛
53861;慢性疾病
53862;档案属性
53863;炎性反应
53864;男性厌恶
53865;男性亲属
53866;积累毒性
53867;细胞毒性
53868;线性代数
53869;线性系统
53870;线性规划
53871;习俗移性
53872;良性循环
53873;隐性基因
53874;雄性激素
53875;显性基因
53876;保角对应
53877;两侧对称
53878;冷漠对待
53879;唱对台戏
53880;对映异构
53881;对流层顶
53882;对牛弹琴
53883;对称破缺
53884;对空射击
53885;对空火器
53886;对号入座
53887;对酒当歌
53888;强烈反对
53889;绝对数字
53890;绝对观念
53891;绝对连续
53892;英汉对译
53893;杂交派对
53894;列别杰夫
53895;千差万别
53896;射频识别
53897;特别待遇
53898;临别赠言
53899;语音识别
53900;请别见怪
53901;场区应急
53902;强硬立场
53903;政治立场
53904;核试验场
53905;洋场恶少
53906;粉墨登场
53907;羽毛球场
53908;草草收场
53909;转变立场
53910;首都剧场
53911;一扫而光
53912;充满阳光
53913;光二极管
53914;光宗耀祖
53915;光彩夺目
53916;光怪陆离
53917;光接收器
53918;光荣革命
53919;光检测器
53920;八月之光
53921;刀光血影
53922;太阳光柱
53923;寒光闪闪
53924;目光短浅
53925;蓝光光盘
53926;离离光光
53927;鼠目寸光
53928;代收货款
53929;收入政策
53930;照单全收
53931;营业收入
53932;留存收益
53933;尽收眼底
53934;草率收兵
53935;草草收兵
53936;元元本本
53937;哥本哈根
53938;商业版本
53939;基本原则
53940;基本单位
53941;基本概念
53942;基本词汇
53943;报本反始
53944;几何原本
53945;舍本逐末
53946;本位货币
53947;本固枝荣
53948;本底计数
53949;本底调查
53950;本征向量
53951;本末倒置
53952;本草纲目
53953;模式标本
53954;历史版本
53955;照本宣科
53956;资本储备
53957;资本计提
53958;追本穷源
53959;银本位制
53960;反转选择
53961;差额选举
53962;特异选择
53963;独立选民
53964;直接选举
53965;立委选举
53966;竞选搭档
53967;总统选举
53968;选民登记
53969;春秋三传
53970;春秋繁露
53971;踏青赏春
53972;善始善终
53973;终而复始
53974;至始至终
53975;贯彻始终
53976;患得患失
53977;仓皇失措
53978;停止损失
53979;元音失读
53980;冒冒失失
53981;失张失智
53982;彻底失败
53983;睡眠失调
53984;着着失败
53985;进退失据
53986;惊慌失措
53987;记忆犹新
53988;博闻强记
53989;忘记密码
53990;采访记者
53991;摄影记者
53992;死亡笔记
53993;死记硬背
53994;特约记者
53995;约书亚记
53996;十字路口
53997;口口声声
53998;口是心非
53999;破口大骂
54000;五口通商
54001;交口称誉
54002;口语沟通
54003;接口模块
54004;数据接口
54005;旅顺口区
54006;沙河口区
54007;满口应承
54008;满口称赞
54009;满口胡柴
54010;满口胡言
54011;病从口入
54012;磨破口舌
54013;网管接口
54014;羊入虎口
54015;良药苦口
54016;轻口薄舌
54017;通商口岸
54018;志同道合
54019;悲欢离合
54020;合眼摸象
54021;合纵连横
54022;官私合营
54023;接合菌纲
54024;整数集合
54025;流离遇合
54026;混合模型
54027;混合肥料
54028;燃料组合
54029;特征联合
54030;符合标准
54031;细胞融合
54032;组合音响
54033;综合报导
54034;综合布线
54035;综合艺术
54036;紧密配合
54037;联合政府
54038;联合组织
54039;联合舰队
54040;联合军演
54041;落落难合
54042;复合元音
54043;复合材料
54044;复合母音
54045;资产组合
54046;阿合奇县
54047;保持原貌
54048;原住民族
54049;原形毕露
54050;原料价格
54051;原核细胞
54052;原汁原味
54053;官复原职
54054;恢复原状
54055;素原促进
54056;维持原判
54057;黄原酸盐
54058;呼朋引类
54059;宾朋满座
54060;八宝眼药
54061;冷眼旁观
54062;太阳眼镜
54063;擦亮眼睛
54064;眼圈红了
54065;眼泪横流
54066;眼皮哭肿
54067;眼穿肠断
54068;肉眼观察
54069;转眼便忘
54070;防护眼镜
54071;隐形眼镜
54072;鼻青眼肿
54073;灯红酒绿
54074;番茄红素
54075;红男绿女
54076;又红又肿
54077;红泥月亮
54078;红牛皮菜
54079;红颜薄命
54080;第三产业
54081;第二产业
54082;第五纵队
54083;包价旅游
54084;拼板游戏
54085;换房旅游
54086;散兵游勇
54087;旅游集散
54088;漏网游鱼
54089;猫鼠游戏
54090;游戏设备
54091;游标卡尺
54092;游民改造
54093;游街示众
54094;始料未及
54095;发奋图强
54096;全等图形
54097;向量图形
54098;呼图壁县
54099;图书馆员
54100;图木舒克
54101;图波列夫
54102;图阿雷格
54103;温特图尔
54104;画插图者
54105;维恩图解
54106;阿亚图拉
54107;阿拉木图
54108;三元运算
54109;交叉运球
54110;武器禁运
54111;航空运单
54112;运算环境
54113;运载火箭
54114;充填因数
54115;因循守旧
54116;因材施教
54117;基因修改
54118;基因技术
54119;基因改造
54120;基因治疗
54121;基因突变
54122;基因变异
54123;环境因素
54124;等位基因
54125;等因奉此
54126;脱咖啡因
54127;光天化日
54128;出神入化
54129;化为乌有
54130;千变万化
54131;潜移默化
54132;全球暖化
54133;功率恶化
54134;化石燃料
54135;威化饼干
54136;消化系统
54137;被优化掉
54138;证券化率
54139;量化逻辑
54140;钢化玻璃
54141;防化救援
54142;一见如故
54143;见义勇为
54144;难得一见
54145;司空见惯
54146;常见问题
54147;患难见弃
54148;简略见告
54149;见招拆招
54150;见习医师
54151;见马克思
54152;识微见几
54153;显而易见
54154;载歌且舞
54155;载歌载舞
54156;载酒问字
54157;创业投资
54158;投影几何
54159;投怀送抱
54160;投桃报李
54161;普普通通
54162;灯火通明
54163;五通桥区
54164;交通堵塞
54165;交通建设
54166;交通拥挤
54167;交通警察
54168;交通阻塞
54169;弄懂弄通
54170;改善通讯
54171;普通问题
54172;普通教育
54173;普通民众
54174;消息灵通
54175;清代通史
54176;润肠通便
54177;触类旁通
54178;词汇通路
54179;资治通鉴
54180;通俗易懂
54181;通权达变
54182;通讯系统
54183;通讯院士
54184;通识培训
54185;通识教育
54186;通识课程
54187;通货紧缩
54188;十二边形
54189;边境冲突
54190;边防警察
54191;双边贸易
54192;南三角座
54193;南十字座
54194;弹射座椅
54195;靠窗座位
54196;显微镜座
54197;厉目而视
54198;密切注视
54199;怒目而视
54200;监视居住
54201;视窗基准
54202;视听材料
54203;转移视线
54204;连续监视
54205;讨价还价
54206;火影忍者
54207;十万火急
54208;抱薪救火
54209;挑灯拨火
54210;洞若观火
54211;烈火干柴
54212;军火交易
54213;阴虚火旺
54214;隔岸观火
54215;骄阳似火
54216;乘虚而入
54217;入境问俗
54218;入境签证
54219;入境随俗
54220;单刀直入
54221;四舍五入
54222;引入迷途
54223;登堂入室
54224;禁止驶入
54225;输入系统
54226;输入设备
54227;陷入困境
54228;陷入绝境
54229;鱼贯而入
54230;包治百病
54231;包皮环切
54232;包办代替
54233;紫菜包饭
54234;千军万马
54235;马尔代夫
54236;单枪匹马
54237;招兵买马
54238;茶马古道
54239;走马观花
54240;马拉多纳
54241;马马虎虎
54242;乱穿马路
54243;亚拉巴马
54244;亚马孙河
54245;做牛做马
54246;兵强马壮
54247;呼牛呼马
54248;土牛木马
54249;害群之马
54250;旋转木马
54251;易司马仪
54252;木马病毒
54253;步进马达
54254;汗血宝马
54255;汗马功劳
54256;乌马河区
54257;瓜达拉马
54258;赛马骑师
54259;走马章台
54260;迷离马虎
54261;达马提亚
54262;阿拉巴马
54263;青梅竹马
54264;马太沟镇
54265;马尾军港
54266;马扎尔语
54267;马拉松赛
54268;马尔他语
54269;马尔康县
54270;马尔康镇
54271;马祖列岛
54272;马铃薯泥
54273;斗鸡走马
54274;兵精粮足
54275;古灵精怪
54276;精密仪器
54277;精虫冲脑
54278;精灵宝钻
54279;酒精饮料
54280;冷冷清清
54281;冰清玉洁
54282;坚壁清野
54283;扶清灭洋
54284;旁观者清
54285;深层清洁
54286;清仓查库
54287;清史列传
54288;清末民初
54289;清算业务
54290;满清政府
54291;玉洁冰清
54292;种族清洗
54293;种族清除
54294;空室清野
54295;耳根清净
54296;悲歌当哭
54297;敢做敢当
54298;满满当当
54299;当且仅当
54300;当断则断
54301;当断即断
54302;直截了当
54303;穷当益坚
54304;首当其冲
54305;三资企业
54306;企业集团
54307;商业模式
54308;商业计划
54309;夕阳产业
54310;专业教育
54311;建功立业
54312;支柱产业
54313;朝阳产业
54314;业务模式
54315;业务素质
54316;业界标准
54317;业余教育
54318;产业集群
54319;毕业典礼
54320;省农业厅
54321;私营企业
54322;职业教育
54323;职业素质
54324;制药企业
54325;制造业者
54326;软件企业
54327;回心转意
54328;转来转去
54329;旋转指标
54330;旋转烤肉
54331;档案转送
54332;简繁转换
54333;转换断层
54334;转移支付
54335;转轮圣帝
54336;转轮圣王
54337;餐桌转盘
54338;直接数据
54339;直接竞争
54340;直接宾语
54341;直系祖先
54342;直系血亲
54343;直系亲属
54344;直角三角
54345;直角坐标
54346;直言命题
54347;省直管县
54348;网络直径
54349;大错特错
54350;代拿买特
54351;代尔夫特
54352;六枝特区
54353;努纳武特
54354;古吉拉特
54355;塞尔特语
54356;富布赖特
54357;波尔布特
54358;乌特列支
54359;特征向量
54360;特技演员
54361;特技跳伞
54362;特拉维夫
54363;特拉华河
54364;特殊教育
54365;特种警察
54366;特种部队
54367;皮特拉克
54368;皮诺切特
54369;网路特务
54370;临床特征
54371;达拉特旗
54372;三农问题
54373;先决问题
54374;命题逻辑
54375;基础问题
54376;常问问题
54377;朝核问题
54378;疑难问题
54379;一家之主
54380;三分之一
54381;久而久之
54382;取而代之
54383;四分之一
54384;百分之百
54385;总而言之
54386;自知之明
54387;之乎者也
54388;亡命之徒
54389;倒悬之危
54390;倒悬之急
54391;倒悬之苦
54392;先王之政
54393;切肤之痛
54394;问罪之师
54395;堂而皇之
54396;少之又少
54397;必死之症
54398;必由之路
54399;患难之交
54400;敬而远之
54401;未竟之志
54402;权宜之策
54403;权宜之计
54404;漏网之鱼
54405;皮肉之苦
54406;破竹之势
54407;简而言之
54408;缓兵之计
54409;听之任之
54410;万恶之源
54411;黄巾之乱
54412;仅供参考
54413;参差错落
54414;参考材料
54415;参考消息
54416;参考资料
54417;增量参数
54418;总参谋部
54419;谢绝参观
54420;传统词类
54421;传统医药
54422;传闻证据
54423;传输媒界
54424;传输媒质
54425;传输技术
54426;传输控制
54427;传输服务
54428;传输模式
54429;传输设备
54430;传输距离
54431;传送服务
54432;反共宣传
54433;宣传攻势
54434;数据传输
54435;藏传佛教
54436;资料传输
54437;如影随形
54438;古墓丽影
54439;含沙射影
54440;梦幻泡影
54441;射影几何
54442;射影变换
54443;广泛影响
54444;形单影只
54445;未受影响
54446;派拉蒙影
54447;环境影响
54448;血管摄影
54449;血管造影
54450;泪流满面
54451;随波逐流
54452;三教九流
54453;三江并流
54454;两河流域
54455;流亡政府
54456;流球群岛
54457;流落他乡
54458;积厚流广
54459;饮流怀源
54460;黄河流域
54461;与时俱进
54462;先进武器
54463;十六进制
54464;十进算术
54465;招财进宝
54466;改革进程
54467;激进武装
54468;进接服务
54469;进退维谷
54470;完形测验
54471;核试验堆
54472;保持克制
54473;保持联系
54474;临界状态
54475;临界质量
54476;千言万语
54477;只言片语
54478;胡言乱语
54479;低级语言
54480;低阶语言
54481;全局语境
54482;冷言冷语
54483;切切私语
54484;汇编语言
54485;古典语言
54486;土耳其语
54487;威尔士语
54488;局部语境
54489;书写语言
54490;横幅标语
54491;汉藏语系
54492;汉语拼音
54493;乌尔都语
54494;甜言密语
54495;社交语言
54496;程式语言
54497;网络语言
54498;网络语音
54499;声调语言
54500;葡萄牙语
54501;言语缺陷
54502;语境效应
54503;语言缺陷
54504;语言训练
54505;语言障碍
54506;语音技巧
54507;语音指令
54508;轻言细语
54509;酒言酒语
54510;闪含语系
54511;闲言碎语
54512;闲言闲语
54513;阿富汗语
54514;阿拉米语
54515;类语辞典
54516;最密堆积
54517;路易威登
54518;乙太网路
54519;交换网路
54520;京九铁路
54521;京哈铁路
54522;京广铁路
54523;区域网路
54524;广九铁路
54525;广域网路
54526;广播网路
54527;数位网路
54528;异质网路
54529;穷途末路
54530;网络铁路
54531;网路服务
54532;网路架构
54533;网路环境
54534;网际网路
54535;群众路线
54536;胶济铁路
54537;让胡路区
54538;路德维希
54539;路由协议
54540;路透集团
54541;青藏铁路
54542;骨干网路
54543;单位向量
54544;单元频率
54545;单板滑雪
54546;单核细胞
54547;单调乏味
54548;单连接站
54549;模块单元
54550;热量单位
54551;衣单食薄
54552;推三阻四
54553;全球变暖
54554;剪切形变
54555;改变形像
54556;甲申政变
54557;等变压线
54558;紧急应变
54559;置换突变
54560;聚变反应
54561;聚变武器
54562;裂变材料
54563;裂变武器
54564;裂变炸弹
54565;变态反应
54566;变换设备
54567;连续变调
54568;错义突变
54569;黄巾民变
54570;任何其他
54571;卡布其诺
54572;含糊其辞
54573;微乎其微
54574;究其根源
54575;亲临其境
54576;隐约其辞
54577;内部矛盾
54578;内部缺陷
54579;内部斗争
54580;局部麻醉
54581;户部尚书
54582;武装部队
54583;武警部队
54584;礼部尚书
54585;维和部队
54586;总司令部
54587;总指挥部
54588;总政治部
54589;总装备部
54590;九龙坡区
54591;大中华区
54592;门头沟区
54593;雨花台区
54594;北戴河区
54595;区域网络
54596;峰峰矿区
54597;康巴藏区
54598;引导扇区
54599;汤旺河区
54600;邮政区码
54601;邮递区号
54602;黄石港区
54603;人去楼空
54604;太空探索
54605;太空漫步
54606;太空舞步
54607;太空飞船
54608;空空导弹
54609;空空洞洞
54610;空谷足音
54611;空军司令
54612;航空邮件
54613;买空卖空
54614;完完全全
54615;五味俱全
54616;全副武装
54617;全局模块
54618;全党全军
54619;四库全书
54620;委曲求全
54621;几乎完全
54622;才貌双全
54623;满汉全席
54624;旧约全书
54625;且末遗址
54626;半坡遗址
54627;售完即止
54628;配套完善
54629;领土完整
54630;健康受损
54631;免受伤害
54632;受降仪式
54633;受难纪念
54634;接受审问
54635;易受攻击
54636;舒舒服服
54637;叫醒服务
54638;奇装异服
54639;服务规章
54640;服务质量
54641;档案服务
54642;愿赌服输
54643;三位博士
54644;位置效应
54645;十亿位元
54646;十六位元
54647;各位听众
54648;各位观众
54649;崇拜仪式
54650;拜科努尔
54651;烧香拜佛
54652;礼拜仪式
54653;千难万难
54654;善财难舍
54655;寸步难移
54656;左右两难
54657;从难从严
54658;排忧解难
54659;排难解纷
54660;政治避难
54661;易守难攻
54662;疑难解答
54663;碍难从命
54664;积习难改
54665;艰难险阻
54666;逃灾避难
54667;隐秘难言
54668;难兄难弟
54669;难舍难离
54670;寻根问底
54671;吊死问疾
54672;疑问代词
54673;盘根问底
54674;兴师问罪
54675;访贫问苦
54676;询根问底
54677;追根问底
54678;走亲访友
54679;三亲六故
54680;近亲交配
54681;近亲繁殖
54682;非亲非故
54683;排列次序
54684;排查故障
54685;故障排除
54686;沙朗牛排
54687;牛排餐厅
54688;哈巴河县
54689;哈巴谷书
54690;哈米尔卡
54691;圣哈辛托
54692;费尔巴哈
54693;向量代数
54694;微量元素
54695;批量购买
54696;斤斤较量
54697;曲率向量
54698;血氧含量
54699;质量保障
54700;质量检查
54701;善解人意
54702;尚未解决
54703;巴解组织
54704;杯酒解怨
54705;解析几何
54706;解民倒悬
54707;解决争端
54708;解甲归田
54709;解铃系铃
54710;远未解决
54711;容积效率
54712;容华绝代
54713;从从容容
54714;演员阵容
54715;谈何容易
54716;斗酒只鸡
54717;只鸡斗酒
54718;健康状态
54719;恢复常态
54720;应急状态
54721;标准状态
54722;病态肥胖
54723;紧张状态
54724;紧急状态
54725;麻醉状态
54726;反反复复
54727;偶联反应
54728;反导导弹
54729;反导系统
54730;反弹导弹
54731;反舰导弹
54732;反录病毒
54733;夫妻反目
54734;官逼民反
54735;条件反射
54736;条件反应
54737;欲益反损
54738;积极反应
54739;连锁反应
54740;一呼百应
54741;得心应手
54742;应有尽有
54743;伴随效应
54744;应急待命
54745;应急措施
54746;应急照射
54747;应县木塔
54748;应计基础
54749;应试教育
54750;温室效应
54751;热岛效应
54752;词优效应
54753;词频效应
54754;骨牌效应
54755;注音符号
54756;肌肉注射
54757;注册商标
54758;注音字母
54759;未签字者
54760;纯素食者
54761;近墨者黑
54762;微缩胶卷
54763;紫微斗数
54764;三级士官
54765;三级跳远
54766;二级士官
54767;五级士官
54768;六级士官
54769;四级士官
54770;几何级数
54771;次级贷款
54772;等差级数
54773;等比级数
54774;算术级数
54775;资产阶级
54776;农民阶级
54777;近似等级
54778;逐步升级
54779;阶级斗争
54780;逃避责任
54781;连带责任
54782;周而复始
54783;北京周报
54784;再接再厉
54785;拨号连接
54786;双连接站
54787;预防接种
54788;三纲五常
54789;常规武器
54790;异乎寻常
54791;非常害怕
54792;各式各样
54793;保护模式
54794;升旗仪式
54795;宗教仪式
54796;封顶仪式
54797;梯式配股
54798;竞争模式
54799;复数形式
54800;设计程式
54801;五彩宾纷
54802;劳民伤财
54803;南岛民族
54804;少数民族
54805;民族舞蹈
54806;民族英雄
54807;民穷财尽
54808;永久居民
54809;草根网民
54810;警民冲突
54811;迁居移民
54812;阴差阳错
54813;晒晒太阳
54814;阴错阳差
54815;阳奉阴违
54816;保残守缺
54817;保留剧目
54818;保障监督
54819;健康保险
54820;密码保护
54821;弃保潜逃
54822;环保斗士
54823;环境保护
54824;医疗保健
54825;医疗保险
54826;少先队员
54827;少林武功
54828;少突胶质
54829;缺衣少食
54830;天南地北
54831;南京条约
54832;南征北讨
54833;南木林县
54834;南洋商报
54835;南达科他
54836;走南闯北
54837;低低切切
54838;五音不全
54839;七声音阶
54840;五声音阶
54841;低音提琴
54842;元音和谐
54843;卷舌元音
54844;弱音踏板
54845;强音踏板
54846;拼音字母
54847;拼音阶段
54848;母音调和
54849;袖珍音响
54850;补足音程
54851;读音错误
54852;音响设备
54853;音频设备
54854;诺贝尔奖
54855;功德圆满
54856;积德累功
54857;丰功伟绩
54858;零功率堆
54859;博格达峰
54860;博闻强识
54861;荣誉博士
54862;繁征博引
54863;托拉博拉
54864;仅此而已
54865;寿数已尽
54866;布希威克
54867;希奇古怪
54868;波希米亚
54869;浅希近求
54870;数一数二
54871;数不胜数
54872;交换代数
54873;代数几何
54874;代数数域
54875;代数曲线
54876;初等代数
54877;布尔代数
54878;抽象代数
54879;整数倍数
54880;数典忘祖
54881;数据压缩
54882;数据网络
54883;数据总线
54884;数珠念佛
54885;数码扫描
54886;数黑论黄
54887;断裂模数
54888;梅森素数
54889;等差数列
54890;等比数列
54891;统计数据
54892;维基数据
54893;计数率仪
54894;傍户而立
54895;代替父母
54896;克朗代克
54897;千秋万代
54898;指示代词
54899;改朝换代
54900;替代燃料
54901;末代皇帝
54902;示例代码
54903;旧五代史
54904;万代千秋
54905;证券代销
54906;班达亚齐
54907;编班考试
54908;百感交集
54909;交换价值
54910;交换技术
54911;交浅言深
54912;内幕交易
54913;内线交易
54914;控辩交易
54915;援助交际
54916;纵横交错
54917;巴克科思
54918;忆苦思甜
54919;抽象思维
54920;集思广益
54921;内八字脚
54922;内细胞团
54923;内线消息
54924;室内设计
54925;几内亚湾
54926;严格按照
54927;按照计划
54928;照猫画虎
54929;驾驶执照
54930;带薪休假
54931;死去活来
54932;死皮赖脸
54933;生老病死
54934;起死回生
54935;醉生梦死
54936;导致死亡
54937;死灰复燃
54938;虽死犹荣
54939;热带雨林
54940;热核武器
54941;热炒热卖
54942;热连球菌
54943;隔热材料
54944;黄热病毒
54945;一目了然
54946;刮目相看
54947;触目惊心
54948;攻击目标
54949;比赛项目
54950;纲举目张
54951;计划目标
54952;闭目塞听
54953;隐显目标
54954;鱼目混珠
54955;鸟脚亚目
54956;失而复得
54957;日复一日
54958;羽状复叶
54959;复殖吸虫
54960;复杂系统
54961;拼写错误
54962;声旁错误
54963;逻辑错误
54964;类比错误
54965;使领官员
54966;研究领域
54967;领导职务
54968;酒足饭饱
54969;牵羊担酒
54970;百威啤酒
54971;青岛啤酒
54972;餐末甜酒
54973;互联网站
54974;互联网络
54975;令牌环网
54976;网管系统
54977;网络协议
54978;网络广告
54979;网络技术
54980;网络环境
54981;网络科技
54982;网络设备
54983;网络设计
54984;网络迁移
54985;网际网络
54986;网页设计
54987;联网环境
54988;一言一行
54989;一言难尽
54990;妙不可言
54991;至理名言
54992;七言律诗
54993;三言两句
54994;五言绝句
54995;比较而言
54996;独立宣言
54997;言听计从
54998;食言而肥
54999;弱肉强食
55000;强忍悲痛
55001;强买强卖
55002;强迫观念
55003;措辞强硬
55004;姑息遗患
55005;走漏消息
55006;余怒未息
55007;二十七号
55008;二十二号
55009;二十五史
55010;二十八宿
55011;二十八号
55012;二十六岁
55013;二十六号
55014;二十四史
55015;二十四号
55016;六十四万
55017;十二指肠
55018;十二月份
55019;十二角形
55020;十拿九稳
55021;十月革命
55022;三十六计
55023;千方百计
55024;斤斤计较
55025;救恩计划
55026;景观设计
55027;程序设计
55028;约略估计
55029;设计程序
55030;设计规范
55031;阶梯计价
55032;恶有恶报
55033;北京晨报
55034;报纸报导
55035;施政报告
55036;研究报告
55037;华商晨报
55038;调查报告
55039;似笑非笑
55040;笑破肚皮
55041;听天由命
55042;二次革命
55043;拼命三郎
55044;汤武革命
55045;临危授命
55046;革命先烈
55047;革命烈士
55048;革命卫队
55049;提心吊胆
55050;提拉米苏
55051;富纳富提
55052;提笔忘字
55053;提线木偶
55054;麦盖提县
55055;满载而归
55056;满满登登
55057;卫满朝鲜
55058;克基拉岛
55059;克拉科夫
55060;塔吉克族
55061;巴克夏猪
55062;布朗克士
55063;库克群岛
55064;拉尔维克
55065;沙依巴克
55066;乌克丽丽
55067;赛德克族
55068;阿克塞县
55069;阿克苏河
55070;奇珍异宝
55071;宝钢集团
55072;香轮宝骑
55073;价值增殖
55074;价值标准
55075;价格标签
55076;剩余价值
55077;危害评价
55078;承销价差
55079;财产价值
55080;资产价值
55081;不动声色
55082;忍气吞声
55083;放声大哭
55084;异口同声
55085;九声六调
55086;声类系统
55087;虚张声势
55088;虫鸟叫声
55089;随声附和
55090;饮恨吞声
55091;企管硕士
55092;导管组织
55093;档案总管
55094;毛细血管
55095;管圆线虫
55096;三茶六饭
55097;施粥舍饭
55098;残茶剩饭
55099;粗茶淡饭
55100;鸡蛋炒饭
55101;晨夕共处
55102;披星戴月
55103;日积月累
55104;冰壶秋月
55105;冰皮月饼
55106;登陆月球
55107;百废待兴
55108;百废待举
55109;百端待举
55110;历史久远
55111;永永远远
55112;深谋远虑
55113;深谋远略
55114;远程导弹
55115;远程登录
55116;远程监控
55117;北京烤鸭
55118;北洋政府
55119;北洋陆军
55120;北达科他
55121;追亡逐北
55122;追奔逐北
55123;接二连三
55124;略知一二
55125;二次曲线
55126;架二郎腿
55127;供油系统
55128;奶油鸡蛋
55129;油嘴滑舌
55130;油炸圈饼
55131;轻质石油
55132;磨制石器
55133;频率调制
55134;丰衣足食
55135;便衣警察
55136;衣冠楚楚
55137;衣索比亚
55138;衣食父母
55139;政治舞台
55140;台湾土狗
55141;跳台滑雪
55142;葡萄球菌
55143;温哥华岛
55144;温布尔登
55145;温布尔顿
55146;温良忍让
55147;防暑降温
55148;九章算术
55149;率由旧章
55150;汉他病毒
55151;广告条幅
55152;政府警告
55153;条幅广告
55154;整装待发
55155;引爆装置
55156;指向装置
55157;武装冲突
55158;索具装置
55159;装疯卖傻
55160;装穷叫苦
55161;装酸哭穷
55162;输墨装置
55163;阅读装置
55164;集装箱船
55165;乳臭未干
55166;五七干校
55167;射频干扰
55168;布干维尔
55169;干扁豆角
55170;松赞干布
55171;费尔干纳
55172;烟消云散
55173;消消停停
55174;消费器件
55175;消费资料
55176;消防队员
55177;免费软件
55178;竹叶青蛇
55179;卡拉比拉
55180;射击比赛
55181;纳米比亚
55182;跨栏比赛
55183;阿达比尔
55184;类比策略
55185;债务证券
55186;债务证书
55187;义务教育
55188;训导职务
55189;财务秘书
55190;财务软件
55191;除恶务尽
55192;循环论证
55193;留连论诗
55194;布达拉宫
55195;通情达理
55196;亚米拿达
55197;格林纳达
55198;达朗贝尔
55199;达尔富尔
55200;阿尔盖达
55201;没完没了
55202;脸都绿了
55203;鱼与熊掌
55204;两广总督
55205;婆婆妈妈
55206;坚决否认
55207;承认控罪
55208;初等教育
55209;盘根究底
55210;跌至谷底
55211;追根究底
55212;轻浪浮薄
55213;厚此薄彼
55214;彼倡此和
55215;彼唱此和
55216;此致敬礼
55217;灭此朝食
55218;调味肉汁
55219;香味扑鼻
55220;印支半岛
55221;拿铁咖啡
55222;摩卡咖啡
55223;流连忘返
55224;连三并四
55225;连奔带跑
55226;连字符号
55227;连滚带爬
55228;连锁商店
55229;吃苦耐劳
55230;吃饱撑着
55231;千辛万苦
55232;辛辛苦苦
55233;酸甜苦辣
55234;刻苦耐劳
55235;刻苦钻研
55236;勤奋刻苦
55237;艰苦奋斗
55238;暴饮暴食
55239;狂饮暴食
55240;绝食抗议
55241;饮食疗养
55242;仿羊皮纸
55243;磨破嘴皮
55244;羊质虎皮
55245;脱皮掉肉
55246;距状皮层
55247;支离破碎
55248;偏差距离
55249;严格隔离
55250;种族隔离
55251;脱离危险
55252;离乡背井
55253;丢三落四
55254;大起大落
55255;七零八落
55256;叶落归根
55257;夫唱妇随
55258;走乡随乡
55259;创巨痛深
55260;深恶痛绝
55261;三从四德
55262;德贵丽类
55263;阿基米德
55264;阿德雷德
55265;江郎才尽
55266;黑龙江省
55267;毕业证书
55268;百科全书
55269;三联书店
55270;仰屋著书
55271;奋笔疾书
55272;书写符号
55273;阿摩司书
55274;苏格拉底
55275;和林格尔
55276;格林威治
55277;标准规格
55278;技术援助
55279;补助组织
55280;辅助医疗
55281;半途而废
55282;可想而知
55283;因人而异
55284;轻而易举
55285;适可而止
55286;倾耳而听
55287;及锋而试
55288;悬而未决
55289;抵足而眠
55290;抵足而卧
55291;择善而从
55292;穿针引线
55293;三次曲线
55294;乙种射线
55295;均线指标
55296;引线穿针
55297;穿针走线
55298;震波曲线
55299;飞针走线
55300;亮菌甲素
55301;储备货币
55302;废除军备
55303;戒备森严
55304;裁减军备
55305;军备竞赛
55306;宏观调控
55307;副驾驶员
55308;政府官员
55309;政治委员
55310;突击队员
55311;杂技演员
55312;孤胆英雄
55313;港英政府
55314;汉英互译
55315;独胆英雄
55316;紫石英号
55317;群英毕集
55318;英勇牺牲
55319;英吉沙县
55320;三十而立
55321;三姑六婆
55322;三心二意
55323;三民主义
55324;不三不四
55325;火冒三丈
55326;隔三差五
55327;三令五申
55328;三番五次
55329;三皇五帝
55330;三脚两步
55331;三号木杆
55332;再三再四
55333;巴三览四
55334;几次三番
55335;张三李四
55336;泛珠三角
55337;退避三舍
55338;剑走偏锋
55339;走向断层
55340;省财税厅
55341;破财免灾
55342;财源滚滚
55343;封官许愿
55344;许旺细胞
55345;乘胜追击
55346;突击检查
55347;香格里拉
55348;拉布拉多
55349;拉格朗日
55350;拖拖拉拉
55351;半半拉拉
55352;卡拉季奇
55353;卡尔巴拉
55354;古杰拉尔
55355;富拉尔基
55356;巴布拉族
55357;布拉索夫
55358;拉沙病毒
55359;拉脱维亚
55360;阿拉善盟
55361;富贵寿考
55362;科举考试
55363;闭卷考试
55364;拖家带口
55365;附带损害
55366;逐次近似
55367;受宠若惊
55368;拍案惊奇
55369;惊恐万状
55370;军团杆菌
55371;军团菌病
55372;千千万万
55373;成千上万
55374;万念俱灰
55375;万有引力
55376;万紫千红
55377;亿万富豪
55378;万古千秋
55379;百货商店
55380;医药商店
55381;异香扑鼻
55382;香港警察
55383;向壁虚造
55384;板块构造
55385;艺术造街
55386;造型艺术
55387;初露才华
55388;荣华富贵
55389;华纳兄弟
55390;驻华盛顿
55391;基督教徒
55392;基督教派
55393;基础教育
55394;宗教改革
55395;指导教授
55396;教育背景
55397;荣誉教授
55398;犹太教堂
55399;素质教育
55400;圣母教堂
55401;字里行间
55402;五笔字型
55403;五笔字形
55404;八字胡须
55405;字字珠玉
55406;字母顺序
55407;朝鲜字母
55408;逐字逐句
55409;轻嘴薄舌
55410;倾耳细听
55411;障碍滑雪
55412;集恩广益
55413;印象深刻
55414;深更半夜
55415;极深研几
55416;深藏若虚
55417;深闭固拒
55418;不过尔尔
55419;出尔反尔
55420;加尔各答
55421;塞内加尔
55422;塞尔维亚
55423;巴尔扎克
55424;巴尔的摩
55425;森海塞尔
55426;汉密尔顿
55427;蒙特利尔
55428;阿尔卡特
55429;高尔夫球
55430;齐齐哈尔
55431;塔塔尔族
55432;察布查尔
55433;托木尔峰
55434;标准普尔
55435;若尔盖县
55436;阿普尔顿
55437;阿尔及尔
55438;阿尔都塞
55439;非阿贝尔
55440;额尔古纳
55441;麦尔维尔
55442;档案建立
55443;独立钻石
55444;卡布奇诺
55445;奇形怪状
55446;扬科维奇
55447;直升飞机
55448;突飞猛进
55449;飞来飞去
55450;血肉横飞
55451;质的飞跃
55452;技术标准
55453;极坐标系
55454;标准尺寸
55455;标准模型
55456;标准状况
55457;标准组织
55458;指手画脚
55459;指指点点
55460;指日可待
55461;技术指导
55462;指鸡骂狗
55463;王母娘娘
55464;黑汗王朝
55465;返券黄牛
55466;铁板牛肉
55467;钻牛角尖
55468;托克托县
55469;类乌齐县
55470;永久冻土
55471;事半功倍
55472;半糖夫妻
55473;朝鲜半岛
55474;枪林箭雨
55475;做张做势
55476;做张做智
55477;做张做致
55478;丧心病狂
55479;抗病毒药
55480;汉坦病毒
55481;病毒营销
55482;病毒血症
55483;登革病毒
55484;细菌病毒
55485;虫媒病毒
55486;血吸虫病
55487;阿米巴病
55488;吉亚卡摩
55489;趋吉避凶
55490;词项逻辑
55491;项庄舞剑
55492;改恶向善
55493;政治改革
55494;朝令夕改
55495;朝闻夕改
55496;阿布扎比
55497;宣布破产
55498;检证程序
55499;减压程序
55500;残兵败将
55501;肩射导弹
55502;陆基导弹
55503;授权范围
55504;防毒围裙
55505;缘木求鱼
55506;追根求源
55507;六角括号
55508;四角号码
55509;破土典礼
55510;顺其自然
55511;贸易顺差
55512;双层巴士
55513;番茄炒蛋
55514;仰屋兴叹
55515;百废俱兴
55516;技术故障
55517;钻故纸堆
55518;一石二鸟
55519;铁石心肠
55520;滴水穿石
55521;石家庄市
55522;落井下石
55523;巨石柱群
55524;环状列石
55525;细磨刀石
55526;越描越黑
55527;退黑激素
55528;政治素质
55529;招商引资
55530;矿产资源
55531;资料仓储
55532;资讯科技
55533;专科院校
55534;越帮越忙
55535;越野赛跑
55536;共产主义
55537;共产党人
55538;智慧产权
55539;历史遗产
55540;修订历史
55541;乙型脑炎
55542;政府首脑
55543;森林脑炎
55544;杂谷脑镇
55545;紧张缓和
55546;紧急危害
55547;紧急医疗
55548;九校联盟
55549;商科院校
55550;商科集团
55551;剪草除根
55552;何去何从
55553;弃恶从善
55554;逻辑演算
55555;钢琴演奏
55556;一针见血
55557;抗坏血酸
55558;血债累累
55559;血债血偿
55560;血液循环
55561;血液透析
55562;血肉模糊
55563;降血压药
55564;密密麻麻
55565;针刺麻醉
55566;麻婆豆腐
55567;一模一样
55568;核证模型
55569;模糊逻辑
55570;手舞足蹈
55571;自给自足
55572;贸易伙伴
55573;贸易组织
55574;贸易谈判
55575;严厉批评
55576;炎黄子孙
55577;乘坚策肥
55578;志坚胆壮
55579;器官移殖
55580;武器系统
55581;浮潜器具
55582;细胞器官
55583;细菌武器
55584;医疗器械
55585;防卫武器
55586;似懂非懂
55587;圣索非亚
55588;刻板印象
55589;尖酸刻薄
55590;呼吸系统
55591;循环系统
55592;编码系统
55593;软件系统
55594;预警系统
55595;环境损害
55596;发号施令
55597;省略符号
55598;千奇百怪
55599;百依百顺
55600;百度百科
55601;维基百科
55602;百胜餐饮
55603;百科词典
55604;百米赛跑
55605;百般奉承
55606;鱼肉百姓
55607;社会主义
55608;义无反顾
55609;人道主义
55610;个人主义
55611;唯心主义
55612;唯物主义
55613;天经地义
55614;女权主义
55615;存在主义
55616;形式主义
55617;忘恩负义
55618;拜金主义
55619;断章取义
55620;民族主义
55621;浪漫主义
55622;无情无义
55623;现实主义
55624;义不容辞
55625;自由主义
55626;见利忘义
55627;顾名思义
55628;义愤填胸
55629;违恩负义
55630;先决条件
55631;五谷丰登
55632;丽池卡登
55633;手忙脚乱
55634;赶尽杀绝
55635;奋武扬威
55636;健康检查
55637;健康状况
55638;冷暖自知
55639;心灰意冷
55640;亚历山大
55641;维多利亚
55642;利比里亚
55643;塞维利亚
55644;波西米亚
55645;玻利维亚
55646;圣地亚哥
55647;亚词规则
55648;塞哥维亚
55649;向壁虚构
55650;结结巴巴
55651;巴坦群岛
55652;巴林右旗
55653;巴林左旗
55654;松巴哇岛
55655;绝大部分
55656;与世隔绝
55657;坏透坏绝
55658;弹尽援绝
55659;拍案叫绝
55660;灭绝种族
55661;种族灭绝
55662;浮云朝露
55663;哭丧着脸
55664;穿着讲究
55665;休养生息
55666;养家糊口
55667;养尊处优
55668;母乳喂养
55669;狗娘养的
55670;细胞培养
55671;养虎遗患
55672;密密层层
55673;密密扎扎
55674;密歇根湖
55675;秘密警察
55676;大鱼大肉
55677;心惊肉跳
55678;肌肉组织
55679;毛腿沙鸡
55680;住院治疗
55681;迷迷糊糊
55682;朝鲜太宗
55683;禁止吸烟
55684;嫌肥挑瘦
55685;挑肥嫌瘦
55686;断断续续
55687;肝肠寸断
55688;词汇判断
55689;形形色色
55690;圆形木材
55691;条形燃料
55692;梯次队形
55693;简短介绍
55694;乏燃料棒
55695;冰染染料
55696;混氧燃料
55697;燃料循环
55698;研磨材料
55699;补充医疗
55700;众盲摸象
55701;存托凭证
55702;辩证施治
55703;预托证券
55704;麦司卡林
55705;预防措施
55706;珍珠奶茶
55707;翻箱倒柜
55708;倒买倒卖
55709;情有独钟
55710;独来独往
55711;独孤求败
55712;独立自主
55713;双独夫妇
55714;五颜六色
55715;五笔编码
55716;五鬼闹判
55717;悲剧缺陷
55718;历史沿革
55719;历史背景
55720;依田纪基
55721;基础设施
55722;维基词典
55723;恶臭扑鼻
55724;隐恶扬善
55725;诗情画意
55726;树状细胞
55727;细胞骨架
55728;鱼米之乡
55729;纳米技术
55730;技术规范
55731;软件技术
55732;勤劳致富
55733;富丽堂皇
55734;杀富济贫
55735;贫富差距
55736;曾祖父母
55737;父母双亡
55738;静坐抗议
55739;废铜烂铁
55740;铜墙铁壁
55741;犯罪集团
55742;集束炸弹
55743;四季豆腐
55744;炸土豆条
55745;尽善尽美
55746;尽心尽力
55747;费尽心机
55748;尽职尽责
55749;徒呼负负
55750;统购统销
55751;曲尺楼梯
55752;盘旋曲折
55753;阿旺曲培
55754;土洋并举
55755;安之若素
55756;灵机一动
55757;圣灵降临
55758;宁静致远
55759;息事宁人
55760;席凡宁根
55761;如鱼得水
55762;鱼死网破
55763;软骨鱼类
55764;口若悬河
55765;楚河汉界
55766;江河湖海
55767;额济纳河
55768;阿松森岛
55769;阿森松岛
55770;阿猫阿狗
55771;争先恐后
55772;争分夺秒
55773;古色古香
55774;考古学家
55775;自古以来
55776;千古遗恨
55777;封沙育林
55778;森林培育
55779;破碗破摔
55780;邮局编码
55781;成群结队
55782;冰天雪地
55783;欢聚一堂
55784;齐聚一堂
55785;令尊令堂
55786;免责条款
55787;免赔条款
55788;东张西望
55789;铺张浪费
55790;张冠李戴
55791;慌慌张张
55792;临渴穿井
55793;临阵退缩
55794;各种各样
55795;极乐世界
55796;乐极生悲
55797;物极必反
55798;犯罪团伙
55799;未成年人
55800;昏昏沉沉
55801;暗送秋波
55802;输送媒介
55803;择善固执
55804;弃约背盟
55805;逐渐废弃
55806;类属词典
55807;乙型肝炎
55808;甲型肝炎
55809;货真价实
55810;优惠贷款
55811;对症下药
55812;袖珍辞典
55813;付款条件
55814;垃圾邮件
55815;条件概率
55816;杀毒软件
55817;约束条件
55818;防毒软件
55819;邮政编码
55820;环境污染
55821;呆若木鸡
55822;木骨都束
55823;小肚鸡肠
55824;杀鸡吓猴
55825;杀鸡警猴
55826;鸡零狗碎
55827;鼠肚鸡肠
55828;案甲休兵
55829;鸟枪换炮
55830;案兵束甲
55831;隐隐约约
55832;辛丑条约
55833;另类医疗
55834;捉拿归案
55835;七政四余
55836;政府债券
55837;隐私政策
55838;入乡随俗
55839;背井离乡
55840;横冲直撞
55841;轻描淡写
55842;借刀杀人
55843;千篇一律
55844;千岛列岛
55845;千岛群岛
55846;航空母舰
55847;塑胶爆炸
55848;余响绕梁
55849;大同小异
55850;大放异彩
55851;日新月异
55852;标新立异
55853;求同存异
55854;异想天开
55855;异曲同工
55856;见异思迁
55857;势均力敌
55858;趋炎附势
55859;欣喜若狂
55860;落叶归根
55861;防暴警察
55862;西班牙人
55863;厚积薄发
55864;滚瓜烂熟
55865;稳操胜券
55866;妙探寻凶
55867;统购派购
55868;任劳任怨
55869;举手之劳
55870;不见不散
55871;不欢而散
55872;四世同堂
55873;四分五裂
55874;四通八达
55875;四面八方
55876;四邻八舍
55877;卧虎藏龙
55878;躲躲藏藏
55879;阻抗匹配
55880;熊腰虎背
55881;虎背熊腰
55882;一波三折
55883;井井有条
55884;编辑词条
55885;泼妇骂街
55886;众所周知
55887;群众组织
55888;划圆防守
55889;名利双收
55890;举世无双
55891;抱残守缺
55892;喜闻乐见
55893;所见所闻
55894;脚踏实地
55895;动手动脚
55896;大手大脚
55897;指手划脚
55898;笨手笨脚
55899;卷土重来
55900;土生土长
55901;灰头土脸
55902;如假包换
55903;偷梁换柱
55904;诸如此类
55905;控辩协议
55906;抢险救灾
55907;左顾右盼
55908;郎肯循环
55909;乱七八糟
55910;七七八八
55911;七上八下
55912;七嘴八舌
55913;胡说八道
55914;杂七杂八
55915;七爷八爷
55916;七零八碎
55917;夹七夹八
55918;污七八糟
55919;不治之症
55920;长治久安
55921;治疗炎症
55922;恨之入骨
55923;粉身碎骨
55924;普天同庆
55925;曾几何时
55926;祖祖辈辈
55927;无边无际
55928;耳目一新
55929;悬梁刺股
55930;抵押贷款
55931;脱氧核糖
55932;吹吹拍拍
55933;良种繁育
55934;取长补短
55935;于事无补
55936;亡羊补牢
55937;拾遗补缺
55938;补缺拾遗
55939;大闹天宫
55940;又吵又闹
55941;严严实实
55942;得意洋洋
55943;洋洋洒洒
55944;若且唯若
55945;蓝田种玉
55946;大惊小怪
55947;麦田怪圈
55948;核糖核酸
55949;以毒攻毒
55950;阴险毒辣
55951;肯普索恩
55952;朝鲜核谈
55953;玉皇大帝
55954;不遗余力
55955;繁荣昌盛
55956;进退两难
55957;心心相印
55958;虚情假意
55959;虚怀若谷
55960;虚有其表
55961;疑难杂症
55962;错综复杂
55963;杂乱无章
55964;蛇绿混杂
55965;强词夺理
55966;振振有词
55967;危若朝露
55968;谈情说爱
55969;花好月圆
55970;有朝一日
55971;顶天立地
55972;自暴自弃
55973;急中生智
55974;急急忙忙
55975;当务之急
55976;轻重缓急
55977;急嘴急舌
55978;搜肠刮肚
55979;牵肠挂肚
55980;负债累累
55981;出谋划策
55982;七层架构
55983;不假思索
55984;光阴似箭
55985;妙笔生花
55986;动弹不得
55987;弹尽粮绝
55988;逻辑炸弹
55989;阅读障碍
55990;历史学家
55991;如花似玉
55992;怜香惜玉
55993;金玉满堂
55994;偷偷摸摸
55995;西双版纳
55996;吐故纳新
55997;格拉纳达
55998;额济纳旗
55999;疑神疑鬼
56000;慢慢吞吞
56001;单身贵族
56002;群猴猴族
56003;左邻右舍
56004;若隐若现
56005;难言之隐
56006;胡思乱想
56007;弄嘴弄舌
56008;笨嘴笨舌
56009;贫嘴滑舌
56010;贫嘴薄舌
56011;春夏秋冬
56012;九九归一
56013;早出晚归
56014;归心似箭
56015;归根到底
56016;殊途同归
56017;软磨硬泡
56018;三言两语
56019;人财两空
56020;两全其美
56021;势不两立
56022;半斤八两
56023;小两口儿
56024;以身作则
56025;望而却步
56026;扶危济困
56027;扶贫济困
56028;济困扶危
56029;利令智昏
56030;龙生九子
56031;六神无主
56032;六亲不认
56033;敬业乐群
56034;坐井观天
56035;坐享其成
56036;延年益寿
56037;精益求精
56038;旁若无人
56039;陆陆续续
56040;如雷贯耳
56041;雷厉风行
56042;雷打不动
56043;树大招风
56044;猴面包树
56045;束手无策
56046;传宗接代
56047;荣宗耀祖
56048;齐心协力
56049;挥毫洒墨
56050;审时度势
56051;固执己见
56052;副秘书长
56053;心照不宣
56054;冲锋陷阵
56055;南沙群岛
56056;西沙群岛
56057;西西里岛
56058;居安思危
56059;核反应堆
56060;循序渐进
56061;胡编乱造
56062;爱屋及乌
56063;真刀真枪
56064;深思熟虑
56065;如诗如画
56066;粗枝大叶
56067;含含糊糊
56068;大摇大摆
56069;摇摆不定
56070;摇身一变
56071;摇摇摆摆
56072;不可磨灭
56073;自生自灭
56074;唯唯诺诺
56075;道貌岸然
56076;不谋而合
56077;谋财害命
56078;欣欣向荣
56079;景德镇市
56080;漏洞百出
56081;聚沙成塔
56082;多特蒙德
56083;昏昏欲睡
56084;望眼欲穿
56085;为所欲为
56086;铺天盖地
56087;参差不齐
56088;整整齐齐
56089;双管齐下
56090;齐头并进
56091;扬长而去
56092;发扬光大
56093;纷纷扬扬
56094;耀武扬威
56095;花花绿绿
56096;怨天尤人
56097;奉申贺敬
56098;刻不容缓
56099;一闪而过
56100;躲躲闪闪
56101;针锋相对
56102;喜怒无常
56103;不知所措
56104;宽以待人
56105;望梅止渴
56106;踏雪寻梅
56107;赞不绝口
56108;别出心裁
56109;一触即发
56110;触景生情
56111;触摸屏幕
56112;肃然起敬
56113;旁敲侧击
56114;乌七八糟
56115;乌合之众
56116;小鸟依人
56117;笨鸟先飞
56118;冬虫夏草
56119;裂殖菌纲
56120;支气管炎
56121;如愿以偿
56122;妙趣横生
56123;横扫千军
56124;后患无穷
56125;多灾多难
56126;肝胆相照
56127;卧薪尝胆
56128;能言善辩
56129;一贫如洗
56130;偷鸡摸狗
56131;凶多吉少
56132;吹灰之力
56133;事倍功半
56134;丧尽天良
56135;灰心丧气
56136;闻风丧胆
56137;同流合污
56138;旗开得胜
56139;粗心大意
56140;财大气粗
56141;余音绕梁
56142;返老还童
56143;井然有序
56144;老当益壮
56145;豪言壮语
56146;不辞而别
56147;峰回路转
56148;登峰造极
56149;全神贯注
56150;绕来绕去
56151;成吉思汗
56152;浓墨重彩
56153;挤挤插插
56154;烂醉如泥
56155;跃跃欲试
56156;相敬如宾
56157;跌跌撞撞
56158;燃煤锅炉
56159;头昏脑涨
56160;驾轻就熟
56161;势如破竹
56162;胸有成竹
56163;吞吞吐吐
56164;弯弯曲曲
56165;酒池肉林
56166;害人不浅
56167;肉毒杆菌
56168;擦肩而过
56169;鼻青脸肿
56170;一览无遗
56171;一应俱全
56172;与生俱来
56173;花花肠子
56174;炉火纯青
56175;大饱口福
56176;大饱眼福
56177;立杆见影
56178;没心没肺
56179;吊儿郎当
56180;滴水不漏
56181;争风吃醋
56182;恰如其分
56183;泛泛之交
56184;殖民主义
56185;大势所趋
56186;责无旁贷
56187;救死扶伤
56188;虎头蛇尾
56189;打草惊蛇
56190;画蛇添足
56191;虚与委蛇
56192;龙头蛇尾
56193;柴米油盐
56194;寸步不离
56195;寸步难行
56196;阿司匹林
56197;骨瘦如柴
56198;挨家挨户
56199;相辅相成
56200;硕果累累
56201;一二八事变
56202;一个接一个
56203;一千零一夜
56204;一问三不知
56205;一天一个样
56206;一对一斗牛
56207;一时半会儿
56208;一条龙服务
56209;一次又一次
56210;一次方程式
56211;一物降一物
56212;一级方程式
56213;一致性效应
56214;一言抄百总
56215;一退六二五
56216;一遍又一遍
56217;一项一项地
56218;不当一回事
56219;九一八事变
56220;二一添作五
56221;二十一世纪
56222;倒抽一口气
56223;全世界第一
56224;六一儿童节
56225;单一合体字
56226;四一二事变
56227;四一二惨案
56228;天生的一对
56229;弹指一挥间
56230;生物专一性
56231;百分之一百
56232;碰一鼻子灰
56233;第一个层次
56234;辛普森一家
56235;不令人鼓舞
56236;不以人废言
56237;人不可貌相
56238;人口统计学
56239;人各有所好
56240;人工电子耳
56241;人文地理学
56242;人民公社化
56243;人民共和国
56244;人民大会堂
56245;人民联盟党
56246;人民行动党
56247;人民解放军
56248;人生如朝露
56249;人生路不熟
56250;人行横道线
56251;以人名命名
56252;利害关系人
56253;印度人民党
56254;危地马拉人
56255;厌恶人类者
56256;反人道罪行
56257;恶人先告状
56258;招聘协调人
56259;卷铺盖走人
56260;损人不利己
56261;摩登原始人
56262;新闻发言人
56263;替古人担忧
56264;有人在想你
56265;植物人状态
56266;为人民服务
56267;无船承运人
56268;白色情人节
56269;礼轻人意重
56270;翻脸不认人
56271;行人安全岛
56272;证券经纪人
56273;贵人多忘事
56274;软体业巨人
56275;退伍军人节
56276;马来西亚人
56277;麦克白夫人
56278;先天性缺陷
56279;国家航天局
56280;天使报喜节
56281;天安门广场
56282;天文学大成
56283;天体物理学
56284;民以食为天
56285;圣母升天节
56286;航空航天局
56287;长白山天池
56288;露天大戏院
56289;青天大老爷
56290;黄土不露天
56291;上海大剧院
56292;五大连池市
56293;亚力山大帝
56294;以老大自居
56295;仰光大金塔
56296;低音大提琴
56297;元曲四大家
56298;内蒙古大学
56299;全国大会党
56300;八万大藏经
56301;六朝四大家
56302;加拿大皇家
56303;区分大小写
56304;印度国大党
56305;大久保利通
56306;大修道院长
56307;大加那利岛
56308;大地测量学
56309;大江健三郎
56310;大汉族主义
56311;大乌苏里岛
56312;大田广域市
56313;大纪元时报
56314;大肚子经济
56315;大英博物馆
56316;大叶性肺炎
56317;大卫营和约
56318;大都市地区
56319;大陆性气候
56320;大马士革李
56321;大麦克指数
56322;密歇根大学
56323;康奈尔大学
56324;忠南大学校
56325;意大利直面
56326;意大利青瓜
56327;扩大再生产
56328;政府大学院
56329;文化大革命
56330;最大公因子
56331;最大公约数
56332;东非大裂谷
56333;林克平大学
56334;法国大革命
56335;波士顿大学
56336;生物大灭绝
56337;空心大老官
56338;系列放大器
56339;绝对大多数
56340;老大徒伤悲
56341;联合古大陆
56342;联合国大会
56343;军事核大国
56344;阿肯色大学
56345;双龙大裂谷
56346;杂剧四大家
56347;首席大法官
56348;高丽大藏经
56349;黄河大合唱
56350;上下五千年
56351;上下文菜单
56352;上下班时间
56353;下议院议员
56354;先下手为强
56355;创下高票房
56356;地下核爆炸
56357;地下核试验
56358;水下核爆炸
56359;水下核试验
56360;分析心理学
56361;商务中心区
56362;完形心理学
56363;实验心理学
56364;心肺复苏术
56365;心脏收缩压
56366;心脏舒张压
56367;心血管疾病
56368;心静自然凉
56369;真心实意地
56370;离心分离机
56371;仿射子空间
56372;分子化合物
56373;分子生物学
56374;分子遗传学
56375;原子反应堆
56376;原子科学家
56377;吃角子老虎
56378;吸引子网络
56379;太子十三峰
56380;太阳黑子周
56381;女子参政权
56382;妻子管得严
56383;本初子午线
56384;正电子断层
56385;牵着鼻子走
56386;生物高分子
56387;磨破嘴皮子
56388;红色娘子军
56389;肉包子打狗
56390;被子植物门
56391;西门子公司
56392;赶鸭子上架
56393;长子的名份
56394;阴离子部位
56395;电子元器件
56396;电子化营业
56397;电子计算机
56398;电子显微镜
56399;非婚生子女
56400;类风湿因子
56401;高分子化学
56402;高桥留美子
56403;侵入家宅者
56404;古生物学家
56405;国家图书馆
56406;国家地震局
56407;国家安全局
56408;国家安全部
56409;国家文物局
56410;国家标准码
56411;国家海洋局
56412;国家统计局
56413;多民族国家
56414;家庭消费者
56415;家鸭绿头鸭
56416;工业化国家
56417;张家口地区
56418;微生物学家
56419;民用核国家
56420;生物化学家
56421;发展中国家
56422;发展的国家
56423;皇家马德里
56424;石家庄地区
56425;中国青年报
56426;共餐青年团
56427;北京青年报
56428;地质年代表
56429;年均增长率
56430;保安自动化
56431;公路自行车
56432;功到自然成
56433;场地自行车
56434;山地自行车
56435;泛自然神论
56436;习惯成自然
56437;习惯若自然
56438;自助洗衣店
56439;自动付款机
56440;自动化技术
56441;自动取款机
56442;自动售货机
56443;自动地工作
56444;自动提款机
56445;自动柜员机
56446;自律性组织
56447;自杀式炸弹
56448;自杀式爆炸
56449;自然保护区
56450;自由女神像
56451;自由民主党
56452;自由贸易区
56453;自由选择权
56454;航空自卫队
56455;西藏自治区
56456;办公自动化
56457;通讯自动化
56458;道真自治县
56459;来回来去地
56460;历来最低点
56461;话又说回来
56462;说不出话来
56463;飞出个未来
56464;马来西亚语
56465;前所未有的
56466;市场占有率
56467;戴有色眼镜
56468;有教无类法
56469;有条有理地
56470;有机化合物
56471;有线新闻网
56472;有苦说不出
56473;没有劲头儿
56474;除另有约定
56475;冒生命危险
56476;出生证明书
56477;厚生劳动省
56478;原核生物界
56479;单细胞生物
56480;多细胞生物
56481;形态发生素
56482;应届毕业生
56483;放射生成物
56484;无国界医生
56485;生命多样性
56486;生态环境游
56487;生活必需品
56488;生物传感器
56489;生物分析法
56490;生物反应器
56491;生物多元化
56492;生物多样性
56493;生物工程学
56494;生物活化性
56495;生产反应堆
56496;发育生物学
56497;真后生动物
56498;神经生物学
56499;细胞生物学
56500;中石器时代
56501;作息时间表
56502;停车计时器
56503;到那个时候
56504;协调世界时
56505;按时间先后
56506;放射性计时
56507;新石器时代
56508;日光节约时
56509;时势造英雄
56510;时装设计师
56511;时间测定学
56512;减压时间表
56513;滴漏计时器
56514;煮蛋计时器
56515;纵停留时间
56516;临时抱佛脚
56517;与时间赛跑
56518;旧石器时代
56519;华盛顿时报
56520;运行时错误
56521;青铜器时代
56522;亚得里亚海
56523;常言说得好
56524;所见即所得
56525;蒙得维的亚
56526;一去不复返
56527;不以词害志
56528;不以辞害志
56529;不信任动议
56530;不信任投票
56531;不切合实际
56532;不动点定理
56533;不及物动词
56534;不可侵犯权
56535;不可数名词
56536;不名誉事物
56537;不完全中立
56538;不平等条约
56539;不打不成才
56540;不打不相识
56541;不承认主义
56542;不抵抗主义
56543;不明飞行物
56544;不期然而然
56545;不正常状况
56546;不正当竞争
56547;不正当关系
56548;不相容原理
56549;不知者不罪
56550;不稳定气流
56551;不空成就佛
56552;不等价交换
56553;不结盟运动
56554;不着陆飞行
56555;不记名投票
56556;不足的地方
56557;不首先使用
56558;中看不中用
56559;乳糖不耐症
56560;何乐而不为
56561;八九不离十
56562;吃力不讨好
56563;吃软不吃硬
56564;名不见经传
56565;报喜不报忧
56566;太阳永不落
56567;好饭不怕晚
56568;妙在不言中
56569;小野不由美
56570;成骨不全症
56571;持不同政见
56572;摸不着头脑
56573;救急不救穷
56574;书写不能症
56575;欲速则不达
56576;欲速而不达
56577;治标不治本
56578;无巧不成书
56579;无毒不丈夫
56580;无风不起浪
56581;独木不成林
56582;眼不见为净
56583;等周不等式
56584;纸包不住火
56585;经不起推究
56586;着三不着两
56587;说话不当话
56588;费力不讨好
56589;赶前不赶后
56590;愿意不愿意
56591;摸石头过河
56592;过份简单化
56593;过敏性休克
56594;过敏性反应
56595;过渡性贷款
56596;三分钟热度
56597;中央分车带
56598;偏微分方程
56599;分布式环境
56600;分布式结构
56601;分布式网络
56602;分形几何学
56603;分散的策略
56604;动植物分类
56605;同位素分离
56606;常微分方程
56607;复分解反应
56608;微分几何学
56609;最小公分母
56610;档案分配区
56611;精神分裂症
56612;身分证号码
56613;体积百分比
56614;可持续发展
56615;哈里发帝国
56616;喷气发动机
56617;地热发电厂
56618;幼发拉底河
56619;新闻发布会
56620;柴油发动机
56621;水力发电站
56622;汽轮发电机
56623;火力发电厂
56624;发光二极管
56625;发光二极体
56626;发展核武器
56627;发行备忘录
56628;发行红利股
56629;迟发性损伤
56630;群起而攻之
56631;黄花岗起义
56632;上海体育场
56633;创业板上市
56634;包在我身上
56635;桌上型电脑
56636;海上花列传
56637;三七开定论
56638;公开讨论会
56639;封闭性开局
56640;气管切开术
56641;开放式系统
56642;开放式网络
56643;开放源代码
56644;中央情报局
56645;患难见真情
56646;礼轻情意重
56647;久病成良医
56648;平方成反比
56649;脑成像技术
56650;中国新民党
56651;中国新闻社
56652;中国新闻网
56653;博讯新闻网
56654;政府新闻处
56655;新剧同志会
56656;新南威尔士
56657;新古典主义
56658;新殖民主义
56659;新民主主义
56660;新闻工作者
56661;温故而知新
56662;皇帝的新衣
56663;美丽新世界
56664;旧瓶装新酒
56665;超新星剩余
56666;业余爱好者
56667;以色列工党
56668;可可托海镇
56669;可望取胜者
56670;可行性研究
56671;可裂变材料
56672;可变化合价
56673;可转让证券
56674;可选择丢弃
56675;名师出高徒
56676;慢工出细货
56677;核出口控制
56678;枪打出头鸟
56679;行行出状元
56680;到期收益率
56681;到目前为止
56682;包产到户制
56683;四个现代化
56684;国防现代化
56685;官场现形记
56686;工业现代化
56687;后现代主义
56688;现金流转表
56689;现金流量表
56690;农业现代化
56691;中国地震台
56692;中国地震局
56693;候风地动仪
56694;地中海贫血
56695;地址的转换
56696;地对空导弹
56697;地方官职位
56698;地球物理学
56699;地缘政治学
56700;地震活动带
56701;地面核爆炸
56702;塔里木盆地
56703;柴达木盆地
56704;波尔干地区
56705;海空军基地
56706;测地线曲率
56707;准格尔盆地
56708;神农架地区
56709;绝望的境地
56710;美国地质局
56711;苏台德地区
56712;都市化地区
56713;阿克苏地区
56714;额济纳地区
56715;驻马店地区
56716;反社会行为
56717;婚前性行为
56718;手动变速器
56719;手机充值卡
56720;杀手级应用
56721;购物手推车
56722;回旋加速器
56723;投资回报率
56724;管城回族区
56725;顺河回族区
56726;听风就是雨
56727;求学无坦途
56728;无伴奏合唱
56729;无名战士墓
56730;无名烈士墓
56731;无国界记者
56732;无政府主义
56733;无条件投降
56734;无纸化办公
56735;无针注射器
56736;花无百日红
56737;记者无国界
56738;世界运动会
56739;全国运动会
56740;动力反应堆
56741;动态存储器
56742;动物性名词
56743;北京动物园
56744;国际劳动节
56745;城市运动会
56746;快速动眼期
56747;扁形动物门
56748;朝鲜劳动党
56749;东亚运动会
56750;毛织运动衫
56751;流体动力学
56752;混合动力车
56753;环节动物门
56754;移动平均线
56755;移动式电话
56756;空气动力学
56757;义和团运动
56758;职业运动员
56759;计算机动画
56760;长跑运动员
56761;灵长类动物
56762;体操运动员
56763;享乐主义者
56764;披头四乐团
56765;布尔什维克
56766;拉什卡尔加
56767;乌什塔拉乡
56768;兴都库什山
56769;阿什哈巴德
56770;中央处理机
56771;加特林机枪
56772;喷气式飞机
56773;客户机软件
56774;小灵通机站
56775;数码照相机
56776;激光打印机
56777;激光打引机
56778;皮带运输机
56779;程控交换机
56780;立体摄像机
56781;网络打印机
56782;血液透析机
56783;计算机制图
56784;计算机工业
56785;计算机断层
56786;计算机模式
56787;计算机科学
56788;计算机网络
56789;食品加工机
56790;点阵打印机
56791;男修道院长
56792;街道办事处
56793;轨道空间站
56794;黄道十二宫
56795;元语言能力
56796;创伤后压力
56797;吃奶的力气
56798;吃奶的气力
56799;巧克力脆片
56800;战略核力量
56801;法律约束力
56802;热力学温度
56803;热力学温标
56804;血清张力素
56805;视力测定法
56806;共享程序库
56807;实验室感染
56808;流行性感冒
56809;理性与感性
56810;猪流感病毒
56811;哥林多后书
56812;域多利皇后
56813;后词汇加工
56814;提摩太后书
56815;最后的晚餐
56816;乌拉特后旗
56817;酒后吐真言
56818;内在几何学
56819;在密切注意
56820;流亡在海外
56821;潜在危险度
56822;德意志银行
56823;构词法意识
56824;玻意耳定律
56825;表意符阶段
56826;儿女英雄传
56827;国际妇女节
56828;妇女联合会
56829;收支平衡点
56830;光面内质网
56831;单叶双曲面
56832;对偶多面体
56833;招股说明书
56834;东方明珠塔
56835;总会三明治
56836;中国海事局
56837;事务所律师
56838;六二五事变
56839;安全理事会
56840;常任理事国
56841;律师事务所
56842;恶事传千里
56843;凭本能做事
56844;群体性事件
56845;空气取样器
56846;中小型企业
56847;小儿软骨病
56848;小团体主义
56849;小型核武器
56850;小百科全书
56851;小组委员会
56852;小资产阶级
56853;微小病毒科
56854;最小公倍数
56855;珍珠小番茄
56856;蓝色小精灵
56857;中国共产党
56858;中国同盟会
56859;中国工程院
56860;中国教育网
56861;中国气象局
56862;中国法学会
56863;中国科学院
56864;中国经营报
56865;中国美术馆
56866;中国致公党
56867;中国航海日
56868;中国证券报
56869;中国证监会
56870;中央委员会
56871;中央宣传部
56872;中央研究院
56873;中央电视台
56874;中正纪念堂
56875;中英文对照
56876;中远太平洋
56877;中间神经元
56878;中非共和国
56879;中高度防空
56880;使用者中介
56881;多端中继器
56882;东南西北中
56883;民主集中制
56884;乌拉特中旗
56885;空中核爆炸
56886;集中的策略
56887;亡兵纪念日
56888;半日制学校
56889;日本共同社
56890;日本共产党
56891;日本社会党
56892;日比谷公园
56893;每日电讯报
56894;狗日的粮食
56895;结婚纪念日
56896;华尔街日报
56897;二十四节气
56898;低尾气排放
56899;气管插管术
56900;气象观测站
56901;海洋性气候
56902;液化石油气
56903;石墨气冷堆
56904;空气缓冲间
56905;普通老百姓
56906;钻石王老五
56907;保安局局长
56908;公共安全罪
56909;国土安全局
56910;国土安全部
56911;安纳托利亚
56912;就业安定费
56913;三十八度线
56914;印度眼镜蛇
56915;放射性活度
56916;旋转角速度
56917;东印度公司
56918;复杂度理论
56919;长度指示符
56920;杀鸡给猴看
56921;快刀断乱麻
56922;快速记忆法
56923;五胡十六国
56924;十六国春秋
56925;合众国际社
56926;国民警卫队
56927;国民革命军
56928;国民党军队
56929;国立显忠院
56930;国际儿童节
56931;国际单位制
56932;国际太空站
56933;外国投资者
56934;外国旅游者
56935;最惠国待遇
56936;王国聚会所
56937;祖国光复会
56938;美国参议院
56939;美国国务院
56940;美国宇航局
56941;美国众议院
56942;美国能源部
56943;英联合王国
56944;万国博览会
56945;交换代数学
56946;代数几何学
56947;光学显微镜
56948;化学信息素
56949;化学战斗部
56950;化学方程式
56951;化学比色法
56952;化学激光器
56953;化学需氧量
56954;射影几何学
56955;广东药学院
56956;广东医学院
56957;投影几何学
56958;政治经济学
56959;数字命理学
56960;数学物理学
56961;社会语言学
56962;神学研究所
56963;科学的交流
56964;总体经济学
56965;解析几何学
56966;贵阳医学院
56967;达尔文学徒
56968;达尔文学说
56969;医学检验师
56970;非线性光学
56971;同素异形体
56972;单源多倍体
56973;基督圣体节
56974;多媒体资讯
56975;字根合体字
56976;对映异构体
56977;支原体肺炎
56978;东非共同体
56979;染色体倍性
56980;流体核试验
56981;特许半导体
56982;异源多倍体
56983;立体异构体
56984;立体电影院
56985;软体配送者
56986;农业集体化
56987;遗体告别式
56988;体温检测仪
56989;身份证号码
56990;身份识别卡
56991;苏联之友社
56992;亚太经合会
56993;四十二章经
56994;坐骨神经痛
56995;专属经济区
56996;神农本草经
56997;经济增加值
56998;经济增长率
56999;视神经乳头
57000;探头探脑儿
57001;变焦距镜头
57002;说话要算数
57003;波美比重计
57004;副省级城市
57005;图木舒克市
57006;城市依赖症
57007;汉城特别市
57008;阿布扎比市
57009;额尔古纳市
57010;首尔特别市
57011;超声波检查
57012;超额配股权
57013;兵败如山倒
57014;救场如救火
57015;隔行如隔山
57016;世界博览会
57017;儿童基金会
57018;夜招待酒会
57019;委员会会议
57020;工作委员会
57021;常务委员会
57022;建屋互助会
57023;挂帅的社会
57024;教育委员会
57025;汽车展览会
57026;社会主义者
57027;社会工作者
57028;社会民主党
57029;社会总需求
57030;立法委员会
57031;管理委员会
57032;组织委员会
57033;记者招待会
57034;证券委员会
57035;选举委员会
57036;部长级会议
57037;鉴定委员会
57038;交换虚电路
57039;光电二极管
57040;半岛电视台
57041;印刷电路板
57042;印制电路板
57043;太阳能电池
57044;太阳电池板
57045;宽银幕电影
57046;永久虚电路
57047;笔记型电脑
57048;笔记本电脑
57049;闪电式结婚
57050;电源供应器
57051;电视专题片
57052;麦金塔电脑
57053;再活化假说
57054;复活的军团
57055;语言实验室
57056;贝尔实验室
57057;疾风知劲草
57058;知识工程师
57059;录取通知书
57060;果蔬酸酸乳
57061;二项式定理
57062;平均值定理
57063;物主限定词
57064;肯定并例句
57065;长期稳定性
57066;闭图象定理
57067;关贸总协定
57068;便车旅行者
57069;冷湖行政区
57070;执行指挥官
57071;平行四边形
57072;特别行政区
57073;行政区划图
57074;行李传送带
57075;行李搬运工
57076;进行性失语
57077;飞行记录仪
57078;飞行记录器
57079;首席执行官
57080;高层执行员
57081;前词汇加工
57082;加值型网路
57083;加格达奇区
57084;加那利群岛
57085;同步加速器
57086;塔加路族语
57087;特拉法尔加
57088;直线加速器
57089;视窗加速器
57090;选民参加率
57091;阿空加瓜山
57092;企业间网路
57093;正字法空间
57094;视空间系统
57095;空口说白话
57096;金瓶梅词话
57097;正字法模式
57098;正字法规则
57099;正字法阶段
57100;深层正字法
57101;浅层正字法
57102;冒名顶替者
57103;域名服务器
57104;关系代名词
57105;公共汽车站
57106;公平审判权
57107;寿保险公司
57108;法制办公室
57109;办公桌轮用
57110;雪佛龙公司
57111;雷公打豆腐
57112;黄石公三略
57113;常坐汽车者
57114;摩托车的士
57115;混合型汽车
57116;广义相对论
57117;弱相互作用
57118;强相互作用
57119;核相互作用
57120;海相沉积物
57121;词相似效应
57122;非相对论性
57123;反犹太主义
57124;毛主席语录
57125;民主主义者
57126;民主进步党
57127;环保主义者
57128;异性恋主义
57129;种族主义者
57130;纯素食主义
57131;九九乘法表
57132;元素周期表
57133;口技表演者
57134;梅西叶星表
57135;笔划检字表
57136;表达失语症
57137;资产负债表
57138;利害关系方
57139;多项式方程
57140;平方反比律
57141;东方三博士
57142;东西方文化
57143;放射性碎片
57144;显微镜载片
57145;风水轮流转
57146;城镇化水平
57147;毫米水银柱
57148;水底写字板
57149;水往低处流
57150;污水处理厂
57151;临海水土志
57152;轻水反应堆
57153;农林水产省
57154;重水反应堆
57155;做准备工作
57156;教育工作者
57157;科技工作者
57158;义务工作者
57159;农作物品种
57160;农村合作化
57161;农业合作化
57162;克里木半岛
57163;克里木战争
57164;北马里亚纳
57165;卡拉布里亚
57166;尤克里里琴
57167;西里尔字母
57168;阿尔梅里亚
57169;法式色拉酱
57170;色香味俱全
57171;长掌义县龙
57172;长距离比赛
57173;二次多项式
57174;博格多汗宫
57175;哈米吉多顿
57176;哥林多前书
57177;多米诺骨牌
57178;多音多义字
57179;波多马克河
57180;维多利亚岛
57181;维多利亚湖
57182;环境重灾区
57183;重病特护区
57184;亚速尔群岛
57185;塔那那利佛
57186;那拉提草原
57187;关塔那摩湾
57188;黑塞哥维那
57189;世外桃花源
57190;世界的语言
57191;哈拉尔五世
57192;普世基督教
57193;台湾关系法
57194;风湿关节炎
57195;同量异位素
57196;裂变同位素
57197;炸土豆条儿
57198;追根究底儿
57199;改变信仰者
57200;管理信息库
57201;交通管理局
57202;充足理由律
57203;图书管理员
57204;模块化理论
57205;程式管理员
57206;管理层收购
57207;网络管理员
57208;外侧裂周区
57209;外侧裂周围
57210;婚外性接触
57211;对外联络部
57212;哈普西科德
57213;密西西比河
57214;摩西的律法
57215;西红柿炒蛋
57216;达文西密码
57217;马克西米连
57218;海岸警卫队
57219;海岸护卫队
57220;海底扩张说
57221;海洋性贫血
57222;海军总司令
57223;海军陆战队
57224;陆海空三军
57225;打高尔夫球
57226;格列高利历
57227;真声最高音
57228;至高统治权
57229;高压氧治疗
57230;高压氧疗法
57231;高尔夫球场
57232;前词汇阶段
57233;史前古器物
57234;提摩太前书
57235;乌拉特前旗
57236;万圣节前夕
57237;春江花月夜
57238;白花蛇舌草
57239;花钱找罪受
57240;客户服务部
57241;打印服务器
57242;教科文组织
57243;文件服务器
57244;文化的交流
57245;文本编辑器
57246;说文解字注
57247;存款准备金
57248;尤金塞尔南
57249;等额比基金
57250;股本金比率
57251;金钱非万能
57252;非金属元素
57253;剩余放射性
57254;放射性元素
57255;放射性废物
57256;放射性材料
57257;放射性核素
57258;放射性武器
57259;放射性污染
57260;放射性烟羽
57261;二连巨盗龙
57262;堆龙德庆县
57263;桥本龙太郎
57264;龙门山断层
57265;十二平均律
57266;太平洋区域
57267;太平洋周边
57268;太平洋战争
57269;战争与和平
57270;算术平均数
57271;三角测量法
57272;五笔输入法
57273;布基纳法索
57274;格式塔疗法
57275;沙法维王朝
57276;法轮功组织
57277;汉字查字法
57278;词汇判断法
57279;部首编排法
57280;阿法尔沙漠
57281;验光配镜法
57282;桃园三结义
57283;结肠镜检查
57284;太阳神计划
57285;神农架林区
57286;神风特攻队
57287;精神病医院
57288;圣神降临周
57289;股票交易所
57290;证券交易所
57291;证卷交易所
57292;香港交易所
57293;石林风景区
57294;秋风扫落叶
57295;坐山观虎斗
57296;山本五十六
57297;瓜达拉马山
57298;五星级酒店
57299;互联网用户
57300;反用换流器
57301;字根通用码
57302;用户端设备
57303;费用报销单
57304;通用字元组
57305;通用字符集
57306;亚音节单位
57307;呼吸调节器
57308;宫内节育器
57309;聚光太阳能
57310;脑功能特化
57311;转基因食品
57312;故宫博物院
57313;历史博物馆
57314;维管束植物
57315;十字军东征
57316;东南亚联盟
57317;微量白蛋白
57318;球状蛋白质
57319;甲形球蛋白
57320;白沙工农区
57321;仿真服务器
57322;八级工资制
57323;合四乙尺工
57324;墨竹工卡县
57325;工布江达县
57326;苏必利尔湖
57327;非营利组织
57328;非赢利组织
57329;八二三炮战
57330;战略核武器
57331;战术核武器
57332;交叉耐药性
57333;失血性贫血
57334;局部连贯性
57335;性服务产业
57336;普遍性假设
57337;异性性接触
57338;病毒性营销
57339;病毒性肝炎
57340;规则性效应
57341;语境依赖性
57342;贫血性坏死
57343;遗传性疾病
57344;障碍性贫血
57345;三对三斗牛
57346;空对空导弹
57347;特别任务连
57348;特别提款权
57349;双湖特别区
57350;激光二极管
57351;验光配镜业
57352;本土化软件
57353;混合失语症
57354;言语失常症
57355;语音失语症
57356;每端口价格
57357;泡泡口香糖
57358;竞争和聚合
57359;联合通讯社
57360;复合词素词
57361;乌拉特草原
57362;阿米巴原虫
57363;波士顿红袜
57364;巴拿马运河
57365;因特网联通
57366;傲慢与偏见
57367;病急乱投医
57368;交通协管员
57369;普通角闪石
57370;词通达模型
57371;等边三角形
57372;远距离监视
57373;火药味甚浓
57374;植入式广告
57375;包皮环切术
57376;马克思主义
57377;塔克拉马干
57378;波托马克河
57379;马德拉群岛
57380;马绍尔群岛
57381;梯恩梯当量
57382;麦当劳叔叔
57383;企业内网路
57384;反转录病毒
57385;直角三角形
57386;北部拉班特
57387;土默特右旗
57388;土默特左旗
57389;格尔夫波特
57390;特种空勤团
57391;华盛顿特区
57392;蒙特塞拉特
57393;讨论的议题
57394;斗牛士之歌
57395;做广告宣传
57396;反共宣传罪
57397;反革命宣传
57398;交叉阴影线
57399;二进制编码
57400;塞尔维亚语
57401;路德维希港
57402;青藏铁路线
57403;亚词汇单元
57404;单位切向量
57405;层压式推销
57406;傅立叶变换
57407;反革命政变
57408;阻抗变换器
57409;退而求其次
57410;共产党部队
57411;反射区治疗
57412;富拉尔基区
57413;沙依巴克区
57414;全球资讯网
57415;服务提供商
57416;服务提供者
57417;三十二位元
57418;六十四位元
57419;瓜达拉哈拉
57420;货币供应量
57421;调制解调器
57422;脚踏两只船
57423;脚踩两只船
57424;零等待状态
57425;静态存储器
57426;反右派斗争
57427;反革命案件
57428;增殖反应堆
57429;核连锁反应
57430;热核反应堆
57431;研究反应堆
57432;广告设计师
57433;完美主义者
57434;器官捐献者
57435;消费者保护
57436;纪录创造者
57437;微型封装块
57438;核四级共振
57439;殊域周咨录
57440;普朗克常数
57441;连续统假设
57442;二项式系数
57443;病毒式营销
57444;少数民族乡
57445;半保留复制
57446;财务再保险
57447;越南共产党
57448;巴音满都呼
57449;浮士德博士
57450;九宫格数独
57451;数据库软件
57452;盖革计数器
57453;康思维恩格
57454;几内亚比绍
57455;典型登革热
57456;裂谷热病毒
57457;杯酒释兵权
57458;网络层协议
57459;共产党宣言
57460;三十六字母
57461;十字军远征
57462;板板六十四
57463;华盛顿邮报
57464;克沙奇病毒
57465;奉辛比克党
57466;声调的调值
57467;脑血管屏障
57468;脑血管疾病
57469;阴极射线管
57470;弯月形透镜
57471;涨跌幅限制
57472;肺炎双球菌
57473;危险警告灯
57474;核爆炸装置
57475;巴尔干半岛
57476;布干维尔岛
57477;造血干细胞
57478;商务印书馆
57479;歌诗达邮轮
57480;阿米纳达布
57481;朝鲜总督府
57482;优先认股权
57483;等腰三角形
57484;糖皮质激素
57485;亚里士多德
57486;林德布拉德
57487;范德格拉夫
57488;肯德基炸鸡
57489;泛珠江三角
57490;和林格尔县
57491;格林威治村
57492;弹药补给站
57493;射频调谐器
57494;三思而后行
57495;三岛由纪夫
57496;巴拉基列夫
57497;布拉柴维尔
57498;阿拉善右旗
57499;阿拉善左旗
57500;家和万事兴
57501;教义和圣约
57502;编码字符集
57503;首字母缩写
57504;切尔诺贝利
57505;阿尔及利亚
57506;齐齐哈尔市
57507;卡纳维尔角
57508;塞舌尔群岛
57509;察尔汗盐湖
57510;阿卡普尔科
57511;额尔古纳河
57512;亚努科维奇
57513;标称核武器
57514;察布查尔县
57515;香格里拉县
57516;半乳糖血症
57517;尤卡坦半岛
57518;巨细胞病毒
57519;石末沉着病
57520;布雷顿森林
57521;巴布延群岛
57522;黑森林蛋糕
57523;树突状细胞
57524;古巴共产党
57525;苏联共产党
57526;零件供货商
57527;亚符号模型
57528;细胞培养器
57529;非典型肺炎
57530;非政府组织
57531;大男子主义
57532;维多利亚港
57533;阿留申群岛
57534;短尾矮袋鼠
57535;核燃料燃耗
57536;救灾救济司
57537;羊膜穿刺术
57538;优先承购权
57539;恨铁不成钢
57540;洗脸盆洗盆
57541;液压千斤顶
57542;更上一层楼
57543;同分异构体
57544;脚踏两条船
57545;透印版印刷
57546;三七二十一
57547;换汤不换药
57548;一个中国政策
57549;一分钱一分货
57550;一分钱两分货
57551;一步一个脚印
57552;一举手一投足
57553;一类保护动物
57554;一点水一个泡
57555;国家一级保护
57556;大元大一统志
57557;彼一时此一时
57558;性同一性障碍
57559;爱情征服一切
57560;有一句没一句
57561;百闻不如一见
57562;第一基本形式
57563;统一资源定位
57564;不足为外人道
57565;世界人权宣言
57566;中国人权组织
57567;中国人民大学
57568;中国人民银行
57569;人不知鬼不觉
57570;人文社会学科
57571;人民内部矛盾
57572;人民基本权利
57573;人民民主专政
57574;人算不如天算
57575;人行地下通道
57576;人类乳突病毒
57577;令人叹为观止
57578;个人数字助理
57579;个人防护装备
57580;全国人大会议
57581;利用人工吹气
57582;吃人不吐骨头
57583;国际人权标准
57584;天时地利人和
57585;天无绝人之路
57586;库尔德工人党
57587;政治异议人士
57588;明人不做暗事
57589;最高人民法院
57590;消息灵通人士
57591;无党派投票人
57592;网络规划人员
57593;软件开发人员
57594;阿尔及利亚人
57595;不知天高地厚
57596;友谊地久天长
57597;友谊天长地久
57598;唯恐天下不乱
57599;天才出自勤奋
57600;天有不测风云
57601;天体物理学家
57602;当天事当天毕
57603;紫金山天文台
57604;上海交通大学
57605;上海医科大学
57606;不区分大小写
57607;世界卫生大会
57608;世贸中心大楼
57609;中国传媒大学
57610;中国光大银行
57611;中国地质大学
57612;中国政法大学
57613;中央民族大学
57614;中央财经大学
57615;二次世界大战
57616;亚历山大大帝
57617;亚历山大里亚
57618;全国代表大会
57619;北京工业大学
57620;北京师范大学
57621;北京林业大学
57622;北京理工大学
57623;北京科技大学
57624;北京语言大学
57625;北方民族大学
57626;南京理工大学
57627;南京农业大学
57628;南京邮电大学
57629;南洋理工大学
57630;合肥工业大学
57631;同济医科大学
57632;四大佛教名山
57633;国立首尔大学
57634;大东亚共荣圈
57635;大柴旦行政区
57636;大气层核试验
57637;大男子主义者
57638;大兴问罪之师
57639;大英联合王国
57640;大连理工大学
57641;大量杀伤武器
57642;寒武纪大爆发
57643;山东科技大学
57644;年度股东大会
57645;广东海洋大学
57646;成都体育大学
57647;拉大旗作虎皮
57648;东京帝国大学
57649;格林奈尔大学
57650;江南四大才子
57651;河北工业大学
57652;河北科技大学
57653;流动性大沙漠
57654;相当于或大于
57655;真心话大冒险
57656;股东特别大会
57657;华南理工大学
57658;华东师范大学
57659;华东理工大学
57660;西北工业大学
57661;西南交通大学
57662;费尔马大定理
57663;电子科技大学
57664;首尔国立大学
57665;首都经贸大学
57666;香港中文大学
57667;香港理工大学
57668;香港科技大学
57669;上气不接下气
57670;且听下回分解
57671;拿得起放得下
57672;放射性落下灰
57673;松下电气工业
57674;皮层下失语症
57675;世界贸易中心
57676;世界金融中心
57677;中国中心主义
57678;全球发展中心
57679;国际医疗中心
57680;完形心理治疗
57681;客户服务中心
57682;客观唯心主义
57683;心脏搭桥手术
57684;浮力调整背心
57685;疾病控制中心
57686;疾病预防中心
57687;发展研究中心
57688;种族中心主义
57689;香港文化中心
57690;中子射线摄影
57691;内爆法原子弹
57692;原子爆破弹药
57693;原子能发电站
57694;爱德华王子岛
57695;打肿脸充胖子
57696;激进武装分子
57697;独生子女政策
57698;矮子里拔将军
57699;量子色动力学
57700;量子电动力学
57701;电子数据交换
57702;中国作家协会
57703;国家火山公园
57704;国家环保总局
57705;国家社会主义
57706;国家航空公司
57707;国家重点学科
57708;国家开发银行
57709;国家电网公司
57710;家丑不可外传
57711;家丑不可外扬
57712;新兴经济国家
57713;皇家香港警察
57714;英国皇家学会
57715;计算机科学家
57716;非核武器国家
57717;都什么年代了
57718;三自爱国教会
57719;内蒙古自治区
57720;是非自有公论
57721;东乡族自治县
57722;环法自行车赛
57723;老山自行车馆
57724;自动射线摄影
57725;自杀炸弹杀手
57726;自由意志主义
57727;自由素食主义
57728;自发对称破缺
57729;自驾汽车出租
57730;机会带来成功
57731;凡事总有开头
57732;有志者事竟成
57733;有统计学意义
57734;没有生育能力
57735;股份有限公司
57736;阴德必有阳报
57737;不可再生资源
57738;世界卫生组织
57739;冒着生命危险
57740;国内生产总值
57741;国民生产总值
57742;整形外科医生
57743;生命在于运动
57744;生物医学工程
57745;生米做成熟饭
57746;生米煮成熟饭
57747;红血球生成素
57748;野生动植物园
57749;八小时工作制
57750;实时操作环境
57751;春秋战国时代
57752;短时语音记忆
57753;辅音释放时间
57754;金融时报指数
57755;首次注视时间
57756;值得注意的是
57757;习得性无助感
57758;美索不达米亚
57759;三寸不烂之舌
57760;不可同日而语
57761;不打不成相识
57762;不知其所以然
57763;不确定性原理
57764;不等边三角形
57765;不规则三角形
57766;不规则四边形
57767;不费吹灰之力
57768;不显山不露水
57769;井水不犯河水
57770;可望而不可即
57771;可望而不可及
57772;名不正言不顺
57773;学然后知不足
57774;必不可少组成
57775;持不同政见者
57776;敢怒而不敢言
57777;河水不犯井水
57778;无所不用其极
57779;牛头不对马嘴
57780;真金不怕火炼
57781;神不知鬼不觉
57782;耳闻不如目见
57783;万变不离其宗
57784;药补不如食补
57785;言教不如身教
57786;请将不如激将
57787;远水不解近渴
57788;远亲不如近邻
57789;长痛不如短痛
57790;风马牛不相及
57791;高不成低不就
57792;单方过失碰撞
57793;摸着石头过河
57794;过度学习到的
57795;马尔可夫过程
57796;分布连结网络
57797;权力分享协议
57798;火场留守分队
57799;联机分析处理
57800;隔军事分界线
57801;多发性硬化症
57802;幼发拉底河谷
57803;挥发性存储器
57804;海洋温差发电
57805;火山爆发指数
57806;无线电收发机
57807;发射机应答器
57808;短距起落飞机
57809;上海合作组织
57810;上海戏剧学院
57811;上海汽车工业
57812;上海音乐学院
57813;上证综合指数
57814;毛出在羊身上
57815;皇冠上的明珠
57816;保险解开系统
57817;开放源码软件
57818;开放系统互连
57819;双后前兵开局
57820;首次公开招股
57821;民族主义情绪
57822;偏正式合成词
57823;专用集成电路
57824;联合式合成词
57825;今日事今日毕
57826;信报财经新闻
57827;新巴尔虎右旗
57828;新巴尔虎左旗
57829;新民主主义论
57830;日本经济新闻
57831;交换以太网络
57832;以太网络端口
57833;以失败而告终
57834;共享以太网络
57835;快速以太网络
57836;可口可乐公司
57837;可操作的艺术
57838;可转换同位素
57839;未可同日而语
57840;武器可用物质
57841;出席表决比例
57842;出血性登革热
57843;峰值输出功能
57844;皇冠出版集团
57845;软体出版协会
57846;第五个现代化
57847;追寻现代中国
57848;土地利用规划
57849;地中海形贫血
57850;地址解析协议
57851;本地管理界面
57852;民族杂居地区
57853;费尔干纳盆地
57854;香港湿地公园
57855;强迫性性行为
57856;登机手续柜台
57857;团结就是力量
57858;听见风就是雨
57859;钱是万恶之源
57860;水至清则无鱼
57861;无取胜希望者
57862;无线电接收机
57863;爆炸的无效弹
57864;余留无符号数
57865;中国移动通信
57866;五四爱国运动
57867;抗日救亡运动
57868;环境行动主义
57869;移动通信网络
57870;经典动力系统
57871;走向滑动断层
57872;重复启动效应
57873;非动物性名词
57874;中央音乐学院
57875;华纳音乐集团
57876;西方极乐世界
57877;塔什库尔干乡
57878;巴控克什米尔
57879;单镜反光相机
57880;国际商业机器
57881;左倾机会主义
57882;抵押贷款危机
57883;撞击式印表机
57884;撞击式打印机
57885;笔记本计算机
57886;铅活字印刷机
57887;首都国际机场
57888;点阵式打印机
57889;反其道而行之
57890;安道尔共和国
57891;摆事实讲道理
57892;语音通讯通道
57893;九牛二虎之力
57894;打击军事力量
57895;浮力调整装置
57896;连续介质力学
57897;核燃料后处理
57898;历史总在重演
57899;元语言学意识
57900;意式浓缩咖啡
57901;乱搞男女关系
57902;维多利亚女王
57903;半导体超点阵
57904;放射性最强点
57905;网路节点介面
57906;点击付费广告
57907;图像用户介面
57908;图形用户界面
57909;应用程式介面
57910;面向对象语言
57911;事件相关电位
57912;事实胜于雄辩
57913;国际海事组织
57914;汽车炸弹事件
57915;军事职业专业
57916;血管粥样硬化
57917;世界小姐选美
57918;中国小说史略
57919;公园小径效应
57920;中国交通建设
57921;中国剩余定理
57922;中国工商银行
57923;中国广播公司
57924;中国建设银行
57925;中国东方航空
57926;中国民主同盟
57927;中国农业银行
57928;中国电视公司
57929;中央专制集权
57930;中央广播电台
57931;中央戏剧学院
57932;中度性肺水肿
57933;中等专业学校
57934;中等专业教育
57935;中等师范学校
57936;中等技术学校
57937;中等普通教育
57938;中华航空公司
57939;中远香港集团
57940;传统中国医药
57941;四乙基铅中毒
57942;独立中文笔会
57943;空中交通管制
57944;西南中沙群岛
57945;讯息传递中介
57946;抗日救亡团体
57947;日本放送协会
57948;日经平均指数
57949;皇冠假日酒店
57950;世界气象组织
57951;全球气候升温
57952;全球气候变暖
57953;气冷式反应堆
57954;温室废气储存
57955;甲基安非他命
57956;视觉加工技巧
57957;印度支那半岛
57958;印度航空公司
57959;接收器灵敏度
57960;最低限度理论
57961;阅读广度测验
57962;型快闪记忆体
57963;七十七国集团
57964;全国民主联盟
57965;全国鸟类学会
57966;半岛国际学校
57967;国务院法制局
57968;国防语言学院
57969;国际互联网络
57970;国际劳工组织
57971;国际数学联盟
57972;国际民航组织
57973;国际民间组织
57974;国际清算银行
57975;国际网络公司
57976;国际网络门户
57977;国际货币基金
57978;国际货运代理
57979;国际金融公司
57980;国际关系学院
57981;国际电信联盟
57982;工业七国集团
57983;帝国理工学院
57984;民国通俗演义
57985;法国航空公司
57986;犹太复国主义
57987;符合美国利益
57988;美利坚合众国
57989;美国国际集团
57990;美国存托凭证
57991;美国广播公司
57992;美国最高法院
57993;美国独立战争
57994;美国航空公司
57995;联合国秘书处
57996;英国广播公司
57997;英国广播电台
57998;英国文化协会
57999;英国石油公司
58000;英国电讯公司
58001;万国邮政联盟
58002;马其顿共和国
58003;五七干部学校
58004;光学字符识别
58005;化学武器储备
58006;化学武器防护
58007;北京广播学院
58008;北京教育学院
58009;北京物资学院
58010;北京舞蹈学院
58011;北京航空学院
58012;北京艺术学院
58013;北京语言学院
58014;北京电影学院
58015;名誉博士学位
58016;哲学博士学位
58017;基督教科学派
58018;荣誉博士学位
58019;理学硕士学位
58020;诺贝尔文学奖
58021;重庆科技学院
58022;马尾水师学堂
58023;麻省理工学院
58024;半导体探测器
58025;媒体访问控制
58026;万维网联合体
58027;身体质量指数
58028;高尔基复合体
58029;身教胜于言教
58030;亚太经合组织
58031;汇业财经集团
58032;神经性视损伤
58033;神经胶质细胞
58034;长三角经济区
58035;鸡蛋里挑骨头
58036;全美广播公司
58037;打击社会财富
58038;民族社会主义
58039;社会公共利益
58040;社会民主主义
58041;空想社会主义
58042;网际网路协会
58043;香港红十字会
58044;香港足球总会
58045;香港银行公会
58046;公众电信网路
58047;对方付款电话
58048;对方付费电话
58049;常规铜电话线
58050;电脑断层扫描
58051;电脑辅助工程
58052;电脑辅助教材
58053;电脑辅助设计
58054;高清数字电视
58055;死马当活马医
58056;激活扩散网络
58057;激活整合模型
58058;前向拥塞通知
58059;代数基本定理
58060;传输控制协定
58061;全球定位系统
58062;平方反比定律
58063;档案传输协定
58064;环球定位系统
58065;约定资讯速率
58066;卫星定位系统
58067;义勇军进行曲
58068;听其言观其行
58069;通用串行总线
58070;特古西加尔巴
58071;特拉法加广场
58072;直线性加速器
58073;间充质干细胞
58074;建构正义理论
58075;儿童权利公约
58076;全资附属公司
58077;婚前财产公证
58078;武汉钢铁公司
58079;维多利亚公园
58080;联合技术公司
58081;联合航空公司
58082;西北航空公司
58083;通用汽车公司
58084;双层公共汽车
58085;相互保证毁灭
58086;多元文化主义
58087;毛主席纪念堂
58088;贸易保护主义
58089;辩证唯物主义
58090;六方最密堆积
58091;多项式方程组
58092;汉语水平考试
58093;目标匹配作业
58094;网络操作系统
58095;网路作业系统
58096;词汇判断作业
58097;马里亚纳海沟
58098;马里亚纳群岛
58099;血色素沉积症
58100;角色扮演游戏
58101;去氧核糖核酸
58102;多形核白细胞
58103;多种语言支持
58104;多边贸易谈判
58105;非遗传多型性
58106;包括内置配重
58107;重形式轻内容
58108;非词重复测验
58109;高速乙太网路
58110;世界文化遗产
58111;世界旅游组织
58112;世界海关组织
58113;世界贸易组织
58114;宾语关系从句
58115;风湿性关节炎
58116;同步数位阶层
58117;放射性同位素
58118;英雄所见略同
58119;信使核糖核酸
58120;信贷违约掉期
58121;企业管理硕士
58122;内容管理系统
58123;完全归纳推理
58124;工商管理硕士
58125;数字版权管理
58126;网络管理系统
58127;外商独资企业
58128;外商直接投资
58129;三件套式西装
58130;卡西米尔效应
58131;拆东墙补西墙
58132;西红柿炒鸡蛋
58133;西藏毛腿沙鸡
58134;马利亚纳海沟
58135;最高工资限额
58136;高能烈性炸药
58137;高铁血红蛋白
58138;文档对象模型
58139;存款准备金率
58140;路透金融词典
58141;低放射性废物
58142;诺贝尔和平奖
58143;受法律保护权
58144;局部连结网络
58145;敬鬼神而远之
58146;精神性厌食症
58147;预期收入票据
58148;盼星星盼月亮
58149;卫星导航系统
58150;用户创造内容
58151;板门店停战村
58152;轻质石油产品
58153;强迫性储物症
58154;马利亚纳群岛
58155;保证破坏战略
58156;建设性的批评
58157;皮层性视损伤
58158;口语字词识别
58159;武器级别材料
58160;评审团特别奖
58161;妙妙熊历险记
58162;阅微草堂笔记
58163;满口之乎者也
58164;企业联合组织
58165;聚合资讯订阅
58166;原始热带雨林
58167;巴音布克草原
58168;图像互换格式
58169;因特网提供商
58170;历朝通俗演义
58171;词素通达模型
58172;皇太极清太宗
58173;异步传输模式
58174;资料传送服务
58175;环境影响评估
58176;墨累达令流域
58177;商务汉语考试
58178;区域网路技术
58179;数字订购线路
58180;热核聚变反应
58181;卡布其诺咖啡
58182;服务广告协议
58183;介质访问控制
58184;千吨级核武器
58185;次级抵押贷款
58186;资产阶级右派
58187;资产阶级革命
58188;字汇判断任务
58189;词汇判断任务
58190;连续译码阶段
58191;债务担保证券
58192;屏幕保护程序
58193;资产担保证券
58194;数字导览设施
58195;消费价格指数
58196;涨跌停盘指数
58197;五十步笑百步
58198;和布克赛尔县
58199;吃饱了饭撑的
58200;瓜达卡纳尔岛
58201;卡纳维拉尔角
58202;初刻拍案惊奇
58203;概念依存模型
58204;字母顺序概率
58205;深层阅读障碍
58206;额尔古纳右旗
58207;额尔古纳左旗
58208;爆缩型核武器
58209;百胜餐饮集团
58210;肉毒杆菌毒素
58211;燃料元件细棒
58212;静坐抗议示威
58213;脱氧核糖核酸
58214;脱氧脱糖核酸
58215;一失足成千古恨
58216;一寸光阴一寸金
58217;一年之计在于春
58218;一致资源定址器
58219;三个女人一台戏
58220;不敢越雷池一步
58221;不管三七二十一
58222;五百年前是一家
58223;德国统一社会党
58224;牵一发而动全身
58225;第一次世界大战
58226;统一战线工作部
58227;统一资源定位符
58228;色字头上一把刀
58229;头发胡子一把抓
58230;黄帝八十一难经
58231;中国人民志愿军
58232;中国人民解放军
58233;中华人民共和国
58234;人心不足蛇吞象
58235;人怕出名猪怕肥
58236;人类基因组计划
58237;全国人大常委会
58238;助人为快乐之本
58239;北京人民大会堂
58240;北京工人体育场
58241;外国人居住证明
58242;大人不记小人过
58243;大会报告起草人
58244;情人眼里出西施
58245;情人眼里有西施
58246;最高人民检察院
58247;杀人不过头点地
58248;皇天不负苦心人
58249;知人知面不知心
58250;租地人投标票权
58251;肥水不流外人田
58252;蒙古人民共和国
58253;赔了夫人又折兵
58254;载人轨道空间站
58255;电视真人秀节目
58256;中国国家航天局
58257;八十天环游地球
58258;天祝藏族自治县
58259;妇女能顶半边天
58260;打开天窗说亮话
58261;面朝黄土背朝天
58262;七大工业国集团
58263;上海外国语大学
58264;八大工业国组织
58265;加拿大皇家海军
58266;北京中医药大学
58267;在大多数情况下
58268;大型强子对撞机
58269;大厂回族自治县
58270;小洞不堵沉大船
58271;新加坡国立大学
58272;第二次世界大战
58273;圣索非亚大教堂
58274;华严经大方广佛
58275;高丽八万大藏经
58276;前部皮层下损伤
58277;强将手下无弱兵
58278;排污地下主管网
58279;不到黄河心不死
58280;北京商务中心区
58281;认知神经心理学
58282;原子科学家通报
58283;国际原子能机构
58284;国际原子能结构
58285;女子无才便是德
58286;有其父必有其子
58287;正电子发射层析
58288;正电子发射体层
58289;浪子回头金不换
58290;眼里容不得沙子
58291;肃清反革命分子
58292;中国国家博物馆
58293;中国国家地震局
58294;中国国家环保局
58295;北京国家体育场
58296;国家外汇管理局
58297;国家文物委员会
58298;国家旅游度假区
58299;国家发展改革委
58300;国家计划委员会
58301;国家军品贸易局
58302;国家重点实验室
58303;东南亚国家联盟
58304;独立国家联合体
58305;货问三家不吃亏
58306;货比三家不吃亏
58307;钱多事少离家近
58308;阿灵顿国家公墓
58309;中国少年先锋队
58310;共产主义青年团
58311;没有什么不可能
58312;三都水族自治县
58313;世界自然基金会
58314;互助土族自治县
58315;北镇满族自治县
58316;宁夏回族自治区
58317;宽城满族自治县
58318;广西壮族自治区
58319;强中自有强中手
58320;新宾满族自治县
58321;木里藏族自治县
58322;清原满族自治县
58323;卧龙自然保护区
58324;自然科学基金会
58325;自由漂移的状态
58326;自由软件基金会
58327;船到桥头自然直
58328;丰宁满族自治县
58329;车到山前自有路
58330;门源回族自治县
58331;防城各族自治县
58332;青龙满族自治县
58333;龙胜各族自治县
58334;真金不怕火来烧
58335;血债要用血来偿
58336;血债要用血来还
58337;有所得必有所失
58338;有钱能使鬼推磨
58339;男儿有泪不轻弹
58340;美国有线新闻网
58341;车到山前必有路
58342;三江生态旅游区
58343;再生不良性贫血
58344;单词产生器模型
58345;置之死地而后生
58346;农业生产合作社
58347;野生生物基金会
58348;禁受时间的考验
58349;近水楼台先得月
58350;三句话不离本行
58351;不到长城非好汉
58352;不可撤销信用证
58353;不完全归纳推理
58354;不撞南墙不回头
58355;两耳不闻窗外事
58356;刺激启动不同步
58357;哪壶不开提哪壶
58358;夏虫不可以语冰
58359;好故事百听不厌
58360;好死不如赖活着
58361;好马不吃回头草
58362;强龙不压地头蛇
58363;敬酒不吃吃罚酒
58364;跳进黄河说不清
58365;身在福中不知福
58366;道不同不相为谋
58367;远水救不了近火
58368;后续的解释过程
58369;过了这村没这店
58370;过程比终点更美
58371;分布式拒绝服务
58372;分布式发展模型
58373;右分枝关系从句
58374;多层次分析模型
58375;微积分基本定理
58376;话到嘴边留三分
58377;放射性发光材料
58378;异频雷达收发机
58379;需要是发明之母
58380;香港贸易发展局
58381;万丈高楼平地起
58382;上海商务印书馆
58383;上海证券交易所
58384;上海证卷交易所
58385;新官上任三把火
58386;春风深醉的晚上
58387;羊毛出在羊身上
58388;这山望着那山高
58389;失败是成功之母
58390;计算机集成制造
58391;巴布亚新几内亚
58392;新民主主义革命
58393;朝鲜中央新闻社
58394;好奇会吃苦头的
58395;可扩展标记语言
58396;中国进出口银行
58397;石油输出国组织
58398;用户到网络接口
58399;科学技术现代化
58400;世界文化遗产地
58401;中国地质调查局
58402;半封建半殖民地
58403;平等的法律地位
58404;此地无银三百两
58405;环太平洋地震带
58406;美国地质调查局
58407;英雄无用武之地
58408;独在异乡为异客
58409;乌什塔拉回族乡
58410;教授毕竟是教授
58411;无限风光在险峰
58412;核动力航空母舰
58413;知识越多越反动
58414;移动平均线指标
58415;串行点阵打印机
58416;计算机辅助设计
58417;随机存取存储器
58418;随机存取记忆体
58419;基本多文种平面
58420;面向对象的技术
58421;明显的句法线索
58422;东方明珠电视塔
58423;聪明反被聪明误
58424;外交关系理事会
58425;会计准则理事会
58426;中共中央宣传部
58427;中国中央电视台
58428;中国核能总公司
58429;中国历史博物馆
58430;中国民主促进会
58431;中国民主建国会
58432;中国民用航空局
58433;中国消费者协会
58434;中国社会科学院
58435;中国餐馆症候群
58436;中央执行委员会
58437;中文标准交换码
58438;朝鲜中央通讯社
58439;空中交通管制员
58440;全民义务植树日
58441;国际日期变更线
58442;阵亡战士纪念日
58443;喷气推进实验室
58444;世界性古老问题
58445;安提瓜和巴布达
58446;刚果民主共和国
58447;国际和平基金会
58448;国际战争罪法庭
58449;国际文传通讯社
58450;国际标准化组织
58451;国际航空联合会
58452;国际足球联合会
58453;国际体操联合会
58454;犹太复国主义者
58455;美国海岸警卫队
58456;代数学基本定理
58457;诺贝尔物理学奖
58458;固体热容激光器
58459;基因染色体异常
58460;媒体接口连接器
58461;维基媒体基金会
58462;经营管理和维护
58463;美属维尔京群岛
58464;超文件传输协定
58465;超文本传输协定
58466;超文本传送协议
58467;超文本标记语言
58468;超高速乙太网路
58469;冷湖行政委员会
58470;测试和材料协会
58471;香港工会联合会
58472;公用交换电话网
58473;电信服务供应商
58474;邻近词频率效果
58475;旋转行李传送带
58476;流行急性结膜炎
58477;听其言而观其行
58478;前词典语音加工
58479;前词汇语音加工
58480;特拉法尔加广场
58481;八宝山革命公墓
58482;太阳微系统公司
58483;雪佛龙石油公司
58484;基督教民主联盟
58485;塞尔维亚民主党
58486;旧民主主义革命
58487;半岛和东方航海
58488;东方马脑炎病毒
58489;西方马脑炎病毒
58490;潜水装备拖轮箱
58491;北马里亚纳群岛
58492;千里达和多巴哥
58493;单核细胞增多症
58494;高速缓冲存储器
58495;非同步传输模式
58496;鱼和炸土豆条儿
58497;信息与通讯技术
58498;概率和数理统计
58499;香港金融管理局
58500;红外线导引飞弹
58501;巴贝西亚原虫病
58502;矮脚白花蛇利草
58503;客户服务器结构
58504;寸金难买寸光阴
58505;满城尽带黄金甲
58506;火眼金睛识真假
58507;太平洋联合铁路
58508;环太平洋火山带
58509;神风特别攻击队
58510;请神容易送神难
58511;北京产权交易所
58512;选民投票登记卡
58513;树欲静而风不止
58514;塞尔维亚和黑山
58515;通用资源识别号
58516;石油换食品项目
58517;食品药品监督局
58518;持续性植物状态
58519;航空母舰战斗群
58520;综合业务数字网
58521;拿着鸡毛当令箭
58522;等效百万吨当量
58523;土耳其旋转烤肉
58524;抗震救灾指挥部
58525;介质访问控制层
58526;反应堆燃料元件
58527;百万吨级核武器
58528;王顾左右而言他
58529;柴米油盐酱醋茶
58530;葡萄球菌肠毒素
58531;英属维尔京群岛
58532;库木吐拉千佛洞
58533;富士康科技集团
58534;心有余而力不足
58535;凡事总有一个开头
58536;四一二反革命政变
58537;中国残疾人联合会
58538;全国人民代表大会
58539;前无古人后无来者
58540;严以责己宽以待人
58541;持续性植物人状态
58542;中国天主教爱国会
58543;中国航天工业公司
58544;北京航空航天大学
58545;上海第二医科大学
58546;中国古代四大美女
58547;加拿大太平洋铁路
58548;国立台北科技大学
58549;国立台湾技术大学
58550;大柴旦行政委员会
58551;大规模杀伤性武器
58552;寒武纪生命大爆发
58553;对外经济贸易大学
58554;小洞不补大洞吃苦
58555;卧龙大熊猫保护区
58556;首都经济贸易大学
58557;比上不足比下有余
58558;上海环球金融中心
58559;中心埋置关系从句
58560;中美文化研究中心
58561;北京国家游泳中心
58562;北京环球金融中心
58563;心急吃不了热豆腐
58564;证券柜台买卖中心
58565;面心立方最密堆积
58566;饱食终日无所用心
58567;日本原子能研究所
58568;电子邮件传送服务
58569;五峰土家族自治县
58570;夹山国家森林公园
58571;家家有本难念的经
58572;沿河土家族自治县
58573;石柱土家族自治县
58574;长阳土家族自治县
58575;台湾民主自治同盟
58576;塔什库尔干自治县
58577;河南蒙古族自治县
58578;玉龙纳西族自治县
58579;环江毛南族自治县
58580;白水江自然保护区
58581;肃北蒙古族自治县
58582;长白朝鲜族自治县
58583;丽江纳西族自治县
58584;金钱不能买来幸福
58585;保利科技有限公司
58586;原核细胞型微生物
58587;格林威治标准时间
58588;销售时点情报系统
58589;不问就听不到假话
58590;不扩散核武器条约
58591;不知出于何种原因
58592;出其不意攻其不备
58593;只见树木不见森林
58594;注意力缺陷过动症
58595;原发性进行性失语
58596;经济协力开发机构
58597;范德格拉夫起电机
58598;上海宝钢集团公司
58599;上海振华港口机械
58600;上海汽车工业集团
58601;早知今日何必当初
58602;国务院新闻办公室
58603;他山之石可以攻玉
58604;十亿位元以太网络
58605;军品出口领导小组
58606;用户到网络的接口
58607;中国地球物理学会
58608;无线电管理委员会
58609;国际共产主义运动
58610;社会主义教育运动
58611;客户机服务器环境
58612;次级房屋信贷危机
58613;德意志民主共和国
58614;联合国安全理事会
58615;中国交通运输协会
58616;中国北方工业公司
58617;中国国际广播电台
58618;中国国际航空公司
58619;中国特色社会主义
58620;中国航空工业公司
58621;中国航空运输协会
58622;中国长城工业公司
58623;中华全国体育总会
58624;日本电报电话公司
58625;玩猫和老鼠的游戏
58626;安全与交换委员会
58627;集体安全条约组织
58628;国际羽毛球联合会
58629;国际航空运输协会
58630;国际货币基金组织
58631;美国全国广播公司
58632;美国电话电报公司
58633;联合国儿童基金会
58634;联合国教科文组织
58635;联合国海洋法公约
58636;整体数位服务网路
58637;整体服务数位网路
58638;亚太经济合作组织
58639;基底神经节孙损伤
58640;备用二级头呼吸器
58641;圣多美和普林西比
58642;职业高尔夫球协会
58643;笔胜于刀文比武强
58644;公共交换电话网路
58645;广播电影电视总局
58646;世界知识产权组织
58647;广播和未知服务器
58648;全球位置测定系统
58649;关税与贸易总协定
58650;加密套接字协议层
58651;建立正式外交关系
58652;广而告之广告公司
58653;联合包裹服务公司
58654;民主建港协进联盟
58655;眼观六路耳听八方
58656;南亚区域合作联盟
58657;近乎同步数位阶层
58658;简单网络管理协议
58659;食物及药品管理局
58660;黄花岗七十二烈士
58661;和平共处五项原则
58662;北京核武器研究所
58663;江山易改本性难移
58664;全球卫星导航系统
58665;北斗卫星导航系统
58666;综合服务数位网络
58667;古尔班通古特沙漠
58668;受保障监督的设施
58669;居民消费价格指数
58670;国语注音符号第一式
58671;祖国和平统一委员会
58672;中国人民解放军海军
58673;中国人民解放军空军
58674;天下没有不散的宴席
58675;美国国家航天航空局
58676;美国国家航空航天局
58677;大通回族土族自治县
58678;德意志学术交流中心
58679;联合核事故协调中心
58680;中国国家原子能机构
58681;正电子照射断层摄影
58682;国家文物鉴定委员会
58683;国家标准中文交换码
58684;国家发展计划委员会
58685;国家经济贸易委员会
58686;国家电力监管委员会
58687;中国共产主义青年团
58688;民和回族土族自治县
58689;中远太平洋有限公司
58690;路上比终点更有意义
58691;世界野生生物基金会
58692;爱国卫生运动委员会
58693;临时的本地管理接口
58694;吃不到葡萄说葡萄酸
58695;经济合作与发展组织
58696;温布尔登网球公开赛
58697;事物的本质重于外在
58698;全面禁止核试验条约
58699;物质文明和精神文明
58700;中共中央纪委监察部
58701;中国海洋石油总公司
58702;九月九日忆山东兄弟
58703;国防科技工业委员会
58704;美国证券交易委员会
58705;美国资讯交换标准码
58706;对外贸易经济合作部
58707;杀鸡何必要用牛刀呢
58708;电脑与电话系统整合
58709;电脑辅助设计与绘图
58710;行万里路胜读万卷书
58711;档案转送存取及管理
58712;食品药品监督管理局
58713;抗耐甲氧西林金葡菌
58714;通用汉字标准交换码
58715;非对称式数据用户线
58716;巨细胞病毒视网膜炎
58717;禁止核武器试验条约
