char,meaning,meaning_es
的,"possessive, adjectival suffix",posesivo; sufijo adjetival
一,"one; a, an; alone","uno; un, una; solo"
是,"indeed, yes, right; to be; demonstrative pronoun, this, that","ciertamente, sí, correcto; ser; pronombre demostrativo, este, ese"
不,"no, not; un-; negative prefix","no, no; in-; prefijo negativo"
了,to finish; particle of completed action,terminar; partícula de acción completada
在,"be at, in, on; consist in, rest","estar en, en, sobre; consistir en, residir"
人,man; people; mankind; someone else,hombre; gente; humanidad; otra persona
有,"have, own, possess; exist","tener, poseer, poseer; existir"
我,"our, us, i, me, my, we","nuestro, nosotros, yo, me, mi, nosotros"
他,"other, another; he, she, it","otro, otra; él, ella, ello"
这,"this, the, here","este, el, aquí"
个,"numerary adjunct, piece; single","clasificador numérico, pieza; solo"
们,adjunct pronoun indicate plural,pronombre adjunto que indica plural
中,"central; center, middle; in the midst of; hit (target); attain","central; centro, medio; en medio de; dar en el blanco; alcanzar"
来,"come, coming; return, returning","venir, viniendo; regresar, regresando"
上,"top; superior, highest; go up, send up","cima; superior, más alto; subir, enviar"
大,"big, great, vast, large, high","grande, vasto, amplio, alto"
为,"do, handle, govern, act; be","hacer, manejar, gobernar, actuar; ser"
和,"harmony, peace; peaceful, calm","armonía, paz; pacífico, tranquilo"
国,"nation, country, nation-state","nación, país, estado"
地,"earth; soil, ground; region","tierra; suelo, terreno; región"
到,"go to, arrive, been to","ir a, llegar, haber estado"
以,"by means of; thereby, therefore; consider as; in order to",por medio de; por lo tanto; considerar como; para
说,"speak, say, talk; scold, upbraid","hablar, decir, conversar; regañar, reprender"
时,"time, season; era, age, period","tiempo, estación; era, época, período"
要,"necessary, essential; necessity","necesario, esencial; necesidad"
就,"just, simply; to come, go to; to approach, near","simplemente, solo; venir, ir a; acercarse, cerca"
出,"go out, send out; stand; produce","salir, enviar; estar de pie; producir"
会,"assemble, meet together; meeting","reunir, juntarse; reunión"
可,"may, can, -able; possibly","poder, -able; posiblemente"
也,also; classical final particle of strong affirmation or identity,también; partícula final clásica de afirmación fuerte o identidad
你,"you, second person pronoun","tú, pronombre de segunda persona"
对,"correct, right; facing, opposed","correcto, derecho; frente a, opuesto"
生,"life, living, lifetime; birth","vida, vivir, duración de la vida; nacimiento"
能,"to be able; can, permitted to; ability","poder; poder, tener permiso; habilidad"
而,and; and then; and yet; but,y; y luego; y sin embargo; pero
子,"offspring, child; fruit, seed of; 1st terrestrial branch","descendiente, hijo; fruto, semilla de; primera rama terrestre"
那,"that, that one, those","ese, esa, eso; esos"
得,"obtain, get, gain, acquire","obtener, conseguir, ganar, adquirir"
于,"in, on, at; go to; surname","en, sobre, a; ir a; apellido"
着,"make move, take action","hacer movimiento, tomar acción"
下,"under, underneath, below; down; inferior; bring down","debajo de, bajo, abajo; hacia abajo; inferior; derribar"
自,"self, private, personal; from","uno mismo, privado, personal; desde"
之,"marks preceding phrase as modifier of following phrase; it, him her, them; go to","marca la frase precedente como modificador de la siguiente; lo, la, le, los, las; ir a"
年,year,año
过,"pass, pass through, go across","pasar, atravesar, cruzar"
发,"issue, dispatch, send out; hair","emitir, despachar, enviar; cabello"
后,"queen, empress, sovereign; (simp. for 後 ) behind, rear, after","reina, emperatriz, soberana; (simplificado de 後 ) detrás, parte trasera, después"
作,"make; work; compose, write; act, perform","hacer; trabajar; componer, escribir; actuar, interpretar"
里,unit of distance; village; lane,unidad de distancia; pueblo; callejón
用,"use, employ, apply, operate; use","usar, emplear, aplicar, operar; uso"
道,"path, road, street; method, way","sendero, camino, calle; método, manera"
行,"go; walk; move, travel; circulate","ir; caminar; moverse, viajar; circular"
所,"place, location; numerary adjunct","lugar, ubicación; clasificador numérico"
然,"yes, certainly; pledge, promise","sí, ciertamente; promesa, compromiso"
家,"house, home, residence; family","casa, hogar, residencia; familia"
种,"seed; race, breed; to plant","semilla; raza, casta; plantar"
事,"affair, matter, business; to serve; accident, incident","asunto, cuestión, negocio; servir; accidente, incidente"
成,"completed, finished, fixed","completado, terminado, fijo"
方,"a square, rectangle; a region; local","un cuadrado, rectángulo; una región; local"
多,"much, many; more than, over","mucho, muchos; más que, más de"
经,classic works; pass through,"obras clásicas; atravesar, pasar por"
么,interrogative particle; repetition of a tune small; tender,partícula interrogativa; repetición de una melodía; pequeño; tierno
去,"go away, leave, depart","irse, marcharse, partir"
法,"law, rule, regulation, statute; France, French","ley, norma, reglamento, estatuto; Francia, francés"
学,"learning, knowledge; school","aprendizaje, conocimiento; escuela"
如,"if, supposing; as if; like, as","si, suponiendo que; como si; como, igual que"
都,"metropolis, capital; all, the whole; elegant, refined","metrópoli, capital; todo, entero; elegante, refinado"
同,"same, similar; together with","mismo, similar; junto con, conjuntamente"
现,"appear, manifest, become visible","aparecer, manifestarse, hacerse visible"
当,"bear, accept, undertake; just","soportar, aceptar, asumir; justo, precisamente"
没,"not, have not, none; drown, sink","no, no tener, ninguno; ahogarse, hundirse"
动,"move, happen; movement, action","moverse, ocurrir; movimiento, acción"
面,"face; surface; plane; side, dimension","cara; superficie; plano; lado, dimensión"
起,"rise, stand up; go up; begin","levantarse, ponerse de pie; subir; comenzar"
看,"look, see; examine, scrutinize","mirar, ver; examinar, escudriñar"
定,"decide, settle, fix","decidir, resolver, fijar"
天,"sky, heaven; god, celestial","cielo, firmamento; dios, celestial"
分,divide; small unit of time etc.,"dividir; unidad pequeña de tiempo, etc."
还,"still, yet, also, besides","todavía, aún, también, además"
进,"advance, make progress, enter","avanzar, progresar, entrar"
好,"good, excellent, fine; well","bueno, excelente, fino; bien"
小,"small, tiny, insignificant","pequeño, diminuto, insignificante"
部,"part, division, section","parte, división, sección"
其,"his, her, its, their; that","su, de él/ella/ello/ellos; ese/aquél"
些,"little, few; rather, somewhat","poco, escaso; más bien, algo"
主,"master, chief owner; host; lord","maestro, propietario principal; anfitrión; señor"
样,"shape, form, pattern, style","forma, figura, patrón, estilo"
理,"reason, logic; manage","razón, lógica; administrar"
心,"heart; mind, intelligence; soul","corazón; mente, inteligencia; alma"
她,"she, her","ella, la"
本,"root, origin, source; basis","raíz, origen, fuente; base"
前,"in front, forward; preceding","delante, adelante; precedente"
开,"open; initiate, begin, start","abrir; iniciar, comenzar, empezar"
但,"only; but, however, yet, still","solo; pero, sin embargo, no obstante, aún"
因,"cause, reason; by; because (of)","causa, razón; por; porque (de)"
只,"only, just, simply","solo, solamente, simplemente"
从,"from, by, since, whence, through","desde, por, desde, de donde, a través de"
想,"think, speculate, plan, consider","pensar, especular, planear, considerar"
实,"real, true; honest, sincere","real, verdadero; honesto, sincero"
日,sun; day; daytime,sol; día; horas de luz
军,"army, military; soldiers, troops","ejército, militar; soldados, tropas"
者,that which; he who; those who,lo que; el que; los que
意,"thought, idea, opinion; think","pensamiento, idea, opinión; pensar"
无,"negative, no, not; KangXi radical 71","negativo, no, no; radical KangXi 71"
力,"power, capability, influence","poder, capacidad, influencia"
它,it; other,ello; otro
与,"and; with; to; for; give, grant","y; con; a; para; dar, conceder"
长,long; length; excel in; leader,largo; longitud; sobresalir en; líder
把,"hold, take; guard; regard as","sostener, tomar; guardar; considerar como"
机,desk; machine; moment,escritorio; máquina; momento
十,"ten, tenth; complete; perfect","diez, décimo; completo; perfecto"
民,"people, subjects, citizens","pueblo, súbditos, ciudadanos"
第,"sequence, number; grade, degree","secuencia, número; grado, nivel"
公,"fair, equitable; public; duke","justo, equitativo; público; duque"
此,"this, these; in this case, then","este, estos; en este caso, entonces"
已,already; finished; stop,ya; terminado; parar
工,"labor, work; worker, laborer","trabajo, labor; obrero, trabajador"
使,"cause, send on a mission, order; envoy, messenger, ambassador","causar, enviar en misión, ordenar; enviado, mensajero, embajador"
情,"feeling, sentiment, emotion","sentimiento, emoción, afecto"
明,"bright, light, brilliant; clear","brillante, luminoso, resplandeciente; claro"
性,"nature, character, sex","naturaleza, carácter, sexo"
知,"know, perceive, comprehend","saber, percibir, comprender"
全,"maintain, keep whole or intact","mantener, conservar intacto"
三,three,tres
又,"and, also, again, in addition","y, también, otra vez, además"
关,frontier pass; close; relation,paso fronterizo; cerrar; relación
点,"dot, speck, spot; point, degree","punto, mota, mancha; punto, grado"
正,"right, proper, correct","correcto, apropiado, justo"
业,"profession, business; GB radical 111","profesión, negocio; radical GB 111"
外,"out, outside, external; foreign","fuera, exterior, externo; extranjero"
将,"will, going to, future; general","irá a, va a, futuro; general"
两,"two, both, pair, couple; ounce","dos, ambos, par, pareja; onza"
高,"high, tall; lofty, elevated","alto, elevado; sublime, encumbrado"
间,"midpoint, space; place, locality","punto medio, espacio; lugar, localidad"
由,"cause, reason; from","causa, razón; desde"
问,"ask about, inquire after","preguntar por, indagar"
很,"very, quite, much","muy, bastante, mucho"
最,"most, extremely, exceedingly","más, extremadamente, sumamente"
重,"heavy, weighty; double","pesado, grave; doble"
并,and; also; together,y; también; juntos
物,"thing, substance, creature","cosa, sustancia, criatura"
手,hand,mano
应,"should, ought to, must","deber, tener que, haber de"
战,"war, fighting, battle","guerra, lucha, batalla"
向,"toward, direction, trend","hacia, dirección, tendencia"
头,"head; top; chief, first; boss","cabeza; cima; jefe, primero; jefe"
文,"literature, culture, writing","literatura, cultura, escritura"
体,"body; group, class, body, unit; inferior","cuerpo; grupo, clase, cuerpo, unidad; inferior"
政,"government, political affairs","gobierno, asuntos políticos"
美,"beautiful, pretty; pleasing","hermoso, bonito; agradable"
相,"mutual, reciprocal, each other","mutuo, recíproco; el uno al otro"
见,"see, observe, behold; perceive","ver, observar, contemplar; percibir"
被,to be (passive); covered by,ser (voz pasiva); cubierto por
利,"gains, advantage, profit, merit","ganancias, ventaja, beneficio, mérito"
什,"file of ten soldiers; mixed, miscellaneous","fila de diez soldados; mezclado, misceláneo"
二,two; twice,dos; dos veces
等,to wait; equal; etc.,esperar; igual; etc.
产,"give birth, bring forth, produce","dar a luz, producir, generar"
或,"or, either, else; perhaps, maybe","o, o bien, si no; quizás, tal vez"
新,"new, recent, fresh, modern","nuevo, reciente, fresco, moderno"
己,"self, oneself; personal, private; 6th heavenly stem","uno mismo; personal, privado; sexto tronco celestial"
制,system; establish; overpower,sistema; establecer; dominar
身,"body; trunk, hull; rad. no. 158","cuerpo; tronco, casco; radical n.º 158"
果,fruit; result,fruta; resultado
加,"add to, increase, augment","añadir, aumentar, incrementar"
西,"west(ern); westward, occident","oeste, occidental; hacia el oeste, occidente"
月,moon; month; KangXi radical 74,luna; mes; radical KangXi 74
话,"speech, talk, language; dialect","habla, conversación, lenguaje; dialecto"
合,"combine, unite, join; gather","combinar, unir, juntar; reunir"
回,"return, turn around; a time","regresar, dar la vuelta; una vez"
特,"special, unique, distinguished","especial, único, distinguido"
代,"replace, replacement (of person or generation); era, generation","reemplazar, reemplazo (de persona o generación); era, generación"
内,inside,"dentro, interior"
信,"trust, believe; letter","confiar, creer; carta"
表,"show, express, manifest, display","mostrar, expresar, manifestar, exhibir"
化,"change, convert, reform; -ize","cambiar, convertir, reformar; -izar"
老,"old, aged; experienced","viejo, anciano; experimentado"
给,"give; by, for","dar; por, para"
世,generation; world; era,generación; mundo; era
位,"throne; position, post; rank, status; seat","trono; posición, cargo; rango, estatus; asiento"
次,"order, sequence; next","orden, secuencia; siguiente"
度,"degree, system; manner; to consider","grado, sistema; manera; considerar"
门,"gate, door, entrance, opening","puerta, entrada, apertura"
任,"trust to, rely on, appoint; to bear, duty, office; allow","confiar en, depender de, nombrar; soportar, deber, cargo; permitir"
常,"common, normal, frequent, regular","común, normal, frecuente, regular"
先,"first, former, previous","primero, anterior, previo"
海,"sea, ocean; maritime","mar, océano; marítimo"
通,"pass through, common, communicate","atravesar, común, comunicar"
教,"teach, class","enseñar, clase"
儿,"son, child; KangXi radical 10","hijo, niño; radical KangXi 10"
原,"source, origin, beginning","fuente, origen, principio"
东,"east, eastern, eastward","este, oriental, hacia el este"
声,"sound, voice, noise; tone; music","sonido, voz, ruido; tono; música"
提,hold in hand; lift in hand,sostener en la mano; levantar en la mano
立,"stand; let stand; establish, set","estar de pie; poner de pie; establecer, fijar"
及,extend; reach; come up to; and,extender; alcanzar; llegar a; y
比,"to compare, liken; comparison; than","comparar, asemejar; comparación; que"
员,"member; personnel, staff member","miembro; personal, miembro del personal"
解,"loosen, unfasten, untie; explain","aflojar, desabrochar, desatar; explicar"
水,"water, liquid, lotion, juice","agua, líquido, loción, jugo"
名,"name, rank, title, position","nombre, rango, título, puesto"
真,"real, actual, true, genuine","real, verdadero, auténtico, genuino"
论,debate; discuss; discourse,debate; discusión; discurso
处,"place, locale; department","lugar, sitio; departamento"
走,"walk, go on foot; run; leave","caminar, andar; correr; irse, salir"
义,"right conduct, righteousness","buena conducta, rectitud"
各,"each, individually, every, all","cada, individualmente, todo, todos"
入,"enter, come in(to), join","entrar, ingresar, unirse"
几,small table,mesa pequeña
口,"mouth; open end; entrance, gate","boca; extremo abierto; entrada, puerta"
认,"recognize, know, understand","reconocer, saber, entender"
条,"clause, condition; string, stripe","cláusula, condición; cuerda, raya"
平,"flat, level, even; peaceful","plano, llano, nivelado; pacífico"
系,"system; line, link, connection","sistema; línea, enlace, conexión"
气,"steam, vapor; KangXi radical 84","vapor, vapor de agua; radical KangXi 84"
题,"forehead; title, headline; theme","frente; título, titular; tema"
活,"live, exist, survive; lively","vivir, existir, sobrevivir; animado"
尔,"you; that, those; final particle","tú; ese, esos; partícula final"
更,"more, still further, much more","más, aún más, mucho más"
别,"separate, other; do not","separar, otro; no"
打,"strike, hit, beat; fight; attack","golpear, pegar, batir; luchar; atacar"
女,"woman, girl; feminine; rad. 38","mujer, muchacha; femenino; rad. 38"
变,"change, transform, alter; rebel","cambiar, transformar, alterar; rebelde"
四,four,cuatro
神,"spirit, god, supernatural being","espíritu, dios, ser sobrenatural"
总,"collect; overall, altogether","reunir; general, total"
何,"what, why, where, which, how","qué, por qué, dónde, cuál, cómo"
电,electricity; electric; lightning,electricidad; eléctrico; relámpago
数,"number; several, count; fate","número; varios, contar; destino"
安,"peaceful, tranquil, quiet","pacífico, tranquilo, silencioso"
少,"few, less, inadequate","poco, menos, insuficiente"
报,"report, tell, announce","informar, contar, anunciar"
才,"talent, ability; just, only","talento, habilidad; justo, solo"
结,"knot, tie; join, connect","nudo, atar; unir, conectar"
反,"reverse, opposite, contrary, anti","inverso, opuesto, contrario, anti"
受,"receive, accept, get; bear, stand","recibir, aceptar, obtener; soportar, aguantar"
目,"eye; look, see; division, topic","ojo; mirar, ver; división, tema"
太,"very, too, much; big; extreme","muy, demasiado, mucho; grande; extremo"
量,"measure, quantity, capacity","medida, cantidad, capacidad"
再,"again, twice, re-","otra vez, dos veces, re-"
感,"feel, perceive, emotion","sentir, percibir, emoción"
建,"build, establish, erect, found","construir, establecer, erigir, fundar"
务,"affairs, business; must, should","asuntos, negocios; deber, tener que"
做,"work, make; act","trabajar, hacer; actuar"
接,receive; continue; catch; connect,recibir; continuar; atrapar; conectar
必,"surely, most certainly; must","seguramente, ciertamente; deber"
场,"open space, field, market","espacio abierto, campo, mercado"
件,numerary adjunct for article; matter,clasificador para artículo; asunto
计,"plan, plot; strategem; scheme","plan, complot; estratagema; esquema"
管,"pipe, tube, duct; woodwind music","tubo, caño, conducto; música de viento-madera"
期,period of time; date; time limit,período de tiempo; fecha; límite de tiempo
市,"market, fair; city, town; trade","mercado, feria; ciudad, pueblo; comercio"
直,"straight, erect, vertical","recto, erguido, vertical"
德,"ethics, morality, virtue","ética, moralidad, virtud"
资,property; wealth; capital,propiedad; riqueza; capital
命,"life; destiny, fate, luck; an order, instruction","vida; destino, suerte; una orden, instrucción"
山,"mountain, hill, peak","montaña, colina, pico"
金,gold; metals in general; money,oro; metales en general; dinero
指,"finger, toe; point, indicate","dedo (de la mano o del pie); señalar, indicar"
克,gram; overcome; transliteration,gramo; vencer; transliteración
许,"allow, permit; promise; betroth",permitir; prometer; comprometerse en matrimonio
统,"govern, command, control; unite","gobernar, comandar, controlar; unir"
区,"area, district, region, ward","área, distrito, región, barrio"
保,"protect, safeguard, defend, care","proteger, resguardar, defender, cuidar"
至,"reach, arrive; extremely, very","alcanzar, llegar; extremadamente, muy"
队,"team, group; army unit","equipo, grupo; unidad militar"
形,"form, shape, appearance","forma, figura, apariencia"
社,"god of the soil and altars to him; group of families; company, society","dios del suelo y altares; grupo de familias; compañía, sociedad"
便,"convenience, ease; expedient","conveniencia, facilidad; recurso, expediente"
空,"empty, hollow, bare, deserted","vacío, hueco, desnudo, desierto"
决,"decide, determine, judge","decidir, determinar, juzgar"
治,"govern, regulate, administer","gobernar, regular, administrar"
展,"open, unfold; stretch, extend","abrir, desplegar; estirar, extender"
马,horse; surname; KangXi radical 187,caballo; apellido; radical KangXi 187
科,"section, department, science","sección, departamento, ciencia"
司,"take charge of, control, manage; officer","encargarse de, controlar, gestionar; oficial"
五,five; surname,cinco; apellido
基,"foundation, base","fundamento, base"
眼,"eye; eyelet, hole, opening","ojo; ojal, agujero, abertura"
书,"book, letter, document; writings","libro, carta, documento; escritos"
非,"not, negative, non-; oppose","no, negativo, no-; oponerse"
则,"rule, law, regulation; grades","regla, ley, norma; grados"
听,"hear; understand; obey, comply","oír; entender; obedecer, cumplir"
白,"white; pure, unblemished; bright","blanco; puro, sin mancha; brillante"
却,"still, but; decline; retreat","aún, pero; declinar; retirarse"
界,"boundary, limit; domain; society; the world","límite, frontera; dominio; sociedad; el mundo"
达,"arrive at, reach; intelligent; smooth, slippery","llegar a, alcanzar; inteligente; suave, resbaladizo"
光,"light, brilliant, shine; only","luz, brillante, brillar; solo"
放,"put, release, free, liberate","poner, soltar, liberar, libertar"
强,"strong, powerful, energetic","fuerte, poderoso, enérgico"
即,"promptly, quickly, immediately","prontamente, rápidamente, inmediatamente"
像,"a picture, image, figure; to resemble","una imagen, figura; parecerse a"
难,"difficult, arduous, hard; unable","difícil, arduo, duro; incapaz"
且,"moreover, also (post-subject); about to, will soon (pre-verb)","además, también (pospuesto al sujeto); a punto de, pronto (preverbal)"
权,"power, right, authority","poder, derecho, autoridad"
思,"think, consider, ponder; final particle","pensar, considerar, reflexionar; partícula final"
王,"king, ruler; royal; surname","rey, gobernante; real; apellido"
象,"elephant; ivory; figure, image","elefante; marfil; figura, imagen"
完,"complete, finish, settle; whole","completar, terminar, resolver; entero"
设,build; establish; display,construir; establecer; exhibir
式,"style, system, formula, rule","estilo, sistema, fórmula, regla"
色,"color, tint, hue, shade; form, body; beauty, desire for beauty","color, tinte, tono, matiz; forma, cuerpo; belleza, deseo de belleza"
路,"road, path, street; journey","camino, sendero, calle; viaje"
记,"record; keep in mind, remember","registrar; tener en mente, recordar"
南,south; southern part; southward,sur; parte sur; hacia el sur
品,"article, product, commodity","artículo, producto, mercancía"
住,"reside, live at, dwell, lodge; stop","residir, vivir en, habitar, alojarse; parar"
告,"tell, announce, inform; accuse","decir, anunciar, informar; acusar"
类,"class, group, kind, category","clase, grupo, tipo, categoría"
求,"seek; demand, request; beseech","buscar; exigir, solicitar; suplicar"
据,"to occupy, take possession of; a base, position","ocupar, tomar posesión de; una base, posición"
程,"journey, trip; schedule, agenda","viaje, excursión; horario, agenda"
北,north; northern; northward,norte; del norte; hacia el norte
边,"edge, margin, side, border","borde, margen, lado, frontera"
死,die; dead; death,morir; muerto; muerte
张,"stretch, extend, expand; sheet","estirar, extender, expandir; hoja"
该,"should, ought to, need to","deber, tener que, necesitar"
交,"mix; intersect; exchange, communicate; deliver","mezclar; intersecar; intercambiar, comunicar; entregar"
规,"rules, regulations, customs, law","reglas, regulaciones, costumbres, ley"
万,ten thousand; innumerable,diez mil; innumerable
取,"take, receive, obtain; select","tomar, recibir, obtener; seleccionar"
拉,"pull, drag; seize, hold; lengthen","tirar, arrastrar; agarrar, sostener; alargar"
格,"pattern, standard, form; style","patrón, estándar, forma; estilo"
望,"to look at, look forward; to hope, expect","mirar, esperar; esperar, tener esperanza"
觉,to wake up from sleep; conscious,despertar; consciente
术,"art, skill, special feat; method, technique","arte, habilidad, hazaña especial; método, técnica"
领,"neck; collar; lead, guide","cuello; collar; liderar, guiar"
共,"together with, all, total; to share","junto con, todo, total; compartir"
确,"sure, certain; real, true","seguro, cierto; real, verdadero"
传,"summon; propagate, transmit","convocar; propagar, transmitir"
师,"teacher, master, specialist","maestro, experto, especialista"
观,"see, observe, view; appearance","ver, observar, mirar; apariencia"
清,"clear, pure, clean; peaceful","claro, puro, limpio; pacífico"
今,"now, today, modern era","ahora, hoy, era moderna"
切,"cut, mince, slice, carve","cortar, picar, rebanar, tallar"
院,"courtyard, yard, court; school","patio, jardín, tribunal; escuela"
让,"allow, permit, yield, concede","permitir, autorizar, ceder, conceder"
识,"recognize, understand, know","reconocer, entender, saber"
候,wait; expect; visit; greet,esperar; aguardar; visitar; saludar
带,"belt, girdle, band, strap, zone","cinturón, faja, banda, correa, zona"
导,"direct, guide, lead, conduct","dirigir, guiar, liderar, conducir"
争,"dispute, fight, contend, strive","disputar, pelear, contender, esforzarse"
运,"run; simplified form of 運 luck, fortune; ship, transport","correr; suerte, fortuna; barco, transporte"
笑,"smile, laugh, giggle; snicker","sonreír, reír, reírse; chasquear los dedos"
飞,fly; go quickly; dart; high,volar; ir rápido; lanzarse; alto
风,"wind; air; manners, atmosphere","viento; aire; modales, atmósfera"
步,"step, pace; walk, stroll","paso, zancada; caminar, pasear"
改,"change, alter; improve, remodel","cambiar, alterar; mejorar, remodelar"
收,"gather together, collect; harvest","reunir, recolectar; cosechar"
根,"root, base(d on); foundation","raíz, base; fundamento"
干,"oppose, offend; invade; dried","oponerse, ofender; invadir; seco"
造,"construct, build, make, begin; prepare","construir, edificar, hacer, comenzar; preparar"
言,"words, speech; speak, say","palabras, discurso; hablar, decir"
联,"connect, join; associate, ally","conectar, unir; asociar, aliarse"
持,"sustain, support; hold, grasp","sostener, apoyar; agarrar, asir"
组,"class; section, department","clase; sección, departamento"
每,"every, each","cada, todo"
济,"help, aid, relieve; ferry, cross","ayudar, socorrer, aliviar; transportar, cruzar"
车,"cart, vehicle; carry in cart","carro, vehículo; transportar en carro"
亲,"relatives, parents; intimate the hazel nut or filbert tree a thorny tree","parientes, padres; íntimo; el avellano o árbol de avellanas; un árbol espinoso"
极,"extreme, utmost, furthest, final","extremo, máximo, más lejano, final"
林,"forest, grove; surname","bosque, arboleda; apellido"
服,"clothes; wear, dress","ropa; usar, vestir"
快,"rapid, quick, speedy, fast; soon","rápido, veloz, ligero, pronto; pronto"
办,"manage, do, handle; deal with","gestionar, hacer, manejar; tratar con"
议,"consult, talk over, discuss","consultar, hablar sobre, discutir"
往,"go, depart; past, formerly","ir, partir; pasado, anteriormente"
元,first; dollar; origin; head,primero; dólar; origen; cabeza
英,"petal, flower, leaf; brave, a hero; England, English","pétalo, flor, hoja; valiente, un héroe; Inglaterra, inglés"
士,"scholar, gentleman; soldier","erudito, caballero; soldado"
证,"prove, confirm, verify; proof","probar, confirmar, verificar; prueba"
近,"near, close; approach; intimate","cerca, cercano; acercarse; íntimo"
失,"lose; make mistake, neglect","perder; cometer error, descuidar"
转,"shift, move, turn","cambiar, mover, girar"
夫,"man, male adult, husband; those","hombre, varón adulto, esposo; aquellos"
令,to order; command; make someone do something,ordenar; mandar; hacer que alguien haga algo
准,"approve, allow, permit; in accord","aprobar, permitir, autorizar; de acuerdo"
布,"cotton cloth, textiles, linen","tela de algodón, textiles, lino"
始,"begin, start; then, only then","comenzar, empezar; entonces, solo entonces"
怎,what? why? how?,¿qué? ¿por qué? ¿cómo?
呢,interrogative or emphatic final; (Cant.) this,partícula final interrogativa o enfática; (cantonés) esto
存,"exist, live, be; survive; remain","existir, vivir, ser; sobrevivir; permanecer"
未,not yet; 8th terrestrial branch,todavía no; octava rama terrestre
远,"distant, remote, far; profound","distante, remoto, lejano; profundo"
叫,"cry, shout; hail, greet, call","llorar, gritar; saludar, llamar"
台,platform; unit; term of address,plataforma; unidad; término de tratamiento
单,"single, individual, only; lone","único, individual, solo; solitario"
影,"shadow; image, reflection; photograph","sombra; imagen, reflejo; fotografía"
具,"tool, implement; draw up, write","herramienta, útil; redactar, escribir"
字,"letter, character, word","letra, carácter, palabra"
爱,"love, be fond of, like","amar, querer, gustar"
击,"strike, hit, beat; attack, fight","golpear, pegar, batir; atacar, luchar"
流,"flow, circulate, drift; class","fluir, circular, derivar; clase"
备,"prepare, ready, perfect","preparar, listo, perfecto"
兵,"soldier, troops","soldado, tropas"
连,"join, connect; continuous; even","unir, conectar; continuo; incluso"
调,"transfer, move, change; tune","transferir, mover, cambiar; tono"
深,"deep; depth; far; very, extreme","profundo; profundidad; lejos; muy, extremo"
商,"commerce, business, trade","comercio, negocio, intercambio"
算,"count, calculate, figure; plan","contar, calcular, figurar; plan"
质,"matter, material, substance","materia, material, sustancia"
团,"sphere, ball, circle; mass, lump","esfera, bola, círculo; masa, terrón"
集,"assemble, collect together","ensamblar, reunir"
百,"one hundred; numerous, many","cien; numeroso, muchos"
需,"need, require, must","necesitar, requerir, deber"
价,"price, value","precio, valor"
花,flower; blossoms,flor; capullo
党,"political party, gang, faction","partido político, pandilla, facción"
华,flowery; illustrious; Chinese,florido; ilustre; chino
城,"castle; city, town; municipality","castillo; ciudad, pueblo; municipio"
石,"stone, rock, mineral; rad. 112","piedra, roca, mineral; rad. 112"
级,"level, rank, class; grade","nivel, rango, clase; grado"
整,"orderly, neat, tidy; whole","ordenado, limpio, arreglado; entero"
府,prefecture; prefect; government,prefectura; prefecto; gobierno
离,rare beast; strange; elegant,bestia rara; extraño; elegante
况,"condition, situation; furthermore","condición, situación; además"
亚,Asia; second,Asia; segundo
请,"ask, request; invite; please","pedir, solicitar; invitar; por favor"
技,"skill, ability, talent, ingenuity","habilidad, capacidad, talento, ingenio"
际,"border, boundary, juncture","frontera, límite, coyuntura"
约,"treaty, agreement, covenant","tratado, acuerdo, pacto"
示,"show, manifest; demonstrate","mostrar, manifestar; demostrar"
复,return; repeat; repeatedly,volver; repetir; repetidamente
病,"illness, sickness, disease","enfermedad, dolencia, padecimiento"
息,"rest, put stop to, end, cease","descansar, poner fin, terminar, cesar"
究,"examine, investigate","examinar, investigar"
线,"line, thread, wire; clue","línea, hilo, alambre; pista"
似,"resemble, similar to; as if, seem","parecerse, similar a; como si, parecer"
官,"official, public servant","funcionario, servidor público"
火,"fire, flame; burn; anger, rage","fuego, llama; quemar; ira, rabia"
断,"sever, cut off; interrupt","cortar, romper; interrumpir"
精,essence; semen; spirit,esencia; semen; espíritu
满,"fill; full, satisfied","llenar; lleno, satisfecho"
支,"disperse, pay; support; branch","dispersar, pagar; apoyar; rama"
视,"look at, inspect, observe, see","mirar, inspeccionar, observar, ver"
消,"vanish, die out; melt away","desaparecer, extinguirse; derretirse"
越,"exceed, go beyond; the more ...","exceder, sobrepasar; cuanto más..."
器,"receptacle, vessel; instrument","receptáculo, recipiente; instrumento"
容,"looks, appearance; figure, form","aspecto, apariencia; figura, forma"
照,"shine, illumine, reflect","brillar, iluminar, reflejar"
须,"must, have to, necessary","deber, tener que, necesario"
九,nine,nueve
增,"increase, add to, augment","aumentar, añadir, incrementar"
研,"grind, rub; study, research","moler, frotar; estudiar, investigar"
写,"write; draw, sketch; compose","escribir; dibujar, bosquejar; componer"
称,"call; name, brand; address; say","llamar; nombre, marca; dirigirse; decir"
企,plan a project; stand on tiptoe,planificar un proyecto; estar de puntillas
八,"eight; all around, all sides","ocho; alrededor, todos los lados"
功,"achievement, merit, good result","logro, mérito, buen resultado"
吗,final interrogative particle,partícula interrogativa final
包,"wrap, pack, bundle; package","envolver, empaquetar, atar; paquete"
片,"slice, splinter, strip; rad. 91","rebanada, astilla, tira; rad. 91"
史,"history, chronicle, annals","historia, crónica, anales"
委,"appoint, send, commission","nombrar, enviar, comisionar"
乎,interrogative or exclamatory final particle,partícula final interrogativa o exclamativa
查,"investigate, examine, seek into","investigar, examinar, indagar"
轻,"light; easy, simple; gentle","ligero; fácil, sencillo; suave"
易,change; easy,cambiar; fácil
早,early; soon; morning,temprano; pronto; mañana
曾,already; sign of past,ya; signo de pasado
除,"eliminate, remove, except","eliminar, quitar, excepto"
农,"agriculture, farming; farmer","agricultura, cultivo; agricultor"
找,"search, seek, look for; find","buscar, indagar, buscar; encontrar"
装,"dress, clothes, attire; fill","vestido, ropa, atuendo; llenar"
广,"wide, extensive, broad; rad. 53","ancho, extenso, amplio; rad. 53"
显,"manifest, display; evident, clear","manifestar, mostrar; evidente, claro"
吧,emphatic final particle,partícula enfática final
阿,affectionate prefix before a name,prefijo afectuoso antes de un nombre
李,plum; judge; surname,ciruela; juez; apellido
标,"mark, symbol, label, sign; stand the bole of a tree","marca, símbolo, etiqueta, señal; tronco de árbol"
谈,talk; conversation; surname,hablar; conversación; apellido
吃,"eat; drink; suffer, endure, bear","comer; beber; sufrir, soportar, aguantar"
图,"diagram; chart, map, picture","diagrama; gráfico, mapa, imagen"
念,"think of, recall, study","pensar en, recordar, estudiar"
六,number six,número seis
引,"to pull, draw out, attract; to stretch","tirar, extraer, atraer; estirar"
历,history; calendar,historia; calendario
首,"head; first; leader, chief; a poem","cabeza; primero; líder, jefe; un poema"
医,"cure, heal; doctor, medical","curar, sanar; médico, medicina"
局,"bureau, office; circumstance","oficina, despacho; circunstancia"
突,"suddenly, abruptly, unexpectedly","repentinamente, abruptamente, inesperadamente"
专,"monopolize, take sole possession","monopolizar, poseer exclusivamente"
费,"expenses, expenditures, fee","gastos, desembolsos, tarifa"
号,"mark, sign; symbol; number","marca, señal; símbolo; número"
尽,"exhaust, use up; deplete","agotar, consumir; agotar"
另,"another, separate, other","otro, separado, distinto"
周,Zhou dynasty; circumference,dinastía Zhou; circunferencia
较,"compare; comparatively, more","comparar; comparativamente, más"
注,"concentrate, focus, direct","concentrar, enfocar, dirigir"
语,"language, words; saying, expression","lengua, palabras; dicho, expresión"
仅,"only, merely, solely, just","solo, meramente, únicamente, simplemente"
考,"examine, test; investigate","examinar, probar; investigar"
落,"fall, drop; net income, surplus","caer, bajar; ingreso neto, superávit"
青,"blue, green, black; young","azul, verde, negro; joven"
随,"follow, listen to, submit to","seguir, escuchar, someterse a"
选,"choose, select; elect; election","elegir, seleccionar; elegir; elección"
列,"a line; to arrange in order, classify","una línea; ordenar, clasificar"
武,"military; martial, warlike","militar; marcial, belicoso"
红,"red, vermillion; blush, flush","rojo, bermellón; sonrojar, rubor"
响,"make sound, make noise; sound","hacer sonido, hacer ruido; sonido"
虽,"although, even if","aunque, incluso si"
推,"push, expel; push forward","empujar, expulsar; impulsar"
势,"power, force; tendency","poder, fuerza; tendencia"
参,"take part in, intervene; ginseng","participar en, intervenir; ginseng"
希,"rare; hope, expect, strive for","raro; esperar, anhelar, esforzarse por"
古,"old, classic, ancient","viejo, clásico, antiguo"
众,"multitude, crowd; masses, public","multitud, muchedumbre; masas, público"
构,"frame, building, structure","marco, edificación, estructura"
房,"house, building; room","casa, edificio; habitación"
半,half,mitad
节,"knot, node, joint; section","nudo, nódulo, juntura; sección"
土,"soil, earth; items made of earth","suelo, tierra; objetos hechos de tierra"
投,"throw, cast, fling, pitch; jump","lanzar, arrojar, tirar, echar; saltar"
某,certain thing or person,cierta cosa o persona
案,"table, bench; legal case","mesa, banco; caso legal"
黑,"black; dark; evil, sinister","negro; oscuro; malvado, siniestro"
维,"maintain, preserve, safeguard","mantener, preservar, salvaguardar"
革,"leather, animal hides; rad. 177","cuero, pieles de animal; rad. 177"
划,to row or paddle boat; to scratch,remar o bogar; rasguñar
敌,"enemy, foe, rival; resist","enemigo, adversario, rival; resistir"
致,"send, deliver, present; cause","enviar, entregar, presentar; causar"
律,"statute, principle, regulation","estatuto, principio, regulación"
足,"foot; attain, satisfy, enough","pie; alcanzar, satisfacer, suficiente"
态,"manner, bearing, attitude","manera, porte, actitud"
护,"protect, guard, defend, shelter","proteger, guardar, defender, refugiar"
七,seven,siete
兴,"thrive, prosper, flourish","prosperar, florecer, medrar"
派,"school of thought, sect, branch","escuela de pensamiento, secta, rama"
孩,"baby, child; children","bebé, niño; niños"
验,"test, examine, inspect; verify","probar, examinar, inspeccionar; verificar"
责,to blame; responsibility,culpar; responsabilidad
营,"encampment, barracks; manage","campamento, cuartel; gestionar"
星,"a star, planet; any point of light","una estrella, planeta; cualquier punto de luz"
够,"enough, adequate","suficiente, adecuado"
章,"composition; chapter, section","composición; capítulo, sección"
音,"sound, tone, pitch, pronunciation","sonido, tono, entonación, pronunciación"
跟,"heel; to follow, accompany; with","talón; seguir, acompañar; con"
志,"purpose, will, determination; annals","propósito, voluntad, determinación; anales"
底,"bottom, underneath, underside","fondo, debajo, parte inferior; base"
站,"stand up; a stand, station","ponerse de pie; un puesto, estación"
严,"strict, rigorous, rigid; stern","estricto, riguroso, rígido; severo"
巴,"greatly desire, anxiously hope","desear ardientemente, esperar ansiosamente"
例,"precedent, example; regulation","precedente, ejemplo; regulación"
防,defend; prevent; embankment,defender; prevenir; dique
族,"a family clan, ethnic group, tribe","un clan familiar, grupo étnico, tribu"
供,"supply, provide for; offer in worship","suministrar, proveer; ofrecer en culto"
效,"result, effect; effectiveness","resultado, efecto; eficacia"
续,"continue, carry on; succeed","continuar, proseguir; suceder"
施,"grant, bestow; give; act; name","conceder, otorgar; dar; actuar; nombre"
留,"stop, halt; stay, detain, keep","detener, parar; quedarse, retener, mantener"
讲,explain; discuss; talk,explicar; discutir; hablar
型,"pattern, model, type; law; mold","patrón, modelo, tipo; ley; molde"
料,"consider, conjecture; materials, ingredients","considerar, conjeturar; materiales, ingredientes"
终,"end; finally, in the end","fin; finalmente, al final"
答,"answer, reply; return; assent to","respuesta, contestar; devolver; asentir a"
紧,"tense, tight, taut; firm, secure","tenso, apretado, tirante; firme, seguro"
黄,yellow; surname,amarillo; apellido
绝,"to cut, sever, break off, terminate","cortar, separar, romper, terminar"
奇,"strange, unusual, uncanny, occult","extraño, inusual, misterioso, oculto"
察,"examine, investigate; notice","examinar, investigar; notar"
母,mother; female elders; female,madre; mujeres mayores; femenino
京,capital city,capital
段,"section, piece, division","sección, pieza, división"
依,"rely on, be set in; consent, obey a wish","confiar en; consentir, obedecer"
批,"comment, criticize; wholesale","comentar, criticar; al por mayor"
群,"(same as 羣 ) group, crowd, multitude, mob","(igual que 羣) grupo, multitud, muchedumbre, turba"
项,"neck, nape of neck; sum; funds","cuello, nuca; suma; fondos"
故,"ancient, old; reason, because","antiguo, viejo; razón, porque"
按,"put hand on, press down with hand","poner la mano sobre, presionar"
河,river; stream; yellow river,río; corriente; río Amarillo
米,hulled or husked uncooked rice,arroz descascarillado sin cocer
围,"surround, encircle, corral","rodear, cercar, acorralar"
江,large river; yangzi; surname,río grande; Yangtsé; apellido
织,"weave, knit; organize, unite","tejer, hacer punto; organizar, unir"
害,"injure, harm; destroy, kill","lesionar, dañar; destruir, matar"
斗,Chinese peck; liquid measure,medida china de áridos; medida de líquidos
双,"set of two, pair, couple; both","conjunto de dos, par, pareja; ambos"
境,"boundary, frontier; area, region","límite, frontera; área, región"
客,"guest, traveller; customer","invitado, viajero; cliente"
纪,"record, annal, historical account","registro, anales, crónica histórica"
采,"collect, gather; pick, pluck","recolectar, reunir; recoger, arrancar"
举,"raise, lift up; recommend","levantar, alzar; recomendar"
杀,"kill, slaughter, murder; hurt","matar, sacrificar, asesinar; herir"
攻,"attack, assault; criticize","atacar, asaltar; criticar"
父,father; KangXi radical 88,padre; radical KangXi 88
苏,to revive; come back to life,revivir; volver a la vida
密,"dense, thick, close; intimate","denso, espeso, cercano; íntimo"
低,"low; to lower, hang, bend, bow","bajo; bajar, colgar, doblar, inclinar"
朝,dynasty; morning,dinastía; mañana
友,"friend, companion; fraternity","amigo, compañero; fraternidad"
诉,accuse; sue; inform; narrate,acusar; demandar; informar; narrar
止,"stop, halt, desist; detain","parar, detener, desistir; detener"
细,"fine, tiny; slender, thin","fino, diminuto; esbelto, delgado"
愿,"sincere, honest, virtuous","sincero, honesto, virtuoso"
千,"thousand; many, numerous; very; (Cant.) a cheater, swindler","mil; muchos, numerosos; muy; (cantonés) un tramposo, estafador"
值,price,precio
仍,"yet, still, as ever; again; keep -ing, continuing","aún, todavía, como siempre; otra vez; seguir haciendo, continuando"
男,"male, man; son; baron; surname","varón, hombre; hijo; barón; apellido"
钱,"money, currency, coins","dinero, moneda, monedas"
破,"break, ruin, destroy; rout","romper, arruinar, destruir; derrotar"
网,net; network; KangXi radical 122,red; red de comunicación; radical KangXi 122
热,hot; heat; fever; restless; zeal,caliente; calor; fiebre; inquieto; celo
助,"help, aid, assist","ayudar, auxiliar, asistir"
倒,fall over; lie down; take turns,caerse; tumbarse; turnarse
育,"produce, give birth to; educate","producir, dar a luz; educar"
属,"class, category, type; belong to","clase, categoría, tipo; pertenecer a"
坐,"sit; seat; ride, travel by",sentarse; asiento; viajar en
帝,"supreme ruler, emperor; god","gobernante supremo, emperador; dios"
限,"boundary, limit, line","límite, frontera, línea"
船,"ship, boat, vessel","barco, nave, embarcación"
脸,face; cheek; reputation,cara; mejilla; reputación
职,"duty, profession; office, post","deber, profesión; cargo, puesto"
速,"quick, prompt, speedy","rápido, pronto, veloz"
刻,"carve, engrave; quarter hour","tallar, grabar; momento"
乐,"happy, glad; enjoyable; music","feliz, contento; agradable; música"
否,"not, no, negative; final particle","no, negativo; partícula final"
刚,"hard, tough, rigid, strong","duro, resistente, rígido, fuerte"
威,"pomp, power; powerful; dominate","pompa, poder; poderoso; dominar"
毛,"hair, fur, feathers; coarse","pelo, pelaje, plumas; áspero"
状,form; appearance; shape; official,forma; apariencia; figura; oficial
率,to lead; ratio; rate; limit,liderar; proporción; tasa; límite
甚,great extent; considerably,gran medida; considerablemente
独,"alone, single, solitary, only","solo, único, solitario, solamente"
球,"ball, sphere, globe; round","bola, esfera, globo; redondo"
般,"sort, manner, kind, category","tipo, manera, clase, categoría"
普,"universal, general, widespread","universal, general, extendido"
怕,"to fear, be afraid of; apprehensive","temer, tener miedo de; aprensivo"
弹,"pellet, bullet, shot, shell","perdigón, bala, tiro, proyectil"
校,school; military field officer,escuela; oficial de campo militar
苦,"bitter; hardship, suffering","amargo; dificultad, sufrimiento"
创,"establish, create; knife cut","establecer, crear; corte de cuchillo"
假,"falsehood, deception; vacation","falsedad, engaño; vacaciones"
久,"long time (ago); time passage, grow late","mucho tiempo (hace); paso del tiempo, hacerse tarde"
错,"error, blunder, mistake; wrong","error, equivocación, falta; incorrecto"
承,"inherit, receive; succeed","heredar, recibir; suceder"
印,"print, seal, stamp, chop, mark","imprimir, sellar, estampar, sello, marca"
晚,"night, evening; late","noche, atardecer; tarde"
试,"test, try, experiment","probar, intentar, experimentar"
股,"thighs, haunches, rump; share","muslos, ancas, grupa; acción"
拿,"take, hold, grasp; bring; with","tomar, sostener, agarrar; traer; con"
脑,brain,cerebro
预,"prepare, arrange; in advance","preparar, arreglar; de antemano"
谁,who? whom? whose? anyone?,¿quién? ¿a quién? ¿de quién? cualquiera
益,"profit, benefit; advantage","ganancia, beneficio; ventaja"
阳,sun; bright; positive (yang),sol; brillante; positivo (yang)
若,"if, supposing, assuming; similar","si, suponiendo que, asumiendo; similar"
哪,which? where? how?,¿cuál? ¿dónde? ¿cómo?
微,"small, prefix micro-, trifling","pequeño, prefijo micro-, insignificante"
继,"continue, maintain, carry on","continuar, mantener, proseguir"
送,"see off, send off; dispatch, give","despedir, enviar; despachar, dar"
急,"quick, quickly; urgent, pressing","rápido, rápidamente; urgente, apremiante"
血,blood; radical number 143,sangre; número radical 143
惊,"frighten, surprise, startle","asustar, sorprender, sobresaltar"
伤,"wound, injury; fall ill from","herida, lesión; enfermarse por"
素,white (silk); plain; vegetarian; formerly; normally,blanco (seda); sencillo; vegetariano; anteriormente; normalmente
药,leaf of Dahurian angelica plant; medicine,hoja de la planta angélica de Dahuria; medicina
适,"go, reach; appropriate, suitable","ir, alcanzar; apropiado, adecuado"
波,"waves, breakers; undulations","olas, rompientes; ondulaciones"
夜,"night, dark; in night; by night","noche, oscuro; en la noche; de noche"
省,"province; save, economize","provincia; ahorrar, economizar"
初,"beginning, initial, primary","comienzo, inicial, primario"
喜,"like, love, enjoy; joyful thing","gustar, amar, disfrutar; cosa alegre"
卫,"guard, protect, defend","vigilar, proteger, defender"
源,"spring; source, head; surname","manantial; fuente, origen; apellido"
食,eat; meal; food; KangXi radical number 184,comer; comida; alimento; radical KangXi número 184
险,"narrow pass, strategic point","paso estrecho, punto estratégico"
待,"treat, entertain, receive; wait","tratar, entretener, recibir; esperar"
述,"narrate, state, express","narrar, exponer, expresar"
陆,"land, continental; army","tierra, continental; ejército"
习,practice; flapping wings,practicar; aleteo
置,"place, lay out; set aside","colocar, disponer; apartar"
居,"live, dwell, reside, sit","vivir, morar, residir, sentarse"
劳,"labor, toil, do manual work","trabajar, esforzarse, hacer trabajo manual"
财,"wealth, valuables, riches","riqueza, objetos de valor, bienes"
环,jade ring or bracelet; ring,anillo de jade o brazalete; anillo
排,"row, rank, line","fila, rango, línea"
福,"happiness, good fortune, blessing","felicidad, buena fortuna, bendición"
纳,"admit, take, receive, accept","admitir, tomar, recibir, aceptar"
欢,"happy, pleased, glad; joy; enjoy","feliz, contento, alegre; alegría; disfrutar"
雷,thunder,trueno
警,"guard, watch; alert, alarm","guardia, vigilar; alerta, alarma"
获,"obtain, get, receive; seize","obtener, conseguir, recibir; apoderarse"
模,"model, standard, pattern; copy","modelo, estándar, patrón; copiar"
充,"fill, be full, supply","llenar, estar lleno, suministrar"
负,"load, burden; carry, bear","carga, peso; llevar, soportar"
云,"say, speak; clouds","decir, hablar; nubes"
停,"stop, suspend, delay; suitable","detener, suspender, retrasar; adecuado"
木,"tree; wood, lumber; wooden","árbol; madera, tablón; de madera"
游,"to swim; float, drift; wander, roam","nadar; flotar, derivar; vagar"
龙,dragon; symbolic of emperor,dragón; simbólico del emperador
树,"tree; plant; set up, establish","árbol; planta; establecer, fundar"
疑,"doubt, question, suspect","duda, cuestionar, sospechar"
层,"storey, layer, floor, stratum","piso, capa, nivel, estrato"
冷,"cold, cool; lonely","frío, fresco; solitario"
冲,soar; pour boiling water over,elevarse; verter agua hirviendo sobre
射,"shoot, eject, issue forth, emit","disparar, expulsar, emitir, irradiar"
略,"approximately, roughly; outline","aproximadamente, más o menos; esquema"
范,surname; bee-like insect,apellido; insecto parecido a la abeja
竟,"finally, after all, at last","finalmente, después de todo, por fin"
句,sentence,"oración, frase"
室,"room, home, house, chamber","habitación, hogar, casa, cámara"
异,"different, unusual, strange","diferente, inusual, extraño"
激,"arouse, excite, incite; quickly","despertar, excitar, incitar; rápidamente"
汉,Chinese people; Chinese language,pueblo chino; idioma chino
村,"village, hamlet; uncouth, vulgar",
哈,sound of laughter,
策,"scheme, plan; to whip; urge",
演,"perform, put on; exercise",
简,"simple, terse, succinct, a letter",
卡,"card, punch card; calorie",
罪,"crime, sin, vice; evil; hardship",
判,judge; discriminate; conclude,
担,"carry, bear, undertake",
静,"quiet, still, motionless; gentle",
退,"step back, retreat, withdraw",
既,already; de facto; since; then,
衣,"clothes, clothing; cover, skin",
您,you (polite/respectful),
宗,"lineage, ancestry; ancestor, clan",
积,"accumulate, store up, amass",
余,"I, my, me; surname; surplus",
痛,"pain, ache; sorry, sad; bitter",
检,check; examine,
差,"to differ; different, wrong; nearly, almost; an officer",
富,"abundant, ample; rich, wealthy",
灵,"spirit, soul; spiritual world",
协,be united; cooperate,
角,"horn; angle, corner; point",
占,divine; observe; versify,
配,"match, pair; equal; blend",
征,"invade, attack, conquer",
修,study; repair; cultivate,
皮,"skin, hide, fur, feather; outer",
挥,direct; wipe away; squander,
胜,"victory; excel, be better than",
降,"descend, fall, drop; lower, down",
阶,"stairs, steps; rank, degree",
审,"examine, investigate; judge",
沉,"sink, submerge; addicted to",
坚,"hard, strong, firm; resolute",
善,"good, virtuous, charitable, kind",
妈,"mother, mama",
读,"read, study; pronounce",
啊,exclamatory particle,
超,"jump over, leap over; surpass",
免,spare; excuse from; evade,
压,press; oppress; crush; pressure,
银,"silver; cash, money, wealth",
买,"buy, purchase; bribe, persuade",
皇,"royal, imperial; ruler, superior",
养,"raise, rear, bring up; support",
怀,"bosom, breast; carry in bosom",
执,hold in hand; keep; carry out,
副,assist; supplement; assistant,
乱,"confusion, state of chaos, revolt",
抗,"resist, oppose, defy, reject",
犯,"commit crime, violate; criminal",
追,"pursue, chase after; expel",
帮,"help, assist; defend; shoe upper",
宣,"declare, announce, proclaim",
佛,Buddha; of Buddhism; merciful person; Buddhist image; the dead (Jap.),
岁,year; age; harvest,
航,"sail; navigate; ship, boat",
优,"superior, excellent; actor",
怪,"strange, unusual, peculiar",
香,"fragrant, sweet smelling, incense",
著,manifest; (Cant.) to wear,
田,"field, arable land, cultivated",
铁,"iron; strong, solid, firm",
控,"accuse, charge; control",
税,taxes,
左,"left; east; unorthodox, improper",
右,right; west; right-wing,
份,"portion, part; duty",
穿,"penetrate, pierce, drill; wear",
艺,"art; talent, ability; craft",
背,back; back side; behind; betray,
阵,"column, row or file of troops",
草,"grass, straw, thatch, herbs",
脚,"leg, foot; base, leg, foundation",
概,"generally, approximately",
恶,"evil, wicked, bad, foul",
块,"piece, lump; dollar",
顿,"pause, stop; bow, kowtow; arrange",
敢,"to dare, venture; bold, brave",
守,"defend, protect, guard, conserve",
酒,"wine, spirits, liquor, alcoholic beverage",
岛,island,
托,"to hold up with palm; to support, rely on",
央,"center, conclude, run out; beg",
户,door; family,
烈,"fiery, violent, vehement, ardent",
洋,"ocean, sea; foreign; western",
哥,elder brother,
索,"large rope, cable; rules, laws; to demand, to exact; to search, inquire; isolated",
胡,"recklessly, foolishly; wildly",
款,"item, article; clause; fund",
靠,"lean on, trust, depend on; near",
评,"appraise, criticize, evaluate",
版,printing blocks; edition,
宝,"treasure, jewel; precious, rare",
座,"seat; stand, base",
释,"interprete, elucidate; release",
景,"scenery, view; conditions",
顾,look back; look at; look after,
弟,"young brother; junior; i, me",
登,"rise, mount, board, climb",
货,"goods, commodities, products",
互,"mutually, reciprocally",
付,"give, deliver, pay, hand over; entrust",
慢,"slow(ly), leisurely, sluggish",
换,change,
闻,hear; smell; make known; news,
危,"dangerous, precarious; high",
忙,"busy, pressed for time; hustling",
核,"seed, kernel, core, nut; atom",
暗,"dark; obscure; in secret, covert",
姐,"elder sister, young lady",
介,"forerunner, herald, harbinger; to lie between; sea shell; to wear armor",
坏,"rotten, spoilt, bad, broken down",
讨,"to discuss; ask for, beg; demand; dun; marry",
丽,"beautiful, magnificent, elegant",
良,"good, virtuous, respectable",
序,"series, serial order, sequence",
升,"arise, go up; hoist; advance",
监,"supervise, control, direct",
临,"draw near, approach; descend",
亮,"bright, brilliant, radiant, light",
露,"dew; bare, open, exposed",
永,"long, perpetual, eternal, forever",
呼,"breathe sigh, exhale; call, shout",
味,"taste, smell, odor; delicacy",
野,"open country, field; wilderness",
架,"rack, stand, prop; prop up",
域,"district, region, boundary; land",
沙,"sand, gravel, pebbles; granulated",
掉,"turn, move; shake, wag; drop down",
括,"include, embrace, enclose",
舰,warship,
鱼,fish; surname; KangXi radical 195,
杂,"mixed, blended; mix, mingle",
误,"err, make mistake; interfere",
湾,"bay, cove, inlet, bend of stream",
吉,"lucky, propitious, good",
减,"decrease, subtract, diminish",
编,"knit, weave; arrange; compile",
楚,name of feudal state; clear,
肯,"willing; consent to, permit",
测,"measure, estimate, conjecture",
败,"be defeated, decline, fail",
屋,"house; room; building, shelter",
跑,"run, flee, leave in hurry",
梦,dream; visionary; wishful,
散,"scatter, disperse, break up",
温,lukewarm,
困,"to surround, beseige; to be surrounded; difficult",
剑,"sword, dagger, saber",
渐,gradually,
封,"letter, envelope; feudal",
救,"save, rescue, relieve; help, aid",
贵,"expensive, costly, valuable",
枪,"spear, lance; gun, rifle",
缺,"be short of, lack; gap, deficit",
楼,building of two or more stories,
县,"county, district, subdivision",
尚,"still, yet; even; fairly, rather",
毫,fine hair; measure of length,
移,"change place, shift; move about",
娘,mother; young girl; woman; wife,
朋,"friend, pal, acquaintance",
画,"a painting, picture, drawing; to draw",
班,"class, group, grade; squad; job",
智,"wisdom, knowledge, intelligence",
耳,"ear; merely, only; handle",
恩,"kindness, mercy, charity",
短,"short; brief; deficient, lacking",
掌,"palm of hand, sole of foot, paw",
恐,"fear; fearful, apprehensive",
遗,lose; articles lost; omit,
固,"to become solid, solidify; strength",
席,seat; mat; take seat; banquet,
松,pine tree; fir tree,
秘,"secret, mysterious, abstruse",
谢,thank; decline,
遇,"meet, come across, encounter",
康,"peaceful, quiet; happy, healthy",
虑,"be concerned, worry about",
幸,"luck(ily), favor, fortunately",
均,"equal, even, fair; all, also",
销,"melt, fuse; market, sell",
钟,clock; bell,
诗,"poetry; poem, verse, ode",
藏,"hide, conceal; hoard, store up",
赶,"pursue, follow; expel, drive away",
剧,"theatrical plays, opera, drama",
票,slip of paper or bamboo; ticket,
损,diminish; impair; injure,
忽,"suddenly, abruptly; neglect",
巨,"large, great, enormous; chief",
炮,"large gun, cannon; artillery",
旧,"old, ancient; former, past",
端,"end, extreme; head; beginning",
探,"find, locate; search, grope for",
湖,"a lake; Hubei, Hunan; bluish-green",
录,"copy, write down, record",
叶,"to harmonize, to rhyme; to unite; (borrowed for) leaf",
春,spring; wanton,
乡,country; rural; village,
附,"adhere to, append; rely on near to",
吸,"inhale, suck in; absorb; attract",
予,"I, me; to give",
礼,social custom; manners; courtesy,
港,"port, harbor; small stream; bay",
雨,rain; rainy; KangXi radical 173,
呀,particle used to express surprise or mild emphasis; (Cant.) slurred form of the number ten,
板,"plank, board; iron or tin plate",
庭,courtyard; spacious hall or yard,
妇,married women; woman; wife,
归,"return; return to, revert to",
睛,eyeball; pupil of eye,
饭,"cooked rice; food, meal",
额,"forehead; tablet, plaque; fixed",
含,hold in mouth; cherish; contain,
顺,"obey, submit to, go along with",
输,"transport, carry, haul",
摇,"wag, swing, wave; shake; scull",
招,"beckon, summon; recruit, levy",
婚,"get married; marriage, wedding",
脱,take off,
补,"mend, patch, fix, repair, restore",
谓,"say, tell; call, name; be called",
督,"supervise, oversee, direct",
毒,"poison, venom; poisonous",
油,"oil, fat, grease, lard; paints",
疗,"be healed, cured, recover",
旅,"trip, journey; travel; traveler",
材,"material, stuff; timber; talent",
灭,"extinguish; wipe out, exterminate",
逐,"chase, expel; one by one",
笔,writing brush; write; stroke,
亡,"death, destroyed; lose, perish",
鲜,fresh; delicious; attractive,
词,"words; phrase, expression",
圣,"holy, sacred",
择,"select, choose, pick out",
寻,"seek, search, look for; ancient",
厂,"factory, workshop; radical 27",
睡,"sleep, doze",
博,"gamble, play games; wide, broad",
烟,"smoke, soot; opium; tobacco, cigarettes",
授,"give to, transmit; confer",
诺,"promise; assent, approve",
岸,"bank, shore; beach, coast",
卖,sell; betray; show off,
炸,to fry in oil; to scald; to explode,
载,"load; carry; transport, convey",
健,"strong, robust, healthy; strength",
堂,hall; government office,
旁,"side; by side, close by, near",
宫,palace,
喝,"drink; shout, call out",
借,borrow; lend; make pretext of,
禁,"restrict, prohibit, forbid",
阴,shade; dark; negative/receptive (yin),
园,"garden; park, orchard",
谋,"plan, scheme; strategem",
避,avoid; turn aside; escape; hide,
抓,"scratch; clutch, seize, grab",
荣,"glory, honor; flourish, prosper",
姑,father's sister; aunt,
孙,"grandchild, descendent; surname",
逃,"escape, flee; abscond, dodge",
牙,"tooth, molars, teeth; serrated",
束,"bind, control, restrain; bale",
跳,"jump, leap, vault, bounce; dance",
顶,"top, summit, peak; to carry on the head",
玉,"jade, precious stone, gem",
镇,"town, market place; suppress",
雪,"snow; wipe away shame, avenge",
午,noon; 7th terrestrial branch,
练,"to practice, drill, exercise, train",
迫,"coerce, force, compel; urgent",
爷,"father, grandfather",
篇,"chapter, section, essay, article",
肉,flesh; meat; KangXi radical 130,
嘴,"mouth, lips",
馆,public building,
遍,"everywhere, all over, throughout",
凡,"all, any, every; ordinary, common",
础,"foundation stone, plinth",
洞,"cave, grotto; ravine; hole",
卷,scroll; curl; make a comeback,
坦,"flat, smooth; self-possessed",
牛,"cow, ox, bull; KangXi radical93",
宁,"calm, peaceful, serene; healthy",
纸,paper,
诸,"various, all, these; surname",
训,"teach, instruct; exegesis",
私,"private, personal; secret",
庄,"village, hamlet; villa, manor",
祖,"ancestor, forefather; grandfather",
翻,"flip over, upset, capsize",
暴,"violent, brutal, tyrannical",
森,forest; luxuriant vegetation,
塔,"tower, spire, tall building",
默,"silent; quiet, still; dark",
握,"grasp, hold fast, take by hand",
戏,"theatrical play, show",
隐,"hide, conceal; hidden, secret",
熟,well-cooked; ripe; familiar with,
骨,"bone; skeleton; frame, framework",
访,"visit; ask, inquire",
弱,"weak; fragile, delicate",
蒙,cover; ignorant; suffer; mongolia,
歌,"song, lyrics; sing, chant; praise",
店,"shop, store; inn, hotel",
鬼,ghost; spirit of dead; devil,
软,"soft, flexible, pliable; weak",
典,"law, canon; documentation; classic, scripture",
欲,"desire, want, long for; intend",
伙,"companion, colleague; utensils",
遭,"come across, meet with, encounter",
盘,"tray, plate, dish; examine",
爸,"father, papa",
扩,"expand, enlarge, stretch",
盖,"cover, hide, protect",
弄,"do, play or fiddle with; alley",
雄,male of species; hero; manly,
稳,"stable, firm, solid, steady",
忘,"forget; neglect; miss, omit",
亿,hundred million; many,
刺,"stab; prick, irritate; prod",
拥,"embrace, hug, squeeze; crowd",
徒,"disciple, follower; go on foot",
齐,"even, uniform, of equal length",
赛,"compete, contend; contest, race",
趣,interest; fun; enjoyment,
曲,"crooked, bent; wrong, false",
刀,knife; old coin; measure,
床,"bed, couch; framework, chassis",
迎,"receive, welcome, greet",
冰,ice; ice-cold,
虚,false,
玩,"play with, joke, enjoy",
析,split wood; break apart; divide,
窗,window,
醒,wake up; sober up; startle,
妻,wife,
透,"penetrate, pass through",
购,"buy, purchase; hire",
替,"change, replace, substitute for",
塞,"stop up, block, seal, cork; pass, frontier; fortress",
努,"to exert, strive, make an effort; to pout",
休,"rest, stop; retire; do not!",
虎,"tiger; brave, fierce; surname",
扬,"scatter, spread; praise",
途,"way, road, path, journey; course",
侵,"invade, encroach upon, raid",
绿,green; chlorine,
兄,elder brother,
迅,"quick, hasty, rapid, sudden",
套,"case, cover, wrapper, envelope",
贸,"trade, barter; mixed; rashly",
毕,"end, finish, conclude; completed",
唯,only; yes,
谷,"valley, gorge, ravine",
轮,"wheel; revolve, turn; recur",
库,"armory, treasury, storehouse",
尤,"especially, particularly",
竞,"contend, vie, compete",
街,"street, road, thoroughfare",
促,"urge, press, hurry; close",
延,"delay, postpone, defer",
震,"shake, quake, tremor; excite",
弃,"reject, abandon, discard",
甲,"armor, shell; fingernails; 1st heavenly stem",
伟,"great, robust; extraordinary",
麻,"hemp, jute, flax; sesame",
申,"to state to a superior, report; extend; 9th terrestrial branch",
缓,"slow, leisurely; to postpone, delay",
潜,"hide; hidden, secret, latent",
闪,"flash; avoid, dodge, evade",
售,sell,
灯,"lantern, lamp",
针,needle; pin; tack; acupuncture,
哲,"wise, sagacious; wise man, sage",
络,"enmesh, wrap around; web, net",
抵,"resist, oppose; deny; off-set",
抱,"embrace, hold in arms, enfold",
鼓,"drum; beat, top, strike",
植,"plant, trees, plants; grow",
纯,"pure, clean, simple",
夏,"summer; great, grand, big",
忍,"endure, bear, suffer; forbear",
页,"page, sheet, leaf; rad. no. 181",
杰,"hero; heroic, outstanding",
筑,ancient lute; build,
折,"break off, snap; bend",
贝,"sea shell; money, currency",
尊,"respect, revere, venerate; honor",
秀,"ear of grain; flowering, luxuriant; refined, elegant, graceful",
混,"to mix, blend, mingle; to bumble along",
振,"raise, excite, arouse action",
染,dye; be contagious; infect,
盛,"abundant, flourishing; contain; fill",
怒,"anger, rage, passion; angry",
舞,"dance, posture, prance; brandish",
圆,"circle; round, circular; complete",
搞,"to clear, clarify",
狂,"insane, mad; violent; wild",
措,"place; collect, arrange; employ",
姓,surname; family name,
残,"injure, spoil; oppress; broken",
秋,"autumn, fall; year",
培,bank up with dirt; cultivate,
迷,"bewitch, charm, infatuate",
诚,"sincere, honest; true, real",
宽,"broad, wide; spacious, vast",
宇,"house; building, structure; eaves",
猛,"violent, savage, cruel; bold",
摆,"put, place; display; swing, sway",
梅,plums; prunes; surname,
毁,destroy,
伸,"extend, stretch out, open up; trust",
摩,"rub, scour, grind; friction",
盟,"swear; oath, covenant, alliance",
末,"final, last, end; insignificant",
悲,"sorrow, grief; sorry, sad",
拍,"clap, tap, beat; beat or rhythm",
硬,"hard, firm, strong; obstinate",
麦,"wheat, barley, oats; simplified form of KangXi radical number 199",
操,"conduct, run, control, manage",
阻,"impede, hinder, obstruct; oppose",
订,draw up agreement; arrange,
彩,"hue, color; variegated colors",
抽,"draw out, pull out; sprout",
赞,"help, support, assist, aid",
纷,"in disorder, scattered, tangled",
沿,"follow a course, go along",
喊,"shout, call out, yell; howl; cry",
违,"disobey, violate, defy; be apart from",
妹,younger sister,
浪,"wave; wasteful, reckless",
汇,"concourse; flow together, gather",
币,"currency, coins, legal tender",
丰,"abundant, lush, bountiful, plenty",
蓝,blue; indigo plant; surname,
殊,"different, special, unusual",
献,"offer, present; show, display",
桌,"table, desk, stand",
啦,final particle of assertion,
援,"aid, assist; lead; cite",
译,translate; decode; encode,
夺,"take by force, rob, snatch",
汽,"steam, vapor, gas",
烧,burn; bake; heat; roast,
距,distance; to be far from,
裁,cut out; decrease,
偏,inclined one side; slanting,
符,"i.d. tag, tally, symbol, charm",
勇,"brave, courageous, fierce",
触,"butt, ram, gore; touch",
课,lesson; course; classwork,
敬,"respect, honor; respectfully",
哭,"weep, cry, wail",
懂,"understand, comprehend",
墙,wall,
召,imperial decree; summon,
罚,"penalty, fine; punish, penalize",
厅,"hall, central room",
拜,"do obeisance, bow, kowtow",
巧,"skillful, ingenious, clever",
侧,"side; incline, slant, lean",
冒,"risk, brave, dare",
债,"debt, loan, liabilities",
融,"melt, fuse; blend, harmonize",
惯,"habit, custom; habitually, usual",
享,enjoy,
戴,wear on top; support,
童,"child, boy, servant boy; virgin",
犹,"like, similar to, just like, as",
乘,"ride, ascend; avail oneself of; numerary adjunct for vehicles",
挂,"hang, suspend; suspense",
奖,"prize, reward; give award to",
绍,"continue, carry on; join",
厚,thick; substantial; greatly,
纵,"indulge in, give free reign to",
障,separate; shield; barricade,
讯,inquire; ask; examine; reproach,
涉,"ford stream, wade across",
彻,"penetrate, pervade; penetrating",
刊,"publication, periodical; publish",
丈,"unit of length equal 3.3 meters; gentleman, man, husband",
爆,"crackle, pop, burst, explode",
乌,"crow, rook, raven; black, dark",
描,"copy, trace, sketch; depict",
洗,"wash, rinse; clean, purify",
患,"suffer, worry about; suffering",
妙,"mysterious, subtle; exquisite",
镜,mirror; lens; glass; glasses,
唱,"sing, chant, call; ditty, song",
烦,"bother, vex, trouble; troublesome",
签,"sign, endorse; slip of paper",
彼,"that, there, those",
症,"disease, illness, ailment",
仿,"imitate, copy; as if",
倾,"upset, pour out, overflow",
牌,"signboard, placard",
陷,"submerge, sink, plunge; trap",
鸟,bird; KangXi radical 196,
咱,"we, us",
菜,"vegetables; dish, order; food",
闭,"shut, close; obstruct, block up",
奋,"strive, exert effort; arouse",
庆,"congratulate, celebrate",
撤,omit; remove; withdraw,
泪,"tears; weep, cry",
茶,tea,
疾,"illness, disease, sickness; to hate",
缘,"hem, margin; reason, cause; fate",
播,"sow, spread; broadcast; cast away, reject",
朗,"clear, bright; distinct",
奶,milk; grandmother (in some words),
季,quarter of year; season; surname,
狗,"dog, canis familiaris",
尾,"tail, extremity; end, stern",
仪,"ceremony, rites gifts; admire",
偷,"to steal, burglar, thief",
奔,"run fast, flee; rush about; run",
珠,"precious stone, gem, jewel, pearl",
虫,"insects, worms; KangXi radical 142",
驻,"to be stationed at, reside at; to stop",
宜,"suitable, right, fitting, proper",
桥,"bridge; beam, crosspiece",
淡,"weak, watery; insipid, tasteless",
恨,"hatred, dislike; resent, hate",
繁,"complicated, complex, difficult",
寒,"cold, wintry, chilly",
伴,"companion, comrade, partner; accompany",
叹,"sigh, admire",
旦,dawn; morning; day,
潮,"tide; moist, wet, damp; flow",
粮,"food, grain, provisions",
缩,"contract, draw in, reduce",
罢,"cease, finish, stop; give up",
聚,"assemble, meet together, collect",
径,narrow path; diameter; direct,
恰,"just, exactly, precisely; proper",
挑,a load carried on the shoulders; to carry,
袋,"pocket, bag, sack, pouch",
灰,"ashes; dust; lime, mortar",
捕,"arrest, catch, seize",
珍,"precious, valuable, rare",
幕,"curtain, screen, tent",
映,project; reflect light,
裂,"split, crack, break open; rend",
隔,"separate, partition",
启,"open; begin, commence; explain",
尖,"sharp, pointed, acute, keen",
忠,"loyalty, devotion, fidelity",
累,"tired; implicate, involve; bother",
炎,"flame, blaze; hot",
暂,temporary,
估,"merchant; estimate, guess, presume",
泛,"to drift, float; careless, reckless",
偿,"repay, recompense; restitution",
横,across,
拒,"ward off with hand, defend",
忆,"remember, reflect upon; memory",
孤,"orphan, fatherless; solitary",
鼻,nose; first; KangXi radical 209,
闹,quarrel; dispute hotly,
羊,"sheep, goat; KangXi radical 123",
呆,"dull; dull-minded, simple, stupid",
厉,"whetstone; grind, sharpen; whet",
衡,"measure, weigh, judge, consider",
胞,"womb, placenta, fetal membrane",
零,"zero; fragment, fraction",
穷,"poor, destitute, impoverished",
舍,"house, dwelling; dwell, reside",
码,"number, numerals; yard; symbol",
婆,old woman; grandmother,
灾,"calamity, disaster, catastrophe",
洪,"vast, immense; flood, deluge",
腿,"legs, thighs",
胆,"gall bladder; bravery, courage",
俗,"social customs; vulgar, unrefined",
辩,"dispute, argue, debate, discuss",
胸,"breast, bosom, chest; thorax",
晓,"dawn, daybreak; clear, explicit",
劲,"strong, unyielding, tough, power",
贫,"poor, impoverished, needy",
偶,"accidentally, coincidently; an idol",
辑,"gather up, collect; edit, compile",
恢,"restore; big, great, immense, vast",
赖,"rely, depend on; accuse falsely",
圈,to circle; a circle; corral,
摸,gently touch with hand; caress,
仰,"raise the head to look; look up to, rely on, admire",
润,"soft, moist; sleek; freshen",
堆,"heap, pile, crowd; pile up",
碰,"collide, bump into",
稍,"little, slightly; rather",
迟,"late, tardy; slow; delay",
辆,numerary adjunct for vehicles,
废,"abrogate, terminate, discard",
净,"clean, pure; cleanse",
凶,"culprit; murder; bad, sad",
壁,partition wall; walls of a house,
奉,offer; receive; serve; respect,
旋,"revolve, move in orbit; return",
冬,"winter, 11th lunar month",
矿,"mine; mineral, ore",
抬,"lift, carry",
蛋,eggs; term of abuse,
晨,"early morning, daybreak",
吹,"blow; puff; brag, boast",
鸡,chicken,
倍,"times, fold, multiple times",
糊,"paste, stick on with paste",
盾,"shield, shield-shaped object; currency sign for Dutch guilder",
杯,"cup, glass",
租,"rent, lease; rental; tax",
骑,ride horseback; mount; cavalry,
乏,lack; poor,
诊,"examine patient, diagnose",
摄,"take in, absorb; act as deputy",
丧,mourning; mourn; funeral,
污,"filthy, dirty, impure, polluted",
渡,"cross, ferry over; ferry",
旗,"banner, flag, streamer",
耐,"endure, bear; resist; patient",
凭,"lean on, depend on, rely on",
扎,pull up; pierce; struggle free,
抢,"plunder, rob, take by force",
绪,"end of thread; thread, clue",
粗,"rough, thick, course; rude",
肩,shoulders; to shoulder; bear,
梁,bridge; beam; rafters; surname,
幻,"illusion, fantasy, mirage",
碎,"break, smash; broken, busted",
叔,younger uncle; father's younger brother,
综,arrange threads for weaving,
爬,"crawl, creep; climb; scramble",
悉,"know, learn about, comprehend",
返,"return, revert to, restore",
井,"well, mine shaft, pit",
壮,"big, large; robust; name of tribe",
薄,"thin, slight, weak; poor, stingy",
悄,"silent, quiet, still; anxious",
扫,"sweep, clear away; exterminate",
敏,"fast, quick, clever, smart",
碍,"obstruct, hinder, block, deter",
殖,"breed, spawn; increase; prosper",
详,"detailed, complete, thorough",
矛,"spear, lance; KangXi radical 110",
允,"to grant, to allow, to consent",
幅,"piece, strip, breadth of, hem",
剩,"leftovers, residue, remains",
颗,"grain, kernel",
骂,"accuse, blame, curse, scold",
赏,"reward, grant, bestow; appreciate",
液,"sap, juice, liquid, fluid",
番,"to take turns; a turn, a time; to repeat",
箱,"case, box, chest, trunk",
贴,"paste to, stick on; attached to",
漫,overflow of water; spreading,
酸,"tart, sour; acid; stiff; spoiled",
郎,"gentleman, young man; husband",
腰,waist; kidney,
舒,"open up, unfold, stretch out; comfortable, easy",
忧,"sad, grieved; grief, melancholy",
浮,"to float, drift, waft; to exceed; superfluous",
辛,"bitter; toilsome, laborious; 8th heavenly stem",
恋,"love; long for, yearn for; love",
餐,"eat, dine; meal; food",
吓,"scare, frighten; intimidate",
挺,"to stand upright, straighten; rigid",
励,strive; encourage,
辞,"words, speech, expression, phrase",
键,"door bolt, lock bolt; key",
伍,"five, company of five; troops",
峰,"peak, summit; hump of camel",
尺,ruler; traditional unit of length,
昨,"yesterday; in former times, past",
辈,"generation, lifetime; class",
贯,a string of 1000 coins; to go through,
滑,"slip, slide; slippery, polished",
券,"certificate, ticket; title deeds",
崇,"esteem, honor, revere, venerate",
扰,"disturb, annoy, agitate",
绕,entwine; wind around; surround,
趋,"hasten, hurry; be attracted to",
阅,"examine, inspect, review, read",
汗,"perspiration, sweat",
枝,"branches, limbs; branch off",
拖,"drag, tow, haul; delay, prolong",
墨,ink; writing,
胁,"ribs, armpits; flank; threaten",
插,"insert, stick into; plant",
箭,arrow; type of bamboo,
粉,"powder, face powder; plaster",
泥,"mud, mire; earth, clay; plaster",
拔,"uproot, pull out",
骗,"swindle, cheat out of, defraud",
慧,"bright, intelligent; intelligence",
媒,"go-between, matchmaker; medium",
愤,"resent, hate; indignant",
扑,"pound, beat, strike; attack",
龄,age; years,
惜,"pity, regret, rue, begrudge",
豪,"brave, heroic, chivalrous",
跃,"skip, jump, frolic",
肃,pay respects; reverently,
驶,"sail, drive, pilot; fast, quick",
届,"numerary adjunct for time, term",
欣,"happy, joyous, delighted",
惠,"favor, benefit, confer kindness",
册,"book, volume, register, list",
储,"save money, store, reserve; heir",
闲,"fence, guard; defend; idle time",
惨,"sad, pitiful, wretched; cruel",
洁,"clean, purify, pure",
宾,"guest, visitor; surname; submit",
频,"frequently, again and again",
磨,grind; polish; rub; wear out; a millstone,
递,"hand over, deliver; substitute",
撞,"knock against, bump into, collide",
滚,turn,
奏,memorialize emperor; report,
颜,"face, facial appearance",
绩,spin; achievements,
贡,"offer tribute; tribute, gifts",
疯,"crazy, insane, mentally ill",
坡,"slope, bank, hillside",
瞧,"glance at, look at, see",
截,"cut off, stop, obstruct, intersect",
燃,"burn; light fire, ignite",
焦,"burned, scorched; anxious, vexed",
锁,"lock, padlock; shackles, chains",
逼,"compel, pressure, force; bother",
昏,"dusk, nightfall, twilight, dark",
劝,"recommend, advise, urge",
搜,"search, seek; investigate",
勤,"industrious, diligent, attentive",
戒,"warn, caution, admonish",
驾,"to drive, sail, fly; a cart, carriage",
漂,"float, drift; tossed about",
饮,drink; swallow; kind of drink,
朵,cluster of flowers; earlobe,
仔,"small thing, child; young animal",
俩,"two, pair",
腐,"rot, decay, spoil; rotten",
幼,"infant, young child; immature",
践,"trample, tread upon, walk on",
籍,"record, register, list; census",
凉,"cool, cold; disheartened",
牲,sacrificial animal; animal,
佳,"good, auspicious; beautiful; delightful",
浓,"thick, strong, concentrated",
稿,"draft, manuscript, rough copy",
竹,bamboo; flute; KangXi radical 118,
跌,"stumble, slip, fall down; stamp",
逻,patrol; inspect; watch; patrol,
遵,"obey, comply with, follow; honor",
貌,"countenance, appearance",
猜,"guess, conjecture, suppose; feel",
怜,"pity, sympathize",
饰,"decorate, ornament, adorn",
贷,lend; borrow; pardon,
昌,"light of sun; good, proper",
躺,"lie down, recline",
钢,"steel; hard, strong, tough",
沟,"ditch, drain, narrow waterway",
寄,"send, transmit, mail; rely on",
扶,"support, help; protect; hold on",
铺,"shop, store; place sleep, bed",
寿,"old age, long life; lifespan",
询,"inquire into, ask about; consult",
汤,"hot water; soup, gravy, broth",
盗,"rob, steal; thief, bandit",
肥,"fat, plump, obese; fertile",
尝,"taste; experience, experiment",
辉,"brightness, luster, brilliance",
奈,"but, how; bear, stand, endure",
扣,"knock, strike, rap, tap; button",
嘛,final exclamatory particle,
迁,"move, shift, change; transfer; relocate a capital city",
慰,"comfort, console, calm",
厌,"dislike, detest, reject; satiate",
脏,"internal organs, viscera; dirty",
幽,"quiet, secluded, tranquil; dark",
怨,"hatred, enmity, resentment",
鞋,"shoes, footwear in general",
丢,discard,
埋,"bury, secrete, conceal",
泉,"spring, fountain; wealth, money",
躲,"hide, secrete; avoid, escape",
紫,"purple, violet; amethyst; surname",
艰,"difficult, hard; distressing",
慌,"nervous, panicky, frantic",
祝,pray for happiness or blessings,
邮,"postal, mail; post office",
吐,"vomit, spew out, cough up",
狠,"vicious, cruel; severely, extreme",
鉴,"mirror, looking glass; reflect",
械,"weapons; implements, instruments",
咬,"bite, gnaw",
邻,neighbor; neighborhood,
挤,"crowd, squeeze, push against",
弯,"bend, curve",
椅,"chair, seat",
陪,"accompany, be with, keep company",
揭,"raise, lift up; surname",
悟,"to apprehend, realize, become aware",
聪,"intelligent, clever, bright",
锋,"point of spear, sharp point",
梯,"ladder, steps, stairs; lean",
猫,cat,
祥,"good luck, good omen; happiness",
阔,"broad, ample, wide; be apart",
誉,"fame, reputation; praise",
牵,"drag, pull, lead by hand",
袖,sleeve; put something in sleeve,
蛇,snake,
贺,congratulate; send present,
柱,"pillar, post; support; lean on",
鼠,"rat, mouse; KangXi radical 208",
牢,"prison; stable, pen; secure",
欺,"cheat, double-cross, deceive",
吨,"metric ton; (Cant.) to babble, gibberish",
琴,Chinese lute or guitar,
瓶,"jug, pitcher, vase, jar, bottle",
池,"pool, pond; moat; cistern",
疼,"aches, pains; be fond of; love",
冠,"cap, crown, headgear",
浅,"shallow, not deep; superficial",
纠,"investigate, inspect",
钻,"drill, bore; pierce; diamond",
喷,"spurt, blow out, puff out",
耗,"consume, use up; waste, squander",
敲,"strike, beat, pound, hammer; rap",
菌,"mushroom; germ, microbe",
赔,"indemnify, suffer loss",
扁,"flat; tablet, signboard",
亏,"lose, fail; damage; deficient",
煤,"coal, coke, charcoal, carbon",
熊,a bear; brilliant; bright; surname,
湿,"wet, moist, humid, damp; illness",
循,"obey, comply with, follow",
暖,"warm, genial",
糖,sugar; candy; sweets,
帽,"hat, cap; cap-like tops",
宿,"stop, rest, lodge, stay overnight; constellation",
踏,"step on, trample, tread on, walk",
烂,"rotten, spoiled, decayed",
夹,be wedged or inserted between,
肝,liver,
擦,"wipe, scrub, rub, scour; brush",
猪,"pig, hog, wild boar",
炼,"smelt, refine; distill, condense",
搬,"transfer, move, remove, shift",
玻,glass,
铜,"copper, brass, bronze",
跨,"straddle, bestride, ride; carry",
押,"mortgage, pledge; deposit; to pawn; to arrest, detain, guard",
漠,"desert; aloof, indifferent, cool",
醉,"intoxicated, drunk; addicted to",
斜,"slanting, sloping, inclined",
档,"shelf; frame, crosspiece",
肤,"skin; superficial, shallow",
肿,swell; swollen; swelling,
豆,"beans, peas; bean-shaped",
岗,post; position,
吞,"swallow; absorb, annex, engulf",
宏,"wide, spacious, great, vast",
肚,belly; abdomen; bowels,
涨,rise in price,
耀,"shine, sparkle, dazzle; glory",
扭,"turn, twist, wrench; seize, grasp",
拨,move; dispel; distribute,
绘,"draw, sketch, paint",
牺,"sacrifice, give up; sacrificial",
墓,"grave, tomb",
拼,"join together, link, incorporate",
捉,"grasp, clutch; catch, seize",
刷,"brush; clean with brush, scrub",
嫌,"hate, detest; suspect; criticize",
瓜,"melon, gourd, cucumber; rad. 97",
歇,"rest, stop, lodge",
乳,"breast, nipples; milk, suckle",
串,string; relatives; conspire,
娃,baby; doll; pretty girl,
赢,"win; surplus, gain, profit",
桃,peach; marriage; surname,
瘦,"thin, emaciated, lean; meager",
搭,"join together, attach to; add to",
嘉,excellent; joyful; auspicious,
址,"site, location, land for house",
悔,"repent, show remorse, regret",
邀,"invite, welcome; meet, intercept",
宅,"residence, dwelling, home; grave",
添,"append, add to; increase",
挖,"dig, dig out, gouge out, scoop",
氧,oxygen,
羽,"feather, plume; wings; rad. 124",
斤,"a catty (approximately 500 g); an axe; keen, shrewd; KangXi radical number 69",
酷,"strong, stimulating; very",
乙,second; 2nd heavenly stem,
挣,"strive, endeavor, struggle",
悬,"hang, suspend, hoist; be hung",
仓,granary; berth; sea,
轨,"track, rut, path",
盐,salt,
览,"look at, inspect; perceive",
傅,"tutor, teacher; assist; surname",
帅,"commander, commander-in-chief",
屏,"folding screen, shield",
寺,"court, office; temple, monastery",
胖,"fat, obese; fatty",
璃,glass,
滴,drip; drop of water,
丑,"clown, comedian; 2nd terrestrial branch",
寸,"inch; small, tiny; KangXi radical 41",
扔,"throw, hurl; throw away, cast",
匹,bolt of cloth; counter for horses,
俱,"all, together; accompany",
饿,hungry; greedy for; hunger,
糟,"sediment, dregs; pickle",
肠,intestines; emotions; sausage,
聊,"somewhat, slightly, at least",
挡,"obstruct, impede; stop; resist",
纲,"heavy rope, hawser; main points",
肌,muscle tissue; meat on bones,
碗,"bowl, small dish",
卧,lie down; crouch,
膜,membrane; to kneel and worship,
欠,"owe, lack, be deficient; KangXi radical number 76",
豫,"relaxed, comfortable, at ease",
胃,stomach; gizzard of fowl,
舌,tongue; clapper of bell; KangXi radical 135,
傲,"proud, haughty, overbearing",
拾,"pick up, collect, tidy up; accounting form of the numeral ten",
棉,cotton; cotton padded,
晴,"clear weather, fine weather",
铃,bell,
填,"fill in, fill up; make good",
渴,"thirsty, parched; yearn, pine",
扮,dress up; dress up as,
脆,"crisp; fragile, frail; brittle",
炉,"fireplace, stove, oven, furnace",
柴,"firewood, faggots, fuel",
愉,"pleasant, delightful; please",
眠,"close eyes, sleep; hibernate",
喂,interjection to call attention,
傻,"foolish, silly, stupid; an imbecile",
扇,fan; door panel,
柜,"cabinet, cupboard; shop counter",
诞,"bear children, give birth; birth",
饱,full after eating; satisfied,
泡,"bubbles, suds; blister; soak",
夕,"evening, night, dusk; slanted",
氛,"gas, vapor, air",
杆,pole; shaft of spear,
挨,"near, close by, next to, towards, against; to wait; to lean on",
甜,"sweet, sweetness",
顽,"obstinate, stubborn; recalcitrant",
摘,"pluck, pick; select; specify",
矮,"short, dwarf; low",
秒,beard of grain or corn; a second,
披,wear; split; crack,
辅,cheek bone; protective; assist,
盆,"basin, tub, pot, bowl",
赌,"bet, gamble, wager; compete",
塑,"model in clay, sculpt; plastics",
吵,"argue, dispute; disturb, annoy",
肺,lungs,
吊,"condole, mourn, pity; hang",
漏,"leak, drip; funnel; hour glass",
盒,small box or case; casket,
锅,"cooking-pot, saucepan",
拆,"to break up, split apart, rip open; to destroy",
盲,"blind; unperceptive, shortsighted",
裤,"trousers, pants",
栏,"railing, balustrade; animal pan",
艳,"beautiful, sexy, voluptuous",
臭,"smell, stink, emit foul odor",
棵,numerary adjunct for trees,
愁,"anxiety; to worry about, be anxious",
谅,"excuse, forgive; guess, presume",
畅,"smoothly, freely, unrestrained",
赠,"give present; bestow, confer",
冻,"freeze; cold, congeal; jelly",
跪,kneel,
闯,"rush in, burst in, charge in",
葡,grapes,
厨,kitchen; closet; cupboard,
鸭,duck; Anas species (various),
谊,"friendship; appropriate, suitable",
歉,"deficient, lacking, insufficient",
衫,shirt; robe; gown; jacket,
宴,"to entertain, feast; a feast, banquet",
薪,"fuel, firewood; salary",
胶,"glue, gum, resin, rubber; sound; shin bone",
盼,"look, gaze; expect, hope for",
账,"accounts; bill, debt; credit",
赚,"make money, earn; gain, profit",
撑,"prop up, support; brace",
倡,"guide, leader; lead, introduce",
猴,"monkey, ape; monkey-like",
旺,prosper; prosperous; increase,
伞,"umbrella, parasol, parachute",
萄,grapes,
抄,"copy, confiscate, seize",
晕,"halo in sky; fog; dizzy, faint",
掏,take out; pull out; clean out,
脾,"spleen, pancreas; disposition",
剪,"scissors; cut, divide, separate",
懒,"lazy, languid, listless",
叉,"crotch; fork, prong",
拐,"kidnap, abduct; turn",
捐,"contribute; give up, renounce",
骄,spirited horse; haughty,
聘,"engage, employ; betroth",
厘,thousandth part of tael,
憾,"to regret, remorse; dissatisfied",
摔,"fall ground, stumble, trip",
巾,kerchief; towel; turban; KangXi radical number 50,
洒,sprinkle; scatter; pour; to wipe away; to shiver,
堵,"wall; stop, prevent; stop up",
姨,mother's sister; aunt,
棒,"stick, club, truncheon; hit",
硕,"great, eminent; large, big",
渠,"ditch, canal, channel, gutter",
笨,"foolish, stupid, dull; awkward",
啡,morphine; coffee,
泼,"pour, splash, water, sprinkle",
谦,"humble, modest",
刮,"shave, pare off, scrape",
郊,"suburbs; waste land, open spaces",
篮,basket,
饼,"rice-cakes, biscuits",
兔,"rabbit, hare",
咳,cough,
爽,"happy, cheerful; refreshing",
咖,coffee; a phonetic,
巩,"bind; firm, secure, strong",
裹,"wrap, bind; encircle, confine",
咨,"inquire, consult, discuss; plan",
糕,"cakes, pastry",
谐,"harmonize, agree; joke, jest",
辣,"peppery, pungent, hot; cruel",
宠,"favorite, concubine; favor",
裙,"skirt, apron, petticoat",
哇,vomit; cry of an infant,
踢,kick,
趟,"time, occasion; take journey",
帘,flag-sign of a tavern,
苹,artemisia; duckweed; apple,
娱,"pleasure, enjoyment, amusement",
蹲,"squat, crouch; idle about",
衬,underwear; inner garments,
壶,"jar, pot, jug, vase; surname",
咸,"together; all, completely; united",
锻,"forge metal; temper, refine",
汁,"juice, liquor, fluid, sap, gravy, sauce",
榜,placard; list of successful exam candidates,
傍,"by side of, beside, near, close",
踩,step on,
煮,cook,
炒,"fry, saute, roast, boil, cook",
泳,dive; swim,
垃,"garbage, refuse, waste",
烤,"bake, roast, toast, cook",
晒,"dry in sun, expose to sun",
圾,"garbage, rubbish; shaking; danger",
铅,lead,
逛,"ramble, stroll, roam, wander",
蹈,stamp feet; dance,
绒,"silk, cotton, or woolen fabric",
澡,"wash, bathe",
蔬,"vegetables, greens",
暑,hot,
捡,to pick up,
啤,beer,
厕,"mingle with; toilet, lavatory",
梨,"pear; opera; cut, slash",
粥,"rice gruel, congee",
袜,"socks, stockings",
醋,"vinegar; jealousy, envy",
酱,any jam-like or paste-like food,
蕉,banana; plantain,
筷,chopsticks,
茄,eggplant,
勺,"spoon, ladle; unit of volume",
柿,persimmon,
薯,"yam, tuber, potato",
馒,steamed bread; steamed dumplings,
饺,stuffed dumplings,
洲,continent,
钥,"lock, key",
匙,spoon,
桶,"bucket, pail, tub",
恼,"angry, wrathful",
羡,"to envy, to covet",
慕,"to admire, to desire, to long for",
戚,"ashamed, grieving",
胳,arms,
膊,"shoulder, upper arm",
羞,"shame, disgrace",
嗽,to gargle,
膏,"grease, fat",
乒,used with pong for ping pong,
乓,used with ping for ping pong,
氏,"clan, family",
欧,"Europe, ohm",
哎,interjection of surprise,
荐,to recommend,
恭,"polite, respectful, reverent",
魅,"magic, enchantment, charm",
寓,"residence, lodge, dwelling",
迹,"trace, sign, mark, footprint",
玫,rose,
瑰,"extraordinary, fabulous",
雾,"fog, mist, vapor, fine spray",
姿,"grace, good looks",
谨,"prudent, cautious, attentive",
慎,"cautious, prudent",
陌,"strange, unfamiliar",
祸,"misfortune, disaster, calamity",
催,"to press, to urge",
齿,teeth,
擅,"to claim, to monopolize",
厦,large building,
删,to delete,
碌,"rocky, rough, uneven",
蝴,butterfly,
蝶,butterfly,
翅,wings,
膀,"shoulder, upper arm, wing",
厢,"side-room, wing",
钓,fishhook,
浏,bright,
橘,"orange, tangerine",
浇,"to spray, to sprinkle, to water",
窄,"narrow, tight",
喻,"metaphor, analogy",
熬,"to boil, to simmer",
昆,elder brother,
姥,maternal grandmother,
桔,"orange, tangerine",
悠,"distant, remote",
橡,chestnut oak,
浆,"pulp, starch, syrup",
啥,what?,
州,"state, province, prefecture",
姻,relatives by marriage,
嫁,"to marry, to give a daughter in marriage",
狼,wolf,
艘,measure word for ships or vessels,
凌,pure,
淘,"to dredge, to sieve",
汰,"to eliminate, to scour, to wash out",
嗨,an exclamation,
嘿,"quiet, silent",
尴,embarrassed,
尬,"awkward, embarrassed",
婴,"baby, infant",
踪,"footprints, traces, tracks",
讶,"amazed, surprised",
孕,pregnant,
栋,ridge-beam,
惧,"to fear, to dread",
砍,"to hack, to chop, to cut, to fell",
柔,"soft, supple",
抛,"to abandon, to throw away",
脖,neck,
寂,"still, silent, quiet, desolate",
寞,"silent, still",
瞬,"to wink, to blink",
娶,"to marry, to take a wife",
呈,"to petition, to submit",
秩,order,
犬,dog,
痕,"scar, mark",
晰,"clear, evident",
狮,lion,
惩,"to discipline, to punish, to reprimand, to warn",
妆,"adornment, make-up",
弥,"complete, extensive, full",
烫,to scald,
疫,"epidemic, plague, pestilence",
割,"to cut, to divide, to partition",
臂,arm,
携,"to carry, to lead, to take by the hand",
粒,"grain, granule",
逗,"to entice, to tempt",
履,shoes,
夸,"extravagant, luxurious",
抑,"to curb, to hinder",
拟,"to draft, to plan",
矩,"carpenter's square, ruler, rule",
脂,"fat, grease, lard, oil",
肪,animal fat,
覆,to cover,
睁,to open one's eyes,
赋,tax,
拦,"to block, to hinder, to obstruct",
廊,"corridor, porch, veranda",
迈,old,
嘲,"to deride, to jeer at, to ridicule, to scorn",
遥,"distant, remote",
捧,to hold or offer with both hands,
勉,"to endeavor, to make an effort",
劣,"low-quality, inferior, bad",
椒,"pepper, spice",
罕,"rare, scarce",
链,"chain, wire",
棍,"stick, cudgel",
佩,"belt ornament, pendant",
妨,"damage, harm",
庞,"disorderly, messy",
浴,"to bathe, to shower, to wash",
刹,"temple, shrine, monastary",
哟,"ah, final particle",
枕,pillow,
坛,altar,
堡,"fort, fortress",
崭,"new, bold",
疲,"weak, tired, exhausted",
耽,to indulge,
虹,rainbow,
惑,"to confuse, to mislead",
昂,to rise,
骤,procedure,
燥,"arid, dry, parched",
嗓,throat,
蜜,"honey, nectar",
蜂,"bee, wasp, hornet",
仗,1to rely upon,
筹,"chip, tally, token",
兼,"both, and",
臣,"minister, statesman, official, vassal",
馈,"gift, present",
挫,"to check, to obstruct, to push down",
蓄,"to store, to save, to hoard, to gather",
涵,"to wet, to soak",
裕,"rich, plentiful, abundant",
株,"root, stump",
鲨,shark,
壤,"soil, loam, earth",
眉,eyebrows,
饥,"hungry, starving",
匆,"hastily, hurriedly, in a rush",
舅,"mother's brother, uncle",
棕,hemp palm,
衰,"weak, feeble",
筛,"screen, sieve",
叙,"to express, to state",
淹,"to drown, to immerse, to steep",
眨,to wink,
屑,"bits, crumbs, scraps",
尘,"cinders, ashes, dust, dirt",
垂,"to hang, to dangle",
屈,"to bend, to flex",
腔,chest cavity,
氢,ammonia,
橙,orange,
捷,"nimble, quick",
菊,chrysanthemum,
匀,equal,
瓷,"china, crockery, porcelain",
筒,"tube, pipe, cylinder",
枯,"dried out, withered, decayed",
媳,daughter-in-law,
捆,"to bind, to tie, to truss up",
绑,"to tie, to fasten, to bind",
碳,carbon,
噪,to be noisy,
旱,dry,
舟,"boat, ship",
晾,to air-dry,
稼,crops,
颖,rice tassel,
甭,"""there is no need""",
棋,chess,
旬,ten-day period,
涌,"to surge up, to bubble up, to gush forth",
朴,"plain, simple",
笼,basket,
畔,river bank,
喘,"to pant, to gasp, to breathe heavily",
梢,the tip of a branch,
帆,boat,
匪,"bandits, robbers, gangsters",
颈,"neck, throat",
椎,"spine, vertebra",
斯,"this, thus, such",
涂,"to smear, to scribble, to daub",
抹,to apply,
荧,"to shine, to shimmer",
雌,female,
霞,rosy clouds,
卸,to unload,
锈,"to rust, to corrode",
唾,to spit,
沫,"bubbles, foam, froth, suds",
艇,"dugout, punt, small boat",
咽,throat,
勃,"thriving, prosperous",
粘,"viscous, sticky, mucous, glutinous",
粽,a dumpling made of glutinous rice,
沃,"to water, to irrigate",
贤,"virtuous, worthy",
踌,"to falter, to hesitate",
躇,"to hesitate, to falter",
稻,rice plant,
惹,"to incite, to irritate, to offend, to vex",
聋,deaf,
哑,"dumb, mute, hoarse",
伶,clever,
俐,smooth,
滋,"to grow, to nourish",
螺,"spiral shell, conch",
丝,"silk, fine thread",
钉,"nail, spike",
凹,"concave, hollow",
凸,"to protrude, to bulge out",
贬,"to devalue, to demote",
涛,large waves,
汹,"turbulent, torrential, restless",
斑,"freckled, mottled, spotted, striped",
纹,"line, stripe",
崖,"cliff, precipice",
峭,"steep, precipitous, rugged",
纬,warp and woof,
恳,"sincere, earnest, cordial",
俯,"to bow down, to face down, to look down",
苗,sprouts,
葫,bottle-gourd,
芦,"rushes, reeds",
碧,jade,
砖,"tile, brick",
瓦,tile,
锦,"brocade, tapestry",
绣,to embroider,
纽,knot,
摊,"to spread out, to open, to allot",
怖,"frightened, terrified",
袭,"to attack, to raid",
砸,"to smash, to pound, to crush, to break",
盯,to rivet one's gaze upon,
尸,"body, corpse",
魂,"soul, spirit",
哼,to hum,
剂,dose,
屁,"to break wind, to fart",
瘤,"tumor, lump, goiter",
拳,fist,
劫,"to take by force, to coerce",
蛮,barbarians,
狱,"prison, jail",
吼,"to roar, to shout",
皆,"all, every, everybody",
讼,"to accuse, to argue",
邦,"country, nation, state",
董,"to direct, to supervise",
甩,"to throw away, to fling, to discard",
乖,"obedient, well-behaved",
逮,"to catch, to seize",
轿,"sedan-chair, palanquin, litter",
慈,"gentle, humane, kind, merciful",
贼,"thief, traitor",
宙,"space, time, space-time",
瞎,"blind, reckless",
坑,"pit, hole",
勋,"deeds, feats",
亦,"also, too",
诱,"to tempt, to persuade, to entice",
嫉,"jealous, envious",
妒,"jealous, envious",
贱,"cheap, low, mean, worthless",
署,"bureau, public office",
肾,kidney,
拯,"to aid, to help",
崩,"to rupture, to split apart",
溃,a flooding river,
雅,"elegant, graceful, refined",
邪,"wrong, evil, demonic",
芯,"core, pith",
涯,"border, horizon",
桩,"stake, post",
擎,to lift,
爹,"father, dad, daddy",
窝,"cave, den, nest",
祈,"to pray, to entreat, to beseech",
祷,"to pray, to entreat, to beg",
墅,"villa, country house",
渣,"dregs, sediment",
佑,to help,
癌,"cancer, carcinoma",
纤,"fine, delicate",
胎,"embryo, fetus",
辜,"crime, offense, sin",
磅,pound,
谎,to lie,
叛,rebel,
辐,"ray, spoke",
趴,"prone, lying down, leaning over",
愈,"to recover, to heal",
戳,"to pierce, to prick, to stab",
曝,"to air out, to expose to sunlight",
浑,"blended, mixed",
宪,"constitution, statute, law",
御,chariot,
撼,"to incite, to move, to shake",
隧,"tunnel, underground passage",
鹰,"eagle, falcon, hawk",
氓,"people, subjects, vassals",
霉,"mildew, mold, rot",
侣,companion,
粹,"pure, unadulterated",
缠,"to wrap, to entangle",
镑,pound sterling,
鹿,deer,
姆,"governess, matron, nanny",
颁,"to bestow, to confer",
刑,"punishment, penalty",
兹,"now, here",
绎,to unravel,
灌,"to water, to irrigate",
吻,to kiss,
掘,"to dig, to excavate",
谱,"chart, list, table",
恒,"constant, persistent, regular",
宰,"to slaughter, to butcher",
捞,to dredge up,
脉,a pulse,
凤,male phoenix,
凰,female phoenix,
贿,to bribe,
赂,bribery,
魔,"demon, evil spirit",
摧,"to destroy, to wreck",
槽,"trough, manger",
馨,"fragrant, aromatic",
奥,"mysterious, obscure, profound",
唇,lips,
愚,"stupid, foolish",
蠢,to wriggle,
窃,to steal,
凑,"to piece together, to assemble",
惕,"cautious, careful, alert",
膝,knee,
撕,"to rip, to tear",
舱,"cabin, ship's hold",
谍,to spy,
壳,"casing, husk, shell",
巡,"to cruise, to inspect, to patrol",
煎,to fry in fat or oil,
喉,"throat, larynx, gullet",
咙,throat,
瞒,"to deceive, to lie",
陈,"to display, to exhibit",
垫,"cushion, mat, pad",
誓,"to swear, to pledge",
纱,"gauze, muslin, yarn",
哀,"sad, mournful, pitiful",
罩,"cover, shroud",
爵,noble,
泣,"to cry, to sob, to weep",
瞄,to take aim at,
晶,crystal,
捅,"to jab, to poke",
掩,to cover up (with a hand),
艾,"mugwort, Artemisia vulgaris",
阱,"trap, snare, pitfall",
酬,"to toast, to entertain",
丫,forked,
搅,"to annoy, to disturb, to stir up",
讽,sarcastic,
赐,to give,
呕,to vomit,
尿,urine,
揍,"to hit, to beat",
伪,"false, counterfeit, bogus",
抖,"to tremble, to shake, to rouse",
霜,frost,
卦,"divination, fortune-telling",
煌,"bright, shining, luminous",
嫩,"soft, delicate",
滩,rapids,
炬,torch,
毯,"rug, carpet, blanket",
芒,blade,
骚,"to annoy, to bother",
憋,"to stifle, to restrain, to choke",
轰,"rumble, explosion, blast",
丸,"ball, pebble, pellet, pill",
腾,"to fly, to soar",
侮,"insult, ridicule, disgrace",
辱,"to insult, to humiliate, to abuse",
焰,"flame, blaze",
沮,"to stop, to prevent",
炖,stew,
伐,"cut down, subjugate, attack",
稚,"young, immature",
诈,"to cheat, to defraud",
挽,"to pull, to lead",
歧,"to diverge, to fork",
腹,"stomach, belly, abdomen",
勿,"must not, do not",
隆,"prosperous, plentiful, abundant",
蹦,"to jump, to bounce on",
泄,"drip, leak, vent",
妥,"secure, sound",
瞪,to stare at,
谴,"to scold, to reprimand, to abuse",
绳,"string, rope, cord",
灿,"vivid, illuminating, brilliant",
拘,"to detain, to restrain, to seize",
岩,cliff,
皱,"wrinkles, creases, folds",
豹,"leopard, panther",
赴,"to attend, to go to, to be present",
掐,"to hold, to choke",
役,"servant, laborer",
虐,"cruel, harsh, oppressive",
瘾,rash,
窒,"to obstruct, to stop",
漆,"varnish, lacquer",
契,"deed, bond, contract",
舔,"to lick, to taste",
奴,"slave, servant",
隶,subservient,
剥,"to peel, to skin",
帜,"flag, pennant, sign",
吩,"to order, to command",
咐,to instruct,
惫,"tired, weary, fatigued",
莫,cannot,
廉,"upright, honorable, honest",
缚,"to tie, to bind",
垮,"to be defeated, to collapse, to fail",
芝,sesame,
蔓,"vine, tendril, creeper",
靴,boots,
仇,enemy,
睹,"to look at, to gaze at",
腕,wrist,
耻,"shame, humiliation",
倦,"tired, weary",
驰,"speed, haste",
兑,"cash, check",
悦,"contented, gratified, pleased",
弊,"evil, bad, wrong",
蜡,"candle, wax",
烛,"candle, taper",
炫,"to glitter, to shine",
啃,"to gnaw, to chew, to bite",
帐,"tent, screen, mosquito net",
篷,"awning, covering",
颤,"to shiver, to tremble",
剖,"to bisect, to dissect, to slice",
雕,"to carve, to engrave",
吁,alas,
铝,aluminum,
堕,"to drop, to fall, to sink",
歹,corpse,
敞,"wide, open, spacious",
挪,"to shift, to move",
澄,"clear, limpid, pure",
缝,"to sew, to mend",
撒,"to disperse, to let go, to relax",
郁,melancholy,
掀,to stir up,
萝,"carrot, radish, turnip",
卜,"divination, fortune-telling",
阁,"cabinet, chamber, pavilion",
渗,"to seep, to permeate, to infiltrate",
塌,"to collapse, to fall into ruin",
斥,"to scold, to upbraid",
帖,"card, invite, notice",
抚,"to pat, to console",
谣,rumor,
瘫,"paralysis, palsy, numbness",
痪,"numbness, paralysis",
雇,employment,
佣,"to hire, to employ",
钙,calcium,
敷,"to apply, to paint, to spread",
鄙,"rustic, vulgar",
苍,dark blue,
栽,"to cultivate, to plant, to tend",
遮,"to cover, to protect, to shield",
蘑,mushroom,
菇,mushroom,
髦,"fashionable, in vogue",
钞,"bank note, paper money",
徘,"to dither, to pace",
徊,"to linger, to pace",
黎,"many, numerous",
屠,"to butcher, to slaughter",
琢,to polish jade,
殴,"to hit, to beat, to fight with fists",
坠,"to drop, to fall down, to sink",
荒,"wasteland, desert",
唐,the Tang dynasty,
弦,bow string,
囚,"prisoner, convict",
泌,"to seep out, to secrete",
窜,to run away,
疏,to neglect,
滥,"to flood, to overflow",
坪,plain,
侦,"to spy, to reconnoiter",
挠,to yield,
穆,majestic,
稀,"rare, unusual",
俊,"talented, capable",
痹,"numbess, paralysis",
募,"to levy, to raise",
绅,"girdle, tie",
堪,to endure,
盏,small cup or container,
揉,"to massage, to knead",
唤,to call,
盈,"full, overflowing",
宵,"night, evening, darkness",
贪,"greedy, covetous",
婪,to covet,
逆,"to disobey, to rebel",
奢,exaggerated,
侈,"luxurious, extravagant",
峻,"high, steep, towering",
巷,"alley, lane",
粪,"manure, dung",
框,door,
舆,"cart, palanquin, sedan chair",
迄,"to extend, to reach",
喇,"horn, bugle",
叭,trumpet,
贩,"merchant, peddler",
翁,old man,
蒸,"steam, vapor",
崛,towering,
蝇,"fly, musca",
葬,"to bury, to inter",
袱,apants,
缴,"to deliver, to submit, to hand over",
畸,"odd, unusual",
鸽,"pigeon, dove",
蔽,"to cover, to hide, to shelter",
辨,"to recognize, to distinguish, to discriminate",
遣,"to send, to dispatch",
揪,"to pinch, to grasp",
锡,tin,
衔,"rank, title",
肢,limbs,
筋,muscles,
肇,"to begin, to start",
斩,"to chop, to cut, to sever",
猎,hunting,
蹭,to shuffle,
蛙,frog,
葱,"scallions, leeks, green onions",
浸,"to dip, to immerse, to soak",
兽,"beast, animal",
撬,"to lift, to raise, to pry off a lid",
慷,"ardent, fervent",
慨,"sigh, regret, lament",
躁,"tense, irritable",
逢,to happen to meet,
溅,"to sprinkle, to spray, to splash, to spill",
寝,"to sleep, to rest",
疤,"scar, cicatrix",
叼,to hold in the mouth,
伏,"to crouch, to crawl, to lie hidden, to conceal",
衅,"to quarrel, to dispute",
丛,"bush, shrub",
膨,"bloated, inflated, swollen",
胀,"swelling, inflation",
丙,third,
拌,to mix,
滤,"to filter, to strain",
攀,"to climb, to hang on, to pull up",
屉,"drawer, tier",
翔,"to soar, to hover, to glide",
锐,"sharp, pointed",
糙,"coarse, harsh, rough",
蚊,"mosquito, gnat",
妄,"absurd, foolish, ignorant",
耍,"to play, to frolic, to amuse",
卓,"profound, lofty, brilliant",
瀑,"waterfall, cascade",
鳄,alligator,
凝,"to coagulate, to congeal",
痰,"mucus, phlegm, spit",
潇,the sound of beating wind and rain,
狡,"cunning, deceitful, treacherous",
猾,"crafty, cunning, shrewd",
烁,"to sparkle, to shine, to glitter",
卵,"egg, ovum, roe",
诀,"to take leave of, to bid farewell",
剔,to pick out,
庙,"temple, shrine",
棺,coffin,
俘,prisoner of war,
虏,prisoner,
赁,"to rent, to lease",
唠,"to chat, to gossip, to jaw, to talk",
叨,talkative,
辖,"to control, to have jurisdiction",
坟,"grave, mound, bulge",
竭,to exhaust,
陋,"coarse, crude",
衷,"sincere, heartfelt",
鹅,goose,
绯,"crimson, scarlet",
酥,butter,
烹,"cooking, cuisine",
饪,cooked food,
陶,"pottery, ceramics",
玄,"deep, profound, abstruse",
稽,"to examine, to investigate",
旨,"aim, intention, purpose, will",
谬,absurd,
拓,"to develop, to expand, to open up",
皂,soap,
卑,"humble, low, inferior",
僵,"still, stiff, motionless",
驳,"variegated, motley",
狭,"narrow, limited",
峡,"gorge, ravine, strait",
沐,"to bathe, to cleanse, to shampoo, to wash",
紊,tangled,
墟,high mound,
萎,"to wither, to wilt",
驱,to spur a horse on,
踹,"to trample, to tread on",
苛,"severe, harsh",
梳,"brush, comb",
颠,"peak, summit, top",
滨,"beach, coast, river bank",
蚀,"to nibble at, to erode",
愧,"ashamed, regretful",
垄,"grave, mound",
瞩,"to focus on, to stare at, to watch carefully",
酝,"liquor, spirits, wine",
酿,"to ferment, to brew",
饲,to raise animals,
儒,Confucian scholar,
拣,"to choose, to select",
捍,"to defend, to guard",
沸,"to boil, to bubble up, to gush",
君,"sovereign, ruler, prince, monarch, chief",
拎,"to lift, to haul, to take",
翼,"wings, fins",
驭,"to drive, to ride",
鸣,a bird call or animal cry,
乞,to beg,
丐,beggar,
罐,"jar, jug, pitcher, pot",
棘,jujube tree,
削,"to pare, to scrape, to trim",
虔,"reverent, devout",
肆,to indulge,
伦,human relationships,
畏,"fear, dread, awe, reverence",
驯,"tame, obedient, docile",
殿,hall,
嘱,"to instruct, to order, to tell",
仙,god,
搓,to rub or roll between the hands,
愣,"dazed, stupefied",
惭,"ashamed, humiliated",
绵,"continuous, unbroken",
暧,"obscure, dim",
昧,"dark, hidden, obscure",
缸,"earthen jug, crock, cistern",
跤,"to tumble, to fall",
扯,"to rip, to tear",
彰,"clear, manifest, obvious",
赎,ransom,
趁,"to take advantage of, to seize an opportunity",
捂,to resist,
敛,"to collect, to extort",
搏,combat,
掰,"to rip, to tear",
筝,"guzheng, zither, string instrument",
郑,state in today's Henan,
阐,to disclose,
廓,"broad, wide",
蒜,garlic,
槛,"threshold, door frame",
痴,"foolish, stupid, dumb, silly",
钩,"hook, barb, sickle",
婿,son-in-law,
匿,to hide,
僻,"out-of-the-way, remote",
伺,"to serve, to wait upon, to attend",
涕,tears,
洽,"to mix, to blend, to harmonize",
绽,to crack,
绸,"silk cloth, satin damask",
揽,to grasp,
爪,"claws, nails, talons",
穴,"cave, den, hole",
蹬,to step on,
冤,"grievance, injustice, wrong",
枉,"useless, in vain",
溯,"to paddle upstream, to go against the current",
颊,"cheeks, jaw",
芽,"bud, shoot, sprout",
畴,"field, farmland",
芭,a plantain or banana palm,
蕾,flower bud,
垒,rampart,
哨,to whistle,
缉,"to sieze, to arrest",
捎,"to carry, to take",
绰,"graceful, delicate",
矣,particle of completed action,
诫,"to warn, to admonish",
妖,"strange, weird, supernatural",
绞,intertwined,
掠,"to pillage, to ransack",
腻,"greasy, oily, smooth",
晋,to advance,
溶,"to melt, to dissolve",
矫,"to correct, to rectify, to straighten out",
呻,"to moan, to groan",
吟,"to sing, to hum",
淌,"to trickle down, to flow, to drip",
霍,"quickly, suddenly",
凳,bench,
铭,"to engrave, to inscribe",
茅,"rushes, reeds, grass",
恕,"to excuse, to forgive, to show mercy",
捣,"to thresh, to pound",
泻,to leak,
囊,"bag, purse, sack",
溢,full,
巅,"mountain peak, mountain top",
淆,"confused, mixed up, in disarray",
渔,fisherman,
镶,"inset, inlay",
髓,"substance, essence",
惦,"to think of, to remember, to miss",
屿,island,
茫,"vague, boundless",
忌,"jealous, envious",
炭,"carbon, charcoal, coal",
灸,to cauterize,
惰,"lazy, idle, indolent",
酗,"violent, raging drunk, blotto",
塘,"pond, tank",
熄,"to extinguish, to put out, to quench",
啸,"to roar, to howl",
辟,"law, rule",
津,"saliva, sweat",
胚,embryo,
呵,to scold,
磁,magnetic,
晤,to meet,
牧,shepherd,
嚷,"to shout, to roar, to cry",
唬,to intimidate,
晃,"bright, dazzling",
拴,"to fasten, to bind",
拱,"to salute, to bow",
缕,"strand, thread",
仲,middle brother,
躯,the human body,
叠,pile,
瓣,petal,
腺,gland,
泽,"marsh, swamp",
呐,to raise one's voice,
鞠,"to bow, to bend",
躬,to bow,
裸,"bare, nude",
逝,"to die, to pass away",
寡,widowed,
仁,"benevolent, humane, kind",
觅,to seek,
闷,"gloomy, depressed, melancholy",
钦,"to respect, to admire",
蘸,"to dip (in ink, sauce, etc)",
桨,"paddle, oar",
诽,"to condemn, to slander, to vilify",
谤,"to slander, to defame",
譬,example,
悼,"to grieve, to lament, to mourn",
焚,to burn,
峙,"to pile, to stack",
濒,to approach,
煲,"to heat, to boil",
孵,"to brood over eggs, to incubate, to hatch",
碑,stone tablet,
搁,"to place, to lay down",
曙,"dawn, daybreak",
嫂,"sister-in-law, elder brother's wife",
膛,chest cavity,
煽,"to stir up, to incite",
渺,"vast, boundless",
逸,"to flee, to escape, to break loose",
畜,"livestock, domestic animals",
朦,"dim, obscure",
胧,"blurry, obscured",
媚,"attractive, charming",
澈,"limpid, clear",
僚,"companion, colleague",
铸,"to melt, to cast",
黏,to stick to,
遏,"to curb, to check, to stop, to suppress",
抨,to impeach,
昔,"past, former",
涮,to rinse,
勾,"to hook, to join, to connect",
廷,courtyard,
猩,"ape, orangutan",
惋,"to regret, to be sorry",
撰,"to compose, to write",
秃,bald,
咀,to suck,
嚼,"to prattle, to be glib",
乃,then,
耸,"to excite, to urge",
荡,"pond, pool",
嗜,"addicted to, fond of, with a weakness for",
腥,"fishy, rank",
睦,"amiable, friendly, peaceful",
毅,"decisive, firm, resolute",
霸,tyrant,
挚,"sincere, warm, cordial",
鲁,"foolish, stupid, rash",
缀,"to connect, to join",
抠,"to lift, to raise",
禽,"birds, fowl",
岳,mountain peak,
滞,"to block, to obstruct",
颓,"ruined, decayed",
窥,"to peep, to spy on, to watch",
倘,"if, supposing, in event of",
囱,chimney,
纺,"to spin, to weave, to reel",
曰,to speak,
溉,"to water, to irrigate, to flood",
锤,hammer,
衍,to overflow,
弛,"to loosen, to relax",
朽,"decayed, rotten",
厄,"adversity, difficulty, distress",
沼,"lake, pond, swamp",
簸,dustpan,
歪,"slanted, askew, awry",
嗅,"to sniff, to smell, to scent",
杖,"cane, walking stick",
凄,"bitter cold, miserable, dreary",
捶,"to beat, to lash, to strike with a cane",
饵,bait,
栓,"cork, peg, stopper",
吝,"stingy, miserly",
啬,"miserly, stingy, thrifty",
陨,"to slip, to fall",
隙,"crack, fissure, split",
狈,a legendary wolf,
俄,"sudden, abrupt",
抒,to express,
蹋,"to step on, to tread on",
睬,"to notice, to pay attention to",
屡,"frequently, often, again and again",
溪,"brook, creek, stream",
缅,"distant, remote",
裔,"progeny, descendants",
懈,"idle, relaxed",
绷,"to bind, to strap, to draw firm",
萧,"mournful, desolate",
溜,"to slip, to slide, to glide",
倔,"stubborn, obstinate, intransigent",
毙,to kill,
徙,"to move, to shift",
肖,"to resemble, to look like",
祭,"to sacrifice to, to worship",
祀,"to sacrifice, to worship",
赤,"red, scarlet",
辫,"braid, pigtail, plait",
椰,"palm tree, coconut tree",
歼,"to annihilate, to kill off, to wipe out",
杠,"pole, bar",
鞭,whip,
筐,bamboo basket or chest,
拙,"awkward, clumsy",
桑,mulberry tree,
婉,"amiable, graceful, tactful",
韧,"tough, strong",
阀,"clique, valve",
凿,chisel,
帕,"scarf, turban, veil, wrap",
淀,"marsh, swamp",
沛,"abundant, copious, full",
孝,"filial piety, obedience",
甘,"sweet, tasty",
媲,to marry off,
遛,"to walk, to stroll",
卉,general term for plants,
菩,"herb, aromatic plant",
萨,Buddhist diety,
怯,"afraid, lacking in courage",
隘,"narrow, confined",
瘟,"epidemic, plague, pestilence",
魁,"chief, leader",
昼,"daytime, daylight",
酵,yeast,
蔼,lush,
烘,"to bake, to roast",
蔑,"to disdain, to disregard, to slight",
诧,"surprised, shocked",
泊,to anchor,
渊,"abyss, depth",
诵,"to chant, to recite, to repeat, to read aloud",
赫,"bright, radiant, glowing",
窍,"hole, opening, aperture",
燕,"lovebird, swallow",
颂,"to laud, to acclaim",
拢,"to collect, to bring together",
掷,"to throw, to hurl, to fling, to cast",
坝,embankment,
伊,he she,
兰,orchid,
惮,"to fear, to dread",
茎,"stem, stalk",
嵌,"valley, ravine",
喧,"lively, noisy",
侃,upright and strong,
巫,"wizard, sorcerer, witch, shaman",
奠,"to found, to settle",
挟,to seize,
莽,"thicket, underbrush",
倚,"to rely on, to depend on",
嚏,to sneeze,
杜,"to prevent, to restrict, to stop",
牡,male animal,
丹,"cinnabar, red, vermilion",
庸,"usual, common, ordinary, mediocre",
瘸,lameness,
嘈,"bustling, noisy",
耕,"to plow, to cultivate",
闺,women's quarters,
兜,pouch,
缔,"to tie, to join",
澜,overflowing,
滔,"torrential, rushing, overflowing",
谜,"riddle, puzzle, conundrum",
萌,"bud, germ, sprout",
楷,the normal style of Chinese handwriting,
兆,omen,
稠,"crowded, dense",
榨,to press for juice,
莲,"lotus, water lily",
韵,rhyme,
阂,"separated, blocked",
雹,hail,
疙,"pimple, sore",
瘩,pimples,
柄,"handle, lever, knob",
陡,"steep, sloping",
迪,"to advance, to enlighten, to make progress",
僧,"Buddhist priest, monk",
膳,"meals, provisions",
寨,"stockade, stronghold, outpost",
枢,door hinge,
勘,to investigate,
庇,"cover, shield",
顷,a moment,
逊,"humble, modest",
芬,"aroma, fragrance, perfume",
芳,fragrant,
诬,"to slander, to defame",
荆,"thorns, brambles",
蕴,"to collect, to gather, to store",
岔,"to diverge, to branch",
匠,"artisan, craftsman, workman",
窘,distressed,
逞,indulge oneself,
苟,"careless, frivolous, illicit",
呛,"choking, as by smoke",
沧,"azure, cold, vast (all as of the sea)",
屹,"to rise, to stand tall",
魄,"vigor, soul, body",
仆,to fall forward,
飙,whirlwind (1),
豁,"clear, open",
藻,"splendid, magnificent",
焕,"shining, lustrous",
殃,"misfortune, disaster, calamity",
靶,"target, mark",
馁,"famished, hungry, starving",
鼎,"large, three-legged bronze cauldron",
潭,"deep pool, lake",
讳,taboo,
飘,"to drift, to float, to flutter",
柬,"card, letter, invitation, note",
尼,Buddhist nun,
笛,bamboo flute,
暄,"warm, genial",
伯,older brother,
叮,to persistently exhort or urge,
馋,"greedy, gluttonous",
刁,"tricky, sly, crafty, cunning",
猖,"mad, wild",
哆,"to quiver, to tremble, to shudder",
嗦,to suck,
敦,"honest, candid, sincere",
迸,"to gush, to burst",
巢,"nest, living quarters in tree",
俭,"temperate, frugal, economical",
窟,"hole, cave",
窿,mine shaft,
逾,to jump over,
肴,cooked or prepared meat,
浩,"great, grand, vast",
缤,"abundant, diverse, variegated",
哗,"uproar, tumult, hubbub",
饶,"abundant, bountiful",
蓬,"disheveled, unkempt",
竣,"to terminate, to finish, to end",
棱,squared timber,
贮,"to store, to stockpile, to hoard",
裳,"skirt, petticoat",
怠,idle,
漾,"to ripple, to undulate",
揣,to stow in one's clothes,
哺,to chew,
碟,"plate, small dish",
恍,absent-minded,
枣,date tree,
辽,"distant, far",
礁,"jetty, reef",
哄,to coax,
眶,eye socket,
挎,to carry,
熏,"to smoke, to cure meat",
拄,post,
蒂,root cause,
贞,"virtuous, chaste, pure",
舶,"large ship, ocean-going vessel",
徐,"slowly, quietly, calmly",
秽,"dirty, unclean",
辙,"track, rut",
骏,an excellent horse,
灼,"to burn, to cauterize",
缆,"cable, hawser, heavy-duty rope",
冗,excessive,
椭,"elliptical, oval-shaped",
吭,throat,
斟,"to deliberate, to gauge",
酌,"to pour wine, to drink wine",
凯,triumphant,
铲,"spade, shovel",
丘,"mound, hill",
陵,"hill, mound",
竿,bamboo pole,
川,"stream, river",
赡,"rich, elegant",
孪,twins,
钳,"pincers, pliers, tongs",
兢,"fearful, cautious, wary",
殷,"many, great",
慑,"afraid, scared",
阎,village gate,
柳,willow tree,
舵,"helm, rudder",
疆,"boundary, border, frontier",
茂,"thick, lush, dense",
骇,"to terrify, to shock, to frighten",
莹,"bright, lustrous, sparkling like a gem",
脊,"spine, backbone",
栖,"perch, roost, to stay",
彬,ornamental,
荫,"shade, shelter",
斧,"axe, hatchet",
侍,"to serve, to attend upon",
翠,kingfisher,
寥,"few, scarce",
佐,"to assist, to aid",
熙,"bright, prosperous",
攘,"to usurp, to seize",
簇,"bunch, cluster",
搀,to mix,
棚,"shack, shed",
讥,"to ridicule, to mock, to jeer",
瞻,to look,
贾,merchant,
磋,"to polish, to buff",
奸,"crafty, dishonest, selfish",
垦,"to cultivate, to farm",
砂,"sand, pebbles, gravel",
函,correspondence,
旭,the rising sun,
呜,the sound of someone crying or sobbing,
汪,"vast, extensive, deep",
旷,"broad, vast, wide",
亭,pavilion,
吏,"government official, magistrate",
辰,early morning,
浊,"dirty, filthy, muddy, turbid",
堤,dike,
涤,"to wash, to sweep",
臊,"shy, bashful",
秧,"shoots, sprouts",
弘,"to enlarge, to expand",
夷,ancient barbarian tribes,
俏,to resemble,
磊,a pile of rocks,
钧,unit of weight equal to thirty catties,
砌,"to pile up, to build",
袍,"robe, gown, cloak",
嬉,to enjoy,
鹤,crane,
咧,"to grimace, to grin",
荷,"lotus, water lily",
涡,"eddy, swirl, whirlpool",
甸,suburbs of the capital,
柏,"cypress, cedar",
娇,"seductive, lovable, tender",
锲,sickle,
沏,to infuse,
嫦,"a moon goddess, the lady in the moon",
娥,"beautiful, pretty",
岭,"mountain ridge, mountain peak",
踊,to leap,
醇,"rich, pure, as good as wine",
灶,"kitchen, oven, stove",
侠,chivalrous person,
赃,"booty, loot",
轴,"axle, pivot, shaft",
徽,"badge, crest, logo, insignia",
讹,"to swindle, to cheat",
秉,"to grasp, to hold",
侨,emigrant,
戈,"spear, lance, halberd",
禾,"cereal, grain, rice",
絮,cotton padding,
杨,"willow, poplar, aspen",
弈,Chinese chess,
鸦,crow,
雀,sparrow,
竖,"perpendicular, vertical",
岂,what,
酣,to enjoy liquor,
泰,"great, exalted, superior",
瑞,auspicious,
雁,wild goose,
潦,to flood,
乔,"tall, lofty",
萍,duckweed,
恤,"to help, to relieve, to take pity on",
咏,"to sing, to hum, to chant",
桂,"cassia, cinnamon",
卒,soldier,
怡,"gladness, joy, pleasure",
馅,"filling, stuffing",
炊,meal,
涝,"to inundate, to flood",
卤,salt,
耿,"bright, shining",
藤,"ivy, creeper",
矢,"arrow, dart",
沽,to buy and sell,
沾,"to moisten, to soak, to wet",
腊,December,
朱,"cinnabar, vermilion",
暮,"dusk, evening, sunset",
禅,"meditation, contemplation",
橱,"cabinet, cupboard, wardrobe",
迭,"repeatedly, frequently",
槐,locust tree,
冶,"to smelt, to fuse metals, to cast",
冈,ridge or crest of hill,
弧,"arc, crescent",
遂,to fail,
鹏,fabulous bird of enormous size,
啰,"long-winded, verbose",
唆,to make mischief,
盹,"to doze, to nap, to nod off",
汛,"high water, flood tides",
